timestamp,timestamp_sample,ref_timestamp,ref_lat,ref_lon,x,y,z,delta_xy[0],delta_xy[1],delta_z,vx,vy,vz,z_deriv,delta_vxy[0],delta_vxy[1],delta_vz,ax,ay,az,heading,heading_var,unaided_heading,delta_heading,tilt_var,ref_alt,dist_bottom,dist_bottom_var,delta_dist_bottom,eph,epv,evh,evv,vxy_max,vz_max,hagl_min,hagl_max_z,hagl_max_xy,xy_valid,z_valid,v_xy_valid,v_z_valid,xy_reset_counter,z_reset_counter,vxy_reset_counter,vz_reset_counter,heading_reset_counter,heading_good_for_control,xy_global,z_global,dist_bottom_valid,dist_bottom_reset_counter,dist_bottom_sensor_bitfield,dead_reckoning,speed,label
1569664000,1569660000,5764000,47.3979711740181,8.54616359846853,0.87192607,0.1258647,-2.466601,0.0,0.0,-0.2353796,3.015862,0.059068806,0.14259218,0.1513528,-0.00081951654,-0.00039308443,4.1656196e-05,5.7122297,-0.8433846,-1.0058181,0.6887324,0.008776462,-0.9516763,1.6748626,7.3732415e-05,0.23533261,2.4927475,2.2044263,-0.2353796,0.15096848,0.16464637,0.18199646,0.05410109,inf,inf,inf,inf,inf,1,1,1,1,4,2,4,1,1,1,1,1,0,2,0,0,3.0198088112798493,1
1569672000,1569668000,5764000,47.3979711740181,8.54616359846853,0.8995974,0.1251237,-2.4650416,0.0,0.0,-0.2353796,3.06348,0.045735102,0.13546239,0.1446109,-0.00081951654,-0.00039308443,4.1656196e-05,5.5824943,-0.8360674,-0.9379079,0.6642918,0.008776463,-0.9724638,1.6748626,7.377255e-05,0.23533261,2.4913108,2.2061896,-0.2353796,0.15143305,0.16490537,0.18572253,0.05420133,inf,inf,inf,inf,inf,1,1,1,1,4,2,4,1,1,1,1,1,0,2,0,0,3.0668145475492095,1
1569680000,1569676000,5764000,47.3979711740181,8.54616359846853,0.927579,0.12423511,-2.4635463,0.0,0.0,-0.2353796,3.1101089,0.03246378,0.12896793,0.13848986,-0.00081951654,-0.00039308443,4.1656196e-05,5.4711976,-0.82830894,-0.85841906,0.63984287,0.008776463,-0.9933441,1.6748626,7.381253e-05,0.23533261,2.4897945,2.2079568,-0.2353796,0.15191245,0.16516511,0.1894558,0.054302525,inf,inf,inf,inf,inf,1,1,1,1,4,2,4,1,1,1,1,1,0,2,0,0,3.1129510105106992,1
1569688000,1569684000,5764000,47.3979711740181,8.54616359846853,0.9558635,0.123200476,-2.462109,0.0,0.0,-0.2353796,3.155708,0.019395325,0.12291314,0.13279445,-0.00081951654,-0.00039308443,4.1656196e-05,5.3543334,-0.8035454,-0.8034575,0.6154084,0.008776463,-1.0142941,1.6748626,7.385238e-05,0.23533261,2.488202,2.2097273,-0.2353796,0.15240741,0.1654256,0.19320892,0.054404758,inf,inf,inf,inf,inf,1,1,1,1,4,2,4,1,1,1,1,1,0,2,0,0,3.1581603505649483,1
1569696000,1569692000,5764000,47.3979711740181,8.54616359846853,0.9848769,0.122045584,-2.4607458,0.0,0.0,-0.2353796,3.2007093,0.00643681,0.11729828,0.12750739,-0.00081951654,-0.00039308443,4.1656196e-05,5.242792,-0.7969363,-0.74955535,0.5910022,0.0073718517,-1.0353134,1.6748626,7.375616e-05,0.23533261,2.487127,2.2111862,-0.2353796,0.15092751,0.16473253,0.17997064,0.054197412,inf,inf,inf,inf,inf,1,1,1,1,4,2,4,1,1,1,1,1,0,2,0,0,3.202864396461459,1
1569704000,1569700000,5764000,47.3979711740181,8.54616359846853,1.0141734,0.12074832,-2.4594407,0.0,0.0,-0.2353796,3.2447743,-0.0063332445,0.11208185,0.12259897,-0.00081951654,-0.00039308443,4.1656196e-05,5.137973,-0.774672,-0.6997836,0.566671,0.007371848,-1.0563695,1.6748626,7.379564e-05,0.23533261,2.4856267,2.2129037,-0.2353796,0.15139341,0.16481014,0.18344952,0.05428101,inf,inf,inf,inf,inf,1,1,1,1,4,2,4,1,1,1,1,1,0,2,0,0,3.246715680349268,1
1569712000,1569708000,5764000,47.3979711740181,8.54616359846853,1.0437467,0.11931102,-2.4581828,0.0,0.0,-0.2353796,3.2878807,-0.018933129,0.10715297,0.11796639,-0.00081951654,-0.00039308443,4.1656196e-05,5.0298753,-0.7550091,-0.66414285,0.5424356,0.007371849,-1.077426,1.6748626,7.3835006e-05,0.23533261,2.483849,2.2146847,-0.2353796,0.15187381,0.16506973,0.18698542,0.054387376,inf,inf,inf,inf,inf,1,1,1,1,4,2,4,1,1,1,1,1,0,2,0,0,3.289680792992846,1
1569720000,1569716000,5764000,47.3979711740181,8.54616359846853,1.0735909,0.11773609,-2.4569702,0.0,0.0,-0.2353796,3.3301377,-0.031334914,0.10249349,0.113591924,-0.00081951654,-0.00039308443,4.1656196e-05,4.934966,-0.73217654,-0.63087,0.51831365,0.007371851,-1.0984638,1.6748626,7.387421e-05,0.23533261,2.4820328,2.2164698,-0.2353796,0.1523694,0.16533008,0.1905837,0.054495264,inf,inf,inf,inf,inf,1,1,1,1,4,2,4,1,1,1,1,1,0,2,0,0,3.3318619259040516,1
1569728000,1569724000,5764000,47.3979711740181,8.54616359846853,1.1041279,0.11606748,-2.4558415,0.0,0.0,-0.2353796,3.3719606,-0.043415394,0.09804811,0.10937987,-0.00081951654,-0.00039308443,4.1656196e-05,4.8440814,-0.7200516,-0.6046453,0.49433476,0.0062271147,-1.1194633,1.6748626,7.376829e-05,0.23533261,2.4814675,2.2179444,-0.2353796,0.15088706,0.16463849,0.17793916,0.054292254,inf,inf,inf,inf,inf,1,1,1,1,4,2,4,1,1,1,1,1,0,2,0,0,3.373665160661785,1
1569736000,1569732000,5764000,47.3979711740181,8.54616359846853,1.1349183,0.11426814,-2.4547524,0.0,0.0,-0.2353796,3.412939,-0.055208623,0.09380766,0.10536379,-0.00081951654,-0.00039308443,4.1656196e-05,4.7498,-0.6864932,-0.57973105,0.47060984,0.006227115,-1.1403863,1.6748626,7.380711e-05,0.23533261,2.4796152,2.2197373,-0.2353796,0.15135422,0.16489747,0.18132836,0.0544035,inf,inf,inf,inf,inf,1,1,1,1,4,2,4,1,1,1,1,1,0,2,0,0,3.414674287080575,1
1569744000,1569740000,5764000,47.3979711740181,8.54616359846853,1.1659579,0.112341,-2.4537015,0.0,0.0,-0.2353796,3.4532275,-0.066839814,0.089658916,0.10143085,-0.00081951654,-0.00039308443,4.1656196e-05,4.6741586,-0.6689094,-0.56907904,0.44707644,0.006227116,-1.1612195,1.6748626,7.3845775e-05,0.23533261,2.4777672,2.2215347,-0.2353796,0.15183562,0.16515721,0.18478596,0.054516513,inf,inf,inf,inf,inf,1,1,1,1,4,2,4,1,1,1,1,1,0,2,0,0,3.4550378360750407,1
1569752000,1569748000,5764000,47.3979711740181,8.54616359846853,1.1972421,0.11028888,-2.4526882,0.0,0.0,-0.2353796,3.4927993,-0.078198284,0.085624285,0.097603805,-0.00081951654,-0.00039308443,4.1656196e-05,4.5946527,-0.6377686,-0.55574995,0.42377153,0.0062271175,-1.1819241,1.6748626,7.388425e-05,0.23533261,2.4759402,2.223276,-0.2353796,0.15233193,0.1652348,0.18832567,0.054609984,inf,inf,inf,inf,inf,1,1,1,1,4,2,4,1,1,1,1,1,0,2,0,0,3.494723657155569,1
1569760000,1569756000,5764000,47.3979711740181,8.54616359846853,1.2291449,0.10817604,-2.4517608,0.0,0.0,-0.2353796,3.5319917,-0.08899403,0.081628114,0.093757525,-0.00081951654,-0.00039308443,4.1656196e-05,4.514412,-0.6148752,-0.55137366,0.40071,0.00528576,-1.2024908,1.6748626,7.3765346e-05,0.23533261,2.4756937,2.2247684,-0.2353796,0.15084673,0.16454467,0.17622888,0.054412175,inf,inf,inf,inf,inf,1,1,1,1,4,2,4,1,1,1,1,1,0,2,0,0,3.5340555252060946,1
1569768000,1569764000,5764000,47.3979711740181,8.54616359846853,1.2612783,0.10594821,-2.4508681,0.0,0.0,-0.2353796,3.570493,-0.09956132,0.077653006,0.08992663,-0.00081951654,-0.00039308443,4.1656196e-05,4.437735,-0.58975554,-0.5500107,0.37803468,0.005285759,-1.222894,1.6748626,7.3803414e-05,0.23533261,2.4739585,2.2265787,-0.2353796,0.15131526,0.16480353,0.17956163,0.05453098,inf,inf,inf,inf,inf,1,1,1,1,4,2,4,1,1,1,1,1,0,2,0,0,3.572724829710508,1
1569776000,1569772000,5764000,47.3979711740181,8.54616359846853,1.2936386,0.10360843,-2.4500103,0.0,0.0,-0.2353796,3.6083748,-0.10987754,0.073642574,0.08605501,-0.00081951654,-0.00039308443,4.1656196e-05,4.369344,-0.56248236,-0.5557737,0.3556557,0.0052857604,-1.2431016,1.6748626,7.384132e-05,0.23533261,2.4722867,2.228394,-0.2353796,0.15179783,0.16506317,0.18291134,0.05465134,inf,inf,inf,inf,inf,1,1,1,1,4,2,4,1,1,1,1,1,0,2,0,0,3.6107983881375647,1
1569784000,1569780000,5764000,47.3979711740181,8.54616359846853,1.3262224,0.10116038,-2.4491868,0.0,0.0,-0.2353796,3.6456273,-0.11992419,0.06953457,0.08208064,-0.00081951654,-0.00039308443,4.1656196e-05,4.2990265,-0.533675,-0.5693724,0.33359104,0.005285761,-1.2630931,1.6748626,7.387901e-05,0.23533261,2.4706833,2.2302146,-0.2353796,0.15229508,0.16532359,0.18625058,0.054773066,inf,inf,inf,inf,inf,1,1,1,1,4,2,4,1,1,1,1,1,0,2,0,0,3.648261953078141,1
1569792000,1569788000,5764000,47.3979711740181,8.54616359846853,1.3593732,0.098683216,-2.4484253,0.0,0.0,-0.2353796,3.6826332,-0.12931468,0.06538228,0.07803144,-0.00081951654,-0.00039308443,4.1656196e-05,4.2360573,-0.51211303,-0.5772188,0.31184724,0.0045094723,-1.2828652,1.6748626,7.374452e-05,0.23533261,2.4699697,2.2317257,-0.2353796,0.15080735,0.16463202,0.17447086,0.05457766,inf,inf,inf,inf,inf,1,1,1,1,4,2,4,1,1,1,1,1,0,2,0,0,3.6854829282936237,1
1569800000,1569796000,5764000,47.3979711740181,8.54616359846853,1.3927366,0.09610942,-2.4476986,0.0,0.0,-0.2353796,3.7190971,-0.13834997,0.061146528,0.07389503,-0.00081951654,-0.00039308443,4.1656196e-05,4.1763167,-0.47369006,-0.5891793,0.29058886,0.0045094755,-1.3023878,1.6748626,7.378184e-05,0.23533261,2.4685009,2.2335558,-0.2353796,0.15127724,0.16489108,0.17746419,0.054701407,inf,inf,inf,inf,inf,1,1,1,1,4,2,4,1,1,1,1,1,0,2,0,0,3.722171792289263,1
1569808000,1569804000,5764000,47.3979711740181,8.54616359846853,1.4263095,0.09344343,-2.447009,0.0,0.0,-0.2353796,3.7549298,-0.14704277,0.056835085,0.069677725,-0.00081951654,-0.00039308443,4.1656196e-05,4.1047926,-0.4376643,-0.6001419,0.2696994,0.004509479,-1.3216369,1.6748626,7.381894e-05,0.23533261,2.467145,2.235331,-0.2353796,0.15176077,0.16496888,0.18041746,0.054804843,inf,inf,inf,inf,inf,1,1,1,1,4,2,4,1,1,1,1,1,0,2,0,0,3.758237566469724,1
1569816000,1569812000,5764000,47.3979711740181,8.54616359846853,1.4600891,0.09068896,-2.4463553,0.0,0.0,-0.2353796,3.790249,-0.15546058,0.052373983,0.065307386,-0.00081951654,-0.00039308443,4.1656196e-05,4.0474706,-0.4107973,-0.6203963,0.24919283,0.004509483,-1.3405961,1.6748626,7.385586e-05,0.23533261,2.4657996,2.2371712,-0.2353796,0.15225847,0.1652292,0.18333143,0.054930467,inf,inf,inf,inf,inf,1,1,1,1,4,2,4,1,1,1,1,1,0,2,0,0,3.793797373085471,1
1569824000,1569820000,5764000,47.3979711740181,8.54616359846853,1.4944015,0.08792804,-2.445756,0.0,0.0,-0.2353796,3.825401,-0.16309981,0.04781731,0.06082179,-0.00081951654,-0.00039308443,4.1656196e-05,3.9945457,-0.37928197,-0.6353594,0.22908765,0.0038743177,-1.3592466,1.6748626,7.3705e-05,0.23533261,2.465059,2.2387028,-0.2353796,0.15077019,0.16453902,0.17194487,0.054735366,inf,inf,inf,inf,inf,1,1,1,1,4,2,4,1,1,1,1,1,0,2,0,0,3.8291749573450766,1
1569832000,1569828000,5764000,47.3979711740181,8.54616359846853,1.5289114,0.08509232,-2.4451938,0.0,0.0,-0.2353796,3.8600402,-0.1703379,0.04318126,0.056254372,-0.00081951654,-0.00039308443,4.1656196e-05,3.9370449,-0.33727807,-0.646857,0.2095284,0.0038743224,-1.3775768,1.6748626,7.3741496e-05,0.23533261,2.463817,2.2405527,-0.2353796,0.15124103,0.164798,0.17453595,0.054862425,inf,inf,inf,inf,inf,1,1,1,1,4,2,4,1,1,1,1,1,0,2,0,0,3.8640380390218256,1
1569840000,1569836000,5764000,47.3979711740181,8.54616359846853,1.5636166,0.08218623,-2.4446688,0.0,0.0,-0.2353796,3.8941119,-0.17727369,0.038455084,0.05159449,-0.00081951654,-0.00039308443,4.1656196e-05,3.872151,-0.30820984,-0.65968645,0.1903883,0.0038743273,-1.3955746,1.6748626,7.377776e-05,0.23533261,2.462621,2.2424076,-0.2353796,0.15172496,0.16505778,0.17708923,0.054990184,inf,inf,inf,inf,inf,1,1,1,1,4,2,4,1,1,1,1,1,0,2,0,0,3.898334547518116,1
1569848000,1569844000,5764000,47.3979711740181,8.54616359846853,1.5985147,0.07921375,-2.444182,0.0,0.0,-0.2353796,3.9276917,-0.18391304,0.03360782,0.046811283,-0.00081951654,-0.00039308443,4.1656196e-05,3.8162754,-0.2804029,-0.67637485,0.1716824,0.0038743329,-1.4132221,1.6748626,7.381381e-05,0.23533261,2.4614675,2.2442675,-0.2353796,0.15222238,0.16531833,0.17960629,0.05511874,inf,inf,inf,inf,inf,1,1,1,1,4,2,4,1,1,1,1,1,0,2,0,0,3.9321388050393242,1
1569856000,1569852000,5764000,47.3979711740181,8.54616359846853,1.6338922,0.0762657,-2.443769,0.0,0.0,-0.2353796,3.9610767,-0.18973239,0.028751507,0.041982085,-0.00081951654,-0.00039308443,4.1656196e-05,3.7624712,-0.24670944,-0.67999536,0.1534155,0.0033567708,-1.4305117,1.6748626,7.364612e-05,0.23533261,2.4614642,2.2457585,-0.2353796,0.15073523,0.16444637,0.16882202,0.054901447,inf,inf,inf,inf,inf,1,1,1,1,4,2,4,1,1,1,1,1,0,2,0,0,3.965722336756921,1
1569864000,1569860000,5764000,47.3979711740181,8.54616359846853,1.6694549,0.073264584,-2.4433942,0.0,0.0,-0.2353796,3.9940193,-0.19525269,0.023841532,0.037098452,-0.00081951654,-0.00039308443,4.1656196e-05,3.7125883,-0.21857607,-0.6882362,0.13572659,0.0033567778,-1.4474318,1.6748626,7.368175e-05,0.23533261,2.4603846,2.2476277,-0.2353796,0.15120663,0.16470529,0.17107384,0.05503114,inf,inf,inf,inf,inf,1,1,1,1,4,2,4,1,1,1,1,1,0,2,0,0,3.998860112628702,1
1569872000,1569868000,5764000,47.3979711740181,8.54616359846853,1.7052003,0.07021499,-2.443056,0.0,0.0,-0.2353796,4.02633,-0.20035695,0.019078474,0.032361012,-0.00081951654,-0.00039308443,4.1656196e-05,3.6386242,-0.17619684,-0.6713769,0.11848811,0.0033567848,-1.4639765,1.6748626,7.371715e-05,0.23533261,2.4593391,2.2495022,-0.2353796,0.15169051,0.164965,0.17329744,0.055161502,inf,inf,inf,inf,inf,1,1,1,1,4,2,4,1,1,1,1,1,0,2,0,0,4.0313571120013005,1
1569880000,1569876000,5764000,47.3979711740181,8.54616359846853,1.7411252,0.067121595,-2.4427533,0.0,0.0,-0.2353796,4.057995,-0.2050833,0.014708466,0.028015938,-0.00081951654,-0.00039308443,4.1656196e-05,3.5625525,-0.13891648,-0.6237211,0.10171445,0.0033567937,-1.4801286,1.6748626,7.3752366e-05,0.23533261,2.4583259,2.2513814,-0.2353796,0.1521872,0.16522552,0.175494,0.055292603,inf,inf,inf,inf,inf,1,1,1,1,4,2,4,1,1,1,1,1,0,2,0,0,4.063200575769791,1
1569888000,1569884000,5764000,47.3979711740181,8.54616359846853,1.7774965,0.0641133,-2.4425035,0.0,0.0,-0.2353796,4.0893264,-0.20880505,0.010796769,0.024107587,-0.00081951654,-0.00039308443,4.1656196e-05,3.4915977,-0.10118168,-0.56897986,0.085407466,0.002934538,-1.4958838,1.6748626,7.356706e-05,0.23533261,2.458024,2.2529519,-0.2353796,0.15070218,0.16453521,0.1654143,0.055094674,inf,inf,inf,inf,inf,1,1,1,1,4,2,4,1,1,1,1,1,0,2,0,0,4.094668060400416,1
1569896000,1569892000,5764000,47.3979711740181,8.54616359846853,1.8140372,0.061076265,-2.4422803,0.0,0.0,-0.2353796,4.1199994,-0.21227364,0.0074032117,0.020717539,-0.00081951654,-0.00039308443,4.1656196e-05,3.413991,-0.078741856,-0.5056238,0.06971965,0.0029345471,-1.5112467,1.6748626,7.3601834e-05,0.23533261,2.4570684,2.2548404,-0.2353796,0.15117387,0.16479439,0.16739953,0.05522665,inf,inf,inf,inf,inf,1,1,1,1,4,2,4,1,1,1,1,1,0,2,0,0,4.125470877582665,1
1569904000,1569900000,5764000,47.3979711740181,8.54616359846853,1.8507444,0.058014423,-2.4420905,0.0,0.0,-0.2353796,4.149996,-0.21537142,0.0044725146,0.017779522,-0.00081951654,-0.00039308443,4.1656196e-05,3.333771,-0.041827075,-0.4488644,0.054487932,0.0029345555,-1.5262163,1.6748626,7.363635e-05,0.23533261,2.4564784,2.2566738,-0.2353796,0.15165742,0.16487265,0.16936252,0.055338107,inf,inf,inf,inf,inf,1,1,1,1,4,2,4,1,1,1,1,1,0,2,0,0,4.155583190354353,1
1569912000,1569908000,5764000,47.3979711740181,8.54616359846853,1.8876145,0.054932065,-2.4419193,0.0,0.0,-0.2353796,4.1793704,-0.21814959,0.0020066719,0.0153068965,-0.00081951654,-0.00039308443,4.1656196e-05,3.2600455,-0.011514911,-0.39207748,0.039730966,0.0029345648,-1.5407715,1.6748626,7.367068e-05,0.23533261,2.4555798,2.2585719,-0.2353796,0.1521531,0.16513315,0.17130284,0.05547123,inf,inf,inf,inf,inf,1,1,1,1,4,2,4,1,1,1,1,1,0,2,0,0,4.1850603592714695,1
1569920000,1569916000,5764000,47.3979711740181,8.54616359846853,1.9248878,0.051961306,-2.4417892,0.0,0.0,-0.2353796,4.208403,-0.21999483,4.3970707e-05,0.013312549,-0.00081951654,-0.00039308443,4.1656196e-05,3.1905613,0.01923081,-0.33119273,0.02544044,0.002588378,-1.5549183,1.6748626,7.346687e-05,0.23533261,2.45552,2.2601616,-0.2353796,0.15067081,0.16444415,0.16195454,0.05527115,inf,inf,inf,inf,inf,1,1,1,1,4,2,4,1,1,1,1,1,0,2,0,0,4.214149206846994,1
1569928000,1569924000,5764000,47.3979711740181,8.54616359846853,1.9623152,0.04898404,-2.441669,0.0,0.0,-0.2353796,4.23682,-0.221512,-0.0014525534,0.0117858,-0.00081951654,-0.00039308443,4.1656196e-05,3.117841,0.051668942,-0.27414036,0.011752137,0.0025883887,-1.5686667,1.6748626,7.350078e-05,0.23533261,2.4546757,2.262069,-0.2353796,0.1511426,0.1647033,0.16372156,0.055404913,inf,inf,inf,inf,inf,1,1,1,1,4,2,4,1,1,1,1,1,0,2,0,0,4.242606909490364,1
1569936000,1569932000,5764000,47.3979711740181,8.54616359846853,1.9998937,0.046004154,-2.4415545,0.0,0.0,-0.2353796,4.264663,-0.22273746,-0.0024660248,0.010743461,-0.00081951654,-0.00039308443,4.1656196e-05,3.0502043,0.07944121,-0.21491244,-0.0014765272,0.0025884013,-1.5820062,1.6748626,7.35345e-05,0.23533261,2.45386,2.263981,-0.2353796,0.15162566,0.16496328,0.16547029,0.055539124,inf,inf,inf,inf,inf,1,1,1,1,4,2,4,1,1,1,1,1,0,2,0,0,4.270476385713257,1
1569944000,1569940000,5764000,47.3979711740181,8.54616359846853,2.0376208,0.04302519,-2.441443,0.0,0.0,-0.2353796,4.29194,-0.22368559,-0.0030748209,0.010107095,-0.00081951654,-0.00039308443,4.1656196e-05,2.9832265,0.105307475,-0.16541731,-0.014242669,0.0025884137,-1.5949318,1.6748626,7.356799e-05,0.23533261,2.4530737,2.265898,-0.2353796,0.15212023,0.16522406,0.16720286,0.055673834,inf,inf,inf,inf,inf,1,1,1,1,4,2,4,1,1,1,1,1,0,2,0,0,4.297766124546241,1
1569952000,1569948000,5764000,47.3979711740181,8.54616359846853,2.0754936,0.04005069,-2.4413543,0.0,0.0,-0.2353796,4.3186626,-0.22431315,-0.0033859878,0.00974582,-0.00081951654,-0.00039308443,4.1656196e-05,2.9176245,0.13653852,-0.12864405,-0.026549237,0.0025884267,-1.6074444,1.6748626,7.360127e-05,0.23533261,2.453046,2.2677593,-0.2353796,0.15262653,0.16530253,0.16891919,0.05578763,inf,inf,inf,inf,inf,1,1,1,1,4,2,4,1,1,1,1,1,0,2,0,0,4.324485461510428,1
1569960000,1569956000,5764000,47.3979711740181,8.54616359846853,2.1137009,0.037229087,-2.4412813,0.0,0.0,-0.2353796,4.345043,-0.22400853,-0.0033869487,0.009678552,-0.00081951654,-0.00039308443,4.1656196e-05,2.853615,0.16766894,-0.091644,-0.038398318,0.0022967616,-1.6195409,1.6748626,7.3368574e-05,0.23533261,2.4529102,2.2693706,-0.2353796,0.15110044,0.16461037,0.15993968,0.05558152,inf,inf,inf,inf,inf,1,1,1,1,4,2,4,1,1,1,1,1,0,2,0,0,4.350814862158956,1
1569968000,1569964000,5764000,47.3979711740181,8.54616359846853,2.1520467,0.03442479,-2.4412026,0.0,0.0,-0.2353796,4.3709946,-0.22346607,-0.003203653,0.009798105,-0.00081951654,-0.00039308443,4.1656196e-05,2.8039193,0.18992361,-0.06948737,-0.049655333,0.0022967749,-1.631228,1.6748626,7.340143e-05,0.23533261,2.4522164,2.2713013,-0.2353796,0.1515822,0.16487035,0.1615098,0.055716768,inf,inf,inf,inf,inf,1,1,1,1,4,2,4,1,1,1,1,1,0,2,0,0,4.37670436984987,1
1569976000,1569972000,5764000,47.3979711740181,8.54616359846853,2.1905298,0.03164082,-2.4411168,0.0,0.0,-0.2353796,4.39647,-0.2226627,-0.0029445924,0.009995873,-0.00081951654,-0.00039308443,4.1656196e-05,2.7483273,0.21502554,-0.060815826,-0.060472585,0.0022967893,-1.6425128,1.6748626,7.343412e-05,0.23533261,2.4515557,2.2732365,-0.2353796,0.15207483,0.16513114,0.16306703,0.05585232,inf,inf,inf,inf,inf,1,1,1,1,4,2,4,1,1,1,1,1,0,2,0,0,4.402105838061562,1
1569984000,1569980000,5764000,47.3979711740181,8.54616359846853,2.2291474,0.028880402,-2.4410238,0.0,0.0,-0.2353796,4.421446,-0.22160299,-0.0025198578,0.010361637,-0.00081951654,-0.00039308443,4.1656196e-05,2.6897402,0.23957805,-0.04080869,-0.07084582,0.0022968042,-1.6533893,1.6748626,7.34666e-05,0.23533261,2.4509292,2.2751763,-0.2353796,0.15257858,0.16539277,0.1646089,0.055988014,inf,inf,inf,inf,inf,1,1,1,1,4,2,4,1,1,1,1,1,0,2,0,0,4.426996607834286,1
1569992000,1569988000,5764000,47.3979711740181,8.54616359846853,2.2680407,0.026283372,-2.4409385,0.0,0.0,-0.2353796,4.4461746,-0.21976942,-0.00191726,0.010890365,-0.00081951654,-0.00039308443,4.1656196e-05,2.64414,0.2609862,-0.01942599,-0.08077735,0.0020562778,-1.6638548,1.6748626,7.321274e-05,0.23533261,2.4508777,2.2768052,-0.2353796,0.15106025,0.16469902,0.15637925,0.055777,inf,inf,inf,inf,inf,1,1,1,1,4,2,4,1,1,1,1,1,0,2,0,0,4.451603177231569,1
1570000000,1569996000,5764000,47.3979711740181,8.54616359846853,2.307063,0.023720244,-2.4408426,0.0,0.0,-0.2353796,4.4704037,-0.21767078,-0.0011922779,0.011544171,-0.00081951654,-0.00039308443,4.1656196e-05,2.5858774,0.28800696,-0.0046617347,-0.09015609,0.0020562932,-1.6739188,1.6748626,7.3244824e-05,0.23533261,2.450322,2.2787535,-0.2353796,0.1515408,0.1649593,0.1577977,0.05591253,inf,inf,inf,inf,inf,1,1,1,1,4,2,4,1,1,1,1,1,0,2,0,0,4.475700082776559,1
1570008000,1570004000,5764000,47.3979711740181,8.54616359846853,2.3462126,0.021194099,-2.4407406,0.0,0.0,-0.2353796,4.4941473,-0.21533665,-0.00042523321,0.012237498,-0.00081951654,-0.00039308443,4.1656196e-05,2.5294473,0.31134835,0.00027706844,-0.09911139,0.0020563083,-1.6835867,1.6748626,7.3276686e-05,0.23533261,2.4499593,2.2806463,-0.2353796,0.15203167,0.16503814,0.1592029,0.05602711,inf,inf,inf,inf,inf,1,1,1,1,4,2,4,1,1,1,1,1,0,2,0,0,4.499303280259488,1
1570016000,1570012000,5764000,47.3979711740181,8.54616359846853,2.385487,0.01870744,-2.440627,0.0,0.0,-0.2353796,4.517504,-0.21278016,0.00036651525,0.012958119,-0.00081951654,-0.00039308443,4.1656196e-05,2.4853516,0.3331109,0.0030198132,-0.10765574,0.0020563235,-1.6928695,1.6748626,7.330836e-05,0.23533261,2.449478,2.2826037,-0.2353796,0.15253307,0.16529979,0.16059585,0.05616288,inf,inf,inf,inf,inf,1,1,1,1,4,2,4,1,1,1,1,1,0,2,0,0,4.522512346123452,1
1570028000,1570020000,5764000,47.3979711740181,8.54616359846853,2.4249918,0.01638756,-2.4405055,0.0,0.0,-0.2353796,4.5405154,-0.20952313,0.0012109024,0.013730535,-0.00081951654,-0.00039308443,4.1656196e-05,2.4331517,0.35628667,0.00882754,-0.115783155,0.001856317,-1.7017565,1.6748626,7.303216e-05,0.23533261,2.4491491,2.2842507,-0.2353796,0.15102194,0.1646073,0.15303348,0.05594653,inf,inf,inf,inf,inf,1,1,1,1,4,2,4,1,1,1,1,1,0,2,0,0,4.54534723711256,1
1570032000,1570028000,5764000,47.3979711740181,8.54616359846853,2.4646163,0.0141159985,-2.4403715,0.0,0.0,-0.2353796,4.563084,-0.20606478,0.0020813756,0.014531442,-0.00081951654,-0.00039308443,4.1656196e-05,2.3825195,0.3768008,0.011967494,-0.1234069,0.0018563338,-1.710261,1.6748626,7.306351e-05,0.23533261,2.4487395,2.2862163,-0.2353796,0.15150137,0.16486761,0.15430945,0.056081273,inf,inf,inf,inf,inf,1,1,1,1,4,2,4,1,1,1,1,1,0,2,0,0,4.567734954738162,1
1570040000,1570036000,5764000,47.3979711740181,8.54616359846853,2.504359,0.011895045,-2.4402256,0.0,0.0,-0.2353796,4.5853286,-0.20241365,0.003010164,0.015392907,-0.00081951654,-0.00039308443,4.1656196e-05,2.3468578,0.39633384,0.019242985,-0.1306269,0.0018563506,-1.7183799,1.6748626,7.309465e-05,0.23533261,2.4483624,2.2881863,-0.2353796,0.1519906,0.16512875,0.15556683,0.056215703,inf,inf,inf,inf,inf,1,1,1,1,4,2,4,1,1,1,1,1,0,2,0,0,4.5897950626113575,1
1570048000,1570044000,5764000,47.3979711740181,8.54616359846853,2.5442183,0.009726716,-2.4400673,0.0,0.0,-0.2353796,4.6071706,-0.19859095,0.003876847,0.016194338,-0.00081951654,-0.00039308443,4.1656196e-05,2.3013883,0.41336355,0.0115903085,-0.13745064,0.0018563686,-1.7261192,1.6748626,7.3125644e-05,0.23533261,2.448014,2.290161,-0.2353796,0.15248978,0.16539074,0.15680368,0.056349862,inf,inf,inf,inf,inf,1,1,1,1,4,2,4,1,1,1,1,1,0,2,0,0,4.611450350255213,1
1570056000,1570052000,5764000,47.3979711740181,8.54616359846853,2.584264,0.007743066,-2.4399133,0.0,0.0,-0.2353796,4.628654,-0.19420257,0.0047359327,0.016973836,-0.00081951654,-0.00039308443,4.1656196e-05,2.2527566,0.42164528,0.010946299,-0.14389738,0.0016890032,-1.7334929,1.6748626,7.28265e-05,0.23533261,2.4481966,2.2917643,-0.2353796,0.15098564,0.1645161,0.1498259,0.056105323,inf,inf,inf,inf,inf,1,1,1,1,4,2,4,1,1,1,1,1,0,2,0,0,4.632728668826736,1
1570064000,1570060000,5764000,47.3979711740181,8.54616359846853,2.624421,0.0058189626,-2.4397473,0.0,0.0,-0.2353796,4.6496515,-0.18958633,0.0055347374,0.017695392,-0.00081951654,-0.00039308443,4.1656196e-05,2.197471,0.447232,0.0037327406,-0.14987382,0.0016890212,-1.7405044,1.6748626,7.2857154e-05,0.23533261,2.4478955,2.2937462,-0.2353796,0.15146394,0.16477644,0.1509607,0.0562381,inf,inf,inf,inf,inf,1,1,1,1,4,2,4,1,1,1,1,1,0,2,0,0,4.653518312126128,1
1570072000,1570068000,5764000,47.3979711740181,8.54616359846853,2.6646872,0.0039560474,-2.4395704,0.0,0.0,-0.2353796,4.67028,-0.18487899,0.006376742,0.018462317,-0.00081951654,-0.00039308443,4.1656196e-05,2.1567988,0.45583808,0.009554903,-0.15548117,0.0016890399,-1.7471555,1.6748626,7.288765e-05,0.23533261,2.4476128,2.2957323,-0.2353796,0.15195154,0.16503765,0.15207821,0.056370426,inf,inf,inf,inf,inf,1,1,1,1,4,2,4,1,1,1,1,1,0,2,0,0,4.673942252764999,1
1570080000,1570076000,5764000,47.3979711740181,8.54616359846853,2.7050605,0.0021553114,-2.439382,0.0,0.0,-0.2353796,4.6904755,-0.18005505,0.007085734,0.019098233,-0.00081951654,-0.00039308443,4.1656196e-05,2.1083698,0.46780527,-0.0065383497,-0.1607197,0.0016890578,-1.7534454,1.6748626,7.2917945e-05,0.23533261,2.4473445,2.2977226,-0.2353796,0.15244852,0.1652997,0.1531773,0.056502204,inf,inf,inf,inf,inf,1,1,1,1,4,2,4,1,1,1,1,1,0,2,0,0,4.693935496441879,1
1570088000,1570084000,5764000,47.3979711740181,8.54616359846853,2.745594,0.0005530015,-2.4391923,0.0,0.0,-0.2353796,4.7104063,-0.17465423,0.0076312935,0.01956349,-0.00081951654,-0.00039308443,4.1656196e-05,2.075559,0.48213068,-0.025572719,-0.16561098,0.0015482344,-1.7593905,1.6748626,7.259559e-05,0.23533261,2.4473526,2.2994013,-0.2353796,0.15095128,0.16460676,0.1467402,0.05627087,inf,inf,inf,inf,inf,1,1,1,1,4,2,4,1,1,1,1,1,0,2,0,0,4.7136493131942965,1
1570096000,1570092000,5764000,47.3979711740181,8.54616359846853,2.7862303,-0.0009816522,-2.4389944,0.0,0.0,-0.2353796,4.7299237,-0.16915461,0.00796206,0.019815966,-0.00081951654,-0.00039308443,4.1656196e-05,2.0299468,0.49338824,-0.051725652,-0.17006789,0.0015482533,-1.764993,1.6748626,7.26256e-05,0.23533261,2.4471052,2.3013985,-0.2353796,0.1514284,0.16486745,0.14775679,0.05640111,inf,inf,inf,inf,inf,1,1,1,1,4,2,4,1,1,1,1,1,0,2,0,0,4.732954139256515,1
1570104000,1570100000,5764000,47.3979711740181,8.54616359846853,2.826967,-0.0024476473,-2.4387932,0.0,0.0,-0.2353796,4.749075,-0.16355506,0.008146137,0.019920513,-0.00081951654,-0.00039308443,4.1656196e-05,1.9903426,0.5049127,-0.06920471,-0.17418589,0.001548273,-1.7702566,1.6748626,7.2655464e-05,0.23533261,2.446958,2.3033395,-0.2353796,0.15191433,0.16494703,0.14875847,0.056509838,inf,inf,inf,inf,inf,1,1,1,1,4,2,4,1,1,1,1,1,0,2,0,0,4.751897512870477,1
1570112000,1570108000,5764000,47.3979711740181,8.54616359846853,2.8678026,-0.0038439818,-2.4385867,0.0,0.0,-0.2353796,4.7678595,-0.15784468,0.008064951,0.019761616,-0.00081951654,-0.00039308443,4.1656196e-05,1.9508724,0.51792204,-0.10150298,-0.17796949,0.001548293,-1.775185,1.6748626,7.26852e-05,0.23533261,2.4467194,2.3053443,-0.2353796,0.15240917,0.16520916,0.14974563,0.056638848,inf,inf,inf,inf,inf,1,1,1,1,4,2,4,1,1,1,1,1,0,2,0,0,4.770478403491539,1
1570120000,1570116000,5764000,47.3979711740181,8.54616359846853,2.9087696,-0.0050473106,-2.4383807,0.0,0.0,-0.2353796,4.7862663,-0.15170853,0.007802388,0.0194193,-0.00081951654,-0.00039308443,4.1656196e-05,1.9081647,0.5215107,-0.12234691,-0.1814318,0.0014291414,-1.7797898,1.6748626,7.23395e-05,0.23533261,2.446577,2.3070378,-0.2353796,0.15091865,0.1645174,0.14380784,0.056399833,inf,inf,inf,inf,inf,1,1,1,1,4,2,4,1,1,1,1,1,0,2,0,0,4.78867637764852,1
1570128000,1570124000,5764000,47.3979711740181,8.54616359846853,2.9498303,-0.0061776293,-2.4381738,0.0,0.0,-0.2353796,4.804277,-0.14557047,0.0072861034,0.018824909,-0.00081951654,-0.00039308443,4.1656196e-05,1.8652855,0.5222887,-0.15307543,-0.1844938,0.0014291613,-1.784066,1.6748626,7.236896e-05,0.23533261,2.4463427,2.309049,-0.2353796,0.15139455,0.16477814,0.1447321,0.056527272,inf,inf,inf,inf,inf,1,1,1,1,4,2,4,1,1,1,1,1,0,2,0,0,4.8064874224081535,1
1570136000,1570132000,5764000,47.3979711740181,8.54616359846853,2.9909825,-0.007234486,-2.4379683,0.0,0.0,-0.2353796,4.8219166,-0.13927059,0.0064957906,0.017958008,-0.00081951654,-0.00039308443,4.1656196e-05,1.8256196,0.5431689,-0.18627335,-0.1872475,0.0014291811,-1.7880261,1.6748626,7.239828e-05,0.23533261,2.4461083,2.3110638,-0.2353796,0.15187883,0.16503976,0.1456445,0.05665405,inf,inf,inf,inf,inf,1,1,1,1,4,2,4,1,1,1,1,1,0,2,0,0,4.823931818536621,1
1570144000,1570140000,5764000,47.3979711740181,8.54616359846853,3.032225,-0.008216921,-2.437767,0.0,0.0,-0.2353796,4.8392744,-0.13291915,0.005340195,0.016727218,-0.00081951654,-0.00039308443,4.1656196e-05,1.7971649,0.5503621,-0.23082037,-0.18969902,0.0014292012,-1.7916752,1.6748626,7.24275e-05,0.23533261,2.4458728,2.3130822,-0.2353796,0.1523716,0.16530225,0.14654802,0.05678027,inf,inf,inf,inf,inf,1,1,1,1,4,2,4,1,1,1,1,1,0,2,0,0,4.8411024298825485,1
1570152000,1570148000,5764000,47.3979711740181,8.54616359846853,3.073564,-0.009001513,-2.4375796,0.0,0.0,-0.2353796,4.8562055,-0.12614581,0.0037818109,0.0150866285,-0.00081951654,-0.00039308443,4.1656196e-05,1.7530442,0.5574388,-0.27825868,-0.19185522,0.0013278095,-1.7950193,1.6748626,7.205819e-05,0.23533261,2.445852,2.314729,-0.2353796,0.1508875,0.16442853,0.14106299,0.056512248,inf,inf,inf,inf,inf,1,1,1,1,4,2,4,1,1,1,1,1,0,2,0,0,4.857845090748004,1
1570160000,1570156000,5764000,47.3979711740181,8.54616359846853,3.114988,-0.009709124,-2.4374032,0.0,0.0,-0.2353796,4.872763,-0.1193573,0.0018854274,0.013109447,-0.00081951654,-0.00039308443,4.1656196e-05,1.7132751,0.5614408,-0.31931463,-0.19364512,0.0013278297,-1.7980562,1.6748626,7.208717e-05,0.23533261,2.4456155,2.316753,-0.2353796,0.15136221,0.16468935,0.14191066,0.056636542,inf,inf,inf,inf,inf,1,1,1,1,4,2,4,1,1,1,1,1,0,2,0,0,4.8742249613727076,1
1570168000,1570164000,5764000,47.3979711740181,8.54616359846853,3.156495,-0.010340365,-2.4372401,0.0,0.0,-0.2353796,4.8889976,-0.11265609,-0.00042288238,0.010721634,-0.00081951654,-0.00039308443,4.1656196e-05,1.6799423,0.55271584,-0.3695646,-0.1951523,0.0013278505,-1.800796,1.6748626,7.211606e-05,0.23533261,2.4453764,2.3187804,-0.2353796,0.15184492,0.16495104,0.14275089,0.05676019,inf,inf,inf,inf,inf,1,1,1,1,4,2,4,1,1,1,1,1,0,2,0,0,4.890295400714495,1
1570176000,1570172000,5764000,47.3979711740181,8.54616359846853,3.1980832,-0.010895826,-2.4370947,0.0,0.0,-0.2353796,4.904899,-0.105927825,-0.003169938,0.007896255,-0.00081951654,-0.00039308443,4.1656196e-05,1.6454388,0.5583783,-0.42312124,-0.19638644,0.0013278718,-1.8032473,1.6748626,7.214485e-05,0.23533261,2.4451346,2.3208115,-0.2353796,0.1523357,0.1652136,0.14358194,0.05688307,inf,inf,inf,inf,inf,1,1,1,1,4,2,4,1,1,1,1,1,0,2,0,0,4.906043716969627,1
1570184000,1570180000,5764000,47.3979711740181,8.54616359846853,3.2397404,-0.011249434,-2.4369917,0.0,0.0,-0.2353796,4.920444,-0.098802276,-0.006384318,0.004581274,-0.00081951654,-0.00039308443,4.1656196e-05,1.6130743,0.5659027,-0.4771752,-0.19735137,0.0012411487,-1.8054132,1.6748626,7.175175e-05,0.23533261,2.4455466,2.3225303,-0.2353796,0.15085778,0.16452123,0.13850382,0.05662767,inf,inf,inf,inf,inf,1,1,1,1,4,2,4,1,1,1,1,1,0,2,0,0,4.921440013491488,1
1570192000,1570188000,5764000,47.3979711740181,8.54616359846853,3.281474,-0.011525523,-2.436913,0.0,0.0,-0.2353796,4.9356565,-0.09170064,-0.010071383,0.000795366,-0.00081951654,-0.00039308443,4.1656196e-05,1.5787122,0.5664455,-0.53497076,-0.19798999,0.0012411699,-1.8073016,1.6748626,7.1780334e-05,0.23533261,2.445305,2.3245664,-0.2353796,0.15133129,0.1647824,0.13929288,0.05674869,inf,inf,inf,inf,inf,1,1,1,1,4,2,4,1,1,1,1,1,0,2,0,0,4.93651856333228,1
1570200000,1570196000,5764000,47.3979711740181,8.54616359846853,3.3232825,-0.011724805,-2.4368625,0.0,0.0,-0.2353796,4.9505215,-0.08466237,-0.014047044,-0.0032775034,-0.00081951654,-0.00039308443,4.1656196e-05,1.5423934,0.5621288,-0.56972027,-0.19837548,0.001241191,-1.8089168,1.6748626,7.180884e-05,0.23533261,2.445061,2.3266056,-0.2353796,0.15181246,0.16504446,0.1400753,0.056868993,inf,inf,inf,inf,inf,1,1,1,1,4,2,4,1,1,1,1,1,0,2,0,0,4.951265308817677,1
1570208000,1570204000,5764000,47.3979711740181,8.54616359846853,3.3651633,-0.011848465,-2.436842,0.0,0.0,-0.2353796,4.9650207,-0.07774785,-0.018155323,-0.0074814656,-0.00081951654,-0.00039308443,4.1656196e-05,1.5038761,0.5503363,-0.584939,-0.19851005,0.0012412125,-1.8102602,1.6748626,7.183725e-05,0.23533261,2.4448144,2.328588,-0.2353796,0.15230137,0.16512483,0.14085047,0.056967605,inf,inf,inf,inf,inf,1,1,1,1,4,2,4,1,1,1,1,1,0,2,0,0,4.9656625837204595,1
1570216000,1570212000,5764000,47.3979711740181,8.54616359846853,3.4071138,-0.0118979225,-2.436852,0.0,0.0,-0.2353796,4.9791145,-0.07092448,-0.02224995,-0.011670355,-0.00081951654,-0.00039308443,4.1656196e-05,1.4604336,0.5427234,-0.5818442,-0.19838801,0.0012412339,-1.8113259,1.6748626,7.1865594e-05,0.23533261,2.4445658,2.3306336,-0.2353796,0.15279804,0.16538833,0.14161693,0.057086296,inf,inf,inf,inf,inf,1,1,1,1,4,2,4,1,1,1,1,1,0,2,0,0,4.979669320973886,1
1570224000,1570220000,5764000,47.3979711740181,8.54616359846853,3.449075,-0.011761982,-2.4369254,0.0,0.0,-0.2353796,4.9926996,-0.06384824,-0.02627017,-0.015819818,-0.00081951654,-0.00039308443,4.1656196e-05,1.4156579,0.5410292,-0.5663214,-0.19803372,0.0011661022,-1.812135,1.6748626,7.1435104e-05,0.23533261,2.4453337,2.3323653,-0.2353796,0.15129147,0.1646925,0.13681418,0.056818526,inf,inf,inf,inf,inf,1,1,1,1,4,2,4,1,1,1,1,1,0,2,0,0,4.993176946135906,1
1570232000,1570228000,5764000,47.3979711740181,8.54616359846853,3.4911003,-0.011552515,-2.4370275,0.0,0.0,-0.2353796,5.0058365,-0.05691305,-0.030061146,-0.019737592,-0.00081951654,-0.00039308443,4.1656196e-05,1.3666495,0.5282209,-0.5363528,-0.19738883,0.001166124,-1.812684,1.6748626,7.146332e-05,0.23533261,2.4450915,2.3344152,-0.2353796,0.15177086,0.1649546,0.13754515,0.056935303,inf,inf,inf,inf,inf,1,1,1,1,4,2,4,1,1,1,1,1,0,2,0,0,5.006250276653314,1
1570240000,1570236000,5764000,47.3979711740181,8.54616359846853,3.533187,-0.011271259,-2.4371572,0.0,0.0,-0.2353796,5.0185513,-0.050136425,-0.033625457,-0.023426374,-0.00081951654,-0.00039308443,4.1656196e-05,1.3209671,0.5132521,-0.5066902,-0.19652757,0.0011661459,-1.8129919,1.6748626,7.149146e-05,0.23533261,2.4448493,2.3364682,-0.2353796,0.15225765,0.16521756,0.13827302,0.057051387,inf,inf,inf,inf,inf,1,1,1,1,4,2,4,1,1,1,1,1,0,2,0,0,5.01891437296971,1
1570248000,1570244000,5764000,47.3979711740181,8.54616359846853,3.5753317,-0.010919874,-2.4373121,0.0,0.0,-0.2353796,5.030844,-0.04348314,-0.03693849,-0.026861666,-0.00081951654,-0.00039308443,4.1656196e-05,1.275271,0.50274837,-0.4739356,-0.1954525,0.0011661676,-1.8130603,1.6748626,7.1519535e-05,0.23533261,2.4446084,2.338524,-0.2353796,0.15275186,0.16548142,0.1389955,0.057166673,inf,inf,inf,inf,inf,1,1,1,1,4,2,4,1,1,1,1,1,0,2,0,0,5.03116751737047,1
1570256000,1570252000,5764000,47.3979711740181,8.54616359846853,3.617463,-0.010386851,-2.4375205,0.0,0.0,-0.2353796,5.042631,-0.03669621,-0.039898973,-0.02997617,-0.00081951654,-0.00039308443,4.1656196e-05,1.2319392,0.48891348,-0.4236707,-0.19416985,0.0011015132,-1.8128933,1.6748626,7.106528e-05,0.23533261,2.445312,2.3402054,-0.2353796,0.15125331,0.16460301,0.1345378,0.056870192,inf,inf,inf,inf,inf,1,1,1,1,4,2,4,1,1,1,1,1,0,2,0,0,5.042922361293679,1
1570264000,1570260000,5764000,47.3979711740181,8.54616359846853,3.6596475,-0.0097856745,-2.4377494,0.0,0.0,-0.2353796,5.054055,-0.030020649,-0.042583697,-0.032811783,-0.00081951654,-0.00039308443,4.1656196e-05,1.1932367,0.48085758,-0.38795683,-0.1926335,0.0011015348,-1.8124965,1.6748626,7.109324e-05,0.23533261,2.4450886,2.342265,-0.2353796,0.15173101,0.16486514,0.1352324,0.05698354,inf,inf,inf,inf,inf,1,1,1,1,4,2,4,1,1,1,1,1,0,2,0,0,5.054323550549724,1
1570272000,1570268000,5764000,47.3979711740181,8.54616359846853,3.7018821,-0.009118369,-2.4379964,0.0,0.0,-0.2353796,5.065016,-0.023553213,-0.044919815,-0.03529579,-0.00081951654,-0.00039308443,4.1656196e-05,1.1420732,0.46073133,-0.34312716,-0.19090378,0.0011015564,-1.811878,1.6748626,7.1121154e-05,0.23533261,2.4448717,2.3443274,-0.2353796,0.15221582,0.16512816,0.13592286,0.05709615,inf,inf,inf,inf,inf,1,1,1,1,4,2,4,1,1,1,1,1,0,2,0,0,5.065269945805284,1
1570280000,1570276000,5764000,47.3979711740181,8.54616359846853,3.744164,-0.008387071,-2.4382591,0.0,0.0,-0.2353796,5.075622,-0.017275555,-0.04691374,-0.037434712,-0.00081951654,-0.00039308443,4.1656196e-05,1.1044916,0.4429313,-0.29909423,-0.18898398,0.0011015782,-1.811041,1.6748626,7.114904e-05,0.23533261,2.4446628,2.3463929,-0.2353796,0.15270779,0.16539206,0.13660946,0.057208028,inf,inf,inf,inf,inf,1,1,1,1,4,2,4,1,1,1,1,1,0,2,0,0,5.075868204621289,1
1570288000,1570284000,5764000,47.3979711740181,8.54616359846853,3.7864113,-0.0075081545,-2.438568,0.0,0.0,-0.2353796,5.0857606,-0.010880994,-0.04861745,-0.039317917,-0.00081951654,-0.00039308443,4.1656196e-05,1.068421,0.43798378,-0.255947,-0.18689008,0.0010457163,-1.8099995,1.6748626,7.067107e-05,0.23533261,2.4454937,2.3481433,-0.2353796,0.15121666,0.16469559,0.13245587,0.056925092,inf,inf,inf,inf,inf,1,1,1,1,4,2,4,1,1,1,1,1,0,2,0,0,5.086004613936886,1
1570296000,1570292000,5764000,47.3979711740181,8.54616359846853,3.8287008,-0.006568307,-2.438888,0.0,0.0,-0.2353796,5.095414,-0.0047428105,-0.05000677,-0.04088283,-0.00081951654,-0.00039308443,4.1656196e-05,1.0140189,0.41250277,-0.21553084,-0.18458386,0.0010457382,-1.808752,1.6748626,7.0698865e-05,0.23533261,2.4453194,2.3502119,-0.2353796,0.15169278,0.16495806,0.13312124,0.057035014,inf,inf,inf,inf,inf,1,1,1,1,4,2,4,1,1,1,1,1,0,2,0,0,5.095661586358858,1
1570304000,1570300000,5764000,47.3979711740181,8.54616359846853,3.8710291,-0.005569478,-2.4392157,0.0,0.0,-0.2353796,5.1047244,0.0012803561,-0.0510964,-0.04214428,-0.00081951654,-0.00039308443,4.1656196e-05,0.9773484,0.40469578,-0.17694941,-0.18211263,0.00104576,-1.8073092,1.6748626,7.0726586e-05,0.23533261,2.445161,2.352223,-0.2353796,0.15217577,0.16503914,0.13378343,0.057123117,inf,inf,inf,inf,inf,1,1,1,1,4,2,4,1,1,1,1,1,0,2,0,0,5.1049802821715256,1
1570312000,1570308000,5764000,47.3979711740181,8.54616359846853,3.9133942,-0.004513771,-2.4395504,0.0,0.0,-0.2353796,5.1137304,0.0070626154,-0.051970296,-0.043186355,-0.00081951654,-0.00039308443,4.1656196e-05,0.9454707,0.3811561,-0.14886865,-0.17948289,0.001045782,-1.8056775,1.6748626,7.075434e-05,0.23533261,2.4450216,2.3542967,-0.2353796,0.15266564,0.16530305,0.13444327,0.057231467,inf,inf,inf,inf,inf,1,1,1,1,4,2,4,1,1,1,1,1,0,2,0,0,5.113999354329914,1
1570320000,1570316000,5764000,47.3979711740181,8.54616359846853,3.9556973,-0.0033433852,-2.43993,0.0,0.0,-0.2353796,5.122205,0.012806095,-0.052569043,-0.043995578,-0.00081951654,-0.00039308443,4.1656196e-05,0.904615,0.36534882,-0.10668765,-0.17670102,0.0009973552,-1.803862,1.6748626,7.0252514e-05,0.23533261,2.4461746,2.356056,-0.2353796,0.15118137,0.1646077,0.13056117,0.056942098,inf,inf,inf,inf,inf,1,1,1,1,4,2,4,1,1,1,1,1,0,2,0,0,5.1224907576662435,1
1570328000,1570324000,5764000,47.3979711740181,8.54616359846853,3.9980326,-0.0021199856,-2.4403114,0.0,0.0,-0.2353796,5.1303406,0.018383663,-0.052848686,-0.044480767,-0.00081951654,-0.00039308443,4.1656196e-05,0.86784506,0.3515846,-0.065863594,-0.17373952,0.0009973773,-1.8018603,1.6748626,7.0280206e-05,0.23533261,2.4460955,2.3581324,-0.2353796,0.15165606,0.16487019,0.13120386,0.057048757,inf,inf,inf,inf,inf,1,1,1,1,4,2,4,1,1,1,1,1,0,2,0,0,5.130645730771672,1
1570336000,1570332000,5764000,47.3979711740181,8.54616359846853,4.040397,-0.0008457621,-2.440693,0.0,0.0,-0.2353796,5.1381397,0.02373097,-0.052972335,-0.044805184,-0.00081951654,-0.00039308443,4.1656196e-05,0.8313743,0.3297493,-0.045431774,-0.17064005,0.0009973991,-1.7996895,1.6748626,7.0307884e-05,0.23533261,2.4460452,2.3602114,-0.2353796,0.15213737,0.16513357,0.1318461,0.057154655,inf,inf,inf,inf,inf,1,1,1,1,4,2,4,1,1,1,1,1,0,2,0,0,5.138467554040658,1
1570344000,1570340000,5764000,47.3979711740181,8.54616359846853,4.0827894,0.00047674918,-2.441073,0.0,0.0,-0.2353796,5.1456604,0.02887973,-0.05282728,-0.044856265,-0.00081951654,-0.00039308443,4.1656196e-05,0.8019837,0.31185573,-0.010922085,-0.16741496,0.0009974207,-1.7973621,1.6748626,7.033556e-05,0.23533261,2.4460273,2.3622928,-0.2353796,0.15262534,0.16539781,0.13248786,0.05725984,inf,inf,inf,inf,inf,1,1,1,1,4,2,4,1,1,1,1,1,0,2,0,0,5.146012603214767,1
1570352000,1570348000,5764000,47.3979711740181,8.54616359846853,4.1251016,0.0018895535,-2.4415112,0.0,0.0,-0.2353796,5.1527348,0.03394146,-0.052497473,-0.044785146,-0.00081951654,-0.00039308443,4.1656196e-05,0.77389103,0.29586267,0.020685138,-0.16406153,0.0009553249,-1.7948742,1.6748626,6.9809794e-05,0.23533261,2.4479566,2.3639994,-0.2353796,0.15114741,0.1645201,0.12884533,0.05694309,inf,inf,inf,inf,inf,1,1,1,1,4,2,4,1,1,1,1,1,0,2,0,0,5.153114002863643,1
1570360000,1570356000,5764000,47.3979711740181,8.54616359846853,4.167437,0.0033465025,-2.4419436,0.0,0.0,-0.2353796,5.159471,0.038779583,-0.051977236,-0.044516966,-0.00081951654,-0.00039308443,4.1656196e-05,0.7365167,0.27508008,0.04520034,-0.16058165,0.00095534645,-1.7922453,1.6748626,6.9837435e-05,0.23533261,2.4480262,2.366083,-0.2353796,0.15162075,0.16478261,0.12947057,0.057046667,inf,inf,inf,inf,inf,1,1,1,1,4,2,4,1,1,1,1,1,0,2,0,0,5.159878534322377,1
1570368000,1570364000,5764000,47.3979711740181,8.54616359846853,4.2097936,0.0048451377,-2.4423695,0.0,0.0,-0.2353796,5.1659317,0.043393996,-0.051261894,-0.044047248,-0.00081951654,-0.00039308443,4.1656196e-05,0.70672977,0.2542582,0.07029436,-0.15697084,0.0009553683,-1.789454,1.6748626,6.98651e-05,0.23533261,2.4481332,2.3681688,-0.2353796,0.15210053,0.165046,0.13009313,0.0571495,inf,inf,inf,inf,inf,1,1,1,1,4,2,4,1,1,1,1,1,0,2,0,0,5.166368274690666,1
1570376000,1570372000,5764000,47.3979711740181,8.54616359846853,4.25217,0.0063833436,-2.4427867,0.0,0.0,-0.2353796,5.172175,0.047860168,-0.050365668,-0.043390386,-0.00081951654,-0.00039308443,4.1656196e-05,0.6841876,0.2428391,0.09360397,-0.15325011,0.00095539,-1.786522,1.6748626,6.989276e-05,0.23533261,2.4482772,2.370257,-0.2353796,0.15258674,0.16531026,0.13071257,0.057251506,inf,inf,inf,inf,inf,1,1,1,1,4,2,4,1,1,1,1,1,0,2,0,0,5.1726416391259,1
1570384000,1570380000,5764000,47.3979711740181,8.54616359846853,4.2944503,0.007997446,-2.443222,0.0,0.0,-0.2353796,5.177863,0.0522056,-0.04939972,-0.042689595,-0.00081951654,-0.00039308443,4.1656196e-05,0.6429313,0.22518703,0.10934146,-0.14942893,0.0009187362,-1.7834594,1.6748626,6.93437e-05,0.23533261,2.4493,2.37203,-0.2353796,0.15111482,0.16461419,0.12727174,0.05694985,inf,inf,inf,inf,inf,1,1,1,1,4,2,4,1,1,1,1,1,0,2,0,0,5.17836180695946,1
1570392000,1570388000,5764000,47.3979711740181,8.54616359846853,4.336746,0.009647231,-2.443647,0.0,0.0,-0.2353796,5.1833496,0.056399245,-0.048311003,-0.041859075,-0.00081951654,-0.00039308443,4.1656196e-05,0.6216133,0.21348831,0.12519722,-0.14550403,0.0009187577,-1.7802761,1.6748626,6.937136e-05,0.23533261,2.4495256,2.37412,-0.2353796,0.15158689,0.164877,0.12787208,0.057050146,inf,inf,inf,inf,inf,1,1,1,1,4,2,4,1,1,1,1,1,0,2,0,0,5.183881547997369,1
1570400000,1570396000,5764000,47.3979711740181,8.54616359846853,4.379056,0.011330366,-2.4440613,0.0,0.0,-0.2353796,5.188605,0.060361877,-0.047125965,-0.040925466,-0.00081951654,-0.00039308443,4.1656196e-05,0.5965221,0.19184059,0.1377398,-0.1414941,0.0009187796,-1.7769773,1.6748626,6.9399066e-05,0.23533261,2.4497828,2.3762121,-0.2353796,0.15206519,0.16514067,0.12846923,0.057149686,inf,inf,inf,inf,inf,1,1,1,1,4,2,4,1,1,1,1,1,0,2,0,0,5.189170093453976,1
1570408000,1570404000,5764000,47.3979711740181,8.54616359846853,4.421378,0.013044634,-2.444481,0.0,0.0,-0.2353796,5.1936173,0.064109504,-0.045769744,-0.039831262,-0.00081951654,-0.00039308443,4.1656196e-05,0.5699201,0.17213757,0.16005476,-0.13738313,0.00091880123,-1.7735476,1.6748626,6.942673e-05,0.23533261,2.4505956,2.3782456,-0.2353796,0.15254973,0.16522235,0.12906313,0.057227332,inf,inf,inf,inf,inf,1,1,1,1,4,2,4,1,1,1,1,1,0,2,0,0,5.1942146236777935,1
1570416000,1570412000,5764000,47.3979711740181,8.54616359846853,4.4635954,0.014810765,-2.4449072,0.0,0.0,-0.2353796,5.1982675,0.06775834,-0.044306193,-0.03864722,-0.00081951654,-0.00039308443,4.1656196e-05,0.55214214,0.16024452,0.17994827,-0.13319503,0.000886864,-1.7700119,1.6748626,6.885574e-05,0.23533261,2.4515297,2.3800247,-0.2353796,0.15108363,0.16452737,0.12580004,0.056920808,inf,inf,inf,inf,inf,1,1,1,1,4,2,4,1,1,1,1,1,0,2,0,0,5.19889788637303,1
1570424000,1570420000,5764000,47.3979711740181,8.54616359846853,4.505822,0.016603937,-2.4453197,0.0,0.0,-0.2353796,5.202635,0.07118898,-0.042743914,-0.037356835,-0.00081951654,-0.00039308443,4.1656196e-05,0.51976925,0.14018443,0.19258772,-0.12891904,0.0008868851,-1.7663689,1.6748626,6.8883455e-05,0.23533261,2.4518788,2.38212,-0.2353796,0.15155444,0.16479015,0.12637715,0.05701805,inf,inf,inf,inf,inf,1,1,1,1,4,2,4,1,1,1,1,1,0,2,0,0,5.203297594437827,1
1570432000,1570428000,5764000,47.3979711740181,8.54616359846853,4.5480566,0.018421957,-2.4457178,0.0,0.0,-0.2353796,5.2068024,0.07446766,-0.04113104,-0.03600844,-0.00081951654,-0.00039308443,4.1656196e-05,0.49765107,0.12833107,0.19920383,-0.12457886,0.00088690646,-1.7626327,1.6748626,6.8911235e-05,0.23533261,2.4522486,2.3842168,-0.2353796,0.15203127,0.16505383,0.12695223,0.057114672,inf,inf,inf,inf,inf,1,1,1,1,4,2,4,1,1,1,1,1,0,2,0,0,5.2074973286102715,1
1570440000,1570436000,5764000,47.3979711740181,8.54616359846853,4.590298,0.020263083,-2.4461012,0.0,0.0,-0.2353796,5.210804,0.07757892,-0.039500255,-0.034634918,-0.00081951654,-0.00039308443,4.1656196e-05,0.4796512,0.11446429,0.2017254,-0.12018231,0.0008869276,-1.758812,1.6748626,6.893905e-05,0.23533261,2.4526365,2.3863158,-0.2353796,0.15251416,0.16531835,0.12752551,0.057210572,inf,inf,inf,inf,inf,1,1,1,1,4,2,4,1,1,1,1,1,0,2,0,0,5.21153116515573,1
1570448000,1570444000,5764000,47.3979711740181,8.54616359846853,4.6324077,0.022129659,-2.4464746,0.0,0.0,-0.2353796,5.2144203,0.080473624,-0.037840586,-0.033234105,-0.00081951654,-0.00039308443,4.1656196e-05,0.4622377,0.0920033,0.2110945,-0.115719415,0.00085909327,-1.7548974,1.6748626,6.83479e-05,0.23533261,2.453177,2.3880987,-0.2353796,0.15105377,0.16462158,0.12441903,0.0568993,inf,inf,inf,inf,inf,1,1,1,1,4,2,4,1,1,1,1,1,0,2,0,0,5.215178518436411,1
1570456000,1570452000,5764000,47.3979711740181,8.54616359846853,4.6745224,0.024014654,-2.4468384,0.0,0.0,-0.2353796,5.217816,0.08310072,-0.036106575,-0.03175711,-0.00081951654,-0.00039308443,4.1656196e-05,0.436507,0.06549313,0.22063263,-0.11119388,0.00085911487,-1.7508979,1.6748626,6.837574e-05,0.23533261,2.453765,2.3901386,-0.2353796,0.15152329,0.16470347,0.12497671,0.056972746,inf,inf,inf,inf,inf,1,1,1,1,4,2,4,1,1,1,1,1,0,2,0,0,5.218602612220895,1
1570464000,1570460000,5764000,47.3979711740181,8.54616359846853,4.71664,0.025915923,-2.4471874,0.0,0.0,-0.2353796,5.221059,0.08562283,-0.034343306,-0.030243775,-0.00081951654,-0.00039308443,4.1656196e-05,0.4192861,0.05921763,0.22439751,-0.10662611,0.00085913594,-1.7468294,1.6748626,6.8403635e-05,0.23533261,2.4542031,2.3922396,-0.2353796,0.15199867,0.16496712,0.1255336,0.05706662,inf,inf,inf,inf,inf,1,1,1,1,4,2,4,1,1,1,1,1,0,2,0,0,5.221873975228167,1
1570472000,1570468000,5764000,47.3979711740181,8.54616359846853,4.75876,0.027831784,-2.4475212,0.0,0.0,-0.2353796,5.2241626,0.087946124,-0.032525897,-0.0286694,-0.00081951654,-0.00039308443,4.1656196e-05,0.4036854,0.04112297,0.23126508,-0.10200274,0.00085915695,-1.7426792,1.6748626,6.843161e-05,0.23533261,2.4546497,2.3943424,-0.2353796,0.15247993,0.16523162,0.1260882,0.057159822,inf,inf,inf,inf,inf,1,1,1,1,4,2,4,1,1,1,1,1,0,2,0,0,5.2250040503277155,1
1570480000,1570476000,5764000,47.3979711740181,8.54616359846853,4.800882,0.029760133,-2.4478397,0.0,0.0,-0.2353796,5.2271376,0.0901219,-0.030698746,-0.02707855,-0.00081951654,-0.00039308443,4.1656196e-05,0.3892016,0.029322604,0.23256707,-0.09734111,0.0008591782,-1.7384658,1.6748626,6.845966e-05,0.23533261,2.4551022,2.3964467,-0.2353796,0.1529671,0.165497,0.12664132,0.057252392,inf,inf,inf,inf,inf,1,1,1,1,4,2,4,1,1,1,1,1,0,2,0,0,5.228004577197628,1
1570492000,1570484000,5764000,47.3979711740181,8.54616359846853,4.842832,0.031685192,-2.448154,0.0,0.0,-0.2353796,5.229688,0.09214378,-0.028912457,-0.025538275,-0.00081951654,-0.00039308443,4.1656196e-05,0.37131014,0.018134572,0.23421179,-0.092649736,0.00083497766,-1.7341975,1.6748626,6.783313e-05,0.23533261,2.4559062,2.398233,-0.2353796,0.15148419,0.16479658,0.123634905,0.05693373,inf,inf,inf,inf,inf,1,1,1,1,4,2,4,1,1,1,1,1,0,2,0,0,5.230579603036978,1
1570496000,1570492000,5764000,47.3979711740181,8.54616359846853,4.884783,0.033619422,-2.448454,0.0,0.0,-0.2353796,5.2320814,0.093957625,-0.027184132,-0.02404909,-0.00081951654,-0.00039308443,4.1656196e-05,0.352247,-0.001484861,0.22686411,-0.087919146,0.0008349986,-1.7298671,1.6748626,6.786123e-05,0.23533261,2.456378,2.4003372,-0.2353796,0.15195791,0.16506045,0.124176815,0.057025112,inf,inf,inf,inf,inf,1,1,1,1,4,2,4,1,1,1,1,1,0,2,0,0,5.232995584610616,1
1570504000,1570500000,5764000,47.3979711740181,8.54616359846853,4.926733,0.035560925,-2.4487395,0.0,0.0,-0.2353796,5.2343554,0.09563131,-0.02543225,-0.022529643,-0.00081951654,-0.00039308443,4.1656196e-05,0.33801928,-0.012727685,0.22970511,-0.08316692,0.00083501934,-1.7254918,1.6748626,6.78893e-05,0.23533261,2.4568498,2.4023824,-0.2353796,0.15243734,0.16514257,0.12471833,0.05709472,inf,inf,inf,inf,inf,1,1,1,1,4,2,4,1,1,1,1,1,0,2,0,0,5.235290689188284,1
1570512000,1570508000,5764000,47.3979711740181,8.54616359846853,4.9686813,0.037508253,-2.4490104,0.0,0.0,-0.2353796,5.23648,0.09719481,-0.0236683,-0.02099158,-0.00081951654,-0.00039308443,4.1656196e-05,0.3198934,-0.020358084,0.2310965,-0.078394085,0.00083503994,-1.7210733,1.6748626,6.7917514e-05,0.23533261,2.4573197,2.4044893,-0.2353796,0.15292253,0.16540788,0.12525874,0.057185035,inf,inf,inf,inf,inf,1,1,1,1,4,2,4,1,1,1,1,1,0,2,0,0,5.237435422982877,1
1570520000,1570516000,5764000,47.3979711740181,8.54616359846853,5.0104475,0.03943499,-2.4492736,0.0,0.0,-0.2353796,5.2382636,0.098498024,-0.021958927,-0.019513214,-0.00081951654,-0.00039308443,4.1656196e-05,0.31338713,-0.042999297,0.23068067,-0.07360206,0.0008139963,-1.7166135,1.6748626,6.727544e-05,0.23533261,2.4579883,2.4062786,-0.2353796,0.15144649,0.16470861,0.12238592,0.056864407,inf,inf,inf,inf,inf,1,1,1,1,4,2,4,1,1,1,1,1,0,2,0,0,5.239235592936422,1
1570528000,1570524000,5764000,47.3979711740181,8.54616359846853,5.052212,0.04136386,-2.4495234,0.0,0.0,-0.2353796,5.2399206,0.0996308,-0.02033424,-0.018112991,-0.00081951654,-0.00039308443,4.1656196e-05,0.29719543,-0.058488667,0.21980423,-0.068798184,0.00081401714,-1.7121197,1.6748626,6.730376e-05,0.23533261,2.4584627,2.408385,-0.2353796,0.15191858,0.1649724,0.12291759,0.056953683,inf,inf,inf,inf,inf,1,1,1,1,4,2,4,1,1,1,1,1,0,2,0,0,5.240907142082311,1
1570536000,1570532000,5764000,47.3979711740181,8.54616359846853,5.093974,0.04329334,-2.4497604,0.0,0.0,-0.2353796,5.241496,0.10066693,-0.018702114,-0.016698943,-0.00081951654,-0.00039308443,4.1656196e-05,0.28658345,-0.064860456,0.22044358,-0.06398294,0.00081403746,-1.707594,1.6748626,6.733211e-05,0.23533261,2.458931,2.4104927,-0.2353796,0.15239625,0.16523705,0.123447806,0.057042338,inf,inf,inf,inf,inf,1,1,1,1,4,2,4,1,1,1,1,1,0,2,0,0,5.242495962600228,1
1570544000,1570540000,5764000,47.3979711740181,8.54616359846853,5.135732,0.045222137,-2.4499846,0.0,0.0,-0.2353796,5.2428927,0.10156206,-0.017061038,-0.015269712,-0.00081951654,-0.00039308443,4.1656196e-05,0.26369664,-0.07692558,0.22126593,-0.059166998,0.0008140579,-1.7030478,1.6748626,6.736054e-05,0.23533261,2.459392,2.4126017,-0.2353796,0.1528795,0.16550256,0.1239791,0.05713053,inf,inf,inf,inf,inf,1,1,1,1,4,2,4,1,1,1,1,1,0,2,0,0,5.243904060407891,1
1570552000,1570548000,5764000,47.3979711740181,8.54616359846853,5.1773067,0.04711535,-2.4502106,0.0,0.0,-0.2353796,5.2439857,0.10226317,-0.015505443,-0.013940075,-0.00081951654,-0.00039308443,4.1656196e-05,0.26183358,-0.08984848,0.2171602,-0.05434875,0.0007957737,-1.69848,1.6748626,6.6704415e-05,0.23533261,2.4603102,2.4143322,-0.2353796,0.15141003,0.16462067,0.12122629,0.056786973,inf,inf,inf,inf,inf,1,1,1,1,4,2,4,1,1,1,1,1,0,2,0,0,5.245005643133815,1
1570560000,1570556000,5764000,47.3979711740181,8.54616359846853,5.218877,0.049005076,-2.4504247,0.0,0.0,-0.2353796,5.2449546,0.10284717,-0.014037544,-0.012691579,-0.00081951654,-0.00039308443,4.1656196e-05,0.2449345,-0.09930695,0.2057245,-0.0495288,0.0007957942,-1.6938894,1.6748626,6.673296e-05,0.23533261,2.4607675,2.4164402,-0.2353796,0.15188053,0.16488437,0.12174957,0.05687433,inf,inf,inf,inf,inf,1,1,1,1,4,2,4,1,1,1,1,1,0,2,0,0,5.245981638271308,1
1570568000,1570564000,5764000,47.3979711740181,8.54616359846853,5.2604427,0.05088989,-2.4506273,0.0,0.0,-0.2353796,5.245836,0.10329439,-0.0126581555,-0.011525203,-0.00081951654,-0.00039308443,4.1656196e-05,0.23253267,-0.11133463,0.19419472,-0.04472034,0.0007958144,-1.6892926,1.6748626,6.676157e-05,0.23533261,2.4612143,2.4185493,-0.2353796,0.15235649,0.16514893,0.12227403,0.056961272,inf,inf,inf,inf,inf,1,1,1,1,4,2,4,1,1,1,1,1,0,2,0,0,5.2468681419302055,1
1570576000,1570572000,5764000,47.3979711740181,8.54616359846853,5.302004,0.052768417,-2.450819,0.0,0.0,-0.2353796,5.246664,0.10363291,-0.011265077,-0.010338892,-0.00081951654,-0.00039308443,4.1656196e-05,0.22436418,-0.11999695,0.19543803,-0.039915174,0.00079583446,-1.684682,1.6748626,6.6790264e-05,0.23533261,2.4616494,2.4206593,-0.2353796,0.1528379,0.16541435,0.12279836,0.057047736,inf,inf,inf,inf,inf,1,1,1,1,4,2,4,1,1,1,1,1,0,2,0,0,5.247699477951351,1
1570584000,1570580000,5764000,47.3979711740181,8.54616359846853,5.343387,0.054602083,-2.4510045,0.0,0.0,-0.2353796,5.2472,0.10380848,-0.009912903,-0.009196364,-0.00081951654,-0.00039308443,4.1656196e-05,0.22144294,-0.12846363,0.1959605,-0.03512525,0.00077996735,-1.6800703,1.6748626,6.612174e-05,0.23533261,2.4622054,2.4224513,-0.2353796,0.1513747,0.1647145,0.120152175,0.056724537,inf,inf,inf,inf,inf,1,1,1,1,4,2,4,1,1,1,1,1,0,2,0,0,5.2482361137972635,1
1570592000,1570588000,5764000,47.3979711740181,8.54616359846853,5.3847656,0.05642699,-2.4511795,0.0,0.0,-0.2353796,5.2476377,0.1038151,-0.00863993,-0.008126855,-0.00081951654,-0.00039308443,4.1656196e-05,0.20682979,-0.14506082,0.1854454,-0.030361205,0.0007799875,-1.6754647,1.6748626,6.615055e-05,0.23533261,2.4626276,2.4245603,-0.2353796,0.15184368,0.16497837,0.12067081,0.056810226,inf,inf,inf,inf,inf,1,1,1,1,4,2,4,1,1,1,1,1,0,2,0,0,5.2486716084967355,1
1570600000,1570596000,5764000,47.3979711740181,8.54616359846853,5.4261384,0.05824185,-2.4513454,0.0,0.0,-0.2353796,5.2480254,0.10372285,-0.007438368,-0.007122729,-0.00081951654,-0.00039308443,4.1656196e-05,0.19833243,-0.15300386,0.17591564,-0.025605395,0.0007800078,-1.6708527,1.6748626,6.617945e-05,0.23533261,2.463037,2.4266706,-0.2353796,0.15231799,0.16524312,0.12119077,0.056895614,inf,inf,inf,inf,inf,1,1,1,1,4,2,4,1,1,1,1,1,0,2,0,0,5.249055568192795,1
1570608000,1570604000,5764000,47.3979711740181,8.54616359846853,5.4675064,0.060045604,-2.451509,0.0,0.0,-0.2353796,5.248327,0.10355758,-0.0062271385,-0.006109889,-0.00081951654,-0.00039308443,4.1656196e-05,0.18518056,-0.1578681,0.1766933,-0.020880494,0.000780028,-1.6662571,1.6748626,6.620835e-05,0.23533261,2.4636426,2.428721,-0.2353796,0.15279764,0.1653255,0.121711306,0.056959197,inf,inf,inf,inf,inf,1,1,1,1,4,2,4,1,1,1,1,1,0,2,0,0,5.249352269428901,1
1570616000,1570612000,5764000,47.3979711740181,8.54616359846853,5.5087147,0.061807968,-2.4516673,0.0,0.0,-0.2353796,5.2484064,0.10324715,-0.005083318,-0.005167329,-0.00081951654,-0.00039308443,4.1656196e-05,0.18755369,-0.16636099,0.17327395,-0.016184518,0.00076628133,-1.661677,1.6748626,6.552871e-05,0.23533261,2.4641664,2.430514,-0.2353796,0.15134037,0.16462682,0.11916127,0.056636173,inf,inf,inf,inf,inf,1,1,1,1,4,2,4,1,1,1,1,1,0,2,0,0,5.249424306880325,1
1570624000,1570620000,5764000,47.3979711740181,8.54616359846853,5.549918,0.06355733,-2.451818,0.0,0.0,-0.2353796,5.2484007,0.10283418,-0.0040715686,-0.0043507507,-0.00081951654,-0.00039308443,4.1656196e-05,0.17382337,-0.17526063,0.1560333,-0.011520048,0.0007663015,-1.6571134,1.6748626,6.555781e-05,0.23533261,2.464545,2.432624,-0.2353796,0.15180787,0.16489059,0.119676985,0.05672064,inf,inf,inf,inf,inf,1,1,1,1,4,2,4,1,1,1,1,1,0,2,0,0,5.2494096195674835,1
1570632000,1570628000,5764000,47.3979711740181,8.54616359846853,5.5911155,0.06529278,-2.4519606,0.0,0.0,-0.2353796,5.248345,0.102344275,-0.0030539103,-0.0035223237,-0.00081951654,-0.00039308443,4.1656196e-05,0.16455182,-0.18105538,0.15605612,-0.006891454,0.00076632167,-1.6525735,1.6748626,6.5587e-05,0.23533261,2.464909,2.4347346,-0.2353796,0.1522806,0.1651552,0.12019457,0.056804776,inf,inf,inf,inf,inf,1,1,1,1,4,2,4,1,1,1,1,1,0,2,0,0,5.2493436652612475,1
1570640000,1570636000,5764000,47.3979711740181,8.54616359846853,5.632307,0.06701343,-2.4520955,0.0,0.0,-0.2353796,5.2483015,0.1017688,-0.0020939177,-0.0027457646,-0.00081951654,-0.00039308443,4.1656196e-05,0.16305842,-0.18802625,0.14814733,-0.0023036848,0.0007663415,-1.6480627,1.6748626,6.5616274e-05,0.23533261,2.4652584,2.436846,-0.2353796,0.15275857,0.16542068,0.120713644,0.05688855,inf,inf,inf,inf,inf,1,1,1,1,4,2,4,1,1,1,1,1,0,2,0,0,5.24928851446051,1
1570648000,1570644000,5764000,47.3979711740181,8.54616359846853,5.673335,0.068678446,-2.452231,0.0,0.0,-0.2353796,5.248014,0.10098612,-0.0012130777,-0.0020541307,-0.00081951654,-0.00039308443,4.1656196e-05,0.16230157,-0.20215762,0.14318106,0.0022529874,0.0007544576,-1.6435721,1.6748626,6.492678e-05,0.23533261,2.4658148,2.438639,-0.2353796,0.15130697,0.1647203,0.11824943,0.056565583,inf,inf,inf,inf,inf,1,1,1,1,4,2,4,1,1,1,1,1,0,2,0,0,5.248985674602872,1
1570656000,1570652000,5764000,47.3979711740181,8.54616359846853,5.7143583,0.0703266,-2.4523602,0.0,0.0,-0.2353796,5.2476616,0.10014671,-0.00035468154,-0.0013790802,-0.00081951654,-0.00039308443,4.1656196e-05,0.15050411,-0.20598984,0.13954517,0.0067568934,0.00075447746,-1.6391193,1.6748626,6.49561e-05,0.23533261,2.4661462,2.4406893,-0.2353796,0.15177305,0.16480274,0.11876408,0.056627695,inf,inf,inf,inf,inf,1,1,1,1,4,2,4,1,1,1,1,1,0,2,0,0,5.248617128105019,1
1570664000,1570660000,5764000,47.3979711740181,8.54616359846853,5.7553754,0.07195743,-2.4524827,0.0,0.0,-0.2353796,5.247304,0.09926061,0.00046394404,-0.00073808164,-0.00081951654,-0.00039308443,4.1656196e-05,0.14611961,-0.20865194,0.13376212,0.011223188,0.00075449754,-1.6346943,1.6748626,6.498559e-05,0.23533261,2.466463,2.4428003,-0.2353796,0.15224427,0.16506723,0.119280346,0.056710657,inf,inf,inf,inf,inf,1,1,1,1,4,2,4,1,1,1,1,1,0,2,0,0,5.2482427680470005,1
1570672000,1570668000,5764000,47.3979711740181,8.54616359846853,5.7963877,0.07357022,-2.4525995,0.0,0.0,-0.2353796,5.2469454,0.098290406,0.0012036806,-0.00017038695,-0.00081951654,-0.00039308443,4.1656196e-05,0.14247069,-0.21607602,0.12310919,0.015645102,0.0007545173,-1.6303047,1.6748626,6.501516e-05,0.23533261,2.4667652,2.444912,-0.2353796,0.15272063,0.16533256,0.119799,0.056793485,inf,inf,inf,inf,inf,1,1,1,1,4,2,4,1,1,1,1,1,0,2,0,0,5.247866088548735,1
1570680000,1570676000,5764000,47.3979711740181,8.54616359846853,5.837239,0.075127855,-2.4527197,0.0,0.0,-0.2353796,5.2462597,0.097189836,0.0018574436,0.00030401535,-0.00081951654,-0.00039308443,4.1656196e-05,0.12891512,-0.22257453,0.11661788,0.020019015,0.0007442717,-1.6259544,1.6748626,6.431697e-05,0.23533261,2.4673307,2.4467056,-0.2353796,0.15127438,0.16463336,0.11741134,0.056471724,inf,inf,inf,inf,inf,1,1,1,1,4,2,4,1,1,1,1,1,0,2,0,0,5.2471601990183725,1
1570688000,1570684000,5764000,47.3979711740181,8.54616359846853,5.878085,0.076666,-2.4528356,0.0,0.0,-0.2353796,5.245587,0.095981985,0.0024659126,0.000738833,-0.00081951654,-0.00039308443,4.1656196e-05,0.12614518,-0.2333097,0.110057175,0.024339316,0.00074429135,-1.6216468,1.6748626,6.434666e-05,0.23533261,2.4676147,2.448816,-0.2353796,0.1517391,0.16489714,0.11792642,0.05655416,inf,inf,inf,inf,inf,1,1,1,1,4,2,4,1,1,1,1,1,0,2,0,0,5.246465629043851,1
1570696000,1570692000,5764000,47.3979711740181,8.54616359846853,5.9189262,0.07818394,-2.4529471,0.0,0.0,-0.2353796,5.244867,0.0947584,0.0030377586,0.001142603,-0.00081951654,-0.00039308443,4.1656196e-05,0.11608045,-0.23267376,0.104601026,0.028602174,0.00074431126,-1.6173891,1.6748626,6.4376465e-05,0.23533261,2.4678845,2.450927,-0.2353796,0.15220888,0.16516177,0.11844259,0.05663626,inf,inf,inf,inf,inf,1,1,1,1,4,2,4,1,1,1,1,1,0,2,0,0,5.245723804208231,1
1570704000,1570700000,5764000,47.3979711740181,8.54616359846853,5.9597626,0.079681344,-2.4530544,0.0,0.0,-0.2353796,5.244226,0.09348633,0.0036471663,0.0015893711,-0.00081951654,-0.00039308443,4.1656196e-05,0.121928774,-0.23620516,0.10844087,0.03280613,0.00074433116,-1.6131834,1.6748626,6.4406275e-05,0.23533261,2.4681406,2.4529781,-0.2353796,0.15268372,0.1652443,0.118961565,0.05669667,inf,inf,inf,inf,inf,1,1,1,1,4,2,4,1,1,1,1,1,0,2,0,0,5.245060470079911,1
1570712000,1570708000,5764000,47.3979711740181,8.54616359846853,6.00044,0.08112486,-2.453174,0.0,0.0,-0.2353796,5.2433076,0.092125736,0.004133003,0.0018972256,-0.00081951654,-0.00039308443,4.1656196e-05,0.11381245,-0.23888263,0.0972501,0.03694819,0.00073552766,-1.6090331,1.6748626,6.370043e-05,0.23533261,2.4689057,2.4547722,-0.2353796,0.15124257,0.16454634,0.11664164,0.056376398,inf,inf,inf,inf,inf,1,1,1,1,4,2,4,1,1,1,1,1,0,2,0,0,5.2441184980094695,1
1570720000,1570716000,5764000,47.3979711740181,8.54616359846853,6.041114,0.08254709,-2.4532905,0.0,0.0,-0.2353796,5.242403,0.09071003,0.0045656837,0.002157774,-0.00081951654,-0.00039308443,4.1656196e-05,0.11073835,-0.24361444,0.08964538,0.041034658,0.0007355476,-1.6049306,1.6748626,6.373045e-05,0.23533261,2.4691458,2.4568822,-0.2353796,0.15170598,0.16480997,0.117157154,0.056458037,inf,inf,inf,inf,inf,1,1,1,1,4,2,4,1,1,1,1,1,0,2,0,0,5.243189713277525,1
1570728000,1570724000,5764000,47.3979711740181,8.54616359846853,6.081784,0.08394789,-2.453403,0.0,0.0,-0.2353796,5.2415442,0.0893072,0.004992906,0.0024185719,-0.00081951654,-0.00039308443,4.1656196e-05,0.1118062,-0.23991023,0.08802767,0.04505686,0.00073556753,-1.6008872,1.6748626,6.376057e-05,0.23533261,2.4693735,2.458993,-0.2353796,0.15217438,0.16507445,0.11767491,0.05653946,inf,inf,inf,inf,inf,1,1,1,1,4,2,4,1,1,1,1,1,0,2,0,0,5.242307345590852,1
1570736000,1570732000,5764000,47.3979711740181,8.54616359846853,6.1224504,0.085326836,-2.4535127,0.0,0.0,-0.2353796,5.24071,0.08781813,0.0053731985,0.0026380066,-0.00081951654,-0.00039308443,4.1656196e-05,0.11026713,-0.24865554,0.081250906,0.049017154,0.0007355872,-1.5969006,1.6748626,6.379077e-05,0.23533261,2.4695888,2.4611044,-0.2353796,0.15264778,0.16533975,0.11819527,0.056620713,inf,inf,inf,inf,inf,1,1,1,1,4,2,4,1,1,1,1,1,0,2,0,0,5.241448482940457,1
1570744000,1570740000,5764000,47.3979711740181,8.54616359846853,6.1631145,0.08668351,-2.4536195,0.0,0.0,-0.2353796,5.2398725,0.086297505,0.005710774,0.00282016,-0.00081951654,-0.00039308443,4.1656196e-05,0.10539244,-0.25070825,0.07501896,0.052903466,0.0007356069,-1.5929834,1.6748626,6.382107e-05,0.23533261,2.469792,2.4632163,-0.2353796,0.1531262,0.1656059,0.11871772,0.056701772,inf,inf,inf,inf,inf,1,1,1,1,4,2,4,1,1,1,1,1,0,2,0,0,5.2405861970360865,1
1570752000,1570748000,5764000,47.3979711740181,8.54616359846853,6.203601,0.08796759,-2.453745,0.0,0.0,-0.2353796,5.238785,0.08465658,0.006014965,0.002948505,-0.00081951654,-0.00039308443,4.1656196e-05,0.10227208,-0.25476795,0.07516285,0.05672917,0.0007281747,-1.5891228,1.6748626,6.309128e-05,0.23533261,2.4706624,2.464948,-0.2353796,0.15166491,0.1647203,0.116424076,0.056358445,inf,inf,inf,inf,inf,1,1,1,1,4,2,4,1,1,1,1,1,0,2,0,0,5.239472415479086,1
1570760000,1570756000,5764000,47.3979711740181,8.54616359846853,6.244085,0.08922909,-2.453868,0.0,0.0,-0.2353796,5.237696,0.08299833,0.006287874,0.0030515892,-0.00081951654,-0.00039308443,4.1656196e-05,0.09701406,-0.25538355,0.07026176,0.060489345,0.0007281945,-1.58532,1.6748626,6.312171e-05,0.23533261,2.470853,2.4670582,-0.2353796,0.1521318,0.16498458,0.11694273,0.056439288,inf,inf,inf,inf,inf,1,1,1,1,4,2,4,1,1,1,1,1,0,2,0,0,5.2383573425796595,1
1570768000,1570764000,5764000,47.3979711740181,8.54616359846853,6.2845683,0.090467714,-2.453988,0.0,0.0,-0.2353796,5.2366815,0.081316,0.006536327,0.003136082,-0.00081951654,-0.00039308443,4.1656196e-05,0.10121506,-0.25688833,0.06624124,0.06416814,0.000728214,-1.5815952,1.6748626,6.315221e-05,0.23533261,2.4710329,2.469169,-0.2353796,0.15260363,0.1652497,0.11746436,0.056520022,inf,inf,inf,inf,inf,1,1,1,1,4,2,4,1,1,1,1,1,0,2,0,0,5.237316884423636,1
1570776000,1570772000,5764000,47.3979711740181,8.54616359846853,6.32505,0.09168349,-2.4541059,0.0,0.0,-0.2353796,5.2356496,0.079665706,0.0067498134,0.0031913328,-0.00081951654,-0.00039308443,4.1656196e-05,0.09408613,-0.2515029,0.06092805,0.06777612,0.0007282336,-1.5779382,1.6748626,6.318282e-05,0.23533261,2.4712021,2.47128,-0.2353796,0.1530804,0.16551566,0.11798834,0.056600537,inf,inf,inf,inf,inf,1,1,1,1,4,2,4,1,1,1,1,1,0,2,0,0,5.236260012515954,1
1570784000,1570780000,5764000,47.3979711740181,8.54616359846853,6.3653593,0.092827596,-2.4542284,0.0,0.0,-0.2353796,5.234405,0.077920325,0.006903056,0.0031817318,-0.00081951654,-0.00039308443,4.1656196e-05,0.09432303,-0.25333938,0.05679717,0.07130577,0.0007219106,-1.574357,1.6748626,6.244858e-05,0.23533261,2.4715757,2.4730713,-0.2353796,0.15162472,0.16481256,0.11575041,0.05628082,inf,inf,inf,inf,inf,1,1,1,1,4,2,4,1,1,1,1,1,0,2,0,0,5.234989487406373,1
1570792000,1570788000,5764000,47.3979711740181,8.54616359846853,6.405669,0.09394886,-2.4543495,0.0,0.0,-0.2353796,5.2331676,0.07613197,0.0070878575,0.0032094382,-0.00081951654,-0.00039308443,4.1656196e-05,0.08969582,-0.25762966,0.059729904,0.07476424,0.00072193024,-1.5708414,1.6748626,6.2479296e-05,0.23533261,2.471734,2.4751806,-0.2353796,0.15209016,0.16507694,0.11627118,0.056361247,inf,inf,inf,inf,inf,1,1,1,1,4,2,4,1,1,1,1,1,0,2,0,0,5.233726152968818,1
1570800000,1570796000,5764000,47.3979711740181,8.54616359846853,6.445979,0.09504757,-2.4544683,0.0,0.0,-0.2353796,5.231924,0.07440296,0.007216654,0.0031867446,-0.00081951654,-0.00039308443,4.1656196e-05,0.08354784,-0.24916469,0.05174521,0.078147605,0.0007219499,-1.5673989,1.6748626,6.251011e-05,0.23533261,2.471883,2.4772909,-0.2353796,0.1525605,0.16534217,0.11679459,0.056441605,inf,inf,inf,inf,inf,1,1,1,1,4,2,4,1,1,1,1,1,0,2,0,0,5.23245799049813,1
1570808000,1570804000,5764000,47.3979711740181,8.54616359846853,6.4862895,0.096123554,-2.4545856,0.0,0.0,-0.2353796,5.2307973,0.07261992,0.0073250365,0.0031491087,-0.00081951654,-0.00039308443,4.1656196e-05,0.09273621,-0.25498337,0.04823226,0.08145053,0.0007219695,-1.5640353,1.6748626,6.2540945e-05,0.23533261,2.472023,2.4793408,-0.2353796,0.15303572,0.16542466,0.11732001,0.0565,inf,inf,inf,inf,inf,1,1,1,1,4,2,4,1,1,1,1,1,0,2,0,0,5.231306500543418,1
1570816000,1570812000,5764000,47.3979711740181,8.54616359846853,6.526425,0.09713675,-2.4547205,0.0,0.0,-0.2353796,5.229396,0.07081584,0.007369247,0.0030297737,-0.00081951654,-0.00039308443,4.1656196e-05,0.08576456,-0.24984516,0.044315584,0.08467589,0.0007166181,-1.560748,1.6748626,6.180303e-05,0.23533261,2.472747,2.481132,-0.2353796,0.15158531,0.16472289,0.115132265,0.056182962,inf,inf,inf,inf,inf,1,1,1,1,4,2,4,1,1,1,1,1,0,2,0,0,5.229880659614735,1
1570824000,1570820000,5764000,47.3979711740181,8.54616359846853,6.5665627,0.098127455,-2.454854,0.0,0.0,-0.2353796,5.228009,0.06896466,0.00743476,0.0029376857,-0.00081951654,-0.00039308443,4.1656196e-05,0.08174168,-0.2550227,0.04592817,0.08781318,0.0007166378,-1.5575461,1.6748626,6.183406e-05,0.23533261,2.4728804,2.4832406,-0.2353796,0.15204939,0.16498709,0.1156548,0.05626309,inf,inf,inf,inf,inf,1,1,1,1,4,2,4,1,1,1,1,1,0,2,0,0,5.228469135805066,1
1570832000,1570828000,5764000,47.3979711740181,8.54616359846853,6.6067023,0.0990958,-2.454986,0.0,0.0,-0.2353796,5.226645,0.06714599,0.007480267,0.0028313869,-0.00081951654,-0.00039308443,4.1656196e-05,0.078728154,-0.2502735,0.042404976,0.09088103,0.00071665755,-1.5544131,1.6748626,6.1865176e-05,0.23533261,2.473006,2.48535,-0.2353796,0.15251829,0.16525209,0.116179205,0.056343023,inf,inf,inf,inf,inf,1,1,1,1,4,2,4,1,1,1,1,1,0,2,0,0,5.227081642216092,1
1570840000,1570836000,5764000,47.3979711740181,8.54616359846853,6.646845,0.10004168,-2.4551167,0.0,0.0,-0.2353796,5.2253857,0.065295,0.007545734,0.002750697,-0.00081951654,-0.00039308443,4.1656196e-05,0.08618794,-0.25372288,0.043903474,0.09386583,0.00071667746,-1.5513625,1.6748626,6.18964e-05,0.23533261,2.4731245,2.4874597,-0.2353796,0.15299204,0.16551793,0.11670619,0.056422874,inf,inf,inf,inf,inf,1,1,1,1,4,2,4,1,1,1,1,1,0,2,0,0,5.2257990861581245,1
1570848000,1570844000,5764000,47.3979711740181,8.54616359846853,6.686825,0.1009262,-2.4552612,0.0,0.0,-0.2353796,5.2238674,0.06348783,0.00754031,0.0025858763,-0.00081951654,-0.00039308443,4.1656196e-05,0.079532675,-0.24120688,0.038408205,0.09676463,0.00071217754,-1.5483977,1.6748626,6.115547e-05,0.23533261,2.4737175,2.489249,-0.2353796,0.15154666,0.16481458,0.1145626,0.056107923,inf,inf,inf,inf,inf,1,1,1,1,4,2,4,1,1,1,1,1,0,2,0,0,5.224258624304099,1
1570856000,1570852000,5764000,47.3979711740181,8.54616359846853,6.726808,0.10178905,-2.4554048,0.0,0.0,-0.2353796,5.2223353,0.061578404,0.0075632255,0.0024553747,-0.00081951654,-0.00039308443,4.1656196e-05,0.07165555,-0.25358957,0.040887386,0.09958126,0.0007121977,-1.5455137,1.6748626,6.118673e-05,0.23533261,2.473831,2.4912968,-0.2353796,0.15200943,0.16489705,0.11508632,0.05616632,inf,inf,inf,inf,inf,1,1,1,1,4,2,4,1,1,1,1,1,0,2,0,0,5.222703810082019,1
1570864000,1570860000,5764000,47.3979711740181,8.54616359846853,6.766795,0.102629736,-2.4555464,0.0,0.0,-0.2353796,5.2209253,0.0596917,0.007611299,0.0023558557,-0.00081951654,-0.00039308443,4.1656196e-05,0.08087328,-0.25036278,0.042997763,0.102314636,0.00071221753,-1.5427133,1.6748626,6.121814e-05,0.23533261,2.473938,2.493405,-0.2353796,0.15247698,0.16516185,0.11561242,0.056246027,inf,inf,inf,inf,inf,1,1,1,1,4,2,4,1,1,1,1,1,0,2,0,0,5.221272069055725,1
1570872000,1570868000,5764000,47.3979711740181,8.54616359846853,6.806787,0.10344887,-2.4556866,0.0,0.0,-0.2353796,5.219552,0.05787554,0.00760795,0.0022105938,-0.00081951654,-0.00039308443,4.1656196e-05,0.07949466,-0.2412451,0.035562083,0.10496381,0.0007122374,-1.5399973,1.6748626,6.124964e-05,0.23533261,2.474039,2.4955137,-0.2353796,0.15294933,0.16542746,0.11614107,0.056325626,inf,inf,inf,inf,inf,1,1,1,1,4,2,4,1,1,1,1,1,0,2,0,0,5.219878402773142,1
1570880000,1570876000,5764000,47.3979711740181,8.54616359846853,6.846652,0.104206756,-2.4558425,0.0,0.0,-0.2353796,5.2179737,0.05594574,0.0075103682,0.0019568542,-0.00081951654,-0.00039308443,4.1656196e-05,0.07514085,-0.2489604,0.026675405,0.10752848,0.00070847967,-1.5373663,1.6748626,6.050645e-05,0.23533261,2.4746592,2.497303,-0.2353796,0.15150869,0.16472547,0.11403806,0.05601359,inf,inf,inf,inf,inf,1,1,1,1,4,2,4,1,1,1,1,1,0,2,0,0,5.218279013750255,1
1570888000,1570884000,5764000,47.3979711740181,8.54616359846853,6.8865223,0.10494323,-2.4559975,0.0,0.0,-0.2353796,5.216452,0.05401805,0.007443844,0.0017402192,-0.00081951654,-0.00039308443,4.1656196e-05,0.07582296,-0.24856265,0.029496847,0.11000844,0.00070849963,-1.5348195,1.6748626,6.053806e-05,0.23533261,2.474757,2.49941,-0.2353796,0.15197022,0.16498953,0.11456375,0.056093268,inf,inf,inf,inf,inf,1,1,1,1,4,2,4,1,1,1,1,1,0,2,0,0,5.216736990575939,1
1570896000,1570892000,5764000,47.3979711740181,8.54616359846853,6.9263983,0.10565866,-2.4561515,0.0,0.0,-0.2353796,5.215014,0.05213234,0.007339393,0.0014915508,-0.00081951654,-0.00039308443,4.1656196e-05,0.0801027,-0.2431844,0.02372451,0.11239639,0.0007085196,-1.5323656,1.6748626,6.0569742e-05,0.23533261,2.4748497,2.5015175,-0.2353796,0.15243648,0.16525441,0.11509172,0.056172818,inf,inf,inf,inf,inf,1,1,1,1,4,2,4,1,1,1,1,1,0,2,0,0,5.215279730537901,1
1570904000,1570900000,5764000,47.3979711740181,8.54616359846853,6.96628,0.10635298,-2.4563165,0.0,0.0,-0.2353796,5.2136116,0.05023646,0.0072972076,0.0012985315,-0.00081951654,-0.00039308443,4.1656196e-05,0.07852612,-0.24433051,0.030810477,0.11471177,0.0007085399,-1.529985,1.6748626,6.0601444e-05,0.23533261,2.4753165,2.503565,-0.2353796,0.1529075,0.16533685,0.11562173,0.056230497,inf,inf,inf,inf,inf,1,1,1,1,4,2,4,1,1,1,1,1,0,2,0,0,5.213858730998247,1
1570912000,1570908000,5764000,47.3979711740181,8.54616359846853,7.0060477,0.10699315,-2.4564996,0.0,0.0,-0.2353796,5.2120543,0.048386298,0.007251912,0.0010856712,-0.00081951654,-0.00039308443,4.1656196e-05,0.07845874,-0.23362036,0.0333935,0.11693305,0.0007054271,-1.5276995,1.6748626,5.985668e-05,0.23533261,2.4760163,2.505354,-0.2353796,0.15147138,0.16463622,0.11355445,0.05592144,inf,inf,inf,inf,inf,1,1,1,1,4,2,4,1,1,1,1,1,0,2,0,0,5.212283937988249,1
1570920000,1570916000,5764000,47.3979711740181,8.54616359846853,7.0458217,0.10761353,-2.4566803,0.0,0.0,-0.2353796,5.210528,0.046541434,0.007207859,0.0008806783,-0.00081951654,-0.00039308443,4.1656196e-05,0.07587464,-0.23303081,0.03247987,0.11907486,0.00070544716,-1.5254942,1.6748626,5.9888545e-05,0.23533261,2.476104,2.50746,-0.2353796,0.15193172,0.16490006,0.114081554,0.056001004,inf,inf,inf,inf,inf,1,1,1,1,4,2,4,1,1,1,1,1,0,2,0,0,5.2107408395634245,1
1570928000,1570924000,5764000,47.3979711740181,8.54616359846853,7.0856028,0.10821401,-2.4568596,0.0,0.0,-0.2353796,5.209116,0.04468304,0.007145117,0.0006634493,-0.00081951654,-0.00039308443,4.1656196e-05,0.08385125,-0.23478907,0.029103829,0.12113184,0.00070546725,-1.523375,1.6748626,5.992049e-05,0.23533261,2.4761877,2.5095668,-0.2353796,0.15239677,0.16516471,0.11461081,0.056080382,inf,inf,inf,inf,inf,1,1,1,1,4,2,4,1,1,1,1,1,0,2,0,0,5.209312538926474,1
1570936000,1570932000,5764000,47.3979711740181,8.54616359846853,7.125392,0.10879475,-2.4570365,0.0,0.0,-0.2353796,5.20773,0.04281873,0.007107287,0.00047741903,-0.00081951654,-0.00039308443,4.1656196e-05,0.080997206,-0.23559096,0.03120722,0.12309307,0.0007054875,-1.5213529,1.6748626,5.9952537e-05,0.23533261,2.4762676,2.511674,-0.2353796,0.15286653,0.16543019,0.11514243,0.056159686,inf,inf,inf,inf,inf,1,1,1,1,4,2,4,1,1,1,1,1,0,2,0,0,5.207910877700127,1
1570944000,1570940000,5764000,47.3979711740181,8.54616359846853,7.165084,0.10932494,-2.4572263,0.0,0.0,-0.2353796,5.2062263,0.040970985,0.007094798,0.00030526414,-0.00081951654,-0.00039308443,4.1656196e-05,0.082537964,-0.2294112,0.03674952,0.12497289,0.00070293254,-1.5194136,1.6748626,5.9206825e-05,0.23533261,2.4768124,2.5134616,-0.2353796,0.15143467,0.16472805,0.11310752,0.055852972,inf,inf,inf,inf,inf,1,1,1,1,4,2,4,1,1,1,1,1,0,2,0,0,5.206392344472535,1
1570952000,1570948000,5764000,47.3979711740181,8.54616359846853,7.2047844,0.10983648,-2.4574137,0.0,0.0,-0.2353796,5.20473,0.039211392,0.007074277,0.00013162068,-0.00081951654,-0.00039308443,4.1656196e-05,0.07702774,-0.21862334,0.034693625,0.12676999,0.0007029528,-1.5175583,1.6748626,5.923884e-05,0.23533261,2.4768918,2.5155075,-0.2353796,0.15189388,0.16481043,0.11363547,0.055910822,inf,inf,inf,inf,inf,1,1,1,1,4,2,4,1,1,1,1,1,0,2,0,0,5.20488251083131,1
1570960000,1570956000,5764000,47.3979711740181,8.54616359846853,7.2444935,0.11032998,-2.4575982,0.0,0.0,-0.2353796,5.2033324,0.037468866,0.0070675393,-2.1871441e-05,-0.00081951654,-0.00039308443,4.1656196e-05,0.08301271,-0.21670848,0.035395376,0.12848699,0.00070297293,-1.515785,1.6748626,5.9271013e-05,0.23533261,2.476968,2.5176134,-0.2353796,0.15235776,0.16507486,0.11416615,0.055990174,inf,inf,inf,inf,inf,1,1,1,1,4,2,4,1,1,1,1,1,0,2,0,0,5.203472103405653,1
1570968000,1570964000,5764000,47.3979711740181,8.54616359846853,7.284211,0.11080542,-2.4577808,0.0,0.0,-0.2353796,5.201991,0.035719488,0.0070572593,-0.00017270754,-0.00081951654,-0.00039308443,4.1656196e-05,0.08402881,-0.21777257,0.033959277,0.13011488,0.0007029936,-1.5141022,1.6748626,5.93033e-05,0.23533261,2.4770415,2.5197196,-0.2353796,0.15282632,0.1653401,0.114698865,0.05606936,inf,inf,inf,inf,inf,1,1,1,1,4,2,4,1,1,1,1,1,0,2,0,0,5.202118419529952,1
1570976000,1570972000,5764000,47.3979711740181,8.54616359846853,7.3238344,0.11124626,-2.4579673,0.0,0.0,-0.2353796,5.2005396,0.033973426,0.007036537,-0.00033727032,-0.00081951654,-0.00039308443,4.1656196e-05,0.08579483,-0.21523467,0.0345977,0.13165967,0.00070091884,-1.5125043,1.6748626,5.8557223e-05,0.23533261,2.477333,2.521507,-0.2353796,0.15139854,0.16463934,0.11269335,0.055765636,inf,inf,inf,inf,inf,1,1,1,1,4,2,4,1,1,1,1,1,0,2,0,0,5.200655327715469,1
1570984000,1570980000,5764000,47.3979711740181,8.54616359846853,7.3634677,0.11166962,-2.4581518,0.0,0.0,-0.2353796,5.199127,0.03226471,0.0070397644,-0.000471716,-0.00081951654,-0.00039308443,4.1656196e-05,0.08425052,-0.21088263,0.03656931,0.13311079,0.00070093933,-1.5110027,1.6748626,5.8589572e-05,0.23533261,2.4774067,2.523612,-0.2353796,0.15185668,0.16490303,0.11322245,0.055844918,inf,inf,inf,inf,inf,1,1,1,1,4,2,4,1,1,1,1,1,0,2,0,0,5.1992318790301315,1
1570992000,1570988000,5764000,47.3979711740181,8.54616359846853,7.403111,0.112076074,-2.4583335,0.0,0.0,-0.2353796,5.197773,0.030616349,0.0070017213,-0.000641425,-0.00081951654,-0.00039308443,4.1656196e-05,0.08522329,-0.2036377,0.030417925,0.13448077,0.0007009598,-1.5095837,1.6748626,5.8621998e-05,0.23533261,2.4774776,2.5257173,-0.2353796,0.15231946,0.16516751,0.11375389,0.055924192,inf,inf,inf,inf,inf,1,1,1,1,4,2,4,1,1,1,1,1,0,2,0,0,5.197867884474965,1
1571000000,1570996000,5764000,47.3979711740181,8.54616359846853,7.4427648,0.11246585,-2.4585128,0.0,0.0,-0.2353796,5.196456,0.02893065,0.006948893,-0.00082007085,-0.00081951654,-0.00039308443,4.1656196e-05,0.083798856,-0.20858975,0.027603934,0.13577168,0.00070098013,-1.5082456,1.6748626,5.8654474e-05,0.23533261,2.4775457,2.527823,-0.2353796,0.15278688,0.16543281,0.11428745,0.05600326,inf,inf,inf,inf,inf,1,1,1,1,4,2,4,1,1,1,1,1,0,2,0,0,5.196541179434582,1
1571008000,1571004000,5764000,47.3979711740181,8.54616359846853,7.482429,0.1128389,-2.4586897,0.0,0.0,-0.2353796,5.195221,0.02730913,0.006998098,-0.00089099386,-0.00081951654,-0.00039308443,4.1656196e-05,0.08802753,-0.20091575,0.03941776,0.13697886,0.00070100056,-1.5069929,1.6748626,5.868695e-05,0.23533261,2.4776115,2.5298684,-0.2353796,0.15325898,0.16551508,0.114822626,0.056060337,inf,inf,inf,inf,inf,1,1,1,1,4,2,4,1,1,1,1,1,0,2,0,0,5.195297489152857,1
1571016000,1571012000,5764000,47.3979711740181,8.54616359846853,7.5219855,0.11317486,-2.4588685,0.0,0.0,-0.2353796,5.1938424,0.025695978,0.006983514,-0.0010273529,-0.00081951654,-0.00039308443,4.1656196e-05,0.08621017,-0.19715819,0.0332226,0.13810837,0.00069939013,-1.5058198,1.6748626,5.7925034e-05,0.23533261,2.4778342,2.531654,-0.2353796,0.1518114,0.16481099,0.11280978,0.055757064,inf,inf,inf,inf,inf,1,1,1,1,4,2,4,1,1,1,1,1,0,2,0,0,5.1939106585299415,1
1571024000,1571020000,5764000,47.3979711740181,8.54616359846853,7.561554,0.11349519,-2.4590454,0.0,0.0,-0.2353796,5.192564,0.024093721,0.006966025,-0.001161008,-0.00081951654,-0.00039308443,4.1656196e-05,0.09244174,-0.19617777,0.03189593,0.1391573,0.00069941056,-1.5047296,1.6748626,5.7957655e-05,0.23533261,2.4779003,2.5337584,-0.2353796,0.15227292,0.16507523,0.1133418,0.05583624,inf,inf,inf,inf,inf,1,1,1,1,4,2,4,1,1,1,1,1,0,2,0,0,5.192624570194915,1
1571032000,1571028000,5764000,47.3979711740181,8.54616359846853,7.601135,0.11380019,-2.4592195,0.0,0.0,-0.2353796,5.1913233,0.022556402,0.0069719534,-0.001265789,-0.00081951654,-0.00039308443,4.1656196e-05,0.09111166,-0.18842353,0.033886634,0.1401203,0.0006994311,-1.5037271,1.6748626,5.799035e-05,0.23533261,2.4779644,2.5358634,-0.2353796,0.15273908,0.16534027,0.11387595,0.05591538,inf,inf,inf,inf,inf,1,1,1,1,4,2,4,1,1,1,1,1,0,2,0,0,5.191376985398795,1
1571040000,1571036000,5764000,47.3979711740181,8.54616359846853,7.640728,0.1140904,-2.4593906,0.0,0.0,-0.2353796,5.1901097,0.02104093,0.006947101,-0.0013960435,-0.00081951654,-0.00039308443,4.1656196e-05,0.088445485,-0.18610522,0.029127577,0.14099643,0.00069945166,-1.5028131,1.6748626,5.8023114e-05,0.23533261,2.4780269,2.5379689,-0.2353796,0.15320988,0.16560613,0.11441213,0.055994444,inf,inf,inf,inf,inf,1,1,1,1,4,2,4,1,1,1,1,1,0,2,0,0,5.190156999646702,1
1571048000,1571044000,5764000,47.3979711740181,8.54616359846853,7.6802297,0.1143539,-2.4595575,0.0,0.0,-0.2353796,5.1888046,0.019469576,0.0068844943,-0.0015580299,-0.00081951654,-0.00039308443,4.1656196e-05,0.09035028,-0.19065703,0.025226267,0.1417998,0.0006867538,-1.5019737,1.6748626,5.6925754e-05,0.23533261,2.4780197,2.5397532,-0.2353796,0.15176022,0.16490038,0.11242086,0.055691686,inf,inf,inf,inf,inf,1,1,1,1,4,2,4,1,1,1,1,1,0,2,0,0,5.188845694143597,1
1571056000,1571052000,5764000,47.3979711740181,8.54616359846853,7.7197447,0.11460245,-2.4597402,0.0,0.0,-0.2353796,5.187601,0.017879348,0.0067839087,-0.0017703875,-0.00081951654,-0.00039308443,4.1656196e-05,0.09686188,-0.19340448,0.01999596,0.14254546,0.00068677496,-1.5012143,1.6748626,5.6958444e-05,0.23533261,2.4786146,2.5417972,-0.2353796,0.1522205,0.16498257,0.11295324,0.055749264,inf,inf,inf,inf,inf,1,1,1,1,4,2,4,1,1,1,1,1,0,2,0,0,5.187636246664097,1
1571064000,1571060000,5764000,47.3979711740181,8.54616359846853,7.759274,0.114836216,-2.45992,0.0,0.0,-0.2353796,5.1864643,0.016362594,0.006757184,-0.0019034335,-0.00081951654,-0.00039308443,4.1656196e-05,0.09918588,-0.18458045,0.028330365,0.14321466,0.00068679615,-1.5005331,1.6748626,5.6991288e-05,0.23533261,2.4786758,2.5439014,-0.2353796,0.15268542,0.16524735,0.11348766,0.055828363,inf,inf,inf,inf,inf,1,1,1,1,4,2,4,1,1,1,1,1,0,2,0,0,5.186494512596394,1
1571072000,1571068000,5764000,47.3979711740181,8.54616359846853,7.798818,0.11505611,-2.4600968,0.0,0.0,-0.2353796,5.185376,0.0149508305,0.0067568906,-0.0020047422,-0.00081951654,-0.00039308443,4.1656196e-05,0.09928227,-0.17186111,0.03075972,0.14380556,0.00068681757,-1.4999319,1.6748626,5.7024212e-05,0.23533261,2.478735,2.5460062,-0.2353796,0.15315495,0.16551293,0.11402404,0.055907372,inf,inf,inf,inf,inf,1,1,1,1,4,2,4,1,1,1,1,1,0,2,0,0,5.185401955902668,1
1571080000,1571076000,5764000,47.3979711740181,8.54616359846853,7.838278,0.115237005,-2.4602675,0.0,0.0,-0.2353796,5.1842504,0.013500612,0.006721787,-0.0021334772,-0.00081951654,-0.00039308443,4.1656196e-05,0.1079399,-0.17350128,0.027242115,0.14431863,0.00068583555,-1.4994102,1.6748626,5.6266617e-05,0.23533261,2.478682,2.5477908,-0.2353796,0.15171646,0.16480893,0.11206186,0.05560972,inf,inf,inf,inf,inf,1,1,1,1,4,2,4,1,1,1,1,1,0,2,0,0,5.184272336485131,1
1571088000,1571084000,5764000,47.3979711740181,8.54616359846853,7.8777537,0.11540499,-2.4604354,0.0,0.0,-0.2353796,5.18314,0.012101327,0.006734231,-0.0022097477,-0.00081951654,-0.00039308443,4.1656196e-05,0.10368801,-0.16757834,0.032313164,0.14476646,0.0006858569,-1.4989555,1.6748626,5.629957e-05,0.23533261,2.4787407,2.549894,-0.2353796,0.15217565,0.16507295,0.11259451,0.055688962,inf,inf,inf,inf,inf,1,1,1,1,4,2,4,1,1,1,1,1,0,2,0,0,5.183158501491375,1
1571096000,1571092000,5764000,47.3979711740181,8.54616359846853,7.9172454,0.11556048,-2.4606009,0.0,0.0,-0.2353796,5.182105,0.010746081,0.0068114167,-0.002216494,-0.00081951654,-0.00039308443,4.1656196e-05,0.10721062,-0.16249384,0.039557923,0.14513355,0.00068587845,-1.4985833,1.6748626,5.6332592e-05,0.23533261,2.4787972,2.551998,-0.2353796,0.15263942,0.16533777,0.113129005,0.05576811,inf,inf,inf,inf,inf,1,1,1,1,4,2,4,1,1,1,1,1,0,2,0,0,5.182120618499662,1
1571104000,1571100000,5764000,47.3979711740181,8.54616359846853,7.9567537,0.11570347,-2.4607534,0.0,0.0,-0.2353796,5.1810875,0.009348825,0.006810554,-0.002287097,-0.00081951654,-0.00039308443,4.1656196e-05,0.103417136,-0.16819534,0.028739681,0.1454344,0.0006858998,-1.4982789,1.6748626,5.636557e-05,0.23533261,2.478559,2.5540414,-0.2353796,0.15310779,0.16541986,0.113665335,0.05582515,inf,inf,inf,inf,inf,1,1,1,1,4,2,4,1,1,1,1,1,0,2,0,0,5.181100410803763,1
1571112000,1571108000,5764000,47.3979711740181,8.54616359846853,7.9962,0.11581762,-2.460909,0.0,0.0,-0.2353796,5.1800523,0.008030629,0.0068141646,-0.002355426,-0.00081951654,-0.00039308443,4.1656196e-05,0.11012933,-0.1544819,0.029969027,0.14566018,0.0006760432,-1.498051,1.6748626,5.534353e-05,0.23533261,2.4787748,2.555826,-0.2353796,0.15166843,0.16471718,0.11172205,0.055528864,inf,inf,inf,inf,inf,1,1,1,1,4,2,4,1,1,1,1,1,0,2,0,0,5.180063006815324,1
1571120000,1571116000,5764000,47.3979711740181,8.54616359846853,8.035664,0.11591997,-2.4610615,0.0,0.0,-0.2353796,5.1790295,0.006662492,0.0068710037,-0.0023662508,-0.00081951654,-0.00039308443,4.1656196e-05,0.10561217,-0.16117637,0.03580516,0.14584589,0.0006760655,-1.4978862,1.6748626,5.537663e-05,0.23533261,2.4788272,2.5579288,-0.2353796,0.15212657,0.16498093,0.11225454,0.055608086,inf,inf,inf,inf,inf,1,1,1,1,4,2,4,1,1,1,1,1,0,2,0,0,5.179038343299048,1
1571128000,1571124000,5764000,47.3979711740181,8.54616359846853,8.075144,0.1160106,-2.4612112,0.0,0.0,-0.2353796,5.1780043,0.0053794063,0.0069317985,-0.0023689633,-0.00081951654,-0.00039308443,4.1656196e-05,0.09950104,-0.15097268,0.035505272,0.14595364,0.0006760875,-1.4978008,1.6748626,5.5409764e-05,0.23533261,2.4788775,2.5600321,-0.2353796,0.15258926,0.1652455,0.11278892,0.05568724,inf,inf,inf,inf,inf,1,1,1,1,4,2,4,1,1,1,1,1,0,2,0,0,5.178011734117746,1
1571136000,1571132000,5764000,47.3979711740181,8.54616359846853,8.114642,0.11608986,-2.4613576,0.0,0.0,-0.2353796,5.1770954,0.0040907725,0.007006567,-0.0023536566,-0.00081951654,-0.00039308443,4.1656196e-05,0.10834183,-0.15212326,0.03647804,0.14599547,0.0006761099,-1.4977827,1.6748626,5.544298e-05,0.23533261,2.4789255,2.562136,-0.2353796,0.15305655,0.16551086,0.113325134,0.0557663,inf,inf,inf,inf,inf,1,1,1,1,4,2,4,1,1,1,1,1,0,2,0,0,5.177101757460629,1
1571144000,1571140000,5764000,47.3979711740181,8.54616359846853,8.154079,0.11613908,-2.4615126,0.0,0.0,-0.2353796,5.17613,0.0028366363,0.007042855,-0.0023857784,-0.00081951654,-0.00039308443,4.1656196e-05,0.11117779,-0.14482619,0.032884996,0.14597772,0.0006755432,-1.4978255,1.6748626,5.4692875e-05,0.23533261,2.4793262,2.5639195,-0.2353796,0.15162611,0.16480698,0.111405276,0.055473913,inf,inf,inf,inf,inf,1,1,1,1,4,2,4,1,1,1,1,1,0,2,0,0,5.176135568666266,1
1571152000,1571148000,5764000,47.3979711740181,8.54616359846853,8.193536,0.11617796,-2.4616637,0.0,0.0,-0.2353796,5.175263,0.0016582527,0.007111326,-0.0023807876,-0.00081951654,-0.00039308443,4.1656196e-05,0.11768529,-0.13584599,0.03610458,0.14588544,0.0006755654,-1.4979445,1.6748626,5.4726002e-05,0.23533261,2.4793534,2.565962,-0.2353796,0.15208325,0.16488901,0.11193774,0.05553154,inf,inf,inf,inf,inf,1,1,1,1,4,2,4,1,1,1,1,1,0,2,0,0,5.175268151499833,1
1571160000,1571156000,5764000,47.3979711740181,8.54616359846853,8.233011,0.11620684,-2.461812,0.0,0.0,-0.2353796,5.1743975,0.00047440862,0.007212794,-0.002338691,-0.00081951654,-0.00039308443,4.1656196e-05,0.11223801,-0.13699146,0.039465256,0.14573322,0.00067558757,-1.4981246,1.6748626,5.475927e-05,0.23533261,2.4793992,2.568065,-0.2353796,0.15254493,0.16515331,0.112471916,0.05561072,inf,inf,inf,inf,inf,1,1,1,1,4,2,4,1,1,1,1,1,0,2,0,0,5.174402548842434,1
1571168000,1571164000,5764000,47.3979711740181,8.54616359846853,8.272505,0.11622558,-2.461956,0.0,0.0,-0.2353796,5.1736274,-0.000725387,0.007327547,-0.0022793142,-0.00081951654,-0.00039308443,4.1656196e-05,0.11861169,-0.13942371,0.040383074,0.14552157,0.00067560986,-1.4983653,1.6748626,5.4792596e-05,0.23533261,2.4794426,2.5701685,-0.2353796,0.15301117,0.16541842,0.11300808,0.055689804,inf,inf,inf,inf,inf,1,1,1,1,4,2,4,1,1,1,1,1,0,2,0,0,5.173632639950588,1
1571176000,1571172000,5764000,47.3979711740181,8.54616359846853,8.31193,0.11622421,-2.4621081,0.0,0.0,-0.2353796,5.1727653,-0.0018880159,0.0074244593,-0.002246877,-0.00081951654,-0.00039308443,4.1656196e-05,0.11817162,-0.13371354,0.03952486,0.14524576,0.00067518925,-1.4986713,1.6748626,5.404682e-05,0.23533261,2.479839,2.5719523,-0.2353796,0.1515844,0.16471606,0.11110722,0.055400312,inf,inf,inf,inf,inf,1,1,1,1,4,2,4,1,1,1,1,1,0,2,0,0,5.172770972707377,1
1571184000,1571180000,5764000,47.3979711740181,8.54616359846853,8.351375,0.1162202,-2.4622555,0.0,0.0,-0.2353796,5.1719775,-0.0030183136,0.007549891,-0.002180114,-0.00081951654,-0.00039308443,4.1656196e-05,0.121212356,-0.12985007,0.042015217,0.14490809,0.00066497346,-1.499041,1.6748626,5.3779175e-05,0.23533261,2.47984,2.5740545,-0.2353796,0.15203509,0.16497938,0.11163505,0.05547777,inf,inf,inf,inf,inf,1,1,1,1,4,2,4,1,1,1,1,1,0,2,0,0,5.171983891272028,1
1571192000,1571188000,5764000,47.3979711740181,8.54616359846853,8.39084,0.11620684,-2.4623985,0.0,0.0,-0.2353796,5.171242,-0.0040979185,0.00763669,-0.002147947,-0.00081951654,-0.00039308443,4.1656196e-05,0.1221866,-0.12393373,0.036452893,0.14452523,0.00066499645,-1.4994711,1.6748626,5.381254e-05,0.23533261,2.4798808,2.5761573,-0.2353796,0.15249583,0.16524372,0.112168945,0.055556916,inf,inf,inf,inf,inf,1,1,1,1,4,2,4,1,1,1,1,1,0,2,0,0,5.171249262463974,1
1571200000,1571196000,5764000,47.3979711740181,8.54616359846853,8.430325,0.11618429,-2.4625382,0.0,0.0,-0.2353796,5.170549,-0.005204671,0.007795354,-0.0020399964,-0.00081951654,-0.00039308443,4.1656196e-05,0.122034535,-0.1277248,0.044723503,0.14408219,0.0006650195,-1.4999623,1.6748626,5.3845957e-05,0.23533261,2.47992,2.5782604,-0.2353796,0.15296113,0.16550885,0.112704754,0.055636045,inf,inf,inf,inf,inf,1,1,1,1,4,2,4,1,1,1,1,1,0,2,0,0,5.170557495816598,1
1571208000,1571204000,5764000,47.3979711740181,8.54616359846853,8.469753,0.116133474,-2.4626884,0.0,0.0,-0.2353796,5.1698065,-0.0063223327,0.007918547,-0.0019801052,-0.00081951654,-0.00039308443,4.1656196e-05,0.12567411,-0.12618984,0.041445248,0.1435866,0.0006647094,-1.5005071,1.6748626,5.3105898e-05,0.23533261,2.4804254,2.579984,-0.2353796,0.15153788,0.16462424,0.11082164,0.05532731,inf,inf,inf,inf,inf,1,1,1,1,4,2,4,1,1,1,1,1,0,2,0,0,5.169816430272898,1
1571216000,1571212000,5764000,47.3979711740181,8.54616359846853,8.509204,0.116073936,-2.4628353,0.0,0.0,-0.2353796,5.1691594,-0.007376853,0.008015742,-0.0019419568,-0.00081951654,-0.00039308443,4.1656196e-05,0.13207579,-0.11879068,0.03747176,0.14303532,0.0006647323,-1.5011084,1.6748626,5.3139294e-05,0.23533261,2.4804652,2.5820858,-0.2353796,0.15199324,0.16488753,0.111353576,0.05540665,inf,inf,inf,inf,inf,1,1,1,1,4,2,4,1,1,1,1,1,0,2,0,0,5.169170878650497,1
1571224000,1571220000,5764000,47.3979711740181,8.54616359846853,8.548675,0.11600591,-2.462978,0.0,0.0,-0.2353796,5.168577,-0.008419203,0.008078683,-0.001933935,-0.00081951654,-0.00039308443,4.1656196e-05,0.13478355,-0.117736526,0.03248639,0.14242536,0.0006647557,-1.5017687,1.6748626,5.3172775e-05,0.23533261,2.4805033,2.5841882,-0.2353796,0.1524531,0.16515161,0.11188729,0.05548585,inf,inf,inf,inf,inf,1,1,1,1,4,2,4,1,1,1,1,1,0,2,0,0,5.168590170735843,1
1571232000,1571228000,5764000,47.3979711740181,8.54616359846853,8.588167,0.11592962,-2.4631166,0.0,0.0,-0.2353796,5.167959,-0.009425833,0.008272944,-0.0017905846,-0.00081951654,-0.00039308443,4.1656196e-05,0.12500453,-0.113714874,0.048217826,0.14177322,0.0006647788,-1.5024714,1.6748626,5.3206273e-05,0.23533261,2.4805396,2.586291,-0.2353796,0.15291749,0.16541648,0.11242293,0.055565033,inf,inf,inf,inf,inf,1,1,1,1,4,2,4,1,1,1,1,1,0,2,0,0,5.1679742175838275,1
1571240000,1571236000,5764000,47.3979711740181,8.54616359846853,8.627602,0.115832396,-2.4632516,0.0,0.0,-0.2353796,5.1672826,-0.010423392,0.008438088,-0.0016738153,-0.00081951654,-0.00039308443,4.1656196e-05,0.12794428,-0.11002774,0.04520779,0.14106424,0.0006645507,-1.5032313,1.6748626,5.247155e-05,0.23533261,2.480585,2.5880747,-0.2353796,0.15149753,0.16471429,0.11055619,0.055280354,inf,inf,inf,inf,inf,1,1,1,1,4,2,4,1,1,1,1,1,0,2,0,0,5.167300002582842,1
1571248000,1571244000,5764000,47.3979711740181,8.54616359846853,8.667058,0.11572751,-2.4633818,0.0,0.0,-0.2353796,5.1666865,-0.0114117125,0.008619398,-0.0015370641,-0.00081951654,-0.00039308443,4.1656196e-05,0.13260312,-0.10938347,0.046545636,0.14030273,0.0006645739,-1.5040445,1.6748626,5.2505045e-05,0.23533261,2.4806197,2.5901763,-0.2353796,0.15195206,0.16497763,0.11108762,0.055359658,inf,inf,inf,inf,inf,1,1,1,1,4,2,4,1,1,1,1,1,0,2,0,0,5.1667062922607006,1
1571256000,1571252000,5764000,47.3979711740181,8.54616359846853,8.706535,0.11562039,-2.463498,0.0,0.0,-0.2353796,5.1661177,-0.01236868,0.008797652,-0.001390087,-0.00081951654,-0.00039308443,4.1656196e-05,0.1303463,-0.10543896,0.045041084,0.13948862,0.0006548503,-1.5049105,1.6748626,5.225428e-05,0.23533261,2.4803638,2.5922182,-0.2353796,0.15240611,0.16505918,0.11161406,0.05541546,inf,inf,inf,inf,inf,1,1,1,1,4,2,4,1,1,1,1,1,0,2,0,0,5.166139997442863,1
1571264000,1571260000,5764000,47.3979711740181,8.54616359846853,8.746035,0.11550566,-2.4636111,0.0,0.0,-0.2353796,5.165544,-0.0133134285,0.008983949,-0.0012318097,-0.00081951654,-0.00039308443,4.1656196e-05,0.12452143,-0.10435928,0.045413148,0.1386397,0.00065487425,-1.5058231,1.6748626,5.228784e-05,0.23533261,2.4803936,2.5943208,-0.2353796,0.15286969,0.16532378,0.11214878,0.055494625,inf,inf,inf,inf,inf,1,1,1,1,4,2,4,1,1,1,1,1,0,2,0,0,5.165568969112121,1
1571272000,1571268000,5764000,47.3979711740181,8.54616359846853,8.785555,0.11538352,-2.4637194,0.0,0.0,-0.2353796,5.1650567,-0.014244834,0.009177589,-0.0010630289,-0.00081951654,-0.00039308443,4.1656196e-05,0.13033102,-0.10317276,0.045716293,0.13774945,0.00065489823,-1.5067773,1.6748626,5.232144e-05,0.23533261,2.4804213,2.5964236,-0.2353796,0.1533378,0.16558918,0.11268499,0.05557374,inf,inf,inf,inf,inf,1,1,1,1,4,2,4,1,1,1,1,1,0,2,0,0,5.165084496661253,1
1571280000,1571276000,5764000,47.3979711740181,8.54616359846853,8.824997,0.11524079,-2.4638267,0.0,0.0,-0.2353796,5.164492,-0.015195699,0.009393399,-0.0008736105,-0.00081951654,-0.00039308443,4.1656196e-05,0.13334925,-0.10256292,0.049464867,0.13681328,0.00065473275,-1.5077767,1.6748626,5.1579984e-05,0.23533261,2.4805524,2.5982058,-0.2353796,0.15189789,0.16488385,0.11080023,0.055289328,inf,inf,inf,inf,inf,1,1,1,1,4,2,4,1,1,1,1,1,0,2,0,0,5.164522897933252,1
1571288000,1571284000,5764000,47.3979711740181,8.54616359846853,8.864461,0.11509081,-2.4639301,0.0,0.0,-0.2353796,5.163988,-0.016123299,0.00961159,-0.00067869044,-0.00081951654,-0.00039308443,4.1656196e-05,0.1357145,-0.10017052,0.049138438,0.13584119,0.00065475685,-1.5088125,1.6748626,5.1613573e-05,0.23533261,2.4805787,2.6003075,-0.2353796,0.15235598,0.16514769,0.11133243,0.055368587,inf,inf,inf,inf,inf,1,1,1,1,4,2,4,1,1,1,1,1,0,2,0,0,5.164022115326093,1
1571296000,1571292000,5764000,47.3979711740181,8.54616359846853,8.903949,0.11493375,-2.4640288,0.0,0.0,-0.2353796,5.1635423,-0.017018674,0.009758136,-0.00055239134,-0.00081951654,-0.00039308443,4.1656196e-05,0.13785447,-0.09663485,0.039576083,0.13482352,0.0006547809,-1.5098934,1.6748626,5.1647192e-05,0.23533261,2.4806027,2.6024098,-0.2353796,0.15281858,0.16541232,0.1118665,0.055447754,inf,inf,inf,inf,inf,1,1,1,1,4,2,4,1,1,1,1,1,0,2,0,0,5.163579566577066,1
1571304000,1571300000,5764000,47.3979711740181,8.54616359846853,8.943459,0.11476976,-2.4641385,0.0,0.0,-0.2353796,5.163097,-0.017911308,0.009957433,-0.00038490628,-0.00081951654,-0.00039308443,4.1656196e-05,0.1329737,-0.09680839,0.045937017,0.13376674,0.0006548051,-1.5110126,1.6748626,5.1680785e-05,0.23533261,2.481069,2.604452,-0.2353796,0.15328567,0.16549395,0.11240213,0.055504777,inf,inf,inf,inf,inf,1,1,1,1,4,2,4,1,1,1,1,1,0,2,0,0,5.163137669754238,1
1571312000,1571308000,5764000,47.3979711740181,8.54616359846853,8.982884,0.11458842,-2.46425,0.0,0.0,-0.2353796,5.1626043,-0.018772077,0.010132133,-0.0002464953,-0.00081951654,-0.00039308443,4.1656196e-05,0.14059545,-0.09059887,0.043993346,0.13267002,0.0006546696,-1.512171,1.6748626,5.0946517e-05,0.23533261,2.4812927,2.6062346,-0.2353796,0.15184951,0.16479024,0.11053372,0.055222988,inf,inf,inf,inf,inf,1,1,1,1,4,2,4,1,1,1,1,1,0,2,0,0,5.162648371656984,1
1571320000,1571316000,5764000,47.3979711740181,8.54616359846853,9.022335,0.11440063,-2.4643574,0.0,0.0,-0.2353796,5.1621456,-0.019628352,0.010245619,-0.00016578437,-0.00081951654,-0.00039308443,4.1656196e-05,0.13960251,-0.09056126,0.03572646,0.1315406,0.0006546941,-1.5133625,1.6748626,5.0980187e-05,0.23533261,2.4813137,2.6083357,-0.2353796,0.15230668,0.16505381,0.11106531,0.055302292,inf,inf,inf,inf,inf,1,1,1,1,4,2,4,1,1,1,1,1,0,2,0,0,5.162193084388678,1
1571328000,1571324000,5764000,47.3979711740181,8.54616359846853,9.061809,0.11421071,-2.4644594,0.0,0.0,-0.2353796,5.161748,-0.02047621,0.010429823,-9.938187e-06,-0.00081951654,-0.00039308443,4.1656196e-05,0.14195451,-0.08938941,0.04376331,0.13037373,0.00064538175,-1.5145907,1.6748626,5.0744777e-05,0.23533261,2.4813056,2.6104376,-0.2353796,0.15276389,0.16531795,0.11158852,0.05537987,inf,inf,inf,inf,inf,1,1,1,1,4,2,4,1,1,1,1,1,0,2,0,0,5.1617991506729295,1
1571336000,1571332000,5764000,47.3979711740181,8.54616359846853,9.101305,0.11401446,-2.4645576,0.0,0.0,-0.2353796,5.161363,-0.021271672,0.010601508,0.00013666449,-0.00081951654,-0.00039308443,4.1656196e-05,0.13859944,-0.08334897,0.041620802,0.12918273,0.00064540637,-1.515852,1.6748626,5.0778464e-05,0.23533261,2.481321,2.61254,-0.2353796,0.1532301,0.1655831,0.11212284,0.055458985,inf,inf,inf,inf,inf,1,1,1,1,4,2,4,1,1,1,1,1,0,2,0,0,5.161417721302021,1
1571344000,1571340000,5764000,47.3979711740181,8.54616359846853,9.140707,0.11380558,-2.4646597,0.0,0.0,-0.2353796,5.160881,-0.022041395,0.010754316,0.00025736634,-0.00081951654,-0.00039308443,4.1656196e-05,0.1419943,-0.078999825,0.040748153,0.12795931,0.0006452826,-1.5171449,1.6748626,5.005368e-05,0.23533261,2.4816034,2.614322,-0.2353796,0.15179749,0.1648781,0.1102699,0.0551791,inf,inf,inf,inf,inf,1,1,1,1,4,2,4,1,1,1,1,1,0,2,0,0,5.160939272513015,1
1571352000,1571348000,5764000,47.3979711740181,8.54616359846853,9.180133,0.11359054,-2.464735,0.0,0.0,-0.2353796,5.1604223,-0.0228834,0.010867403,0.00036533168,-0.00081951654,-0.00039308443,4.1656196e-05,0.13963997,-0.08853375,0.03460282,0.12669574,0.0006453073,-1.5184779,1.6748626,5.0087263e-05,0.23533261,2.4808953,2.616363,-0.2353796,0.15225384,0.16495968,0.11080005,0.05523667,inf,inf,inf,inf,inf,1,1,1,1,4,2,4,1,1,1,1,1,0,2,0,0,5.160484479657003,1
1571360000,1571356000,5764000,47.3979711740181,8.54616359846853,9.219584,0.11336942,-2.4648066,0.0,0.0,-0.2353796,5.160025,-0.023662247,0.011107949,0.0006032344,-0.00081951654,-0.00039308443,4.1656196e-05,0.14230186,-0.08112734,0.049968246,0.12541158,0.0006453321,-1.5198302,1.6748626,5.012095e-05,0.23533261,2.480906,2.6184647,-0.2353796,0.15271467,0.16522376,0.111332074,0.05531592,inf,inf,inf,inf,inf,1,1,1,1,4,2,4,1,1,1,1,1,0,2,0,0,5.16009120937693,1
1571368000,1571364000,5764000,47.3979711740181,8.54616359846853,9.25906,0.11314239,-2.4648738,0.0,0.0,-0.2353796,5.1597166,-0.024457736,0.011327857,0.0008229064,-0.00081951654,-0.00039308443,4.1656196e-05,0.14839175,-0.08371259,0.046836674,0.12408808,0.0006453573,-1.5212206,1.6748626,5.01547e-05,0.23533261,2.480914,2.6205666,-0.2353796,0.15318,0.16548863,0.11186589,0.055395074,inf,inf,inf,inf,inf,1,1,1,1,4,2,4,1,1,1,1,1,0,2,0,0,5.159787000788891,1
1571376000,1571372000,5764000,47.3979711740181,8.54616359846853,9.298451,0.112905435,-2.4649553,0.0,0.0,-0.2353796,5.1592402,-0.025210347,0.011497751,0.0009749625,-0.00081951654,-0.00039308443,4.1656196e-05,0.14186713,-0.077759646,0.042530704,0.12274819,0.000645229,-1.5226259,1.6748626,4.9437618e-05,0.23533261,2.481483,2.622349,-0.2353796,0.15175077,0.16478525,0.11002765,0.055117633,inf,inf,inf,inf,inf,1,1,1,1,4,2,4,1,1,1,1,1,0,2,0,0,5.159314605756268,1
1571384000,1571380000,5764000,47.3979711740181,8.54616359846853,9.337868,0.112662904,-2.4650326,0.0,0.0,-0.2353796,5.1587524,-0.025966514,0.011659112,0.0011214173,-0.00081951654,-0.00039308443,4.1656196e-05,0.13521446,-0.078688,0.040873416,0.12137944,0.0006452541,-1.5240598,1.6748626,4.947133e-05,0.23533261,2.4814913,2.6244497,-0.2353796,0.15220632,0.16504858,0.110557236,0.05519691,inf,inf,inf,inf,inf,1,1,1,1,4,2,4,1,1,1,1,1,0,2,0,0,5.158830925631087,1
1571392000,1571388000,5764000,47.3979711740181,8.54616359846853,9.377307,0.112418465,-2.4651055,0.0,0.0,-0.2353796,5.1583276,-0.026663942,0.011825978,0.0012769984,-0.00081951654,-0.00039308443,4.1656196e-05,0.13784121,-0.0711567,0.040824056,0.11998973,0.0006363002,-1.5255134,1.6748626,4.925006e-05,0.23533261,2.4814763,2.6265512,-0.2353796,0.1526623,0.16531248,0.11107533,0.055274565,inf,inf,inf,inf,inf,1,1,1,1,4,2,4,1,1,1,1,1,0,2,0,0,5.158410069825817,1
1571400000,1571396000,5764000,47.3979711740181,8.54616359846853,9.416771,0.112168886,-2.4651747,0.0,0.0,-0.2353796,5.158006,-0.027328925,0.011988081,0.0014305479,-0.00081951654,-0.00039308443,4.1656196e-05,0.1458899,-0.06758242,0.039673872,0.11858958,0.00063632574,-1.5269842,1.6748626,4.92838e-05,0.23533261,2.4814785,2.6286528,-0.2353796,0.15312688,0.16557738,0.11160754,0.05535369,inf,inf,inf,inf,inf,1,1,1,1,4,2,4,1,1,1,1,1,0,2,0,0,5.158092329559807,1
1571408000,1571404000,5764000,47.3979711740181,8.54616359846853,9.456168,0.111915804,-2.465252,0.0,0.0,-0.2353796,5.1575713,-0.027983248,0.012181916,0.0016041779,-0.00081951654,-0.00039308443,4.1656196e-05,0.1447841,-0.06645709,0.04536239,0.11715735,0.00063618325,-1.5284858,1.6748626,4.8576912e-05,0.23533261,2.48187,2.6303747,-0.2353796,0.1517008,0.1646916,0.10978271,0.055056382,inf,inf,inf,inf,inf,1,1,1,1,4,2,4,1,1,1,1,1,0,2,0,0,5.157661599584617,1
1571416000,1571412000,5764000,47.3979711740181,8.54616359846853,9.495591,0.111657836,-2.4653254,0.0,0.0,-0.2353796,5.157173,-0.028624449,0.012434824,0.0018399273,-0.00081951654,-0.00039308443,4.1656196e-05,0.14423424,-0.06526768,0.05216058,0.115714625,0.00063620874,-1.5299975,1.6748626,4.861061e-05,0.23533261,2.4818707,2.6324754,-0.2353796,0.15215565,0.16495466,0.110311076,0.055135652,inf,inf,inf,inf,inf,1,1,1,1,4,2,4,1,1,1,1,1,0,2,0,0,5.157267429158339,1
1571424000,1571420000,5764000,47.3979711740181,8.54616359846853,9.535039,0.11139505,-2.4653935,0.0,0.0,-0.2353796,5.156866,-0.029290466,0.012604483,0.0019953805,-0.00081951654,-0.00039308443,4.1656196e-05,0.15063411,-0.06880212,0.04118541,0.11425763,0.00063623436,-1.5315218,1.6748626,4.8644342e-05,0.23533261,2.4818685,2.6345766,-0.2353796,0.15261495,0.1652185,0.11084104,0.055214856,inf,inf,inf,inf,inf,1,1,1,1,4,2,4,1,1,1,1,1,0,2,0,0,5.156964586493317,1
1571432000,1571428000,5764000,47.3979711740181,8.54616359846853,9.574512,0.111127384,-2.4654589,0.0,0.0,-0.2353796,5.1565313,-0.029943144,0.012689445,0.002068993,-0.00081951654,-0.00039308443,4.1656196e-05,0.14237148,-0.06755019,0.030045396,0.112778604,0.0006362601,-1.5330664,1.6748626,4.8678114e-05,0.23533261,2.4818635,2.6366782,-0.2353796,0.15307872,0.16548313,0.111372516,0.055294,inf,inf,inf,inf,inf,1,1,1,1,4,2,4,1,1,1,1,1,0,2,0,0,5.156633849883731,1
1571440000,1571436000,5764000,47.3979711740181,8.54616359846853,9.613929,0.11084777,-2.4655285,0.0,0.0,-0.2353796,5.156132,-0.030542517,0.012779168,0.0021405187,-0.00081951654,-0.00039308443,4.1656196e-05,0.14517266,-0.059784167,0.03181677,0.11127515,0.00063608773,-1.5346339,1.6748626,4.7979287e-05,0.23533261,2.4821146,2.6384604,-0.2353796,0.15165573,0.1647801,0.10956081,0.05502048,inf,inf,inf,inf,inf,1,1,1,1,4,2,4,1,1,1,1,1,0,2,0,0,5.156238294910687,1
1571448000,1571444000,5764000,47.3979711740181,8.54616359846853,9.65337,0.11056405,-2.4655948,0.0,0.0,-0.2353796,5.155758,-0.03112905,0.012912229,0.002258388,-0.00081951654,-0.00039308443,4.1656196e-05,0.14328136,-0.058634866,0.036663372,0.1097598,0.0006361136,-1.5362126,1.6748626,4.8013022e-05,0.23533261,2.482107,2.640561,-0.2353796,0.15210988,0.16504319,0.110088624,0.055099774,inf,inf,inf,inf,inf,1,1,1,1,4,2,4,1,1,1,1,1,0,2,0,0,5.15586814202765,1
1571456000,1571452000,5764000,47.3979711740181,8.54616359846853,9.692837,0.11027611,-2.4656377,0.0,0.0,-0.2353796,5.1554165,-0.031712968,0.01303613,0.0023900352,-0.00081951654,-0.00039308443,4.1656196e-05,0.14243132,-0.05873561,0.034471504,0.108228736,0.00063613936,-1.5378052,1.6748626,4.8046706e-05,0.23533261,2.4814827,2.6426017,-0.2353796,0.15256843,0.1651245,0.11061781,0.055157144,inf,inf,inf,inf,inf,1,1,1,1,4,2,4,1,1,1,1,1,0,2,0,0,5.155530519888036,1
1571464000,1571460000,5764000,47.3979711740181,8.54616359846853,9.7323265,0.10998689,-2.4656768,0.0,0.0,-0.2353796,5.155111,-0.032297738,0.013143703,0.0025081313,-0.00081951654,-0.00039308443,4.1656196e-05,0.14199476,-0.058541235,0.03176182,0.1066879,0.00062749797,-1.5394061,1.6748626,4.7838344e-05,0.23533261,2.4814515,2.6447034,-0.2353796,0.15302794,0.16538867,0.111131445,0.055234823,inf,inf,inf,inf,inf,1,1,1,1,4,2,4,1,1,1,1,1,0,2,0,0,5.155228930234763,1
1571472000,1571468000,5764000,47.3979711740181,8.54616359846853,9.771773,0.10969189,-2.4657183,0.0,0.0,-0.2353796,5.154769,-0.03284953,0.013272406,0.0026431659,-0.00081951654,-0.00039308443,4.1656196e-05,0.14662506,-0.053999916,0.03526173,0.105144866,0.00062729383,-1.541015,1.6748626,4.715033e-05,0.23533261,2.481596,2.6464858,-0.2353796,0.15160778,0.16468725,0.10933261,0.05496348,inf,inf,inf,inf,inf,1,1,1,1,4,2,4,1,1,1,1,1,0,2,0,0,5.154890754588622,1
1571480000,1571476000,5764000,47.3979711740181,8.54616359846853,9.811245,0.10939283,-2.465756,0.0,0.0,-0.2353796,5.154443,-0.033417568,0.013417739,0.0027969978,-0.00081951654,-0.00039308443,4.1656196e-05,0.14362775,-0.056478504,0.03680959,0.10359212,0.0006273201,-1.5426328,1.6748626,4.7184047e-05,0.23533261,2.4815793,2.6485865,-0.2353796,0.15206133,0.16495007,0.10985881,0.055042777,inf,inf,inf,inf,inf,1,1,1,1,4,2,4,1,1,1,1,1,0,2,0,0,5.154568789900849,1
1571488000,1571484000,5764000,47.3979711740181,8.54616359846853,9.850741,0.10908982,-2.4657912,0.0,0.0,-0.2353796,5.1541524,-0.033961605,0.013503023,0.0028928728,-0.00081951654,-0.00039308443,4.1656196e-05,0.14332542,-0.053916033,0.02878811,0.102027364,0.00062734645,-1.5442611,1.6748626,4.72178e-05,0.23533261,2.48156,2.6506877,-0.2353796,0.15251932,0.16521369,0.11038672,0.05512195,inf,inf,inf,inf,inf,1,1,1,1,4,2,4,1,1,1,1,1,0,2,0,0,5.154281975665483,1
1571496000,1571492000,5764000,47.3979711740181,8.54616359846853,9.890263,0.10878304,-2.4658232,0.0,0.0,-0.2353796,5.1538835,-0.03446319,0.013628485,0.0030309511,-0.00081951654,-0.00039308443,4.1656196e-05,0.1414276,-0.04902988,0.03330968,0.10045799,0.0006273728,-1.5458921,1.6748626,4.7251568e-05,0.23533261,2.481538,2.6527894,-0.2353796,0.15298171,0.16547807,0.11091621,0.05520104,inf,inf,inf,inf,inf,1,1,1,1,4,2,4,1,1,1,1,1,0,2,0,0,5.154016742176981,1
1571504000,1571500000,5764000,47.3979711740181,8.54616359846853,9.929752,0.10848583,-2.4658532,0.0,0.0,-0.2353796,5.1535997,-0.035004348,0.013779978,0.0031948101,-0.00081951654,-0.00039308443,4.1656196e-05,0.14617479,-0.055989146,0.03717234,0.09887337,0.0006271209,-1.5475366,1.6748626,4.657174e-05,0.23533261,2.4815564,2.654512,-0.2353796,0.15156434,0.16459458,0.10912907,0.054909628,inf,inf,inf,inf,inf,1,1,1,1,4,2,4,1,1,1,1,1,0,2,0,0,5.153736999499749,1
1571512000,1571508000,5764000,47.3979711740181,8.54616359846853,9.969267,0.10818451,-2.4658809,0.0,0.0,-0.2353796,5.1533365,-0.03554199,0.013831297,0.0032604549,-0.00081951654,-0.00039308443,4.1656196e-05,0.1440147,-0.05593665,0.024145933,0.097287804,0.00062714744,-1.5491806,1.6748626,4.660548e-05,0.23533261,2.4815316,2.6566126,-0.2353796,0.15201727,0.16485715,0.10965437,0.05498891,inf,inf,inf,inf,inf,1,1,1,1,4,2,4,1,1,1,1,1,0,2,0,0,5.15347762390234,1
1571520000,1571516000,5764000,47.3979711740181,8.54616359846853,10.008806,0.10787928,-2.4659052,0.0,0.0,-0.2353796,5.153071,-0.036059972,0.0139134545,0.0033588356,-0.00081951654,-0.00039308443,4.1656196e-05,0.13914171,-0.053851593,0.027510801,0.09569831,0.0006271741,-1.5508267,1.6748626,4.663925e-05,0.23533261,2.4815037,2.6587138,-0.2353796,0.1524746,0.1651205,0.11018123,0.055068143,inf,inf,inf,inf,inf,1,1,1,1,4,2,4,1,1,1,1,1,0,2,0,0,5.15321595092208,1
1571528000,1571524000,5764000,47.3979711740181,8.54616359846853,10.048369,0.10757025,-2.4659271,0.0,0.0,-0.2353796,5.1529045,-0.0365576,0.014080129,0.0035435688,-0.00081951654,-0.00039308443,4.1656196e-05,0.14713982,-0.05166387,0.037598886,0.09410176,0.00062720076,-1.552478,1.6748626,4.667305e-05,0.23533261,2.481473,2.6608155,-0.2353796,0.15293637,0.16538464,0.11070987,0.055147253,inf,inf,inf,inf,inf,1,1,1,1,4,2,4,1,1,1,1,1,0,2,0,0,5.153053414653361,1
1571536000,1571532000,5764000,47.3979711740181,8.54616359846853,10.087955,0.10726022,-2.4659452,0.0,0.0,-0.2353796,5.1527524,-0.037020862,0.014182834,0.0036667169,-0.00081951654,-0.00039308443,4.1656196e-05,0.14452621,-0.046939943,0.029001849,0.09251701,0.00061884423,-1.5541159,1.6748626,4.6476856e-05,0.23533261,2.4814239,2.6629176,-0.2353796,0.15339951,0.16564932,0.111218736,0.055224877,inf,inf,inf,inf,inf,1,1,1,1,4,2,4,1,1,1,1,1,0,2,0,0,5.152904908176479,1
1571544000,1571540000,5764000,47.3979711740181,8.54616359846853,10.127504,0.106964216,-2.4659686,0.0,0.0,-0.2353796,5.1525326,-0.037486877,0.014288782,0.0037863299,-0.00081951654,-0.00039308443,4.1656196e-05,0.14287274,-0.049957857,0.029834917,0.09094368,0.0006185326,-1.5557479,1.6748626,4.5796558e-05,0.23533261,2.4816313,2.664699,-0.2353796,0.1519619,0.16494358,0.10941075,0.054954786,inf,inf,inf,inf,inf,1,1,1,1,4,2,4,1,1,1,1,1,0,2,0,0,5.152688776677766,1
1571552000,1571548000,5764000,47.3979711740181,8.54616359846853,10.167078,0.1066647,-2.4659638,0.0,0.0,-0.2353796,5.152358,-0.037893906,0.014408914,0.003947231,-0.00081951654,-0.00039308443,4.1656196e-05,0.14406736,-0.04287429,0.03053108,0.08936053,0.0006185597,-1.5573883,1.6748626,4.5830246e-05,0.23533261,2.4808223,2.6667402,-0.2353796,0.15241851,0.16502473,0.10993601,0.05501214,inf,inf,inf,inf,inf,1,1,1,1,4,2,4,1,1,1,1,1,0,2,0,0,5.152517493912913,1
1571560000,1571556000,5764000,47.3979711740181,8.54616359846853,10.2066765,0.10636186,-2.4659567,0.0,0.0,-0.2353796,5.152175,-0.038304754,0.014557248,0.0041373116,-0.00081951654,-0.00039308443,4.1656196e-05,0.13865675,-0.043640666,0.03362819,0.08777897,0.0006185868,-1.5590253,1.6748626,4.5864006e-05,0.23533261,2.4807813,2.668842,-0.2353796,0.15287958,0.16528858,0.11046275,0.055091217,inf,inf,inf,inf,inf,1,1,1,1,4,2,4,1,1,1,1,1,0,2,0,0,5.152337954586571,1
1571568000,1571564000,5764000,47.3979711740181,8.54616359846853,10.246299,0.10605565,-2.4659467,0.0,0.0,-0.2353796,5.152022,-0.038729455,0.014668393,0.004291146,-0.00081951654,-0.00039308443,4.1656196e-05,0.13822965,-0.04568461,0.028561333,0.08620406,0.00061861385,-1.5606538,1.6748626,4.589779e-05,0.23533261,2.4807372,2.6709445,-0.2353796,0.15334508,0.16555321,0.1109908,0.05517021,inf,inf,inf,inf,inf,1,1,1,1,4,2,4,1,1,1,1,1,0,2,0,0,5.152188449670858,1
1571576000,1571572000,5764000,47.3979711740181,8.54616359846853,10.285895,0.10576571,-2.4659476,0.0,0.0,-0.2353796,5.151863,-0.039092418,0.0147574525,0.0044104643,-0.00081951654,-0.00039308443,4.1656196e-05,0.14286907,-0.040668372,0.026515683,0.08462996,0.0006182398,-1.5622796,1.6748626,4.5226945e-05,0.23533261,2.4810798,2.6727266,-0.2353796,0.15191075,0.16484916,0.10919492,0.05490216,inf,inf,inf,inf,inf,1,1,1,1,4,2,4,1,1,1,1,1,0,2,0,0,5.15203245043336,1
1571584000,1571580000,5764000,47.3979711740181,8.54616359846853,10.325516,0.10547257,-2.4659457,0.0,0.0,-0.2353796,5.151719,-0.039433982,0.014874423,0.0045590247,-0.00081951654,-0.00039308443,4.1656196e-05,0.1405038,-0.038217172,0.029578803,0.083058216,0.0006182671,-1.5639014,1.6748626,4.5260695e-05,0.23533261,2.4810326,2.674828,-0.2353796,0.15236667,0.16511226,0.109719545,0.05498131,inf,inf,inf,inf,inf,1,1,1,1,4,2,4,1,1,1,1,1,0,2,0,0,5.151891394658564,1
1571592000,1571588000,5764000,47.3979711740181,8.54616359846853,10.365161,0.10517669,-2.465941,0.0,0.0,-0.2353796,5.1515956,-0.03970999,0.014993549,0.0047110226,-0.00081951654,-0.00039308443,4.1656196e-05,0.13896878,-0.030236736,0.029434448,0.081492476,0.0006182944,-1.5655155,1.6748626,4.5294473e-05,0.23533261,2.4809835,2.6769302,-0.2353796,0.15282698,0.16537614,0.1102456,0.055060353,inf,inf,inf,inf,inf,1,1,1,1,4,2,4,1,1,1,1,1,0,2,0,0,5.151770464195467,1
1571600000,1571596000,5764000,47.3979711740181,8.54616359846853,10.40483,0.104878224,-2.4659338,0.0,0.0,-0.2353796,5.1515517,-0.04001771,0.015092733,0.004844314,-0.00081951654,-0.00039308443,4.1656196e-05,0.14483957,-0.03443549,0.02653757,0.07992963,0.0006183217,-1.5671251,1.6748626,4.5328256e-05,0.23533261,2.4809322,2.679033,-0.2353796,0.15329172,0.16564079,0.11077303,0.0551393,inf,inf,inf,inf,inf,1,1,1,1,4,2,4,1,1,1,1,1,0,2,0,0,5.151729236428865,1
1571608000,1571604000,5764000,47.3979711740181,8.54616359846853,10.444479,0.10458866,-2.4659448,0.0,0.0,-0.2353796,5.151471,-0.040362287,0.015091521,0.004856771,-0.00081951654,-0.00039308443,4.1656196e-05,0.14484987,-0.039597355,0.014954246,0.0783797,0.0006097855,-1.56872,1.6748626,4.4451852e-05,0.23533261,2.4815218,2.6807554,-0.2353796,0.15185764,0.16475399,0.10896475,0.054849617,inf,inf,inf,inf,inf,1,1,1,1,4,2,4,1,1,1,1,1,0,2,0,0,5.151651223836777,1
1571616000,1571612000,5764000,47.3979711740181,8.54616359846853,10.484153,0.10429591,-2.4659538,0.0,0.0,-0.2353796,5.1514015,-0.040666148,0.0151381595,0.004918976,-0.00081951654,-0.00039308443,4.1656196e-05,0.14214738,-0.034697592,0.020515637,0.07684391,0.0006098134,-1.5703064,1.6748626,4.448558e-05,0.23533261,2.481469,2.682857,-0.2353796,0.15231295,0.16501682,0.109487414,0.05492874,inf,inf,inf,inf,inf,1,1,1,1,4,2,4,1,1,1,1,1,0,2,0,0,5.151584252797236,1
1571624000,1571620000,5764000,47.3979711740181,8.54616359846853,10.52385,0.10400056,-2.4659605,0.0,0.0,-0.2353796,5.1513596,-0.040903583,0.015163436,0.0049616527,-0.00081951654,-0.00039308443,4.1656196e-05,0.14170139,-0.026579512,0.017438082,0.07531606,0.0006098413,-1.5718833,1.6748626,4.4519336e-05,0.23533261,2.4814138,2.6849594,-0.2353796,0.15277264,0.16528043,0.11001138,0.055007763,inf,inf,inf,inf,inf,1,1,1,1,4,2,4,1,1,1,1,1,0,2,0,0,5.151544308399737,1
1571632000,1571628000,5764000,47.3979711740181,8.54616359846853,10.563572,0.1037026,-2.4659643,0.0,0.0,-0.2353796,5.151358,-0.041209724,0.01524392,0.0050613056,-0.00081951654,-0.00039308443,4.1656196e-05,0.14290074,-0.035371415,0.023941508,0.07379745,0.00060986914,-1.5734493,1.6748626,4.4553108e-05,0.23533261,2.4813566,2.6870623,-0.2353796,0.15323678,0.16554481,0.11053677,0.05508671,inf,inf,inf,inf,inf,1,1,1,1,4,2,4,1,1,1,1,1,0,2,0,0,5.151545385863656,1
1571640000,1571636000,5764000,47.3979711740181,8.54616359846853,10.603278,0.10341236,-2.4659834,0.0,0.0,-0.2353796,5.151354,-0.04152168,0.015273579,0.005092808,-0.00081951654,-0.00039308443,4.1656196e-05,0.1469465,-0.037645094,0.018606426,0.07229468,0.00060937647,-1.5749977,1.6748626,4.3904256e-05,0.23533261,2.4818583,2.6888454,-0.2353796,0.15180847,0.16484118,0.10876443,0.05482179,inf,inf,inf,inf,inf,1,1,1,1,4,2,4,1,1,1,1,1,0,2,0,0,5.151543978793299,1
1571648000,1571644000,5764000,47.3979711740181,8.54616359846853,10.643008,0.103119284,-2.466,0.0,0.0,-0.2353796,5.1514244,-0.041791953,0.015279336,0.005102712,-0.00081951654,-0.00039308443,4.1656196e-05,0.15248744,-0.03258385,0.01520384,0.070801966,0.0006094045,-1.5765344,1.6748626,4.393799e-05,0.23533261,2.4817998,2.6909475,-0.2353796,0.15226312,0.16510405,0.10928592,0.05490085,inf,inf,inf,inf,inf,1,1,1,1,4,2,4,1,1,1,1,1,0,2,0,0,5.151616578741037,1
1571656000,1571652000,5764000,47.3979711740181,8.54616359846853,10.682763,0.102823265,-2.4660115,0.0,0.0,-0.2353796,5.1514726,-0.04212783,0.015357244,0.0051893746,-0.00081951654,-0.00039308443,4.1656196e-05,0.1459218,-0.04092298,0.023761762,0.06931898,0.0006094325,-1.5780598,1.6748626,4.3971693e-05,0.23533261,2.4816663,2.6929898,-0.2353796,0.15272215,0.16518493,0.10980851,0.054957986,inf,inf,inf,inf,inf,1,1,1,1,4,2,4,1,1,1,1,1,0,2,0,0,5.1516677442896635,1
1571664000,1571660000,5764000,47.3979711740181,8.54616359846853,10.722541,0.10252434,-2.46602,0.0,0.0,-0.2353796,5.151537,-0.042376038,0.0154453665,0.005288325,-0.00081951654,-0.00039308443,4.1656196e-05,0.1442191,-0.030114902,0.024646984,0.06785624,0.0006094606,-1.5795634,1.6748626,4.400547e-05,0.23533261,2.4816036,2.695093,-0.2353796,0.1531856,0.16544904,0.110332996,0.055036943,inf,inf,inf,inf,inf,1,1,1,1,4,2,4,1,1,1,1,1,0,2,0,0,5.151734440973438,1
1571672000,1571668000,5764000,47.3979711740181,8.54616359846853,10.76231,0.1022547,-2.4660387,0.0,0.0,-0.2353796,5.151633,-0.042547755,0.015448789,0.005290755,-0.00081951654,-0.00039308443,4.1656196e-05,0.1518717,-0.023745436,0.014727934,0.066409215,0.0006010794,-1.5810498,1.6748626,4.3163214e-05,0.23533261,2.481946,2.696877,-0.2353796,0.15175758,0.16474691,0.1085441,0.054772645,inf,inf,inf,inf,inf,1,1,1,1,4,2,4,1,1,1,1,1,0,2,0,0,5.15183186286452,1
1571680000,1571676000,5764000,47.3979711740181,8.54616359846853,10.802102,0.101982564,-2.4660544,0.0,0.0,-0.2353796,5.151676,-0.042740706,0.0154630365,0.005306427,-0.00081951654,-0.00039308443,4.1656196e-05,0.14160822,-0.026444867,0.015682073,0.06497313,0.0006011078,-1.5825299,1.6748626,4.3196917e-05,0.23533261,2.4818816,2.6989794,-0.2353796,0.15221173,0.16500951,0.10906321,0.054851733,inf,inf,inf,inf,inf,1,1,1,1,4,2,4,1,1,1,1,1,0,2,0,0,5.151876501084161,1
1571688000,1571684000,5764000,47.3979711740181,8.54616359846853,10.841918,0.10170786,-2.4660673,0.0,0.0,-0.2353796,5.151737,-0.04291706,0.015564064,0.005411218,-0.00081951654,-0.00039308443,4.1656196e-05,0.14027502,-0.02440961,0.026141757,0.06356215,0.0006011363,-1.5839835,1.6748626,4.3230655e-05,0.23533261,2.481815,2.7010825,-0.2353796,0.15267023,0.16527288,0.109583996,0.054930713,inf,inf,inf,inf,inf,1,1,1,1,4,2,4,1,1,1,1,1,0,2,0,0,5.151939268983694,1
1571696000,1571692000,5764000,47.3979711740181,8.54616359846853,10.881758,0.10143108,-2.4660773,0.0,0.0,-0.2353796,5.151864,-0.043011144,0.015594758,0.0054479376,-0.00081951654,-0.00039308443,4.1656196e-05,0.14498904,-0.014163343,0.016973818,0.062165733,0.00060116494,-1.5854212,1.6748626,4.3264416e-05,0.23533261,2.4817467,2.7031858,-0.2353796,0.15313315,0.16553701,0.11010616,0.05500962,inf,inf,inf,inf,inf,1,1,1,1,4,2,4,1,1,1,1,1,0,2,0,0,5.152067141398806,1
1571704000,1571700000,5764000,47.3979711740181,8.54616359846853,10.921581,0.10116958,-2.4660988,0.0,0.0,-0.2353796,5.151919,-0.043192577,0.015659431,0.0055051157,-0.00081951654,-0.00039308443,4.1656196e-05,0.14101061,-0.027701834,0.021989921,0.06077618,0.00060054846,-1.5868505,1.6748626,4.2637606e-05,0.23533261,2.4821398,2.7049103,-0.2353796,0.1517103,0.16465285,0.10835474,0.054726046,inf,inf,inf,inf,inf,1,1,1,1,4,2,4,1,1,1,1,1,0,2,0,0,5.152123853232582,1
1571712000,1571708000,5764000,47.3979711740181,8.54616359846853,10.961428,0.10090545,-2.4661174,0.0,0.0,-0.2353796,5.1520724,-0.043343894,0.015707182,0.005548031,-0.00081951654,-0.00039308443,4.1656196e-05,0.14978379,-0.023916649,0.019486526,0.059404183,0.00060057716,-1.5882604,1.6748626,4.267133e-05,0.23533261,2.4820697,2.707013,-0.2353796,0.15216388,0.16491519,0.10887281,0.05480509,inf,inf,inf,inf,inf,1,1,1,1,4,2,4,1,1,1,1,1,0,2,0,0,5.15227866322807,1
1571720000,1571716000,5764000,47.3979711740181,8.54616359846853,11.001298,0.10063909,-2.466133,0.0,0.0,-0.2353796,5.1521688,-0.04344407,0.01567854,0.0055171233,-0.00081951654,-0.00039308443,4.1656196e-05,0.13916674,-0.017499784,0.009560025,0.05805364,0.0006006059,-1.5896473,1.6748626,4.270507e-05,0.23533261,2.4819977,2.709116,-0.2353796,0.15262182,0.16517831,0.10939235,0.054884057,inf,inf,inf,inf,inf,1,1,1,1,4,2,4,1,1,1,1,1,0,2,0,0,5.152375815827892,1
1571728000,1571724000,5764000,47.3979711740181,8.54616359846853,11.041191,0.10037054,-2.466146,0.0,0.0,-0.2353796,5.1523385,-0.043627158,0.015689224,0.005528025,-0.00081951654,-0.00039308443,4.1656196e-05,0.14494999,-0.027837472,0.01410907,0.0567271,0.0006006347,-1.5910088,1.6748626,4.2738837e-05,0.23533261,2.481924,2.7112198,-0.2353796,0.15308414,0.1654422,0.10991321,0.054962926,inf,inf,inf,inf,inf,1,1,1,1,4,2,4,1,1,1,1,1,0,2,0,0,5.15254708850362,1
1571736000,1571732000,5764000,47.3979711740181,8.54616359846853,11.081075,0.10012201,-2.466164,0.0,0.0,-0.2353796,5.152447,-0.043758497,0.015726399,0.0055589397,-0.00081951654,-0.00039308443,4.1656196e-05,0.14076294,-0.024733452,0.017840413,0.055409297,0.00059994165,-1.5923603,1.6748626,4.212139e-05,0.23533261,2.4821074,2.7130048,-0.2353796,0.15166394,0.16474067,0.10817151,0.054702554,inf,inf,inf,inf,inf,1,1,1,1,4,2,4,1,1,1,1,1,0,2,0,0,5.1526568111503614,1
1571744000,1571740000,5764000,47.3979711740181,8.54616359846853,11.120979,0.09987307,-2.466179,0.0,0.0,-0.2353796,5.1525445,-0.0438566,0.01579301,0.0056224596,-0.00081951654,-0.00039308443,4.1656196e-05,0.13586697,-0.019473972,0.02102833,0.05411309,0.0005924189,-1.5936881,1.6748626,4.1963725e-05,0.23533261,2.4820178,2.715108,-0.2353796,0.15211476,0.16500288,0.10865759,0.054780416,inf,inf,inf,inf,inf,1,1,1,1,4,2,4,1,1,1,1,1,0,2,0,0,5.152755344959497,1
1571752000,1571748000,5764000,47.3979711740181,8.54616359846853,11.160906,0.09962189,-2.4661975,0.0,0.0,-0.2353796,5.1526694,-0.043941047,0.015852356,0.0056738663,-0.00081951654,-0.00039308443,4.1656196e-05,0.13608854,-0.017677912,0.019945668,0.052840833,0.0005924481,-1.5949978,1.6748626,4.19974e-05,0.23533261,2.482166,2.7171514,-0.2353796,0.15257221,0.16508362,0.109174594,0.05483749,inf,inf,inf,inf,inf,1,1,1,1,4,2,4,1,1,1,1,1,0,2,0,0,5.152881141507008,1
1571760000,1571756000,5764000,47.3979711740181,8.54616359846853,11.200855,0.09936828,-2.4662127,0.0,0.0,-0.2353796,5.152841,-0.044109087,0.015892088,0.0057083676,-0.00081951654,-0.00039308443,4.1656196e-05,0.13866277,-0.028033074,0.017143318,0.051592488,0.0005924773,-1.5962824,1.6748626,4.2031148e-05,0.23533261,2.4820871,2.7192554,-0.2353796,0.15303408,0.16534723,0.10969327,0.054916356,inf,inf,inf,inf,inf,1,1,1,1,4,2,4,1,1,1,1,1,0,2,0,0,5.153054292484989,1
1571768000,1571764000,5764000,47.3979711740181,8.54616359846853,11.2408,0.099130966,-2.46623,0.0,0.0,-0.2353796,5.153011,-0.04422703,0.015880637,0.005689528,-0.00081951654,-0.00039308443,4.1656196e-05,0.14089733,-0.024624972,0.010687391,0.050360154,0.00059173605,-1.5975497,1.6748626,4.1426458e-05,0.23533261,2.4821496,2.7210414,-0.2353796,0.15161623,0.16464737,0.107961595,0.054657627,inf,inf,inf,inf,inf,1,1,1,1,4,2,4,1,1,1,1,1,0,2,0,0,5.153225261031692,1
1571776000,1571772000,5764000,47.3979711740181,8.54616359846853,11.280767,0.09889118,-2.4662437,0.0,0.0,-0.2353796,5.1531825,-0.04430238,0.01583971,0.005643911,-0.00081951654,-0.00039308443,4.1656196e-05,0.13791955,-0.019147618,0.006664078,0.04915349,0.0005917655,-1.5987893,1.6748626,4.146017e-05,0.23533261,2.482069,2.723145,-0.2353796,0.15206887,0.1649095,0.10847617,0.054736577,inf,inf,inf,inf,inf,1,1,1,1,4,2,4,1,1,1,1,1,0,2,0,0,5.1533972751567285,1
1571784000,1571780000,5764000,47.3979711740181,8.54616359846853,11.320757,0.098649085,-2.4662552,0.0,0.0,-0.2353796,5.1533203,-0.044370856,0.0158985,0.005700616,-0.00081951654,-0.00039308443,4.1656196e-05,0.13056655,-0.01813504,0.01879921,0.047963485,0.0005917947,-1.6000111,1.6748626,4.149389e-05,0.23533261,2.4819872,2.725249,-0.2353796,0.15252584,0.1651724,0.10899177,0.05481548,inf,inf,inf,inf,inf,1,1,1,1,4,2,4,1,1,1,1,1,0,2,0,0,5.153535839552929,1
1571792000,1571788000,5764000,47.3979711740181,8.54616359846853,11.360767,0.098404855,-2.4662633,0.0,0.0,-0.2353796,5.153581,-0.04443946,0.015888479,0.0056910343,-0.00081951654,-0.00039308443,4.1656196e-05,0.14286178,-0.01799987,0.009878072,0.04679434,0.00059182406,-1.6012107,1.6748626,4.152765e-05,0.23533261,2.481904,2.7273536,-0.2353796,0.15298717,0.16543606,0.10950865,0.05489431,inf,inf,inf,inf,inf,1,1,1,1,4,2,4,1,1,1,1,1,0,2,0,0,5.15379708883955,1
1571800000,1571796000,5764000,47.3979711740181,8.54616359846853,11.400802,0.09815869,-2.466269,0.0,0.0,-0.2353796,5.1538835,-0.04447585,0.01588038,0.005685818,-0.00081951654,-0.00039308443,4.1656196e-05,0.14507502,-0.013834296,0.009805894,0.045651816,0.0005918534,-1.6023825,1.6748626,4.1561427e-05,0.23533261,2.4818196,2.7294588,-0.2353796,0.1534529,0.1657005,0.11002671,0.054973044,inf,inf,inf,inf,inf,1,1,1,1,4,2,4,1,1,1,1,1,0,2,0,0,5.154099865085505,1
1571808000,1571804000,5764000,47.3979711740181,8.54616359846853,11.440818,0.09793769,-2.4662752,0.0,0.0,-0.2353796,5.15413,-0.044511113,0.015927011,0.0057335305,-0.00081951654,-0.00039308443,4.1656196e-05,0.1415912,-0.017818136,0.016587319,0.04453289,0.0005910047,-1.6035296,1.6748626,4.0956045e-05,0.23533261,2.4818583,2.7311833,-0.2353796,0.15201484,0.16481324,0.10827204,0.05469159,inf,inf,inf,inf,inf,1,1,1,1,4,2,4,1,1,1,1,1,0,2,0,0,5.154346803015868,1
1571816000,1571812000,5764000,47.3979711740181,8.54616359846853,11.480854,0.09771636,-2.4662786,0.0,0.0,-0.2353796,5.154328,-0.044545252,0.01593121,0.005741822,-0.00081951654,-0.00039308443,4.1656196e-05,0.13245048,-0.016303904,0.010853167,0.043428253,0.00058375107,-1.60466,1.6748626,4.0809704e-05,0.23533261,2.4817564,2.7332876,-0.2353796,0.15246928,0.1650757,0.108751856,0.054769445,inf,inf,inf,inf,inf,1,1,1,1,4,2,4,1,1,1,1,1,0,2,0,0,5.154545102578093,1
1571824000,1571820000,5764000,47.3979711740181,8.54616359846853,11.520912,0.09749266,-2.466279,0.0,0.0,-0.2353796,5.154566,-0.044579856,0.015914464,0.005731489,-0.00081951654,-0.00039308443,4.1656196e-05,0.13449991,-0.016137712,0.007946043,0.042361625,0.00058378093,-1.6057588,1.6748626,4.0843453e-05,0.23533261,2.4816685,2.7353926,-0.2353796,0.15293002,0.1653391,0.10926597,0.05484822,inf,inf,inf,inf,inf,1,1,1,1,4,2,4,1,1,1,1,1,0,2,0,0,5.154783339974765,1
1571832000,1571828000,5764000,47.3979711740181,8.54616359846853,11.560991,0.09726673,-2.4662766,0.0,0.0,-0.2353796,5.1547694,-0.04461021,0.015935764,0.0057614436,-0.00081951654,-0.00039308443,4.1656196e-05,0.12733,-0.015395927,0.012419651,0.041329198,0.00058381085,-1.6068224,1.6748626,4.0877232e-05,0.23533261,2.4815795,2.7374978,-0.2353796,0.15339516,0.16560325,0.10978148,0.0549269,inf,inf,inf,inf,inf,1,1,1,1,4,2,4,1,1,1,1,1,0,2,0,0,5.154987059788499,1
1571840000,1571836000,5764000,47.3979711740181,8.54616359846853,11.601063,0.097063676,-2.4662933,0.0,0.0,-0.2353796,5.154952,-0.044609874,0.015965492,0.0057796477,-0.00081951654,-0.00039308443,4.1656196e-05,0.12694255,-0.015050081,0.014218035,0.040309694,0.0005829195,-1.6078719,1.6748626,4.0285602e-05,0.23533261,2.482163,2.7392833,-0.2353796,0.15196,0.16489923,0.108037956,0.05466865,inf,inf,inf,inf,inf,1,1,1,1,4,2,4,1,1,1,1,1,0,2,0,0,5.1551697411527675,1
1571848000,1571844000,5764000,47.3979711740181,8.54616359846853,11.641155,0.096858405,-2.4663067,0.0,0.0,-0.2353796,5.1552124,-0.04459456,0.015982302,0.005787808,-0.00081951654,-0.00039308443,4.1656196e-05,0.13384603,-0.012879579,0.012308824,0.03931082,0.0005829494,-1.6088986,1.6748626,4.031933e-05,0.23533261,2.4820733,2.7413883,-0.2353796,0.15241578,0.1651619,0.10854907,0.054747432,inf,inf,inf,inf,inf,1,1,1,1,4,2,4,1,1,1,1,1,0,2,0,0,5.155430049750707,1
1571856000,1571852000,5764000,47.3979711740181,8.54616359846853,11.68127,0.096650876,-2.4663124,0.0,0.0,-0.2353796,5.1555324,-0.04458218,0.016033877,0.0058376556,-0.00081951654,-0.00039308443,4.1656196e-05,0.13861986,-0.012951234,0.016266478,0.03834138,0.00058297924,-1.6098949,1.6748626,4.0353036e-05,0.23533261,2.4818554,2.7434335,-0.2353796,0.15287589,0.16524237,0.10906117,0.054804247,inf,inf,inf,inf,inf,1,1,1,1,4,2,4,1,1,1,1,1,0,2,0,0,5.155750089311444,1
1571864000,1571860000,5764000,47.3979711740181,8.54616359846853,11.721405,0.09644126,-2.4663148,0.0,0.0,-0.2353796,5.155841,-0.044573803,0.016063143,0.0058677397,-0.00081951654,-0.00039308443,4.1656196e-05,0.13446479,-0.0131729655,0.013201031,0.037395287,0.00058300927,-1.6108668,1.6748626,4.0386833e-05,0.23533261,2.481763,2.7455392,-0.2353796,0.15334038,0.16550627,0.109574325,0.05488292,inf,inf,inf,inf,inf,1,1,1,1,4,2,4,1,1,1,1,1,0,2,0,0,5.156058694948877,1
1571872000,1571868000,5764000,47.3979711740181,8.54616359846853,11.761554,0.09626015,-2.4663396,0.0,0.0,-0.2353796,5.156112,-0.044555284,0.016052017,0.005834284,-0.00081951654,-0.00039308443,4.1656196e-05,0.12873162,-0.016624166,0.009067821,0.036468837,0.00058204355,-1.611818,1.6748626,3.9805327e-05,0.23533261,2.4824412,2.747326,-0.2353796,0.15190816,0.16480395,0.10784087,0.05462617,inf,inf,inf,inf,inf,1,1,1,1,4,2,4,1,1,1,1,1,0,2,0,0,5.1563294888055875,1
1571880000,1571876000,5764000,47.3979711740181,8.54616359846853,11.8017235,0.096076466,-2.4663606,0.0,0.0,-0.2353796,5.156444,-0.04453047,0.016039643,0.0058028507,-0.00081951654,-0.00039308443,4.1656196e-05,0.13372377,-0.015443476,0.008617061,0.035568517,0.00058207364,-1.61274,1.6748626,3.983908e-05,0.23533261,2.4823494,2.7494314,-0.2353796,0.15236336,0.16506636,0.108349934,0.054705,inf,inf,inf,inf,inf,1,1,1,1,4,2,4,1,1,1,1,1,0,2,0,0,5.1566612219576715,1
1571888000,1571884000,5764000,47.3979711740181,8.54616359846853,11.841912,0.0958921,-2.4663777,0.0,0.0,-0.2353796,5.1567903,-0.04451597,0.016028017,0.005775948,-0.00081951654,-0.00039308443,4.1656196e-05,0.13288566,-0.015118804,0.008291564,0.034689497,0.00057509483,-1.61364,1.6748626,3.9703977e-05,0.23533261,2.4822404,2.751537,-0.2353796,0.15282132,0.16532935,0.108823426,0.054782774,inf,inf,inf,inf,inf,1,1,1,1,4,2,4,1,1,1,1,1,0,2,0,0,5.157007346037824,1
1571896000,1571892000,5764000,47.3979711740181,8.54616359846853,11.882122,0.09570527,-2.466392,0.0,0.0,-0.2353796,5.1571307,-0.044495508,0.016066851,0.005802546,-0.00081951654,-0.00039308443,4.1656196e-05,0.12972341,-0.014018972,0.014322343,0.033840824,0.0005751252,-1.6145163,1.6748626,3.973776e-05,0.23533261,2.4821463,2.7536438,-0.2353796,0.15328526,0.16559328,0.1093339,0.054861374,inf,inf,inf,inf,inf,1,1,1,1,4,2,4,1,1,1,1,1,0,2,0,0,5.1573476759683095,1
1571904000,1571900000,5764000,47.3979711740181,8.54616359846853,11.922342,0.095549494,-2.4664316,0.0,0.0,-0.2353796,5.1574826,-0.044421405,0.016037032,0.0057332735,-0.00081951654,-0.00039308443,4.1656196e-05,0.12956643,-0.011891495,0.0067031938,0.033020344,0.00057412154,-1.6153635,1.6748626,3.916966e-05,0.23533261,2.4829636,2.7553709,-0.2353796,0.1518557,0.16470858,0.10761046,0.054583907,inf,inf,inf,inf,inf,1,1,1,1,4,2,4,1,1,1,1,1,0,2,0,0,5.157698829606116,1
1571912000,1571908000,5764000,47.3979711740181,8.54616359846853,11.9625845,0.095391154,-2.466474,0.0,0.0,-0.2353796,5.157958,-0.044350524,0.013050584,0.0027112681,-0.00081951654,-0.00039308443,4.1656196e-05,0.14264485,-0.011836034,-0.36317107,0.03221885,0.0005741519,-1.6161889,1.6748626,3.9203413e-05,0.23533261,2.4828694,2.7574766,-0.2353796,0.15231043,0.16497074,0.10811657,0.05466272,inf,inf,inf,inf,inf,1,1,1,1,4,2,4,1,1,1,1,1,0,2,0,0,5.158165179255683,1
1571920000,1571916000,5764000,47.3979711740181,8.54616359846853,12.002851,0.09523041,-2.4666028,0.0,0.0,-0.2353796,5.1593513,-0.044217706,-0.0068471595,-0.017218256,-0.00081951654,-0.00039308443,4.1656196e-05,0.25509426,-0.0036457856,-2.47737,0.03142527,0.00057418237,-1.6170055,1.6748626,3.9237188e-05,0.23533261,2.4827743,2.7595832,-0.2353796,0.15276946,0.16523364,0.108623855,0.054741427,inf,inf,inf,inf,inf,1,1,1,1,4,2,4,1,1,1,1,1,0,2,0,0,5.159545321627557,1
1571928000,1571924000,5764000,47.3979711740181,8.54616359846853,12.043148,0.0950679,-2.4669237,0.0,0.0,-0.2353796,5.1612387,-0.04407619,-0.03450168,-0.0449009,-0.00081951654,-0.00039308443,4.1656196e-05,0.31460738,-0.0021232988,-3.447247,0.03066572,0.00057421275,-1.6177871,1.6748626,3.9270984e-05,0.23533261,2.4826787,2.7616901,-0.2353796,0.15323283,0.1654973,0.10913241,0.05482002,inf,inf,inf,inf,inf,1,1,1,1,4,2,4,1,1,1,1,1,0,2,0,0,5.161542210892538,1
1571936000,1571932000,5764000,47.3979711740181,8.54616359846853,12.083495,0.094936915,-2.4674997,0.0,0.0,-0.2353796,5.1631894,-0.043940388,-0.06251317,-0.07297195,-0.00081951654,-0.00039308443,4.1656196e-05,0.31838077,-0.0077538346,-3.4905624,0.029908055,0.0005731378,-1.618566,1.6748626,3.8712868e-05,0.23533261,2.4836366,2.7634785,-0.2353796,0.15180601,0.16479546,0.107418165,0.054565564,inf,inf,inf,inf,inf,1,1,1,1,4,2,4,1,1,1,1,1,0,2,0,0,5.163754780621694,1
1571944000,1571940000,5764000,47.3979711740181,8.54616359846853,12.123875,0.094803736,-2.468287,0.0,0.0,-0.2353796,5.164917,-0.04374945,-0.08837246,-0.09888613,-0.00081951654,-0.00039308443,4.1656196e-05,0.28834143,-0.00031333545,-3.221846,0.029156597,0.0005731683,-1.6193354,1.6748626,3.874664e-05,0.23533261,2.4835424,2.7655854,-0.2353796,0.1522602,0.16505764,0.10792211,0.054644305,inf,inf,inf,inf,inf,1,1,1,1,4,2,4,1,1,1,1,1,0,2,0,0,5.165858236822876,1
1571952000,1571948000,5764000,47.3979711740181,8.54616359846853,12.16428,0.094671205,-2.4692974,0.0,0.0,-0.2353796,5.1662917,-0.043308225,-0.11213071,-0.12272472,-0.00081951654,-0.00039308443,4.1656196e-05,0.24226086,0.032786854,-2.958902,0.028417824,0.00056647725,-1.6200914,1.6748626,3.862276e-05,0.23533261,2.484368,2.7676325,-0.2353796,0.15271732,0.16513784,0.10838865,0.05470021,inf,inf,inf,inf,inf,1,1,1,1,4,2,4,1,1,1,1,1,0,2,0,0,5.167689892782524,1
1571960000,1571956000,5764000,47.3979711740181,8.54616359846853,12.20471,0.09454029,-2.4704885,0.0,0.0,-0.2353796,5.1671844,-0.042427003,-0.1348696,-0.14553852,-0.00081951654,-0.00039308443,4.1656196e-05,0.18003218,0.08828989,-2.8317938,0.027717168,0.0005665082,-1.6208162,1.6748626,3.865658e-05,0.23533261,2.4842737,2.76974,-0.2353796,0.15318023,0.16540125,0.10889361,0.05477879,inf,inf,inf,inf,inf,1,1,1,1,4,2,4,1,1,1,1,1,0,2,0,0,5.169118346796781,1
1571968000,1571964000,5764000,47.3979711740181,8.54616359846853,12.245177,0.09444189,-2.471901,0.0,0.0,-0.2353796,5.167422,-0.04091117,-0.1584512,-0.16923378,-0.00081951654,-0.00039308443,4.1656196e-05,0.09412833,0.16387853,-2.9351883,0.027065052,0.0005654019,-1.6214918,1.6748626,3.8111702e-05,0.23533261,2.4854987,2.77153,-0.2353796,0.15175587,0.1647011,0.10718933,0.054525748,inf,inf,inf,inf,inf,1,1,1,1,4,2,4,1,1,1,1,1,0,2,0,0,5.170012633707602,1
1571976000,1571972000,5764000,47.3979711740181,8.54616359846853,12.285657,0.09435496,-2.4735055,0.0,0.0,-0.2353796,5.166668,-0.038565513,-0.18467048,-0.19556007,-0.00081951654,-0.00039308443,4.1656196e-05,-0.031616364,0.268187,-3.265255,0.026508596,0.000565433,-1.6220689,1.6748626,3.8145496e-05,0.23533261,2.485407,2.7736373,-0.2353796,0.15220964,0.16496302,0.10769033,0.05460446,inf,inf,inf,inf,inf,1,1,1,1,4,2,4,1,1,1,1,1,0,2,0,0,5.170111092346119,1
1571984000,1571980000,5764000,47.3979711740181,8.54616359846853,12.326142,0.0942876,-2.4753308,0.0,0.0,-0.2353796,5.164788,-0.03501809,-0.21502693,-0.22601713,-0.00081951654,-0.00039308443,4.1656196e-05,-0.1741645,0.41897446,-3.7827532,0.026088908,0.0005654641,-1.6225084,1.6748626,3.8179325e-05,0.23533261,2.485315,2.7757454,-0.2353796,0.1526677,0.16522571,0.10819242,0.05468306,inf,inf,inf,inf,inf,1,1,1,1,4,2,4,1,1,1,1,1,0,2,0,0,5.169380807427179,1
1571992000,1571988000,5764000,47.3979711740181,8.54616359846853,12.366621,0.09425065,-2.4774113,0.0,0.0,-0.2353796,5.161495,-0.030020015,-0.249884,-0.26096857,-0.00081951654,-0.00039308443,4.1656196e-05,-0.35249108,0.60085946,-4.345669,0.025829026,0.00056549517,-1.6227874,1.6748626,3.821318e-05,0.23533261,2.485222,2.777854,-0.2353796,0.15313007,0.16548918,0.10869546,0.054761566,inf,inf,inf,inf,inf,1,1,1,1,4,2,4,1,1,1,1,1,0,2,0,0,5.167627487520903,1
1572000000,1571996000,5764000,47.3979711740181,8.54616359846853,12.407109,0.09428331,-2.4798546,0.0,0.0,-0.2353796,5.156684,-0.023422139,-0.2876331,-0.2988863,-0.00081951654,-0.00039308443,4.1656196e-05,-0.5478136,0.79685724,-4.702779,0.02574782,0.00056432147,-1.6228869,1.6748626,3.7678063e-05,0.23533261,2.4875224,2.7796438,-0.2353796,0.15170825,0.1647878,0.10699953,0.05450921,inf,inf,inf,inf,inf,1,1,1,1,4,2,4,1,1,1,1,1,0,2,0,0,5.164752779433586,1
1572008000,1572004000,5764000,47.3979711740181,8.54616359846853,12.447565,0.09437062,-2.4825926,0.0,0.0,-0.2353796,5.150086,-0.015317593,-0.32597235,-0.33738208,-0.00081951654,-0.00039308443,4.1656196e-05,-0.77275753,0.9858299,-4.777087,0.025863573,0.0005643527,-1.6227862,1.6748626,3.7711852e-05,0.23533261,2.4873319,2.7816923,-0.2353796,0.15216152,0.16486807,0.10749765,0.05456619,inf,inf,inf,inf,inf,1,1,1,1,4,2,4,1,1,1,1,1,0,2,0,0,5.16041455786411,1
1572016000,1572012000,5764000,47.3979711740181,8.54616359846853,12.487975,0.09452503,-2.4856272,0.0,0.0,-0.2353796,5.1417675,-0.0056716693,-0.36345154,-0.37500954,-0.00081951654,-0.00039308443,4.1656196e-05,-0.98933786,1.1791244,-4.670023,0.026179496,0.000564384,-1.6224844,1.6748626,3.774571e-05,0.23533261,2.4872456,2.783801,-0.2353796,0.1526191,0.16513051,0.10799701,0.05464478,inf,inf,inf,inf,inf,1,1,1,1,4,2,4,1,1,1,1,1,0,2,0,0,5.1546001022210515,1
1572024000,1572020000,5764000,47.3979711740181,8.54616359846853,12.528323,0.09475952,-2.4889479,0.0,0.0,-0.2353796,5.1317067,0.0053591467,-0.39914826,-0.4108458,-0.00081951654,-0.00039308443,4.1656196e-05,-1.208655,1.3542784,-4.447782,0.026716523,0.0005579745,-1.621961,1.6748626,3.76326e-05,0.23533261,2.4871397,2.7859101,-0.2353796,0.15307987,0.16539356,0.1084572,0.05472248,inf,inf,inf,inf,inf,1,1,1,1,4,2,4,1,1,1,1,1,0,2,0,0,5.1472091184193465,1
1572032000,1572028000,5764000,47.3979711740181,8.54616359846853,12.568612,0.09512538,-2.4926777,0.0,0.0,-0.2353796,5.119987,0.0178647,-0.4325408,-0.4445162,-0.00081951654,-0.00039308443,4.1656196e-05,-1.4190603,1.5318077,-4.150952,0.027478281,0.00055677525,-1.6212205,1.6748626,3.7110425e-05,0.23533261,2.491395,2.7877018,-0.2353796,0.15166034,0.16469385,0.106770806,0.054471463,inf,inf,inf,inf,inf,1,1,1,1,4,2,4,1,1,1,1,1,0,2,0,0,5.138256277312346,1
1572040000,1572036000,5764000,47.3979711740181,8.54616359846853,12.608813,0.09559175,-2.4966536,0.0,0.0,-0.2353796,5.106658,0.03167234,-0.46316174,-0.4754024,-0.00081951654,-0.00039308443,4.1656196e-05,-1.6216754,1.6953115,-3.8051655,0.028448312,0.000556807,-1.6202667,1.6748626,3.7144287e-05,0.23533261,2.491325,2.7898107,-0.2353796,0.15211326,0.16495557,0.10726597,0.054550104,inf,inf,inf,inf,inf,1,1,1,1,4,2,4,1,1,1,1,1,0,2,0,0,5.127716632526109,1
1572048000,1572044000,5764000,47.3979711740181,8.54616359846853,12.648915,0.09616854,-2.500853,0.0,0.0,-0.2353796,5.0918336,0.04663668,-0.49082243,-0.5033161,-0.00081951654,-0.00039308443,4.1656196e-05,-1.8098869,1.8406197,-3.4357858,0.02963027,0.00055683847,-1.6191003,1.6748626,3.7178164e-05,0.23533261,2.491254,2.7919204,-0.2353796,0.15257043,0.16521807,0.107762024,0.054628644,inf,inf,inf,inf,inf,1,1,1,1,4,2,4,1,1,1,1,1,0,2,0,0,5.115647666503381,1
1572056000,1572052000,5764000,47.3979711740181,8.54616359846853,12.688906,0.09686485,-2.5052724,0.0,0.0,-0.2353796,5.0756955,0.06269604,-0.51514673,-0.52790266,-0.00081951654,-0.00039308443,4.1656196e-05,-1.9753464,1.9781901,-3.0188577,0.031004,0.0005568701,-1.6177416,1.6748626,3.721204e-05,0.23533261,2.4918275,2.7939699,-0.2353796,0.15303187,0.16529818,0.108259074,0.054685123,inf,inf,inf,inf,inf,1,1,1,1,4,2,4,1,1,1,1,1,0,2,0,0,5.1021555989191105,1
1572064000,1572060000,5764000,47.3979711740181,8.54616359846853,12.728775,0.0976893,-2.5098639,0.0,0.0,-0.2353796,5.0582175,0.07981119,-0.53636944,-0.5493753,-0.00081951654,-0.00039308443,4.1656196e-05,-2.144202,2.110857,-2.6317856,0.032544795,0.0005569018,-1.616215,1.6748626,3.7245994e-05,0.23533261,2.4917684,2.7960804,-0.2353796,0.15349764,0.1655619,0.1087659,0.054763515,inf,inf,inf,inf,inf,1,1,1,1,4,2,4,1,1,1,1,1,0,2,0,0,5.087202205487942,1
1572072000,1572068000,5764000,47.3979711740181,8.54616359846853,12.768485,0.09871616,-2.514803,0.0,0.0,-0.2353796,5.0394807,0.098066136,-0.5548984,-0.56835055,-0.00081951654,-0.00039308443,4.1656196e-05,-2.298974,2.24172,-2.2820973,0.034234457,0.0005555997,-1.6145388,1.6748626,3.6723686e-05,0.23533261,2.4979818,2.7978716,-0.2353796,0.15205748,0.16485927,0.10711225,0.054511916,inf,inf,inf,inf,inf,1,1,1,1,4,2,4,1,1,1,1,1,0,2,0,0,5.070886996081161,1
1572080000,1572076000,5764000,47.3979711740181,8.54616359846853,12.808054,0.09988708,-2.519865,0.0,0.0,-0.2353796,5.0196295,0.117197834,-0.57057524,-0.5844549,-0.00081951654,-0.00039308443,4.1656196e-05,-2.4396856,2.3523054,-1.9265757,0.03604362,0.00055563136,-1.6127355,1.6748626,3.6757607e-05,0.23533261,2.4982302,2.7999816,-0.2353796,0.1525142,0.1651215,0.10768484,0.05459065,inf,inf,inf,inf,inf,1,1,1,1,4,2,4,1,1,1,1,1,0,2,0,0,5.053312948360273,1
1572088000,1572084000,5764000,47.3979711740181,8.54616359846853,12.847472,0.10120883,-2.5250282,0.0,0.0,-0.2353796,4.998779,0.13713163,-0.5835511,-0.59784,-0.00081951654,-0.00039308443,4.1656196e-05,-2.5660534,2.453621,-1.5899022,0.03795626,0.00055566314,-1.6108282,1.6748626,3.679157e-05,0.23533261,2.4987006,2.8020926,-0.2353796,0.15297543,0.16538449,0.108259104,0.05466936,inf,inf,inf,inf,inf,1,1,1,1,4,2,4,1,1,1,1,1,0,2,0,0,5.03459317731817,1
1572096000,1572092000,5764000,47.3979711740181,8.54616359846853,12.886731,0.10268984,-2.53027,0.0,0.0,-0.2353796,4.9768753,0.15783024,-0.59405357,-0.60873264,-0.00081951654,-0.00039308443,4.1656196e-05,-2.6993563,2.5527585,-1.2818942,0.03995485,0.0005494499,-1.6088341,1.6748626,3.668698e-05,0.23533261,2.4993505,2.8042042,-0.2353796,0.15344027,0.16564809,0.108785234,0.05474722,inf,inf,inf,inf,inf,1,1,1,1,4,2,4,1,1,1,1,1,0,2,0,0,5.014688203711003,1
1572104000,1572100000,5764000,47.3979711740181,8.54616359846853,12.925727,0.104451574,-2.535791,0.0,0.0,-0.2353796,4.953922,0.17933944,-0.60235554,-0.61763513,-0.00081951654,-0.00039308443,4.1656196e-05,-2.8181396,2.6343555,-0.99242145,0.04202203,0.00054811354,-1.6067841,1.6748626,3.61714e-05,0.23533261,2.506976,2.8059366,-0.2353796,0.152001,0.1647629,0.1071365,0.05447452,inf,inf,inf,inf,inf,1,1,1,1,4,2,4,1,1,1,1,1,0,2,0,0,4.993629743322207,1
1572112000,1572108000,5764000,47.3979711740181,8.54616359846853,12.96455,0.10638051,-2.5413513,0.0,0.0,-0.2353796,4.93015,0.20151658,-0.6085461,-0.6244016,-0.00081951654,-0.00039308443,4.1656196e-05,-2.9225934,2.7197156,-0.72981274,0.044111732,0.00054814585,-1.6047007,1.6748626,3.6205336e-05,0.23533261,2.5080743,2.8080475,-0.2353796,0.15245797,0.16502488,0.107691966,0.054552846,inf,inf,inf,inf,inf,1,1,1,1,4,2,4,1,1,1,1,1,0,2,0,0,4.971651265961855,1
1572120000,1572116000,5764000,47.3979711740181,8.54616359846853,13.003193,0.10848197,-2.546936,0.0,0.0,-0.2353796,4.905616,0.22433987,-0.61278087,-0.62918854,-0.00081951654,-0.00039308443,4.1656196e-05,-3.0202405,2.8024817,-0.4866267,0.0462189,0.00054817845,-1.6025993,1.6748626,3.623929e-05,0.23533261,2.5093572,2.8101592,-0.2353796,0.1529194,0.16528761,0.10825333,0.05463066,inf,inf,inf,inf,inf,1,1,1,1,4,2,4,1,1,1,1,1,0,2,0,0,4.948827852266188,1
1572128000,1572124000,5764000,47.3979711740181,8.54616359846853,13.041652,0.110761516,-2.5525308,0.0,0.0,-0.2353796,4.880363,0.24783395,-0.61524105,-0.63217765,-0.00081951654,-0.00039308443,4.1656196e-05,-3.1125839,2.888467,-0.26601413,0.048330784,0.0005482113,-1.6004926,1.6748626,3.627326e-05,0.23533261,2.5108387,2.8122714,-0.2353796,0.1533853,0.1655511,0.10882787,0.054707773,inf,inf,inf,inf,inf,1,1,1,1,4,2,4,1,1,1,1,1,0,2,0,0,4.925229560959235,1
1572136000,1572132000,5764000,47.3979711740181,8.54616359846853,13.079748,0.11339543,-2.5583382,0.0,0.0,-0.2353796,4.854199,0.27217177,-0.6162657,-0.6339362,-0.00081951654,-0.00039308443,4.1656196e-05,-3.2034016,2.9662094,-0.072143964,0.0504189,0.0005467857,-1.5984093,1.6748626,3.5760888e-05,0.23533261,2.51928,2.8140643,-0.2353796,0.15194719,0.16484895,0.10720541,0.054455847,inf,inf,inf,inf,inf,1,1,1,1,4,2,4,1,1,1,1,1,0,2,0,0,4.900725335803102,1
1572144000,1572140000,5764000,47.3979711740181,8.54616359846853,13.117649,0.11621632,-2.5641274,0.0,0.0,-0.2353796,4.827346,0.29710466,-0.6158328,-0.63420755,-0.00081951654,-0.00039308443,4.1656196e-05,-3.2929468,3.0436585,0.10850327,0.052469548,0.000546819,-1.5963492,1.6748626,3.5794772e-05,0.23533261,2.5212784,2.8161745,-0.2353796,0.15240428,0.16511096,0.107812926,0.05453132,inf,inf,inf,inf,inf,1,1,1,1,4,2,4,1,1,1,1,1,0,2,0,0,4.875529778420552,1
1572152000,1572148000,5764000,47.3979711740181,8.54616359846853,13.15535,0.11922878,-2.5698829,0.0,0.0,-0.2353796,4.7998204,0.32258913,-0.61408967,-0.6331356,-0.00081951654,-0.00039308443,4.1656196e-05,-3.3804176,3.1157074,0.27072847,0.054464333,0.00054685277,-1.5943447,1.6748626,3.5828627e-05,0.23533261,2.5234392,2.8182242,-0.2353796,0.15286587,0.16519096,0.10843862,0.05458369,inf,inf,inf,inf,inf,1,1,1,1,4,2,4,1,1,1,1,1,0,2,0,0,4.849685117804147,1
1572160000,1572156000,5764000,47.3979711740181,8.54616359846853,13.192843,0.12243744,-2.5756001,0.0,0.0,-0.2353796,4.77173,0.34862328,-0.6112377,-0.63092697,-0.00081951654,-0.00039308443,4.1656196e-05,-3.454507,3.1875193,0.40795326,0.05639971,0.0005468868,-1.5923994,1.6748626,3.586251e-05,0.23533261,2.5260308,2.820334,-0.2353796,0.15333205,0.16545418,0.10907755,0.05465671,inf,inf,inf,inf,inf,1,1,1,1,4,2,4,1,1,1,1,1,0,2,0,0,4.823334625563444,1
1572168000,1572164000,5764000,47.3979711740181,8.54616359846853,13.229898,0.12604706,-2.5814252,0.0,0.0,-0.2353796,4.7427473,0.37552214,-0.60743284,-0.62790155,-0.00081951654,-0.00039308443,4.1656196e-05,-3.535161,3.2638063,0.53757936,0.058271393,0.0005452861,-1.5905176,1.6748626,3.5346875e-05,0.23533261,2.5337377,2.8221245,-0.2353796,0.15189461,0.16475374,0.10749328,0.054402113,inf,inf,inf,inf,inf,1,1,1,1,4,2,4,1,1,1,1,1,0,2,0,0,4.796211367777482,1
1572176000,1572172000,5764000,47.3979711740181,8.54616359846853,13.26674,0.12986073,-2.5871935,0.0,0.0,-0.2353796,4.713158,0.40292284,-0.6027363,-0.62395257,-0.00081951654,-0.00039308443,4.1656196e-05,-3.6152563,3.3303208,0.64747494,0.060048852,0.00054532086,-1.588715,1.6748626,3.538064e-05,0.23533261,2.5369475,2.82423,-0.2353796,0.15235199,0.16501546,0.10813939,0.0544731,inf,inf,inf,inf,inf,1,1,1,1,4,2,4,1,1,1,1,1,0,2,0,0,4.768594782039606,1
1572184000,1572180000,5764000,47.3979711740181,8.54616359846853,13.303362,0.13388292,-2.5928993,0.0,0.0,-0.2353796,4.6829314,0.43090567,-0.5972691,-0.6192021,-0.00081951654,-0.00039308443,4.1656196e-05,-3.6990523,3.4067593,0.7423213,0.061730526,0.000545356,-1.5870081,1.6748626,3.5414407e-05,0.23533261,2.5404332,2.8263345,-0.2353796,0.15281385,0.16527791,0.108790904,0.054542862,inf,inf,inf,inf,inf,1,1,1,1,4,2,4,1,1,1,1,1,0,2,0,0,4.740491174061916,1
1572192000,1572188000,5764000,47.3979711740181,8.54616359846853,13.339759,0.13811827,-2.598537,0.0,0.0,-0.2353796,4.6520853,0.45937803,-0.5910558,-0.6136754,-0.00081951654,-0.00039308443,4.1656196e-05,-3.780443,3.4715183,0.8341926,0.06330893,0.0005453916,-1.5854044,1.6748626,3.5448145e-05,0.23533261,2.544174,2.8284373,-0.2353796,0.15328024,0.16554111,0.109446794,0.05461147,inf,inf,inf,inf,inf,1,1,1,1,4,2,4,1,1,1,1,1,0,2,0,0,4.711928774041095,1
1572200000,1572196000,5764000,47.3979711740181,8.54616359846853,13.375647,0.14281185,-2.604197,0.0,0.0,-0.2353796,4.6203365,0.4887411,-0.584332,-0.60771054,-0.00081951654,-0.00039308443,4.1656196e-05,-3.853996,3.544534,0.90487623,0.06477657,0.0005435123,-1.5839115,1.6748626,3.4926696e-05,0.23533261,2.5511203,2.8302195,-0.2353796,0.15184443,0.16483954,0.10785341,0.05435449,inf,inf,inf,inf,inf,1,1,1,1,4,2,4,1,1,1,1,1,0,2,0,0,4.682715144260374,1
1572208000,1572204000,5764000,47.3979711740181,8.54616359846853,13.411303,0.14772592,-2.6097698,0.0,0.0,-0.2353796,4.5880136,0.5186679,-0.57716316,-0.60125947,-0.00081951654,-0.00039308443,4.1656196e-05,-3.9305167,3.6192572,0.95872205,0.06612244,0.0005435484,-1.5825237,1.6748626,3.4960278e-05,0.23533261,2.5550282,2.8322556,-0.2353796,0.15230171,0.16491935,0.10850588,0.054399956,inf,inf,inf,inf,inf,1,1,1,1,4,2,4,1,1,1,1,1,0,2,0,0,4.653171230197375,1
1572216000,1572212000,5764000,47.3979711740181,8.54616359846853,13.446722,0.1528658,-2.6152625,0.0,0.0,-0.2353796,4.555126,0.5492444,-0.5696271,-0.59441054,-0.00081951654,-0.00039308443,4.1656196e-05,-4.005705,3.704569,1.0031614,0.06736911,0.00054358493,-1.5812352,1.6748626,3.4993864e-05,0.23533261,2.559406,2.8343496,-0.2353796,0.15276341,0.16518146,0.10916188,0.054466225,inf,inf,inf,inf,inf,1,1,1,1,4,2,4,1,1,1,1,1,0,2,0,0,4.623344819485322,1
1572224000,1572220000,5764000,47.3979711740181,8.54616359846853,13.481899,0.15823643,-2.6206722,0.0,0.0,-0.2353796,4.521605,0.5803481,-0.5617504,-0.5871913,-0.00081951654,-0.00039308443,4.1656196e-05,-4.0893135,3.774393,1.044325,0.06849823,0.00054362166,-1.5800644,1.6748626,3.5027428e-05,0.23533261,2.5639417,2.8364415,-0.2353796,0.15322955,0.1654443,0.10982218,0.054531626,inf,inf,inf,inf,inf,1,1,1,1,4,2,4,1,1,1,1,1,0,2,0,0,4.593177462835371,1
1572232000,1572228000,5764000,47.3979711740181,8.54616359846853,13.516515,0.1641115,-2.6260467,0.0,0.0,-0.2353796,4.4871135,0.6124439,-0.55366206,-0.57978487,-0.00081951654,-0.00039308443,4.1656196e-05,-4.167594,3.8560224,1.0744547,0.06950282,0.0005413678,-1.5790185,1.6748626,3.4500325e-05,0.23533261,2.570157,2.8382125,-0.2353796,0.15179648,0.16474453,0.108212486,0.05427463,inf,inf,inf,inf,inf,1,1,1,1,4,2,4,1,1,1,1,1,0,2,0,0,4.56243539890845,1
1572240000,1572236000,5764000,47.3979711740181,8.54616359846853,13.550881,0.17022526,-2.6313353,0.0,0.0,-0.2353796,4.452116,0.6450472,-0.545373,-0.5721479,-0.00081951654,-0.00039308443,4.1656196e-05,-4.2361035,3.9241395,1.0980014,0.07036751,0.00054140505,-1.5780951,1.6748626,3.4533747e-05,0.23533261,2.5749514,2.8402958,-0.2353796,0.15225324,0.16500585,0.10887131,0.05433932,inf,inf,inf,inf,inf,1,1,1,1,4,2,4,1,1,1,1,1,0,2,0,0,4.531539967473844,1
1572248000,1572244000,5764000,47.3979711740181,8.54616359846853,13.584994,0.17658266,-2.6365361,0.0,0.0,-0.2353796,4.416618,0.6782805,-0.5369455,-0.5643435,-0.00081951654,-0.00039308443,4.1656196e-05,-4.303823,4.007397,1.1138072,0.0711228,0.0005414424,-1.5772818,1.6748626,3.4567136e-05,0.23533261,2.5798383,2.8423765,-0.2353796,0.15271434,0.16526787,0.10953559,0.054403413,inf,inf,inf,inf,inf,1,1,1,1,4,2,4,1,1,1,1,1,0,2,0,0,4.500543241051517,1
1572256000,1572252000,5764000,47.3979711740181,8.54616359846853,13.618848,0.18318845,-2.6416044,0.0,0.0,-0.2353796,4.3805494,0.71194875,-0.5283673,-0.5563151,-0.00081951654,-0.00039308443,4.1656196e-05,-4.3800473,4.0661235,1.1300812,0.07175405,0.0005414801,-1.5765933,1.6748626,3.460047e-05,0.23533261,2.5834167,2.8443935,-0.2353796,0.15317976,0.16534732,0.11020524,0.05444504,inf,inf,inf,inf,inf,1,1,1,1,4,2,4,1,1,1,1,1,0,2,0,0,4.469368643575534,1
1572264000,1572260000,5764000,47.3979711740181,8.54616359846853,13.652105,0.19034775,-2.646606,0.0,0.0,-0.2353796,4.343589,0.7465677,-0.519692,-0.548186,-0.00081951654,-0.00039308443,4.1656196e-05,-4.4464135,4.137535,1.1436334,0.07227661,0.0005387609,-1.5760137,1.6748626,3.406834e-05,0.23533261,2.589054,2.8461506,-0.2353796,0.15175027,0.1646494,0.10858469,0.054189663,inf,inf,inf,inf,inf,1,1,1,1,4,2,4,1,1,1,1,1,0,2,0,0,4.437815735975108,1
1572272000,1572268000,5764000,47.3979711740181,8.54616359846853,13.685097,0.19776191,-2.6515188,0.0,0.0,-0.2353796,4.306133,0.7816346,-0.5107229,-0.53973716,-0.00081951654,-0.00039308443,4.1656196e-05,-4.51424,4.198736,1.1788182,0.07263664,0.00053879904,-1.5755774,1.6748626,3.4101562e-05,0.23533261,2.5941129,2.848219,-0.2353796,0.15220614,0.16491032,0.10925697,0.05425324,inf,inf,inf,inf,inf,1,1,1,1,4,2,4,1,1,1,1,1,0,2,0,0,4.40619699312123,1
1572280000,1572276000,5764000,47.3979711740181,8.54616359846853,13.717819,0.20543495,-2.6563406,0.0,0.0,-0.2353796,4.2684393,0.8170769,-0.5013974,-0.53090686,-0.00081951654,-0.00039308443,4.1656196e-05,-4.549581,4.250686,1.2218555,0.07287932,0.00053883746,-1.5752593,1.6748626,3.4134773e-05,0.23533261,2.599196,2.8502839,-0.2353796,0.1526663,0.16517195,0.10993636,0.054316513,inf,inf,inf,inf,inf,1,1,1,1,4,2,4,1,1,1,1,1,0,2,0,0,4.374767201923419,1
1572288000,1572284000,5764000,47.3979711740181,8.54616359846853,13.750271,0.21336997,-2.661069,0.0,0.0,-0.2353796,4.230456,0.8528128,-0.49160504,-0.5215853,-0.00081951654,-0.00039308443,4.1656196e-05,-4.591223,4.292221,1.2787291,0.07300659,0.000538876,-1.5750575,1.6748626,3.416796e-05,0.23533261,2.6042902,2.8523457,-0.2353796,0.15313075,0.16543427,0.11062362,0.054379556,inf,inf,inf,inf,inf,1,1,1,1,4,2,4,1,1,1,1,1,0,2,0,0,4.343469023158016,1
1572296000,1572292000,5764000,47.3979711740181,8.54616359846853,13.782087,0.22188614,-2.6656914,0.0,0.0,-0.2353796,4.1918316,0.8892602,-0.48134205,-0.5117614,-0.00081951654,-0.00039308443,4.1656196e-05,-4.623358,4.331719,1.3367347,0.073009774,0.0005356079,-1.5749805,1.6748626,3.363151e-05,0.23533261,2.6091206,2.8540862,-0.2353796,0.15170532,0.16473535,0.10899731,0.054126296,inf,inf,inf,inf,inf,1,1,1,1,4,2,4,1,1,1,1,1,0,2,0,0,4.312067489634272,1
1572304000,1572300000,5764000,47.3979711740181,8.54616359846853,13.813631,0.2306673,-2.6702085,0.0,0.0,-0.2353796,4.1529856,0.9259119,-0.4705807,-0.5014109,-0.00081951654,-0.00039308443,4.1656196e-05,-4.6576834,4.363047,1.3973511,0.0728674,0.00053564657,-1.5750306,1.6748626,3.366454e-05,0.23533261,2.6140368,2.856078,-0.2353796,0.15216006,0.16481462,0.109691754,0.05416818,inf,inf,inf,inf,inf,1,1,1,1,4,2,4,1,1,1,1,1,0,2,0,0,4.28089341558295,1
1572312000,1572308000,5764000,47.3979711740181,8.54616359846853,13.844899,0.23971583,-2.674622,0.0,0.0,-0.2353796,4.1140366,0.96280015,-0.4594611,-0.49068022,-0.00081951654,-0.00039308443,4.1656196e-05,-4.6769743,4.3982067,1.4406092,0.07258753,0.0005356853,-1.5752194,1.6748626,3.3697575e-05,0.23533261,2.6190977,2.8581262,-0.2353796,0.15261908,0.16507582,0.110395685,0.05423167,inf,inf,inf,inf,inf,1,1,1,1,4,2,4,1,1,1,1,1,0,2,0,0,4.250104207827474,1
1572320000,1572316000,5764000,47.3979711740181,8.54616359846853,13.87589,0.24903409,-2.6789293,0.0,0.0,-0.2353796,4.074956,0.9998691,-0.44788647,-0.47947317,-0.00081951654,-0.00039308443,4.1656196e-05,-4.6995053,4.4262013,1.4959853,0.07216859,0.0005357245,-1.5755486,1.6748626,3.3730612e-05,0.23533261,2.6241283,2.8601708,-0.2353796,0.1530824,0.16533773,0.11110991,0.05429516,inf,inf,inf,inf,inf,1,1,1,1,4,2,4,1,1,1,1,1,0,2,0,0,4.21966905207978,1
1572328000,1572324000,5764000,47.3979711740181,8.54616359846853,13.906602,0.25862378,-2.6831279,0.0,0.0,-0.2353796,4.035693,1.0370597,-0.43594533,-0.46787894,-0.00081951654,-0.00039308443,4.1656196e-05,-4.7283783,4.4466376,1.5403512,0.07162719,0.0005357636,-1.5760016,1.6748626,3.376362e-05,0.23533261,2.6291208,2.862212,-0.2353796,0.15355007,0.16560031,0.111834876,0.054358713,inf,inf,inf,inf,inf,1,1,1,1,4,2,4,1,1,1,1,1,0,2,0,0,4.189553573158111,1
1572336000,1572332000,5764000,47.3979711740181,8.54616359846853,13.936649,0.2688237,-2.6872005,0.0,0.0,-0.2353796,3.9959042,1.0749884,-0.4236483,-0.45589435,-0.00081951654,-0.00039308443,4.1656196e-05,-4.744585,4.4859805,1.5829167,0.07095377,0.00053161796,-1.5765883,1.6748626,3.3210505e-05,0.23533261,2.633632,2.8639305,-0.2353796,0.15210636,0.16489886,0.11017071,0.054107945,inf,inf,inf,inf,inf,1,1,1,1,4,2,4,1,1,1,1,1,0,2,0,0,4.159606750379787,1
1572344000,1572340000,5764000,47.3979711740181,8.54616359846853,13.966418,0.2792973,-2.6911597,0.0,0.0,-0.2353796,3.9559298,1.1130807,-0.41104984,-0.4435892,-0.00081951654,-0.00039308443,4.1656196e-05,-4.7749634,4.512695,1.6190623,0.070108876,0.00053165713,-1.5773274,1.6748626,3.3243392e-05,0.23533261,2.6385283,2.865961,-0.2353796,0.15256394,0.1651599,0.110908106,0.05417248,inf,inf,inf,inf,inf,1,1,1,1,4,2,4,1,1,1,1,1,0,2,0,0,4.130047360285903,1
1572352000,1572348000,5764000,47.3979711740181,8.54616359846853,13.995907,0.29004633,-2.694982,0.0,0.0,-0.2353796,3.9158757,1.1512959,-0.39820147,-0.43099418,-0.00081951654,-0.00039308443,4.1656196e-05,-4.7919197,4.534127,1.6482695,0.069114566,0.0005316964,-1.5782175,1.6748626,3.327625e-05,0.23533261,2.6427126,2.8679278,-0.2353796,0.15302582,0.1652387,0.11165811,0.054215346,inf,inf,inf,inf,inf,1,1,1,1,4,2,4,1,1,1,1,1,0,2,0,0,4.100991240897432,1
1572360000,1572356000,5764000,47.3979711740181,8.54616359846853,14.025113,0.30107272,-2.698688,0.0,0.0,-0.2353796,3.8757582,1.1896814,-0.3852109,-0.41823974,-0.00081951654,-0.00039308443,4.1656196e-05,-4.8066993,4.5612917,1.6646105,0.06798002,0.0005317357,-1.5792497,1.6748626,3.3309116e-05,0.23533261,2.647492,2.869951,-0.2353796,0.15349211,0.16550082,0.11242162,0.054280363,inf,inf,inf,inf,inf,1,1,1,1,4,2,4,1,1,1,1,1,0,2,0,0,4.072496887150684,1
1572368000,1572364000,5764000,47.3979711740181,8.54616359846853,14.053661,0.31273764,-2.702251,0.0,0.0,-0.2353796,3.8351488,1.2286923,-0.37198,-0.40520152,-0.00081951654,-0.00039308443,4.1656196e-05,-4.8217883,4.5822964,1.691467,0.066719435,0.00052685285,-1.5804101,1.6748626,3.275302e-05,0.23533261,2.6514149,2.8716526,-0.2353796,0.15205346,0.16480134,0.11075713,0.05403383,inf,inf,inf,inf,inf,1,1,1,1,4,2,4,1,1,1,1,1,0,2,0,0,4.044307135545065,1
1572376000,1572372000,5764000,47.3979711740181,8.54616359846853,14.081928,0.32468146,-2.7056952,0.0,0.0,-0.2353796,3.7943354,1.2679467,-0.35858676,-0.39198554,-0.00081951654,-0.00039308443,4.1656196e-05,-4.855237,4.6197042,1.7102662,0.06529985,0.00052689225,-1.5817074,1.6748626,3.27858e-05,0.23533261,2.6560614,2.8736658,-0.2353796,0.15250959,0.16506192,0.11153699,0.05410016,inf,inf,inf,inf,inf,1,1,1,1,4,2,4,1,1,1,1,1,0,2,0,0,4.016622265807596,1
1572384000,1572380000,5764000,47.3979711740181,8.54616359846853,14.109912,0.33690634,-2.7090206,0.0,0.0,-0.2353796,3.7534513,1.3072934,-0.34511486,-0.37867594,-0.00081951654,-0.00039308443,4.1656196e-05,-4.871754,4.638002,1.7186114,0.063747875,0.0005269314,-1.5831394,1.6748626,3.2818556e-05,0.23533261,2.6606393,2.8756752,-0.2353796,0.15297008,0.1653232,0.1123324,0.054166865,inf,inf,inf,inf,inf,1,1,1,1,4,2,4,1,1,1,1,1,0,2,0,0,3.989550972446407,1
1572392000,1572388000,5764000,47.3979711740181,8.54616359846853,14.137611,0.34941348,-2.7122264,0.0,0.0,-0.2353796,3.7125854,1.3467022,-0.3315465,-0.3652554,-0.00081951654,-0.00039308443,4.1656196e-05,-4.8771076,4.6523256,1.729268,0.06206981,0.000526971,-1.5846997,1.6748626,3.285133e-05,0.23533261,2.6651468,2.8776808,-0.2353796,0.153435,0.16558515,0.11314272,0.05423401,inf,inf,inf,inf,inf,1,1,1,1,4,2,4,1,1,1,1,1,0,2,0,0,3.963183095624053,1
1572400000,1572396000,5764000,47.3979711740181,8.54616359846853,14.16466,0.36254928,-2.7152772,0.0,0.0,-0.2353796,3.671218,1.386764,-0.3179222,-0.3517279,-0.00081951654,-0.00039308443,4.1656196e-05,-4.8963614,4.6801763,1.7319558,0.060270045,0.00052126707,-1.5863844,1.6748626,3.2292213e-05,0.23533261,2.6684973,2.8793643,-0.2353796,0.15200123,0.16488478,0.11147406,0.053991355,inf,inf,inf,inf,inf,1,1,1,1,4,2,4,1,1,1,1,1,0,2,0,0,3.9372618049188497,1
1572408000,1572404000,5764000,47.3979711740181,8.54616359846853,14.191426,0.3759686,-2.718196,0.0,0.0,-0.2353796,3.6298363,1.4269695,-0.3042509,-0.33812845,-0.00081951654,-0.00039308443,4.1656196e-05,-4.906691,4.705716,1.7360914,0.058323927,0.0005213062,-1.5881958,1.6748626,3.2324864e-05,0.23533261,2.6724722,2.8813,-0.2353796,0.15245593,0.16496317,0.11230177,0.054038472,inf,inf,inf,inf,inf,1,1,1,1,4,2,4,1,1,1,1,1,0,2,0,0,3.9120994528358746,1
1572416000,1572412000,5764000,47.3979711740181,8.54616359846853,14.217908,0.38967365,-2.720996,0.0,0.0,-0.2353796,3.5884433,1.4673055,-0.29063708,-0.3245749,-0.00081951654,-0.00039308443,4.1656196e-05,-4.916497,4.729381,1.727491,0.056268062,0.0005213454,-1.5901196,1.6748626,3.2357544e-05,0.23533261,2.6767552,2.8832917,-0.2353796,0.15291508,0.16522396,0.11314572,0.054107826,inf,inf,inf,inf,inf,1,1,1,1,4,2,4,1,1,1,1,1,0,2,0,0,3.887721782730352,1
1572424000,1572420000,5764000,47.3979711740181,8.54616359846853,14.244105,0.4036656,-2.7236772,0.0,0.0,-0.2353796,3.5470817,1.5076631,-0.27700222,-0.31098905,-0.00081951654,-0.00039308443,4.1656196e-05,-4.9207563,4.7391977,1.7287949,0.054106522,0.00052138465,-1.5921518,1.6748626,3.2390224e-05,0.23533261,2.6809626,2.8852801,-0.2353796,0.15337875,0.16548543,0.11400512,0.05417778,inf,inf,inf,inf,inf,1,1,1,1,4,2,4,1,1,1,1,1,0,2,0,0,3.8641385636984382,1
1572432000,1572428000,5764000,47.3979711740181,8.54616359846853,14.269669,0.41829845,-2.726204,0.0,0.0,-0.2353796,3.5053022,1.5486326,-0.26342592,-0.297412,-0.00081951654,-0.00039308443,4.1656196e-05,-4.933894,4.760005,1.7163091,0.051845007,0.0005147886,-1.5942872,1.6748626,3.182844e-05,0.23533261,2.6839705,2.8869472,-0.2353796,0.15194957,0.16478705,0.1123182,0.0539398,inf,inf,inf,inf,inf,1,1,1,1,4,2,4,1,1,1,1,1,0,2,0,0,3.8411976854147256,1
1572440000,1572436000,5764000,47.3979711740181,8.54616359846853,14.29495,0.4332186,-2.7286134,0.0,0.0,-0.2353796,3.463483,1.5896274,-0.24988258,-0.28385857,-0.00081951654,-0.00039308443,4.1656196e-05,-4.9479775,4.77136,1.7108469,0.049455762,0.0005148274,-1.5965282,1.6748626,3.1861033e-05,0.23533261,2.6880107,2.8889258,-0.2353796,0.15240297,0.16504699,0.11318763,0.05401163,inf,inf,inf,inf,inf,1,1,1,1,4,2,4,1,1,1,1,1,0,2,0,0,3.8190405949540804,1
1572448000,1572444000,5764000,47.3979711740181,8.54616359846853,14.319945,0.44842723,-2.7309065,0.0,0.0,-0.2353796,3.4216852,1.6306615,-0.2364989,-0.27045578,-0.00081951654,-0.00039308443,4.1656196e-05,-4.9541283,4.784264,1.6895704,0.04698672,0.0005148664,-1.5988523,1.6748626,3.1893644e-05,0.23533261,2.6919658,2.8909009,-0.2353796,0.15286088,0.16530761,0.11406952,0.054084163,inf,inf,inf,inf,inf,1,1,1,1,4,2,4,1,1,1,1,1,0,2,0,0,3.79775173822388,1
1572456000,1572452000,5764000,47.3979711740181,8.54616359846853,14.344658,0.46392563,-2.7330613,0.0,0.0,-0.2353796,3.3800113,1.6717911,-0.22315896,-0.2570648,-0.00081951654,-0.00039308443,4.1656196e-05,-4.9473248,4.8039927,1.6823163,0.044430066,0.00051490543,-1.6012671,1.6748626,3.192624e-05,0.23533261,2.6951191,2.892812,-0.2353796,0.15332337,0.16538548,0.11496335,0.05413556,inf,inf,inf,inf,inf,1,1,1,1,4,2,4,1,1,1,1,1,0,2,0,0,3.777454406289397,1
1572464000,1572460000,5764000,47.3979711740181,8.54616359846853,14.3687525,0.4800808,-2.7350678,0.0,0.0,-0.2353796,3.338034,1.7134099,-0.20990583,-0.24371545,-0.00081951654,-0.00039308443,4.1656196e-05,-4.948453,4.8074307,1.6657681,0.041788697,0.00050738896,-1.6037703,1.6748626,3.136342e-05,0.23533261,2.6978261,2.8944638,-0.2353796,0.15189849,0.16468912,0.113235675,0.05390217,inf,inf,inf,inf,inf,1,1,1,1,4,2,4,1,1,1,1,1,0,2,0,0,3.757965530448889,1
1572472000,1572468000,5764000,47.3979711740181,8.54616359846853,14.392565,0.49652565,-2.7369618,0.0,0.0,-0.2353796,3.2960136,1.7551348,-0.1967997,-0.2305069,-0.00081951654,-0.00039308443,4.1656196e-05,-4.9633374,4.829576,1.6461842,0.039057516,0.0005074273,-1.60634,1.6748626,3.139596e-05,0.23533261,2.7014942,2.8964264,-0.2353796,0.15235065,0.1649486,0.11413499,0.05397745,inf,inf,inf,inf,inf,1,1,1,1,4,2,4,1,1,1,1,1,0,2,0,0,3.7393761430853796,1
1572480000,1572476000,5764000,47.3979711740181,8.54616359846853,14.416096,0.51326156,-2.7387447,0.0,0.0,-0.2353796,3.2541249,1.7968535,-0.18381976,-0.2174186,-0.00081951654,-0.00039308443,4.1656196e-05,-4.956115,4.837448,1.6292193,0.03625826,0.0005074659,-1.6089816,1.6748626,3.142852e-05,0.23533261,2.7050633,2.898386,-0.2353796,0.15280743,0.16520876,0.115046225,0.054053508,inf,inf,inf,inf,inf,1,1,1,1,4,2,4,1,1,1,1,1,0,2,0,0,3.721800783146341,1
1572488000,1572484000,5764000,47.3979711740181,8.54616359846853,14.439343,0.5302892,-2.740417,0.0,0.0,-0.2353796,3.2123263,1.8385053,-0.17097463,-0.20445935,-0.00081951654,-0.00039308443,4.1656196e-05,-4.953765,4.837472,1.6111954,0.03339743,0.0005075044,-1.6116883,1.6748626,3.1461095e-05,0.23533261,2.7085307,2.9003425,-0.2353796,0.1532689,0.16546957,0.11596917,0.054130375,inf,inf,inf,inf,inf,1,1,1,1,4,2,4,1,1,1,1,1,0,2,0,0,3.705182089979306,1
1572496000,1572492000,5764000,47.3979711740181,8.54616359846853,14.461979,0.5479565,-2.7419472,0.0,0.0,-0.2353796,3.1703136,1.8805768,-0.15833403,-0.1916617,-0.00081951654,-0.00039308443,4.1656196e-05,-4.945537,4.836629,1.5796026,0.03049578,0.00049907406,-1.6144392,1.6748626,3.0899475e-05,0.23533261,2.7108426,2.901979,-0.2353796,0.15184797,0.16477232,0.11419006,0.05390058,inf,inf,inf,inf,inf,1,1,1,1,4,2,4,1,1,1,1,1,0,2,0,0,3.6895158338322984,1
1572504000,1572500000,5764000,47.3979711740181,8.54616359846853,14.484336,0.56591403,-2.743361,0.0,0.0,-0.2353796,3.1283326,1.9226102,-0.14582315,-0.17898022,-0.00081951654,-0.00039308443,4.1656196e-05,-4.9513583,4.841272,1.5620817,0.02750984,0.0004991122,-1.6172545,1.6748626,3.0931984e-05,0.23533261,2.7138011,2.9038675,-0.2353796,0.152299,0.16485,0.115117006,0.053957984,inf,inf,inf,inf,inf,1,1,1,1,4,2,4,1,1,1,1,1,0,2,0,0,3.6748005698871227,1
1572512000,1572508000,5764000,47.3979711740181,8.54616359846853,14.506414,0.584162,-2.7446694,0.0,0.0,-0.2353796,3.0865166,1.9645505,-0.13346554,-0.16644835,-0.00081951654,-0.00039308443,4.1656196e-05,-4.940222,4.838801,1.5418701,0.024495818,0.0004991504,-1.6201018,1.6748626,3.0964537e-05,0.23533261,2.7169392,2.905813,-0.2353796,0.15275477,0.1651097,0.11605577,0.05403773,inf,inf,inf,inf,inf,1,1,1,1,4,2,4,1,1,1,1,1,0,2,0,0,3.661127755145032,1
1572520000,1572516000,5764000,47.3979711740181,8.54616359846853,14.528213,0.6027008,-2.7458744,0.0,0.0,-0.2353796,3.0448713,2.0064147,-0.12139577,-0.1542008,-0.00081951654,-0.00039308443,4.1656196e-05,-4.9281034,4.838215,1.5048589,0.021444565,0.00049918867,-1.6229903,1.6748626,3.0997104e-05,0.23533261,2.7199676,2.9077556,-0.2353796,0.15321535,0.16537006,0.117005706,0.05411833,inf,inf,inf,inf,inf,1,1,1,1,4,2,4,1,1,1,1,1,0,2,0,0,3.6485172488167947,1
1572528000,1572524000,5764000,47.3979711740181,8.54616359846853,14.549405,0.62188274,-2.7469373,0.0,0.0,-0.2353796,3.0030477,2.0487075,-0.10945601,-0.14203498,-0.00081951654,-0.00039308443,4.1656196e-05,-4.9169903,4.838768,1.4815851,0.018369675,0.0004898721,-1.625906,1.6748626,3.0439009e-05,0.23533261,2.7216244,2.9093797,-0.2353796,0.15179801,0.16467479,0.115167595,0.05389233,inf,inf,inf,inf,inf,1,1,1,1,4,2,4,1,1,1,1,1,0,2,0,0,3.6369600667530926,1
1572536000,1572532000,5764000,47.3979711740181,8.54616359846853,14.570324,0.6413537,-2.7479,0.0,0.0,-0.2353796,2.961373,2.0908995,-0.09778488,-0.13013603,-0.00081951654,-0.00039308443,4.1656196e-05,-4.9084134,4.8360786,1.4471024,0.01525222,0.0004899098,-1.6288449,1.6748626,3.0471538e-05,0.23533261,2.7244177,2.9113152,-0.2353796,0.15224808,0.16493367,0.116121024,0.05397493,inf,inf,inf,inf,inf,1,1,1,1,4,2,4,1,1,1,1,1,0,2,0,0,3.6264517985195757,1
1572544000,1572540000,5764000,47.3979711740181,8.54616359846853,14.590968,0.66111386,-2.748766,0.0,0.0,-0.2353796,2.9198961,2.132985,-0.08637153,-0.11849323,-0.00081951654,-0.00039308443,4.1656196e-05,-4.8934126,4.832487,1.4139944,0.0121233445,0.0004899475,-1.6317993,1.6748626,3.0504087e-05,0.23533261,2.7270985,2.9132483,-0.2353796,0.15270299,0.16519322,0.1170849,0.054058395,inf,inf,inf,inf,inf,1,1,1,1,4,2,4,1,1,1,1,1,0,2,0,0,3.617026166094842,1
1572552000,1572548000,5764000,47.3979711740181,8.54616359846853,14.611339,0.68116283,-2.7495394,0.0,0.0,-0.2353796,2.8785954,2.174889,-0.07516867,-0.10706276,-0.00081951654,-0.00039308443,4.1656196e-05,-4.880798,4.8191667,1.3868998,0.0089883,0.00048998516,-1.6347641,1.6748626,3.0536634e-05,0.23533261,2.72977,2.9151185,-0.2353796,0.15316279,0.1652704,0.11806084,0.05412109,inf,inf,inf,inf,inf,1,1,1,1,4,2,4,1,1,1,1,1,0,2,0,0,3.6086152424679097,1
1572560000,1572556000,5764000,47.3979711740181,8.54616359846853,14.631115,0.7018494,-2.750187,0.0,0.0,-0.2353796,2.8372052,2.2172308,-0.064197764,-0.09582625,-0.00081951654,-0.00039308443,4.1656196e-05,-4.861187,4.8209324,1.3509792,0.005855682,0.00047982958,-1.6377302,1.6748626,2.998436e-05,0.23533261,2.7312317,2.9167316,-0.2353796,0.15174861,0.1645771,0.11615477,0.053898387,inf,inf,inf,inf,inf,1,1,1,1,4,2,4,1,1,1,1,1,0,2,0,0,3.6013840562037087,1
1572568000,1572564000,5764000,47.3979711740181,8.54616359846853,14.650622,0.7228226,-2.7507434,0.0,0.0,-0.2353796,2.7959502,2.2594097,-0.053414762,-0.084777355,-0.00081951654,-0.00039308443,4.1656196e-05,-4.854477,4.8109884,1.3267472,0.002701525,0.00047986672,-1.6406978,1.6748626,3.0016909e-05,0.23533261,2.7335606,2.9186559,-0.2353796,0.15219787,0.16483554,0.117130406,0.053984743,inf,inf,inf,inf,inf,1,1,1,1,4,2,4,1,1,1,1,1,0,2,0,0,3.595152688013911,1
1572576000,1572572000,5764000,47.3979711740181,8.54616359846853,14.669862,0.74408203,-2.7512097,0.0,0.0,-0.2353796,2.7549307,2.3013923,-0.042930957,-0.074027434,-0.00081951654,-0.00039308443,4.1656196e-05,-4.834883,4.796638,1.2886254,-0.00045235964,0.00047990386,-1.6436695,1.6748626,3.0049483e-05,0.23533261,2.7357762,2.9205782,-0.2353796,0.15265207,0.16509467,0.11811605,0.054071978,inf,inf,inf,inf,inf,1,1,1,1,4,2,4,1,1,1,1,1,0,2,0,0,3.589971134615251,1
1572584000,1572580000,5764000,47.3979711740181,8.54616359846853,14.688834,0.76562685,-2.7515893,0.0,0.0,-0.2353796,2.714185,2.3431158,-0.03274547,-0.06357567,-0.00081951654,-0.00039308443,4.1656196e-05,-4.8101997,4.774182,1.250632,-0.0035893633,0.00047994102,-1.6466285,1.6748626,3.0082087e-05,0.23533261,2.737879,2.9224985,-0.2353796,0.15311132,0.16535449,0.11911309,0.054160114,inf,inf,inf,inf,inf,1,1,1,1,4,2,4,1,1,1,1,1,0,2,0,0,3.585814291376529,1
1572592000,1572588000,5764000,47.3979711740181,8.54616359846853,14.7075405,0.7874562,-2.751883,0.0,0.0,-0.2353796,2.6737447,2.384653,-0.022754129,-0.053318035,-0.00081951654,-0.00039308443,4.1656196e-05,-4.781415,4.7605777,1.2257662,-0.0067110555,0.0004799781,-1.6495762,1.6748626,3.011472e-05,0.23533261,2.7398696,2.924417,-0.2353796,0.15357572,0.16561496,0.120120585,0.054249138,inf,inf,inf,inf,inf,1,1,1,1,4,2,4,1,1,1,1,1,0,2,0,0,3.5827361613121385,1
1572600000,1572596000,5764000,47.3979711740181,8.54616359846853,14.725686,0.80989254,-2.7520633,0.0,0.0,-0.2353796,2.6332455,2.4264047,-0.013008515,-0.043270834,-0.00081951654,-0.00039308443,4.1656196e-05,-4.762615,4.738458,1.1879871,-0.009800965,0.0004685825,-1.6524966,1.6748626,2.9558287e-05,0.23533261,2.7408009,2.926016,-0.2353796,0.15214004,0.16491641,0.118066855,0.05402725,inf,inf,inf,inf,inf,1,1,1,1,4,2,4,1,1,1,1,1,0,2,0,0,3.58072490606509,1
1572608000,1572604000,5764000,47.3979711740181,8.54616359846853,14.743571,0.83260965,-2.7521644,0.0,0.0,-0.2353796,2.5929856,2.4679706,-0.0034593183,-0.03342331,-0.00081951654,-0.00039308443,4.1656196e-05,-4.742509,4.72582,1.1629546,-0.012878627,0.00046861905,-1.6553857,1.6748626,2.9590898e-05,0.23533261,2.742621,2.9278698,-0.2353796,0.15259345,0.16499329,0.11906893,0.0540967,inf,inf,inf,inf,inf,1,1,1,1,4,2,4,1,1,1,1,1,0,2,0,0,3.579729762308158,1
1572616000,1572612000,5764000,47.3979711740181,8.54616359846853,14.761198,0.8556069,-2.7521853,0.0,0.0,-0.2353796,2.553023,2.509292,0.0058406023,-0.023826186,-0.00081951654,-0.00039308443,4.1656196e-05,-4.7149024,4.705571,1.131283,-0.015926821,0.0004686554,-1.6582496,1.6748626,2.9623545e-05,0.23533261,2.744267,2.9297817,-0.2353796,0.15305202,0.16525267,0.120080344,0.05418846,inf,inf,inf,inf,inf,1,1,1,1,4,2,4,1,1,1,1,1,0,2,0,0,3.579735589736793,1
1572624000,1572620000,5764000,47.3979711740181,8.54616359846853,14.778567,0.8788827,-2.7521296,0.0,0.0,-0.2353796,2.5133543,2.550308,0.01480266,-0.014568158,-0.00081951654,-0.00039308443,4.1656196e-05,-4.6875224,4.6775303,1.0886425,-0.01893601,0.00046869175,-1.6610787,1.6748626,2.9656225e-05,0.23533261,2.7458043,2.9316921,-0.2353796,0.15351586,0.16551276,0.12110263,0.054281123,inf,inf,inf,inf,inf,1,1,1,1,4,2,4,1,1,1,1,1,0,2,0,0,3.5806758930313096,1
1572632000,1572628000,5764000,47.3979711740181,8.54616359846853,14.7954,0.9027445,-2.7519712,0.0,0.0,-0.2353796,2.473726,2.5916135,0.02351854,-0.005524843,-0.00081951654,-0.00039308443,4.1656196e-05,-4.6591644,4.6677847,1.0510459,-0.021905072,0.0004566525,-1.6638721,1.6748626,2.9111896e-05,0.23533261,2.7463665,2.9332848,-0.2353796,0.1520831,0.16481619,0.11896726,0.054061282,inf,inf,inf,inf,inf,1,1,1,1,4,2,4,1,1,1,1,1,0,2,0,0,3.5827829934538293,1
1572640000,1572636000,5764000,47.3979711740181,8.54616359846853,14.811981,0.92688143,-2.75174,0.0,0.0,-0.2353796,2.4343832,2.6326864,0.032029223,0.0033109959,-0.00081951654,-0.00039308443,4.1656196e-05,-4.633203,4.6496387,1.0250643,-0.02485025,0.00045668834,-1.6666238,1.6748626,2.9144581e-05,0.23533261,2.7476773,2.9351912,-0.2353796,0.15253589,0.16507478,0.119980104,0.0541556,inf,inf,inf,inf,inf,1,1,1,1,4,2,4,1,1,1,1,1,0,2,0,0,3.5858451048969173,1
1572648000,1572644000,5764000,47.3979711740181,8.54616359846853,14.828312,0.9512919,-2.7514381,0.0,0.0,-0.2353796,2.39536,2.673339,0.040309485,0.011914125,-0.00081951654,-0.00039308443,4.1656196e-05,-4.6026187,4.607756,0.9959493,-0.027736815,0.00045672405,-1.6693213,1.6748626,2.9177292e-05,0.23533261,2.7488832,2.9370968,-0.2353796,0.15299395,0.16533406,0.1210011,0.054250747,inf,inf,inf,inf,inf,1,1,1,1,4,2,4,1,1,1,1,1,0,2,0,0,3.589723637426977,1
1572656000,1572652000,5764000,47.3979711740181,8.54616359846853,14.844395,0.9759741,-2.751073,0.0,0.0,-0.2353796,2.356665,2.7137225,0.048224986,0.020145187,-0.00081951654,-0.00039308443,4.1656196e-05,-4.570842,4.5845885,0.95026004,-0.03056527,0.00045675976,-1.6719649,1.6748626,2.9210023e-05,0.23533261,2.7501373,2.9389408,-0.2353796,0.15345739,0.16541055,0.12203077,0.054325156,inf,inf,inf,inf,inf,1,1,1,1,4,2,4,1,1,1,1,1,0,2,0,0,3.5945076684444492,1
1572664000,1572660000,5764000,47.3979711740181,8.54616359846853,14.859954,1.0012192,-2.750627,0.0,0.0,-0.2353796,2.3180435,2.7541509,0.055874065,0.02812627,-0.00081951654,-0.00039308443,4.1656196e-05,-4.537827,4.548948,0.9109089,-0.03333647,0.00044418863,-1.6745558,1.6748626,2.8679875e-05,0.23533261,2.7506967,2.9405286,-0.2353796,0.15202707,0.16471593,0.119809404,0.05410669,inf,inf,inf,inf,inf,1,1,1,1,4,2,4,1,1,1,1,1,0,2,0,0,3.600249263454224,1
1572672000,1572668000,5764000,47.3979711740181,8.54616359846853,14.875271,1.0267305,-2.7501173,0.0,0.0,-0.2353796,2.279758,2.794337,0.06330514,0.035886653,-0.00081951654,-0.00039308443,4.1656196e-05,-4.5054326,4.5298634,0.883507,-0.036054235,0.0004442238,-1.6770796,1.6748626,2.8712639e-05,0.23533261,2.7515857,2.94243,-0.2353796,0.15247941,0.16497415,0.12082633,0.054204196,inf,inf,inf,inf,inf,1,1,1,1,4,2,4,1,1,1,1,1,0,2,0,0,3.606885546962008,1
1572680000,1572676000,5764000,47.3979711740181,8.54616359846853,14.890348,1.0525072,-2.7495456,0.0,0.0,-0.2353796,2.2417974,2.8341627,0.07047537,0.04338348,-0.00081951654,-0.00039308443,4.1656196e-05,-4.4740696,4.4957395,0.85076594,-0.038709015,0.0004442589,-1.6795447,1.6748626,2.874543e-05,0.23533261,2.7523763,2.944331,-0.2353796,0.15293714,0.16523308,0.12185037,0.0543025,inf,inf,inf,inf,inf,1,1,1,1,4,2,4,1,1,1,1,1,0,2,0,0,3.6142911574048218,1
1572688000,1572684000,5764000,47.3979711740181,8.54616359846853,14.905187,1.0785468,-2.7489142,0.0,0.0,-0.2353796,2.2042108,2.8736176,0.07733061,0.05056255,-0.00081951654,-0.00039308443,4.1656196e-05,-4.4364014,4.4601445,0.8113542,-0.04130201,0.00044429413,-1.6819522,1.6748626,2.8778268e-05,0.23533261,2.7530704,2.9462311,-0.2353796,0.15340036,0.1654927,0.1228814,0.054401573,inf,inf,inf,inf,inf,1,1,1,1,4,2,4,1,1,1,1,1,0,2,0,0,3.622458196461261,1
1572696000,1572692000,5764000,47.3979711740181,8.54616359846853,14.919534,1.1051179,-2.7482066,0.0,0.0,-0.2353796,2.1667323,2.9131343,0.083944,0.05752001,-0.00081951654,-0.00039308443,4.1656196e-05,-4.4011855,4.431968,0.7751709,-0.043824267,0.0004313143,-1.6842937,1.6748626,2.8264189e-05,0.23533261,2.7530942,2.947815,-0.2353796,0.15197207,0.16479713,0.12057372,0.054183275,inf,inf,inf,inf,inf,1,1,1,1,4,2,4,1,1,1,1,1,0,2,0,0,3.6315460763751544,1
1572704000,1572700000,5764000,47.3979711740181,8.54616359846853,14.933649,1.1319463,-2.7474356,0.0,0.0,-0.2353796,2.1295254,2.952269,0.090391554,0.064316735,-0.00081951654,-0.00039308443,4.1656196e-05,-4.376607,4.395538,0.75427765,-0.04627813,0.00043134886,-1.6865562,1.6748626,2.8297032e-05,0.23533261,2.753328,2.9496534,-0.2353796,0.1524241,0.16487357,0.12158884,0.05426245,inf,inf,inf,inf,inf,1,1,1,1,4,2,4,1,1,1,1,1,0,2,0,0,3.6412829209827535,1
1572712000,1572708000,5764000,47.3979711740181,8.54616359846853,14.947534,1.1590301,-2.7466102,0.0,0.0,-0.2353796,2.0927477,2.9910407,0.09659613,0.07086677,-0.00081951654,-0.00039308443,4.1656196e-05,-4.3320065,4.361239,0.7239682,-0.048655193,0.0004313833,-1.6887462,1.6748626,2.8329923e-05,0.23533261,2.753733,2.9515514,-0.2353796,0.15288165,0.16513214,0.12261015,0.05436359,inf,inf,inf,inf,inf,1,1,1,1,4,2,4,1,1,1,1,1,0,2,0,0,3.6517459135655588,1
1572720000,1572716000,5764000,47.3979711740181,8.54616359846853,14.961191,1.186367,-2.7457337,0.0,0.0,-0.2353796,2.0564017,3.029433,0.10245029,0.077062644,-0.00081951654,-0.00039308443,4.1656196e-05,-4.2868958,4.324673,0.6803218,-0.050955478,0.00043141795,-1.6908636,1.6748626,2.8362865e-05,0.23533261,2.7540493,2.9534492,-0.2353796,0.1533448,0.16539142,0.12363731,0.05446543,inf,inf,inf,inf,inf,1,1,1,1,4,2,4,1,1,1,1,1,0,2,0,0,3.662887974696056,1
1572728000,1572724000,5764000,47.3979711740181,8.54616359846853,14.97438,1.214215,-2.7448044,0.0,0.0,-0.2353796,2.0202317,3.0677848,0.1081299,0.08308786,-0.00081951654,-0.00039308443,4.1656196e-05,-4.243817,4.2871957,0.65370554,-0.053173743,0.00041815708,-1.6929035,1.6748626,2.7866434e-05,0.23533261,2.7541611,2.9550323,-0.2353796,0.15191811,0.16469774,0.12124487,0.054247335,inf,inf,inf,inf,inf,1,1,1,1,4,2,4,1,1,1,1,1,0,2,0,0,3.674824046953805,1
1572736000,1572732000,5764000,47.3979711740181,8.54616359846853,14.987347,1.2423097,-2.7438273,0.0,0.0,-0.2353796,1.9843454,3.105741,0.11359236,0.088892095,-0.00081951654,-0.00039308443,4.1656196e-05,-4.217434,4.249171,0.6267768,-0.055316936,0.00041819087,-1.6948603,1.6748626,2.789939e-05,0.23533261,2.7542973,2.9569292,-0.2353796,0.15237002,0.16495557,0.12225239,0.05435019,inf,inf,inf,inf,inf,1,1,1,1,4,2,4,1,1,1,1,1,0,2,0,0,3.687296713017889,1
1572744000,1572740000,5764000,47.3979711740181,8.54616359846853,15.000095,1.2706486,-2.7428045,0.0,0.0,-0.2353796,1.948918,3.143255,0.118758634,0.09439633,-0.00081951654,-0.00039308443,4.1656196e-05,-4.168867,4.2050877,0.58998305,-0.057377774,0.0004182248,-1.6967392,1.6748626,2.7932392e-05,0.23533261,2.7543514,2.9588263,-0.2353796,0.15282753,0.16521412,0.12326362,0.05445368,inf,inf,inf,inf,inf,1,1,1,1,4,2,4,1,1,1,1,1,0,2,0,0,3.7003293068183196,1
1572752000,1572748000,5764000,47.3979711740181,8.54616359846853,15.012627,1.2992295,-2.7417488,0.0,0.0,-0.2353796,1.9138849,3.1803927,0.12366673,0.099627525,-0.00081951654,-0.00039308443,4.1656196e-05,-4.128032,4.168962,0.5582226,-0.05933692,0.0004182586,-1.6985205,1.6748626,2.7965416e-05,0.23533261,2.7546654,2.9606633,-0.2353796,0.15329073,0.16529028,0.12427896,0.054536413,inf,inf,inf,inf,inf,1,1,1,1,4,2,4,1,1,1,1,1,0,2,0,0,3.7139125725803233,1
1572760000,1572756000,5764000,47.3979711740181,8.54616359846853,15.024714,1.3282943,-2.7406507,0.0,0.0,-0.2353796,1.8790295,3.2173934,0.12831248,0.10459812,-0.00081951654,-0.00039308443,4.1656196e-05,-4.0875306,4.1222553,0.52106375,-0.061203383,0.00040484883,-1.7002133,1.6748626,2.7487964e-05,0.23533261,2.7545135,2.962247,-0.2353796,0.15186529,0.16459845,0.12180428,0.054317918,inf,inf,inf,inf,inf,1,1,1,1,4,2,4,1,1,1,1,1,0,2,0,0,3.728114301460936,1
1572768000,1572764000,5764000,47.3979711740181,8.54616359846853,15.036593,1.3575938,-2.7395124,0.0,0.0,-0.2353796,1.8445172,3.2539806,0.13267761,0.10928463,-0.00081951654,-0.00039308443,4.1656196e-05,-4.0533905,4.082028,0.48635244,-0.06300138,0.000404882,-1.70183,1.6748626,2.752103e-05,0.23533261,2.7543252,2.9641442,-0.2353796,0.15231721,0.16485599,0.12279772,0.054422878,inf,inf,inf,inf,inf,1,1,1,1,4,2,4,1,1,1,1,1,0,2,0,0,3.742757912885565,1
1572776000,1572772000,5764000,47.3979711740181,8.54616359846853,15.0482645,1.387126,-2.738337,0.0,0.0,-0.2353796,1.8104899,3.2901733,0.136891,0.11381593,-0.00081951654,-0.00039308443,4.1656196e-05,-4.001224,4.0439234,0.46776325,-0.06470074,0.00040491534,-1.7033525,1.6748626,2.7554148e-05,0.23533261,2.7540631,2.966042,-0.2353796,0.1527748,0.16511425,0.123793975,0.05452835,inf,inf,inf,inf,inf,1,1,1,1,4,2,4,1,1,1,1,1,0,2,0,0,3.7579054229604956,1
1572784000,1572780000,5764000,47.3979711740181,8.54616359846853,15.059729,1.4168884,-2.7371254,0.0,0.0,-0.2353796,1.7768401,3.3259366,0.14084083,0.118080206,-0.00081951654,-0.00039308443,4.1656196e-05,-3.9621687,4.0011735,0.43520376,-0.06630944,0.00040494866,-1.7047884,1.6748626,2.758731e-05,0.23533261,2.7537298,2.9679406,-0.2353796,0.15323816,0.16537322,0.124793604,0.054634385,inf,inf,inf,inf,inf,1,1,1,1,4,2,4,1,1,1,1,1,0,2,0,0,3.7734402271114162,1
1572792000,1572788000,5764000,47.3979711740181,8.54616359846853,15.070772,1.4471012,-2.735878,0.0,0.0,-0.2353796,1.7433525,3.361536,0.14460148,0.12215662,-0.00081951654,-0.00039308443,4.1656196e-05,-3.9238527,3.956709,0.40769342,-0.067832805,0.00039151582,-1.7061431,1.6748626,2.7129827e-05,0.23533261,2.753282,2.9695253,-0.2353796,0.15181366,0.16468035,0.122244455,0.054414406,inf,inf,inf,inf,inf,1,1,1,1,4,2,4,1,1,1,1,1,0,2,0,0,3.789473816583305,1
1572800000,1572796000,5764000,47.3979711740181,8.54616359846853,15.081616,1.4775368,-2.7345986,0.0,0.0,-0.2353796,1.7103388,3.3966653,0.148127,0.1259944,-0.00081951654,-0.00039308443,4.1656196e-05,-3.8730235,3.9093144,0.3788159,-0.06926227,0.0003915485,-1.7074,1.6748626,2.7163027e-05,0.23533261,2.752804,2.9714246,-0.2353796,0.1522657,0.1649379,0.123218924,0.054520976,inf,inf,inf,inf,inf,1,1,1,1,4,2,4,1,1,1,1,1,0,2,0,0,3.805855433294666,1
1572808000,1572804000,5764000,47.3979711740181,8.54616359846853,15.092263,1.5081927,-2.733293,0.0,0.0,-0.2353796,1.6776663,3.4314094,0.15146331,0.12963441,-0.00081951654,-0.00039308443,4.1656196e-05,-3.8384666,3.8722482,0.35580665,-0.07059539,0.0003915812,-1.7085648,1.6748626,2.7196264e-05,0.23533261,2.7524152,2.9732647,-0.2353796,0.15272346,0.165014,0.12419551,0.0546069,inf,inf,inf,inf,inf,1,1,1,1,4,2,4,1,1,1,1,1,0,2,0,0,3.822574501411347,1
1572816000,1572812000,5764000,47.3979711740181,8.54616359846853,15.1027155,1.5390661,-2.7319584,0.0,0.0,-0.2353796,1.6454445,3.4657054,0.1545347,0.13300617,-0.00081951654,-0.00039308443,4.1656196e-05,-3.7899396,3.8271897,0.32322153,-0.07183483,0.00039161398,-1.7096403,1.6748626,2.7229557e-05,0.23533261,2.7518106,2.975166,-0.2353796,0.1531871,0.16527273,0.12517317,0.05471434,inf,inf,inf,inf,inf,1,1,1,1,4,2,4,1,1,1,1,1,0,2,0,0,3.8395940535001225,1
1572824000,1572820000,5764000,47.3979711740181,8.54616359846853,15.112777,1.5703518,-2.7306008,0.0,0.0,-0.2353796,1.6134961,3.49971,0.15739858,0.13616589,-0.00081951654,-0.00039308443,4.1656196e-05,-3.7394106,3.7715373,0.29422575,-0.07297124,0.0003782775,-1.7106168,1.6748626,2.6792673e-05,0.23533261,2.7512708,2.976755,-0.2353796,0.15176325,0.16458164,0.12255693,0.054492973,inf,inf,inf,inf,inf,1,1,1,1,4,2,4,1,1,1,1,1,0,2,0,0,3.8569565802328167,1
1572832000,1572828000,5764000,47.3979711740181,8.54616359846853,15.12265,1.601847,-2.729218,0.0,0.0,-0.2353796,1.5819157,3.533251,0.16005793,0.13911785,-0.00081951654,-0.00039308443,4.1656196e-05,-3.7014072,3.7247887,0.2692919,-0.074013606,0.00037830963,-1.7114977,1.6748626,2.6826005e-05,0.23533261,2.7505412,2.9786575,-0.2353796,0.15221551,0.16483895,0.1235086,0.054600775,inf,inf,inf,inf,inf,1,1,1,1,4,2,4,1,1,1,1,1,0,2,0,0,3.8745242871691197,1
1572840000,1572836000,5764000,47.3979711740181,8.54616359846853,15.132338,1.6335492,-2.7278113,0.0,0.0,-0.2353796,1.5507731,3.566317,0.16250794,0.14185727,-0.00081951654,-0.00039308443,4.1656196e-05,-3.654418,3.67638,0.24376668,-0.074963234,0.00037834156,-1.71229,1.6748626,2.685937e-05,0.23533261,2.749756,2.9805615,-0.2353796,0.15267357,0.16509701,0.124460585,0.05470889,inf,inf,inf,inf,inf,1,1,1,1,4,2,4,1,1,1,1,1,0,2,0,0,3.8922901976517186,1
1572848000,1572844000,5764000,47.3979711740181,8.54616359846853,15.141842,1.6654551,-2.7263823,0.0,0.0,-0.2353796,1.5201093,3.5989208,0.16481557,0.14445111,-0.00081951654,-0.00039308443,4.1656196e-05,-3.6020184,3.629334,0.22662011,-0.07582027,0.00037837372,-1.712994,1.6748626,2.6892798e-05,0.23533261,2.7489178,2.982467,-0.2353796,0.15313752,0.16535579,0.12541318,0.054817334,inf,inf,inf,inf,inf,1,1,1,1,4,2,4,1,1,1,1,1,0,2,0,0,3.910259247253762,1
1572856000,1572852000,5764000,47.3979711740181,8.54616359846853,15.151164,1.6975621,-2.724905,0.0,0.0,-0.2353796,1.4898394,3.6310825,0.16683799,0.14678475,-0.00081951654,-0.00039308443,4.1656196e-05,-3.560065,3.5846133,0.19099283,-0.07658968,0.00037840594,-1.7136143,1.6748626,2.6926267e-05,0.23533261,2.7471616,2.984313,-0.2353796,0.15360746,0.16543174,0.12636603,0.054904766,inf,inf,inf,inf,inf,1,1,1,1,4,2,4,1,1,1,1,1,0,2,0,0,3.9283859884825283,1
1572864000,1572860000,5764000,47.3979711740181,8.54616359846853,15.160151,1.7300107,-2.7234259,0.0,0.0,-0.2353796,1.4598556,3.662932,0.16873083,0.14897059,-0.00081951654,-0.00039308443,4.1656196e-05,-3.5129464,3.5352452,0.1734956,-0.07725862,0.00036491765,-1.7141386,1.6748626,2.6502566e-05,0.23533261,2.7467077,2.9859064,-0.2353796,0.1521574,0.16473809,0.12360213,0.054678842,inf,inf,inf,inf,inf,1,1,1,1,4,2,4,1,1,1,1,1,0,2,0,0,3.9467352713943016,1
1572872000,1572868000,5764000,47.3979711740181,8.54616359846853,15.168961,1.7626531,-2.7219296,0.0,0.0,-0.2353796,1.4302496,3.694325,0.17043611,0.15096524,-0.00081951654,-0.00039308443,4.1656196e-05,-3.4729557,3.488818,0.15080021,-0.07784454,0.00036494908,-1.7145808,1.6748626,2.6536083e-05,0.23533261,2.7457163,2.9878151,-0.2353796,0.15261552,0.16499591,0.12452535,0.054787632,inf,inf,inf,inf,inf,1,1,1,1,4,2,4,1,1,1,1,1,0,2,0,0,3.9651859466508115,1
1572880000,1572876000,5764000,47.3979711740181,8.54616359846853,15.177599,1.7954866,-2.720417,0.0,0.0,-0.2353796,1.4010522,3.7252796,0.17200175,0.15281662,-0.00081951654,-0.00039308443,4.1656196e-05,-3.4288566,3.4444134,0.13409415,-0.078319736,0.00036498072,-1.7149163,1.6748626,2.6569654e-05,0.23533261,2.7446802,2.9897258,-0.2353796,0.15307954,0.16525447,0.12544738,0.05489662,inf,inf,inf,inf,inf,1,1,1,1,4,2,4,1,1,1,1,1,0,2,0,0,3.9837469758136073,1
1572888000,1572884000,5764000,47.3979711740181,8.54616359846853,15.186066,1.8285081,-2.7188907,0.0,0.0,-0.2353796,1.3722562,3.755755,0.17336674,0.15446372,-0.00081951654,-0.00039308443,4.1656196e-05,-3.3855095,3.394686,0.10981596,-0.07870189,0.00036501233,-1.7151629,1.6748626,2.6603264e-05,0.23533261,2.743601,2.9916384,-0.2353796,0.15354957,0.16551378,0.12636909,0.05500579,inf,inf,inf,inf,inf,1,1,1,1,4,2,4,1,1,1,1,1,0,2,0,0,4.002354147873682,1
1572896000,1572892000,5764000,47.3979711740181,8.54616359846853,15.194222,1.8618274,-2.7173777,0.0,0.0,-0.2353796,1.3437754,3.7858553,0.17456664,0.1559168,-0.00081951654,-0.00039308443,4.1656196e-05,-3.3344946,3.343798,0.0892044,-0.07899842,0.0003518895,-1.715328,1.6748626,2.6201924e-05,0.23533261,2.7432904,2.9932373,-0.2353796,0.15210071,0.16481903,0.12356694,0.054777075,inf,inf,inf,inf,inf,1,1,1,1,4,2,4,1,1,1,1,1,0,2,0,0,4.021057844645378,1
1572904000,1572900000,5764000,47.3979711740181,8.54616359846853,15.202215,1.895327,-2.7158732,0.0,0.0,-0.2353796,1.3157548,3.8154893,0.17560981,0.15719005,-0.00081951654,-0.00039308443,4.1656196e-05,-3.2837317,3.2956293,0.070898786,-0.07920112,0.00035192067,-1.7154042,1.6748626,2.6235593e-05,0.23533261,2.7427566,2.9950922,-0.2353796,0.15255891,0.16489516,0.124458574,0.054865155,inf,inf,inf,inf,inf,1,1,1,1,4,2,4,1,1,1,1,1,0,2,0,0,4.039802977560386,1
1572912000,1572908000,5764000,47.3979711740181,8.54616359846853,15.210045,1.9290045,-2.714357,0.0,0.0,-0.2353796,1.2881012,3.8446853,0.17651057,0.15831894,-0.00081951654,-0.00039308443,4.1656196e-05,-3.2444227,3.2508082,0.05387887,-0.079321176,0.0003519517,-1.7154018,1.6748626,2.62693e-05,0.23533261,2.741561,2.997009,-0.2353796,0.15302303,0.16515353,0.12534851,0.05497426,inf,inf,inf,inf,inf,1,1,1,1,4,2,4,1,1,1,1,1,0,2,0,0,4.058566956303574,1
1572920000,1572916000,5764000,47.3979711740181,8.54616359846853,15.217715,1.9628565,-2.7128315,0.0,0.0,-0.2353796,1.2608913,3.8733182,0.17721777,0.15925223,-0.00081951654,-0.00039308443,4.1656196e-05,-3.19535,3.1901762,0.030508263,-0.07934416,0.0003519828,-1.7153062,1.6748626,2.630306e-05,0.23533261,2.7403314,2.9989278,-0.2353796,0.1534932,0.16541266,0.12623714,0.05508345,inf,inf,inf,inf,inf,1,1,1,1,4,2,4,1,1,1,1,1,0,2,0,0,4.0772352013185,1
1572928000,1572924000,5764000,47.3979711740181,8.54616359846853,15.225103,1.9969637,-2.7113357,0.0,0.0,-0.2353796,1.2340144,3.901602,0.17779338,0.16001323,-0.00081951654,-0.00039308443,4.1656196e-05,-3.1439452,3.1473014,0.0156085,-0.07927501,0.000339297,-1.7151227,1.6748626,2.592356e-05,0.23533261,2.7402608,3.0005338,-0.2353796,0.1520454,0.16471963,0.12340949,0.054852374,inf,inf,inf,inf,inf,1,1,1,1,4,2,4,1,1,1,1,1,0,2,0,0,4.095961449010865,1
1572936000,1572932000,5764000,47.3979711740181,8.54616359846853,15.232339,2.0312383,-2.7098322,0.0,0.0,-0.2353796,1.2075683,3.9294403,0.1782528,0.16065735,-0.00081951654,-0.00039308443,4.1656196e-05,-3.096417,3.101172,0.0018677673,-0.07911592,0.00033932755,-1.7148559,1.6748626,2.5957375e-05,0.23533261,2.7389698,3.0024557,-0.2353796,0.15250374,0.16497737,0.124267995,0.054961223,inf,inf,inf,inf,inf,1,1,1,1,4,2,4,1,1,1,1,1,0,2,0,0,4.114668435139922,1
1572944000,1572940000,5764000,47.3979711740181,8.54616359846853,15.239422,2.065677,-2.7083216,0.0,0.0,-0.2353796,1.1815121,3.956748,0.17848606,0.16107456,-0.00081951654,-0.00039308443,4.1656196e-05,-3.053795,3.0442545,-0.025617888,-0.07887666,0.00033935814,-1.7145131,1.6748626,2.5991241e-05,0.23533261,2.7376502,3.0043795,-0.2353796,0.15296803,0.16523586,0.12512447,0.05507008,inf,inf,inf,inf,inf,1,1,1,1,4,2,4,1,1,1,1,1,0,2,0,0,4.133241204135652,1
1572952000,1572948000,5764000,47.3979711740181,8.54616359846853,15.246355,2.1002765,-2.7068105,0.0,0.0,-0.2353796,1.1558497,3.9835987,0.17861836,0.16138582,-0.00081951654,-0.00039308443,4.1656196e-05,-3.010541,2.9963295,-0.037314367,-0.07855282,0.00033938882,-1.7140895,1.6748626,2.602516e-05,0.23533261,2.736432,3.006245,-0.2353796,0.1534383,0.16531195,0.12597753,0.05515777,inf,inf,inf,inf,inf,1,1,1,1,4,2,4,1,1,1,1,1,0,2,0,0,4.151740797564423,1
1572960000,1572956000,5764000,47.3979711740181,8.54616359846853,15.253044,2.1350954,-2.7053413,0.0,0.0,-0.2353796,1.1305562,4.0100455,0.17868336,0.16158085,-0.00081951654,-0.00039308443,4.1656196e-05,-2.9577954,2.9496875,-0.043050848,-0.07814591,0.00032719533,-1.7135868,1.6748626,2.5666803e-05,0.23533261,2.7365224,3.007859,-0.2353796,0.15199149,0.16462061,0.123137064,0.054924194,inf,inf,inf,inf,inf,1,1,1,1,4,2,4,1,1,1,1,1,0,2,0,0,4.170197834224364,1
1572968000,1572964000,5764000,47.3979711740181,8.54616359846853,15.25959,2.1700687,-2.7038684,0.0,0.0,-0.2353796,1.1056914,4.0360675,0.17851414,0.16154258,-0.00081951654,-0.00039308443,4.1656196e-05,-2.9100673,2.9056146,-0.07157772,-0.07764905,0.00032722543,-1.7130014,1.6748626,2.5700776e-05,0.23533261,2.7351317,3.009788,-0.2353796,0.15245,0.16487819,0.123961374,0.055032577,inf,inf,inf,inf,inf,1,1,1,1,4,2,4,1,1,1,1,1,0,2,0,0,4.188587069021025,1
1572976000,1572972000,5764000,47.3979711740181,8.54616359846853,15.265993,2.2051928,-2.7023926,0.0,0.0,-0.2353796,1.0812141,4.0615273,0.17829959,0.16145979,-0.00081951654,-0.00039308443,4.1656196e-05,-2.8673038,2.8440816,-0.076488584,-0.07708064,0.00032725564,-1.7123482,1.6748626,2.5734807e-05,0.23533261,2.7337198,3.0117195,-0.2353796,0.15291442,0.16513655,0.12478188,0.05514082,inf,inf,inf,inf,inf,1,1,1,1,4,2,4,1,1,1,1,1,0,2,0,0,4.206758690782997,1
1572984000,1572980000,5764000,47.3979711740181,8.54616359846853,15.272258,2.2404644,-2.7009149,0.0,0.0,-0.2353796,1.0571069,4.0865545,0.1780345,0.16132715,-0.00081951654,-0.00039308443,4.1656196e-05,-2.8265584,2.7986455,-0.082024835,-0.076430194,0.00032728593,-1.7116168,1.6748626,2.576889e-05,0.23533261,2.7322886,3.0136533,-0.2353796,0.15338483,0.16539568,0.12559958,0.055248953,inf,inf,inf,inf,inf,1,1,1,1,4,2,4,1,1,1,1,1,0,2,0,0,4.224819400008491,1
1572992000,1572988000,5764000,47.3979711740181,8.54616359846853,15.27833,2.2759337,-2.6994977,0.0,0.0,-0.2353796,1.033399,4.111109,0.1776094,0.16097023,-0.00081951654,-0.00039308443,4.1656196e-05,-2.7753327,2.7441766,-0.09768176,-0.07570256,0.00031562618,-1.7108119,1.6748626,2.5430796e-05,0.23533261,2.7327816,3.015275,-0.2353796,0.15193895,0.16470312,0.12275603,0.05501205,inf,inf,inf,inf,inf,1,1,1,1,4,2,4,1,1,1,1,1,0,2,0,0,4.242720330407174,1
1573000000,1572996000,5764000,47.3979711740181,8.54616359846853,15.284268,2.3115432,-2.6980786,0.0,0.0,-0.2353796,1.0101303,4.1351924,0.17712262,0.16055441,-0.00081951654,-0.00039308443,4.1656196e-05,-2.725738,2.693735,-0.10471604,-0.07490356,0.00031565598,-1.7099409,1.6748626,2.5464926e-05,0.23533261,2.7313235,3.0172124,-0.2353796,0.15239765,0.16496086,0.123543754,0.055119522,inf,inf,inf,inf,inf,1,1,1,1,4,2,4,1,1,1,1,1,0,2,0,0,4.2604638046240355,1
1573008000,1573004000,5764000,47.3979711740181,8.54616359846853,15.290075,2.3472903,-2.6966524,0.0,0.0,-0.2353796,0.9872284,4.1588516,0.1765128,0.16002539,-0.00081951654,-0.00039308443,4.1656196e-05,-2.685015,2.6487813,-0.11959299,-0.07403702,0.00031568581,-1.7090061,1.6748626,2.5499117e-05,0.23533261,2.7296295,3.0190918,-0.2353796,0.1528622,0.16503713,0.1243287,0.055205937,inf,inf,inf,inf,inf,1,1,1,1,4,2,4,1,1,1,1,1,0,2,0,0,4.278063032863467,1
1573016000,1573012000,5764000,47.3979711740181,8.54616359846853,15.295752,2.3831723,-2.6952267,0.0,0.0,-0.2353796,0.96469635,4.1821337,0.17578405,0.1593797,-0.00081951654,-0.00039308443,4.1656196e-05,-2.643733,2.6097264,-0.13376819,-0.07309394,0.00031571582,-1.7079983,1.6748626,2.5533365e-05,0.23533261,2.7281435,3.021034,-0.2353796,0.15333271,0.16529612,0.12510982,0.055313114,inf,inf,inf,inf,inf,1,1,1,1,4,2,4,1,1,1,1,1,0,2,0,0,4.295553673813588,1
1573024000,1573020000,5764000,47.3979711740181,8.54616359846853,15.301264,2.419223,-2.6938648,0.0,0.0,-0.2353796,0.94251966,4.204934,0.17496453,0.15858011,-0.00081951654,-0.00039308443,4.1656196e-05,-2.5991535,2.557614,-0.14031817,-0.07209265,0.00030461766,-1.7069356,1.6748626,2.5214558e-05,0.23533261,2.7285855,3.0226648,-0.2353796,0.15188777,0.16460519,0.12227504,0.055073556,inf,inf,inf,inf,inf,1,1,1,1,4,2,4,1,1,1,1,1,0,2,0,0,4.31282109999947,1
1573032000,1573028000,5764000,47.3979711740181,8.54616359846853,15.30665,2.455402,-2.692504,0.0,0.0,-0.2353796,0.9206956,4.227295,0.1740944,0.15773411,-0.00081951654,-0.00039308443,4.1656196e-05,-2.5598543,2.5103333,-0.14606024,-0.0710207,0.00030464702,-1.7058092,1.6748626,2.524885e-05,0.23533261,2.727086,3.0246105,-0.2353796,0.15234664,0.16486283,0.1230284,0.055180006,inf,inf,inf,inf,inf,1,1,1,1,4,2,4,1,1,1,1,1,0,2,0,0,4.3298974889708095,1
1573040000,1573036000,5764000,47.3979711740181,8.54616359846853,15.3119135,2.491706,-2.6911445,0.0,0.0,-0.2353796,0.8992718,4.2491937,0.1731588,0.15682672,-0.00081951654,-0.00039308443,4.1656196e-05,-2.5144463,2.4602065,-0.15365098,-0.069881774,0.00030467645,-1.7046193,1.6748626,2.5283196e-05,0.23533261,2.7255778,3.0265589,-0.2353796,0.15281135,0.16512124,0.123778194,0.05528623,inf,inf,inf,inf,inf,1,1,1,1,4,2,4,1,1,1,1,1,0,2,0,0,4.346759809376678,1
1573048000,1573044000,5764000,47.3979711740181,8.54616359846853,15.317055,2.5281324,-2.6897879,0.0,0.0,-0.2353796,0.8782518,4.2707124,0.17214225,0.15584224,-0.00081951654,-0.00039308443,4.1656196e-05,-2.468427,2.420071,-0.16317609,-0.068678096,0.000304706,-1.703368,1.6748626,2.5317593e-05,0.23533261,2.7240622,3.0285096,-0.2353796,0.15328194,0.16538045,0.12452366,0.055392183,inf,inf,inf,inf,inf,1,1,1,1,4,2,4,1,1,1,1,1,0,2,0,0,4.3634783810570275,1
1573056000,1573052000,5764000,47.3979711740181,8.54616359846853,15.322078,2.564692,-2.6884866,0.0,0.0,-0.2353796,0.8576119,4.2918024,0.17106895,0.15474968,-0.00081951654,-0.00039308443,4.1656196e-05,-2.4262054,2.3758554,-0.16542757,-0.06741413,0.00029418393,-1.7020595,1.6748626,2.501702e-05,0.23533261,2.7241588,3.0300894,-0.2353796,0.15183794,0.16450772,0.12170669,0.055128764,inf,inf,inf,inf,inf,1,1,1,1,4,2,4,1,1,1,1,1,0,2,0,0,4.379992077312637,1
1573064000,1573060000,5764000,47.3979711740181,8.54616359846853,15.3269825,2.6013687,-2.6871881,0.0,0.0,-0.2353796,0.8373819,4.3124833,0.16988744,0.15355432,-0.00081951654,-0.00039308443,4.1656196e-05,-2.3791585,2.3317623,-0.17846188,-0.06609697,0.0002942131,-1.7007027,1.6748626,2.5051482e-05,0.23533261,2.7226408,3.0320437,-0.2353796,0.15229698,0.16476527,0.122425,0.05523394,inf,inf,inf,inf,inf,1,1,1,1,4,2,4,1,1,1,1,1,0,2,0,0,4.396314638591766,1
1573072000,1573068000,5764000,47.3979711740181,8.54616359846853,15.331773,2.6381588,-2.6858935,0.0,0.0,-0.2353796,0.8174813,4.332673,0.1687703,0.15242855,-0.00081951654,-0.00039308443,4.1656196e-05,-2.3420317,2.2772186,-0.1699156,-0.06472227,0.0002942423,-1.6992912,1.6748626,2.5085992e-05,0.23533261,2.7211192,3.0340009,-0.2353796,0.15276177,0.16502361,0.12313865,0.055338763,inf,inf,inf,inf,inf,1,1,1,1,4,2,4,1,1,1,1,1,0,2,0,0,4.412347948081699,1
1573080000,1573076000,5764000,47.3979711740181,8.54616359846853,15.336451,2.67506,-2.6846023,0.0,0.0,-0.2353796,0.79804057,4.352489,0.1676316,0.15128624,-0.00081951654,-0.00039308443,4.1656196e-05,-2.288447,2.2372015,-0.17210887,-0.06329215,0.0002942716,-1.6978273,1.6748626,2.5120564e-05,0.23533261,2.7195952,3.0359604,-0.2353796,0.15323241,0.16528271,0.12384808,0.055443306,inf,inf,inf,inf,inf,1,1,1,1,4,2,4,1,1,1,1,1,0,2,0,0,4.42821968739193,1
1573088000,1573084000,5764000,47.3979711740181,8.54616359846853,15.341041,2.7120578,-2.683371,0.0,0.0,-0.2353796,0.77895844,4.371768,0.1663383,0.1499347,-0.00081951654,-0.00039308443,4.1656196e-05,-2.2508245,2.182796,-0.18578021,-0.06182186,0.0002843316,-1.6963263,1.6748626,2.4837149e-05,0.23533261,2.719804,3.0376089,-0.2353796,0.15178943,0.16459204,0.12105792,0.055197865,inf,inf,inf,inf,inf,1,1,1,1,4,2,4,1,1,1,1,1,0,2,0,0,4.443737180247965,1
1573096000,1573092000,5764000,47.3979711740181,8.54616359846853,15.345522,2.7491608,-2.6821437,0.0,0.0,-0.2353796,0.76018417,4.390697,0.16503696,0.14858179,-0.00081951654,-0.00039308443,4.1656196e-05,-2.2159557,2.145286,-0.18640466,-0.060299322,0.0002843605,-1.6947783,1.6748626,2.4871773e-05,0.23533261,2.7182891,3.0395722,-0.2353796,0.15224859,0.16484982,0.1217411,0.055301476,inf,inf,inf,inf,inf,1,1,1,1,4,2,4,1,1,1,1,1,0,2,0,0,4.459073593953527,1
1573104000,1573100000,5764000,47.3979711740181,8.54616359846853,15.3498955,2.786366,-2.6809177,0.0,0.0,-0.2353796,0.74173766,4.409218,0.16364986,0.14715335,-0.00081951654,-0.00039308443,4.1656196e-05,-2.1784728,2.1004486,-0.1968392,-0.058727168,0.00028438942,-1.6931834,1.6748626,2.490645e-05,0.23533261,2.716658,3.0414782,-0.2353796,0.15271346,0.16492647,0.12242028,0.05538394,inf,inf,inf,inf,inf,1,1,1,1,4,2,4,1,1,1,1,1,0,2,0,0,4.474165777490179,1
1573112000,1573108000,5764000,47.3979711740181,8.54616359846853,15.354164,2.8236718,-2.6796975,0.0,0.0,-0.2353796,0.7236379,4.427375,0.16226241,0.14573061,-0.00081951654,-0.00039308443,4.1656196e-05,-2.1385188,2.0609827,-0.19649182,-0.05711741,0.00028441846,-1.6915535,1.6748626,2.4941184e-05,0.23533261,2.7151463,3.0434465,-0.2353796,0.15318407,0.16518553,0.12309471,0.055486917,inf,inf,inf,inf,inf,1,1,1,1,4,2,4,1,1,1,1,1,0,2,0,0,4.48905672615533,1
1573120000,1573116000,5764000,47.3979711740181,8.54616359846853,15.35833,2.8610747,-2.6784825,0.0,0.0,-0.2353796,0.7059147,4.445057,0.16090687,0.1443456,-0.00081951654,-0.00039308443,4.1656196e-05,-2.0947483,2.0074706,-0.19210762,-0.05546297,0.00028444748,-1.6898813,1.6748626,2.497597e-05,0.23533261,2.7136376,3.0454175,-0.2353796,0.1536605,0.16544536,0.12376515,0.055589557,inf,inf,inf,inf,inf,1,1,1,1,4,2,4,1,1,1,1,1,0,2,0,0,4.5036361218173795,1
1573128000,1573124000,5764000,47.3979711740181,8.54616359846853,15.362434,2.8985264,-2.6773233,0.0,0.0,-0.2353796,0.688631,4.462317,0.15944792,0.14280848,-0.00081951654,-0.00039308443,4.1656196e-05,-2.04834,1.9716489,-0.19897427,-0.053770363,0.00027493917,-1.6881733,1.6748626,2.4704426e-05,0.23533261,2.7136943,3.047076,-0.2353796,0.15219176,0.16475186,0.120945014,0.055338338,inf,inf,inf,inf,inf,1,1,1,1,4,2,4,1,1,1,1,1,0,2,0,0,4.517954105769814,1
1573136000,1573132000,5764000,47.3979711740181,8.54616359846853,15.36644,2.9360707,-2.6761708,0.0,0.0,-0.2353796,0.6716304,4.4792395,0.1579345,0.14122413,-0.00081951654,-0.00039308443,4.1656196e-05,-2.0159051,1.934761,-0.20552751,-0.052037798,0.00027496796,-1.6864321,1.6748626,2.4739278e-05,0.23533261,2.7122056,3.0490503,-0.2353796,0.1526564,0.16501033,0.12159005,0.055439968,inf,inf,inf,inf,inf,1,1,1,1,4,2,4,1,1,1,1,1,0,2,0,0,4.532065445120432,1
1573144000,1573140000,5764000,47.3979711740181,8.54616359846853,15.370347,2.9737055,-2.675024,0.0,0.0,-0.2353796,0.6549663,4.4957933,0.15650333,0.13972902,-0.00081951654,-0.00039308443,4.1656196e-05,-1.9767139,1.8939492,-0.19498587,-0.050277077,0.0002749968,-1.684665,1.6748626,2.4774186e-05,0.23533261,2.7107224,3.0510275,-0.2353796,0.15312672,0.1652696,0.12223019,0.05554117,inf,inf,inf,inf,inf,1,1,1,1,4,2,4,1,1,1,1,1,0,2,0,0,4.545946715785576,1
1573152000,1573148000,5764000,47.3979711740181,8.54616359846853,15.374159,3.0114288,-2.6738458,0.0,0.0,-0.2353796,0.6386103,4.5120125,0.15501836,0.13822505,-0.00081951654,-0.00039308443,4.1656196e-05,-1.9410284,1.8571872,-0.20236474,-0.048489854,0.0002750256,-1.6828734,1.6748626,2.4809142e-05,0.23533261,2.7080743,3.0529468,-0.2353796,0.15360273,0.16534637,0.12286546,0.055620875,inf,inf,inf,inf,inf,1,1,1,1,4,2,4,1,1,1,1,1,0,2,0,0,4.559617375105002,1
1573160000,1573156000,5764000,47.3979711740181,8.54616359846853,15.377947,3.0491645,-2.672721,0.0,0.0,-0.2353796,0.6226126,4.52777,0.15344991,0.13659266,-0.00081951654,-0.00039308443,4.1656196e-05,-1.907318,1.819944,-0.2064076,-0.04665883,0.00026612217,-1.6810399,1.6748626,2.4553294e-05,0.23533261,2.708021,3.0546143,-0.2353796,0.15213631,0.1646544,0.1200941,0.05536743,inf,inf,inf,inf,inf,1,1,1,1,4,2,4,1,1,1,1,1,0,2,0,0,4.572952492368335,1
1573168000,1573164000,5764000,47.3979711740181,8.54616359846853,15.38164,3.0869842,-2.6716037,0.0,0.0,-0.2353796,0.6069412,4.543167,0.15189172,0.13497719,-0.00081951654,-0.00039308443,4.1656196e-05,-1.8689334,1.7793071,-0.20498036,-0.044796657,0.0002661507,-1.6791829,1.6748626,2.458831e-05,0.23533261,2.7065685,3.056597,-0.2353796,0.1526007,0.16491282,0.12070688,0.05546735,inf,inf,inf,inf,inf,1,1,1,1,4,2,4,1,1,1,1,1,0,2,0,0,4.58604569370509,1
1573176000,1573172000,5764000,47.3979711740181,8.54616359846853,15.385243,3.1248858,-2.6704946,0.0,0.0,-0.2353796,0.59155554,4.558178,0.15028803,0.13332264,-0.00081951654,-0.00039308443,4.1656196e-05,-1.8355683,1.7353915,-0.21051522,-0.04290626,0.00026617933,-1.6772995,1.6748626,2.462339e-05,0.23533261,2.7051246,3.0585823,-0.2353796,0.15307067,0.16517203,0.121315114,0.055566836,inf,inf,inf,inf,inf,1,1,1,1,4,2,4,1,1,1,1,1,0,2,0,0,4.5988597639577975,1
1573184000,1573180000,5764000,47.3979711740181,8.54616359846853,15.388757,3.1628668,-2.6693935,0.0,0.0,-0.2353796,0.5764959,4.5729365,0.1486695,0.13165946,-0.00081951654,-0.00039308443,4.1656196e-05,-1.7971027,1.7081097,-0.21221161,-0.040992398,0.00026620802,-1.6753943,1.6748626,2.4658526e-05,0.23533261,2.7036896,3.0605702,-0.2353796,0.15354624,0.16543205,0.12191928,0.055665918,inf,inf,inf,inf,inf,1,1,1,1,4,2,4,1,1,1,1,1,0,2,0,0,4.611528854510108,1
1573192000,1573188000,5764000,47.3979711740181,8.54616359846853,15.392268,3.2008367,-2.6683536,0.0,0.0,-0.2353796,0.56185365,4.5872107,0.14703745,0.12993126,-0.00081951654,-0.00039308443,4.1656196e-05,-1.7579492,1.6697309,-0.20666699,-0.03906096,0.00025788663,-1.6734731,1.6748626,2.4417193e-05,0.23533261,2.7038903,3.0622454,-0.2353796,0.1520822,0.16473871,0.1192017,0.05540983,inf,inf,inf,inf,inf,1,1,1,1,4,2,4,1,1,1,1,1,0,2,0,0,4.623829748370426,1
1573200000,1573196000,5764000,47.3979711740181,8.54616359846853,15.395693,3.2388825,-2.6673212,0.0,0.0,-0.2353796,0.5474528,4.6011863,0.14537689,0.12818226,-0.00081951654,-0.00039308443,4.1656196e-05,-1.7296456,1.6360406,-0.2102442,-0.037104104,0.000257915,-1.6715341,1.6748626,2.4452387e-05,0.23533261,2.7024884,3.0642362,-0.2353796,0.15254632,0.16499735,0.11978358,0.055507943,inf,inf,inf,inf,inf,1,1,1,1,4,2,4,1,1,1,1,1,0,2,0,0,4.635920013943467,1
1573208000,1573204000,5764000,47.3979711740181,8.54616359846853,15.399032,3.2770026,-2.666305,0.0,0.0,-0.2353796,0.533415,4.614799,0.14377362,0.12649025,-0.00081951654,-0.00039308443,4.1656196e-05,-1.6860853,1.5942338,-0.20290118,-0.035139203,0.00025794347,-1.6695883,1.6748626,2.4487636e-05,0.23533261,2.7013352,3.0661695,-0.2353796,0.1530159,0.16507442,0.12036132,0.055584714,inf,inf,inf,inf,inf,1,1,1,1,4,2,4,1,1,1,1,1,0,2,0,0,4.647749157004269,1
1573216000,1573212000,5764000,47.3979711740181,8.54616359846853,15.402288,3.3151941,-2.6652966,0.0,0.0,-0.2353796,0.51969,4.6280947,0.14220487,0.12484027,-0.00081951654,-0.00039308443,4.1656196e-05,-1.6487799,1.5580064,-0.19859056,-0.033161167,0.0002579719,-1.6676307,1.6748626,2.4522935e-05,0.23533261,2.699955,3.068165,-0.2353796,0.15349099,0.16533439,0.12093482,0.055682022,inf,inf,inf,inf,inf,1,1,1,1,4,2,4,1,1,1,1,1,0,2,0,0,4.659351937053028,1
1573224000,1573220000,5764000,47.3979711740181,8.54616359846853,15.405562,3.3533514,-2.6643462,0.0,0.0,-0.2353796,0.50627613,4.640902,0.14065175,0.123156704,-0.00081951654,-0.00039308443,4.1656196e-05,-1.6242912,1.5204761,-0.18927547,-0.031162364,0.00025020793,-1.6656535,1.6748626,2.429506e-05,0.23533261,2.7001727,3.0698488,-0.2353796,0.15202941,0.16464256,0.118274026,0.055424117,inf,inf,inf,inf,inf,1,1,1,1,4,2,4,1,1,1,1,1,0,2,0,0,4.670553479855449,1
1573232000,1573228000,5764000,47.3979711740181,8.54616359846853,15.408754,3.3915768,-2.6634026,0.0,0.0,-0.2353796,0.49310684,4.6534104,0.13910595,0.12148934,-0.00081951654,-0.00039308443,4.1656196e-05,-1.595077,1.4859346,-0.18854298,-0.029152354,0.0002502361,-1.6636728,1.6748626,2.4330413e-05,0.23533261,2.698829,3.0718472,-0.2353796,0.15249318,0.16490117,0.11882601,0.055520438,inf,inf,inf,inf,inf,1,1,1,1,4,2,4,1,1,1,1,1,0,2,0,0,4.681531071327878,1
1573240000,1573236000,5764000,47.3979711740181,8.54616359846853,15.411867,3.4298685,-2.6624665,0.0,0.0,-0.2353796,0.4803006,4.6656737,0.13754155,0.119812,-0.00081951654,-0.00039308443,4.1656196e-05,-1.5510268,1.458011,-0.19103473,-0.027131341,0.00025026433,-1.6616822,1.6748626,2.4365825e-05,0.23533261,2.6974964,3.0738482,-0.2353796,0.15296234,0.16516057,0.119373925,0.055616282,inf,inf,inf,inf,inf,1,1,1,1,4,2,4,1,1,1,1,1,0,2,0,0,4.692346685743548,1
1573248000,1573244000,5764000,47.3979711740181,8.54616359846853,15.414903,3.4682252,-2.6615376,0.0,0.0,-0.2353796,0.4676861,4.677698,0.13593973,0.11810558,-0.00081951654,-0.00039308443,4.1656196e-05,-1.5283462,1.4307951,-0.19587435,-0.025102941,0.00025029268,-1.6596853,1.6748626,2.4401295e-05,0.23533261,2.6961758,3.0758517,-0.2353796,0.15343691,0.16542077,0.11991841,0.055711735,inf,inf,inf,inf,inf,1,1,1,1,4,2,4,1,1,1,1,1,0,2,0,0,4.702985060313257,1
1573256000,1573252000,5764000,47.3979711740181,8.54616359846853,15.417967,3.5065393,-2.6606565,0.0,0.0,-0.2353796,0.45540556,4.6892495,0.134349,0.11637309,-0.00081951654,-0.00039308443,4.1656196e-05,-1.501565,1.3951814,-0.18726568,-0.023076076,0.0002430594,-1.6576906,1.6748626,2.4185838e-05,0.23533261,2.6961036,3.0774827,-0.2353796,0.15197788,0.1645469,0.11731767,0.055430997,inf,inf,inf,inf,inf,1,1,1,1,4,2,4,1,1,1,1,1,0,2,0,0,4.713226575407782,1
1573264000,1573260000,5764000,47.3979711740181,8.54616359846853,15.420955,3.5449152,-2.659782,0.0,0.0,-0.2353796,0.4434099,4.700528,0.13279304,0.11468468,-0.00081951654,-0.00039308443,4.1656196e-05,-1.4668262,1.3630049,-0.183254,-0.02104439,0.00024308753,-1.6556988,1.6748626,2.4221365e-05,0.23533261,2.6948223,3.0794885,-0.2353796,0.1524413,0.16480547,0.117843434,0.055525593,inf,inf,inf,inf,inf,1,1,1,1,4,2,4,1,1,1,1,1,0,2,0,0,4.723262623407093,1
1573272000,1573268000,5764000,47.3979711740181,8.54616359846853,15.423868,3.5833511,-2.658915,0.0,0.0,-0.2353796,0.43165442,4.711491,0.13124987,0.11301812,-0.00081951654,-0.00039308443,4.1656196e-05,-1.4376575,1.3255308,-0.18197158,-0.019017735,0.0002431158,-1.6537125,1.6748626,2.4256959e-05,0.23533261,2.6935534,3.0814967,-0.2353796,0.15290998,0.16506483,0.11836453,0.055619687,inf,inf,inf,inf,inf,1,1,1,1,4,2,4,1,1,1,1,1,0,2,0,0,4.733043366562528,1
1573280000,1573276000,5764000,47.3979711740181,8.54616359846853,15.426708,3.6218448,-2.6580553,0.0,0.0,-0.2353796,0.42017636,4.722229,0.12973647,0.11139001,-0.00081951654,-0.00039308443,4.1656196e-05,-1.4038223,1.2992082,-0.17856246,-0.016986689,0.00024314402,-1.6517227,1.6748626,2.4292598e-05,0.23533261,2.6922972,3.083507,-0.2353796,0.15338396,0.165325,0.11888171,0.055713374,inf,inf,inf,inf,inf,1,1,1,1,4,2,4,1,1,1,1,1,0,2,0,0,4.742660271787544,1
1573288000,1573284000,5764000,47.3979711740181,8.54616359846853,15.429595,3.66028,-2.6572552,0.0,0.0,-0.2353796,0.40902153,4.73258,0.12817359,0.109662764,-0.00081951654,-0.00039308443,4.1656196e-05,-1.3783177,1.275782,-0.17740624,-0.014962064,0.00023641312,-1.6497399,1.6748626,2.4088627e-05,0.23533261,2.6926868,3.085205,-0.2353796,0.15192758,0.16463321,0.116342366,0.055451922,inf,inf,inf,inf,inf,1,1,1,1,4,2,4,1,1,1,1,1,0,2,0,0,4.751951234764202,1
1573296000,1573292000,5764000,47.3979711740181,8.54616359846853,15.432409,3.6987712,-2.6564612,0.0,0.0,-0.2353796,0.39813793,4.742692,0.12664308,0.107978046,-0.00081951654,-0.00039308443,4.1656196e-05,-1.3448347,1.247043,-0.17384532,-0.012924816,0.0002364411,-1.6477528,1.6748626,2.412432e-05,0.23533261,2.6914716,3.0872178,-0.2353796,0.15239057,0.16489202,0.11684241,0.05554478,inf,inf,inf,inf,inf,1,1,1,1,4,2,4,1,1,1,1,1,0,2,0,0,4.761058673013867,1
1573304000,1573300000,5764000,47.3979711740181,8.54616359846853,15.435155,3.7373164,-2.6556635,0.0,0.0,-0.2353796,0.38741735,4.752526,0.12508248,0.10628473,-0.00081951654,-0.00039308443,4.1656196e-05,-1.3248881,1.2134463,-0.17835805,-0.010901435,0.00023646925,-1.6457798,1.6748626,2.4160083e-05,0.23533261,2.689912,3.0891726,-0.2353796,0.15285873,0.16496961,0.1173392,0.05561631,inf,inf,inf,inf,inf,1,1,1,1,4,2,4,1,1,1,1,1,0,2,0,0,4.769930944003274,1
1573312000,1573308000,5764000,47.3979711740181,8.54616359846853,15.437832,3.7759142,-2.6548724,0.0,0.0,-0.2353796,0.37692663,4.762148,0.12358356,0.104662225,-0.00081951654,-0.00039308443,4.1656196e-05,-1.2965807,1.1881044,-0.17109326,-0.008895812,0.00023649745,-1.6438249,1.6748626,2.4195899e-05,0.23533261,2.6887221,3.0911894,-0.2353796,0.15333208,0.16522974,0.11783276,0.05570839,inf,inf,inf,inf,inf,1,1,1,1,4,2,4,1,1,1,1,1,0,2,0,0,4.77863999006092,1
1573320000,1573316000,5764000,47.3979711740181,8.54616359846853,15.440561,3.8144317,-2.6541467,0.0,0.0,-0.2353796,0.36679435,4.771344,0.122029245,0.10292877,-0.00081951654,-0.00039308443,4.1656196e-05,-1.2655758,1.1622586,-0.17004879,-0.0068928623,0.00023023934,-1.641873,1.6748626,2.4002526e-05,0.23533261,2.6893554,3.0928946,-0.2353796,0.15187843,0.16453938,0.11535616,0.05544586,inf,inf,inf,inf,inf,1,1,1,1,4,2,4,1,1,1,1,1,0,2,0,0,4.7869774177619835,1
1573328000,1573324000,5764000,47.3979711740181,8.54616359846853,15.443223,3.8529997,-2.6534276,0.0,0.0,-0.2353796,0.35685346,4.7803354,0.12052905,0.10126018,-0.00081951654,-0.00039308443,4.1656196e-05,-1.2416921,1.1370258,-0.16392906,-0.0048892666,0.00023026743,-1.6399308,1.6748626,2.4038407e-05,0.23533261,2.6882088,3.0949135,-0.2353796,0.15234096,0.16479816,0.11583351,0.055537105,inf,inf,inf,inf,inf,1,1,1,1,4,2,4,1,1,1,1,1,0,2,0,0,4.795151528398351,1
1573336000,1573332000,5764000,47.3979711740181,8.54616359846853,15.44582,3.8916166,-2.6527147,0.0,0.0,-0.2353796,0.34715772,4.78912,0.119059496,0.09963266,-0.00081951654,-0.00039308443,4.1656196e-05,-1.2111006,1.1115185,-0.16072252,-0.0029030633,0.00023029545,-1.6380061,1.6748626,2.4074334e-05,0.23533261,2.6870759,3.0969343,-0.2353796,0.15280858,0.16505775,0.116307795,0.055627983,inf,inf,inf,inf,inf,1,1,1,1,4,2,4,1,1,1,1,1,0,2,0,0,4.80316187740361,1
1573344000,1573340000,5764000,47.3979711740181,8.54616359846853,15.448352,3.9302814,-2.652008,0.0,0.0,-0.2353796,0.33761802,4.7976866,0.117605366,0.098030664,-0.00081951654,-0.00039308443,4.1656196e-05,-1.191656,1.0846565,-0.15939957,-0.0009384931,0.00023032352,-1.6361029,1.6748626,2.4110315e-05,0.23533261,2.6859562,3.0989575,-0.2353796,0.15328127,0.16531813,0.116778396,0.055718437,inf,inf,inf,inf,inf,1,1,1,1,4,2,4,1,1,1,1,1,0,2,0,0,4.810988844443549,1
1573352000,1573348000,5764000,47.3979711740181,8.54616359846853,15.450953,3.9688523,-2.651373,0.0,0.0,-0.2353796,0.328409,4.8058443,0.116115645,0.0963309,-0.00081951654,-0.00039308443,4.1656196e-05,-1.165221,1.0604815,-0.15554623,0.0010035441,0.00022450917,-1.6342223,1.6748626,2.3926732e-05,0.23533261,2.6868846,3.1006086,-0.2353796,0.15183042,0.16444603,0.11436507,0.05543383,inf,inf,inf,inf,inf,1,1,1,1,4,2,4,1,1,1,1,1,0,2,0,0,4.818451488822655,1
1573360000,1573356000,5764000,47.3979711740181,8.54616359846853,15.453489,4.007469,-2.650743,0.0,0.0,-0.2353796,0.31940338,4.81378,0.114680074,0.09469724,-0.00081951654,-0.00039308443,4.1656196e-05,-1.139454,1.0323324,-0.14958996,0.0029473323,0.00022453706,-1.6323494,1.6748626,2.396277e-05,0.23533261,2.6858096,3.1026335,-0.2353796,0.15229245,0.16470475,0.11482072,0.055523552,inf,inf,inf,inf,inf,1,1,1,1,4,2,4,1,1,1,1,1,0,2,0,0,4.825727709571694,1
1573368000,1573364000,5764000,47.3979711740181,8.54616359846853,15.455963,4.0461307,-2.6501184,0.0,0.0,-0.2353796,0.31054726,4.8216124,0.11324134,0.09307199,-0.00081951654,-0.00039308443,4.1656196e-05,-1.1204555,1.0191432,-0.15077552,0.0048707435,0.00022456508,-1.6304965,1.6748626,2.3998873e-05,0.23533261,2.6847475,3.10466,-0.2353796,0.15275946,0.1649643,0.11527298,0.055612862,inf,inf,inf,inf,inf,1,1,1,1,4,2,4,1,1,1,1,1,0,2,0,0,4.832929684737019,1
1573376000,1573372000,5764000,47.3979711740181,8.54616359846853,15.458377,4.084836,-2.649499,0.0,0.0,-0.2353796,0.30185422,4.829263,0.11187681,0.09153218,-0.00081951654,-0.00039308443,4.1656196e-05,-1.0997746,0.9960606,-0.14226744,0.0067659765,0.00022459323,-1.6286714,1.6748626,2.4035031e-05,0.23533261,2.683698,3.1066885,-0.2353796,0.15323143,0.16522466,0.115722425,0.05570178,inf,inf,inf,inf,inf,1,1,1,1,4,2,4,1,1,1,1,1,0,2,0,0,4.839980734870396,1
1573384000,1573380000,5764000,47.3979711740181,8.54616359846853,15.460731,4.1235843,-2.6488848,0.0,0.0,-0.2353796,0.2933884,4.8367214,0.110516585,0.09000757,-0.00081951654,-0.00039308443,4.1656196e-05,-1.0710567,0.97160155,-0.14248116,0.008645262,0.00022462128,-1.626862,1.6748626,2.4071232e-05,0.23533261,2.6826606,3.108719,-0.2353796,0.1537084,0.16548581,0.116169095,0.055790316,inf,inf,inf,inf,inf,1,1,1,1,4,2,4,1,1,1,1,1,0,2,0,0,4.8468716271459655,1
1573392000,1573388000,5764000,47.3979711740181,8.54616359846853,15.463173,4.1622066,-2.648325,0.0,0.0,-0.2353796,0.28519902,4.8437243,0.10914516,0.08842657,-0.00081951654,-0.00039308443,4.1656196e-05,-1.0524595,0.94358176,-0.1361058,0.010491892,0.00021917863,-1.6250846,1.6748626,2.3894092e-05,0.23533261,2.683173,3.1104355,-0.2353796,0.15223545,0.16479097,0.11378037,0.055522934,inf,inf,inf,inf,inf,1,1,1,1,4,2,4,1,1,1,1,1,0,2,0,0,4.853340729989074,1
1573400000,1573396000,5764000,47.3979711740181,8.54616359846853,15.465556,4.2008705,-2.6477695,0.0,0.0,-0.2353796,0.27714857,4.8505745,0.107810244,0.0868942,-0.00081951654,-0.00039308443,4.1656196e-05,-1.0344001,0.9234737,-0.13247783,0.012324437,0.00021920665,-1.6233312,1.6748626,2.3930359e-05,0.23533261,2.6821773,3.1124673,-0.2353796,0.1527016,0.16505075,0.114214174,0.055610854,inf,inf,inf,inf,inf,1,1,1,1,4,2,4,1,1,1,1,1,0,2,0,0,4.859681816602259,1
1573408000,1573404000,5764000,47.3979711740181,8.54616359846853,15.46788,4.239575,-2.6472216,0.0,0.0,-0.2353796,0.26929334,4.8572674,0.106582046,0.08547638,-0.00081951654,-0.00039308443,4.1656196e-05,-1.0093312,0.90265876,-0.11995527,0.0141222365,0.00021923473,-1.621612,1.6748626,2.396668e-05,0.23533261,2.6813142,3.1144407,-0.2353796,0.15317264,0.16512877,0.11464519,0.055677287,inf,inf,inf,inf,inf,1,1,1,1,4,2,4,1,1,1,1,1,0,2,0,0,4.865894083372619,1
1573416000,1573412000,5764000,47.3979711740181,8.54616359846853,15.470148,4.2783184,-2.6466775,0.0,0.0,-0.2353796,0.26160374,4.8638024,0.105385914,0.08410218,-0.00081951654,-0.00039308443,4.1656196e-05,-0.98795253,0.881859,-0.11684093,0.015901864,0.00021926283,-1.6199102,1.6748626,2.4003057e-05,0.23533261,2.6803432,3.116476,-0.2353796,0.15364856,0.16538988,0.11507327,0.05576447,inf,inf,inf,inf,inf,1,1,1,1,4,2,4,1,1,1,1,1,0,2,0,0,4.8719725465048915,1
1573424000,1573420000,5764000,47.3979711740181,8.54616359846853,15.472518,4.3169117,-2.6461844,0.0,0.0,-0.2353796,0.2541854,4.8699555,0.1040889,0.08258425,-0.00081951654,-0.00039308443,4.1656196e-05,-0.970554,0.86559755,-0.12174341,0.017656075,0.00021421956,-1.618233,1.6748626,2.3834604e-05,0.23533261,2.6808665,3.1181977,-0.2353796,0.15217967,0.16469647,0.112751134,0.055496827,inf,inf,inf,inf,inf,1,1,1,1,4,2,4,1,1,1,1,1,0,2,0,0,4.877695284522868,1
1573432000,1573428000,5764000,47.3979711740181,8.54616359846853,15.474832,4.3555436,-2.6456947,0.0,0.0,-0.2353796,0.2468861,4.875911,0.102817714,0.0811048,-0.00081951654,-0.00039308443,4.1656196e-05,-0.954615,0.83911264,-0.119592056,0.0193888,0.00021424757,-1.6165884,1.6748626,2.3871042e-05,0.23533261,2.6799362,3.120234,-0.2353796,0.15264496,0.1649562,0.11316689,0.05558339,inf,inf,inf,inf,inf,1,1,1,1,4,2,4,1,1,1,1,1,0,2,0,0,4.883239939692335,1
1573440000,1573436000,5764000,47.3979711740181,8.54616359846853,15.477089,4.394213,-2.6452088,0.0,0.0,-0.2353796,0.23978205,4.8817444,0.101618186,0.07970931,-0.00081951654,-0.00039308443,4.1656196e-05,-0.9291877,0.8219437,-0.11168047,0.021096181,0.00021427558,-1.6149682,1.6748626,2.3907523e-05,0.23533261,2.6790173,3.1222723,-0.2353796,0.15311503,0.16521673,0.11358055,0.055669636,inf,inf,inf,inf,inf,1,1,1,1,4,2,4,1,1,1,1,1,0,2,0,0,4.888685925088612,1
1573448000,1573444000,5764000,47.3979711740181,8.54616359846853,15.479292,4.43292,-2.6447258,0.0,0.0,-0.2353796,0.23277523,4.887469,0.10043231,0.078339405,-0.00081951654,-0.00039308443,4.1656196e-05,-0.9160083,0.80659163,-0.11099735,0.02277048,0.00021430365,-1.6133802,1.6748626,2.394406e-05,0.23533261,2.67811,3.1243124,-0.2353796,0.15358987,0.16547807,0.11399154,0.055755522,inf,inf,inf,inf,inf,1,1,1,1,4,2,4,1,1,1,1,1,0,2,0,0,4.894039658866129,1
1573456000,1573452000,5764000,47.3979711740181,8.54616359846853,15.481628,4.471475,-2.6442847,0.0,0.0,-0.2353796,0.22608694,4.8928094,0.09919685,0.076887324,-0.00081951654,-0.00039308443,4.1656196e-05,-0.8963907,0.78807056,-0.11023087,0.024407815,0.00020963135,-1.6118281,1.6748626,2.3783632e-05,0.23533261,2.6784027,3.125978,-0.2353796,0.15212506,0.16460237,0.111734495,0.055466436,inf,inf,inf,inf,inf,1,1,1,1,4,2,4,1,1,1,1,1,0,2,0,0,4.899034511433538,1
1573464000,1573460000,5764000,47.3979711740181,8.54616359846853,15.48391,4.5100675,-2.643846,0.0,0.0,-0.2353796,0.21955775,4.898013,0.098088525,0.07557506,-0.00081951654,-0.00039308443,4.1656196e-05,-0.87500924,0.76838744,-0.095522955,0.02601762,0.0002096594,-1.6103121,1.6748626,2.3820234e-05,0.23533261,2.6775339,3.1280186,-0.2353796,0.15258947,0.16486204,0.11213493,0.05555183,inf,inf,inf,inf,inf,1,1,1,1,4,2,4,1,1,1,1,1,0,2,0,0,4.903912551472624,1
1573472000,1573468000,5764000,47.3979711740181,8.54616359846853,15.486136,4.548695,-2.6434097,0.0,0.0,-0.2353796,0.21316817,4.9031615,0.09693453,0.07422944,-0.00081951654,-0.00039308443,4.1656196e-05,-0.8561131,0.7589791,-0.102381214,0.027600102,0.0002096875,-1.6088222,1.6748626,2.3856885e-05,0.23533261,2.6766763,3.130061,-0.2353796,0.15305854,0.16512252,0.11253299,0.055636883,inf,inf,inf,inf,inf,1,1,1,1,4,2,4,1,1,1,1,1,0,2,0,0,4.908750316209791,1
1573480000,1573476000,5764000,47.3979711740181,8.54616359846853,15.488311,4.587359,-2.6429763,0.0,0.0,-0.2353796,0.2069244,4.908214,0.095827356,0.0729426,-0.00081951654,-0.00039308443,4.1656196e-05,-0.83644855,0.74458796,-0.09765289,0.029145695,0.00020971555,-1.6073682,1.6748626,2.3893586e-05,0.23533261,2.6758294,3.1321049,-0.2353796,0.15353228,0.1653838,0.11292904,0.055721622,inf,inf,inf,inf,inf,1,1,1,1,4,2,4,1,1,1,1,1,0,2,0,0,4.913508447053827,1
1573488000,1573484000,5764000,47.3979711740181,8.54616359846853,15.490633,4.6258535,-2.6425838,0.0,0.0,-0.2353796,0.20100665,4.9128304,0.09467339,0.071575545,-0.00081951654,-0.00039308443,4.1656196e-05,-0.8176632,0.7206094,-0.09617581,0.030655501,0.00020538704,-1.6059484,1.6748626,2.374057e-05,0.23533261,2.6761973,3.1338348,-0.2353796,0.1520716,0.16469035,0.11073458,0.055453487,inf,inf,inf,inf,inf,1,1,1,1,4,2,4,1,1,1,1,1,0,2,0,0,4.9178520985571,1
1573496000,1573492000,5764000,47.3979711740181,8.54616359846853,15.492902,4.6643834,-2.6421943,0.0,0.0,-0.2353796,0.19521414,4.917307,0.09352737,0.07022919,-0.00081951654,-0.00039308443,4.1656196e-05,-0.80006504,0.699933,-0.096473835,0.03213556,0.00020541511,-1.6045668,1.6748626,2.3777335e-05,0.23533261,2.6753883,3.1358793,-0.2353796,0.1525351,0.16495025,0.11112086,0.055537764,inf,inf,inf,inf,inf,1,1,1,1,4,2,4,1,1,1,1,1,0,2,0,0,4.922069083388007,1
1573504000,1573500000,5764000,47.3979711740181,8.54616359846853,15.495118,4.7029476,-2.6418042,0.0,0.0,-0.2353796,0.18950018,4.9217167,0.09249691,0.0690132,-0.00081951654,-0.00039308443,4.1656196e-05,-0.78836614,0.68846387,-0.08334545,0.03357792,0.0002054432,-1.6032214,1.6748626,2.381414e-05,0.23533261,2.674515,3.1378653,-0.2353796,0.15300316,0.1650287,0.11150508,0.055600606,inf,inf,inf,inf,inf,1,1,1,1,4,2,4,1,1,1,1,1,0,2,0,0,4.926231954713305,1
1573512000,1573508000,5764000,47.3979711740181,8.54616359846853,15.497283,4.7415457,-2.6414165,0.0,0.0,-0.2353796,0.18387823,4.9260697,0.0914405,0.06778318,-0.00081951654,-0.00039308443,4.1656196e-05,-0.775002,0.6783125,-0.08781812,0.034974076,0.0002054713,-1.6019207,1.6748626,2.3851002e-05,0.23533261,2.673726,3.1399128,-0.2353796,0.15347579,0.16528992,0.11188719,0.055684265,inf,inf,inf,inf,inf,1,1,1,1,4,2,4,1,1,1,1,1,0,2,0,0,4.930348391114595,1
1573520000,1573516000,5764000,47.3979711740181,8.54616359846853,15.4995985,4.7799964,-2.6410732,0.0,0.0,-0.2353796,0.17860092,4.9300985,0.09036808,0.06649997,-0.00081951654,-0.00039308443,4.1656196e-05,-0.7540856,0.6646757,-0.08249515,0.03633561,0.00020146112,-1.6006529,1.6748626,2.3704833e-05,0.23533261,2.6742644,3.1416466,-0.2353796,0.1520192,0.16459787,0.10975416,0.0554165,inf,inf,inf,inf,inf,1,1,1,1,4,2,4,1,1,1,1,1,0,2,0,0,4.934160100585507,1
1573528000,1573524000,5764000,47.3979711740181,8.54616359846853,15.501861,4.818481,-2.6407313,0.0,0.0,-0.2353796,0.17339858,4.9340057,0.089401245,0.06533519,-0.00081951654,-0.00039308443,4.1656196e-05,-0.7423472,0.6457525,-0.07069064,0.037671193,0.00020148925,-1.5994174,1.6748626,2.3741755e-05,0.23533261,2.6735117,3.1436946,-0.2353796,0.15248176,0.1648577,0.11012813,0.055499833,inf,inf,inf,inf,inf,1,1,1,1,4,2,4,1,1,1,1,1,0,2,0,0,4.937861065054996,1
1573536000,1573532000,5764000,47.3979711740181,8.54616359846853,15.504072,4.856999,-2.6403904,0.0,0.0,-0.2353796,0.1682981,4.937843,0.08838971,0.06413818,-0.00081951654,-0.00039308443,4.1656196e-05,-0.7273238,0.6333978,-0.07763551,0.03896731,0.00020151732,-1.5982199,1.6748626,2.377872e-05,0.23533261,2.6727684,3.145744,-0.2353796,0.1529488,0.16511835,0.110500075,0.05558285,inf,inf,inf,inf,inf,1,1,1,1,4,2,4,1,1,1,1,1,0,2,0,0,4.941500833142346,1
1573544000,1573540000,5764000,47.3979711740181,8.54616359846853,15.506234,4.89555,-2.6400514,0.0,0.0,-0.2353796,0.1632429,4.941589,0.08741883,0.06299394,-0.00081951654,-0.00039308443,4.1656196e-05,-0.71944374,0.6184735,-0.07387343,0.040222857,0.00020154555,-1.597061,1.6748626,2.3815748e-05,0.23533261,2.672034,3.147795,-0.2353796,0.1534203,0.16537979,0.110870264,0.055665556,inf,inf,inf,inf,inf,1,1,1,1,4,2,4,1,1,1,1,1,0,2,0,0,4.94505734457751,1
1573552000,1573548000,5764000,47.3979711740181,8.54616359846853,15.50855,4.933943,-2.6397471,0.0,0.0,-0.2353796,0.15849544,4.9450593,0.08645358,0.0618267,-0.00081951654,-0.00039308443,4.1656196e-05,-0.7036431,0.61102057,-0.065940425,0.041440584,0.0001978296,-1.5959384,1.6748626,2.36759e-05,0.23533261,2.6723647,3.1494722,-0.2353796,0.15196785,0.16450574,0.10879579,0.055376787,inf,inf,inf,inf,inf,1,1,1,1,4,2,4,1,1,1,1,1,0,2,0,0,4.948353918881722,1
1573560000,1573556000,5764000,47.3979711740181,8.54616359846853,15.510816,4.972369,-2.6394439,0.0,0.0,-0.2353796,0.15385224,4.9484787,0.08548752,0.060671363,-0.00081951654,-0.00039308443,4.1656196e-05,-0.6878373,0.6004265,-0.06752973,0.04261379,0.00019785772,-1.5948663,1.6748626,2.3712975e-05,0.23533261,2.6716645,3.1515234,-0.2353796,0.15242946,0.1647655,0.10915803,0.0554592,inf,inf,inf,inf,inf,1,1,1,1,4,2,4,1,1,1,1,1,0,2,0,0,4.951607826977259,1
1573568000,1573564000,5764000,47.3979711740181,8.54616359846853,15.513031,5.0108285,-2.6391416,0.0,0.0,-0.2353796,0.14933977,4.9518056,0.084594324,0.05960124,-0.00081951654,-0.00039308443,4.1656196e-05,-0.6688083,0.58481526,-0.059871465,0.04375789,0.00019788598,-1.5938213,1.6748626,2.3750108e-05,0.23533261,2.6709719,3.1535757,-0.2353796,0.15289544,0.16502608,0.10951872,0.055541337,inf,inf,inf,inf,inf,1,1,1,1,4,2,4,1,1,1,1,1,0,2,0,0,4.954779234915319,1
1573576000,1573572000,5764000,47.3979711740181,8.54616359846853,15.515197,5.04932,-2.6388402,0.0,0.0,-0.2353796,0.14483184,4.9550805,0.08371992,0.05856189,-0.00081951654,-0.00039308443,4.1656196e-05,-0.6656343,0.57444507,-0.058933157,0.04485369,0.00019791417,-1.5928228,1.6748626,2.3787283e-05,0.23533261,2.6702871,3.1556294,-0.2353796,0.15336579,0.16528746,0.10987834,0.055623222,inf,inf,inf,inf,inf,1,1,1,1,4,2,4,1,1,1,1,1,0,2,0,0,4.957903594097292,1
1573584000,1573580000,5764000,47.3979711740181,8.54616359846853,15.517534,5.08765,-2.6385803,0.0,0.0,-0.2353796,0.14059831,4.958101,0.082783274,0.05742462,-0.00081951654,-0.00039308443,4.1656196e-05,-0.6547663,0.5696927,-0.059416514,0.045909792,0.00019447078,-1.5918621,1.6748626,2.3653327e-05,0.23533261,2.6708796,3.1573694,-0.2353796,0.15191749,0.16459528,0.10786036,0.05535588,inf,inf,inf,inf,inf,1,1,1,1,4,2,4,1,1,1,1,1,0,2,0,0,4.960784865465345,1
1573592000,1573588000,5764000,47.3979711740181,8.54616359846853,15.51982,5.1260123,-2.638321,0.0,0.0,-0.2353796,0.13650501,4.960992,0.081864506,0.056318074,-0.00081951654,-0.00039308443,4.1656196e-05,-0.6340652,0.5489548,-0.058760863,0.046922144,0.00019449896,-1.590951,1.6748626,2.3690554e-05,0.23533261,2.6702278,3.1594234,-0.2353796,0.15237811,0.16485527,0.10821262,0.055437468,inf,inf,inf,inf,inf,1,1,1,1,4,2,4,1,1,1,1,1,0,2,0,0,4.96354480579774,1
1573600000,1573596000,5764000,47.3979711740181,8.54616359846853,15.522058,5.1644073,-2.6380615,0.0,0.0,-0.2353796,0.1324421,4.9638004,0.08106831,0.05534658,-0.00081951654,-0.00039308443,4.1656196e-05,-0.6271859,0.5341364,-0.04497589,0.047899,0.00019452728,-1.5900732,1.6748626,2.3727847e-05,0.23533261,2.669583,3.1614785,-0.2353796,0.15284303,0.16511606,0.10856399,0.05551883,inf,inf,inf,inf,inf,1,1,1,1,4,2,4,1,1,1,1,1,0,2,0,0,4.966228689033443,1
1573608000,1573604000,5764000,47.3979711740181,8.54616359846853,15.524246,5.202834,-2.637803,0.0,0.0,-0.2353796,0.12841891,4.9666176,0.080261275,0.05437524,-0.00081951654,-0.00039308443,4.1656196e-05,-0.6192339,0.5309094,-0.047798265,0.04883684,0.00019455559,-1.5892323,1.6748626,2.376517e-05,0.23533261,2.66898,3.1634746,-0.2353796,0.15331222,0.16519485,0.108914085,0.05557862,inf,inf,inf,inf,inf,1,1,1,1,4,2,4,1,1,1,1,1,0,2,0,0,4.968925806785605,1
1573616000,1573612000,5764000,47.3979711740181,8.54616359846853,15.52662,5.241093,-2.6375966,0.0,0.0,-0.2353796,0.12477257,4.969078,0.07942101,0.05332361,-0.00081951654,-0.00039308443,4.1656196e-05,-0.5970887,0.51282,-0.044157725,0.04972748,0.000191364,-1.5884365,1.6748626,2.3636652e-05,0.23533261,2.669965,3.1652174,-0.2353796,0.15186806,0.16450405,0.106949955,0.055312015,inf,inf,inf,inf,inf,1,1,1,1,4,2,4,1,1,1,1,1,0,2,0,0,4.971278714891956,1
1573624000,1573620000,5764000,47.3979711740181,8.54616359846853,15.528944,5.279385,-2.6373887,0.0,0.0,-0.2353796,0.121203296,4.97163,0.07869738,0.052402034,-0.00081951654,-0.00039308443,4.1656196e-05,-0.5838664,0.519317,-0.031253785,0.050581023,0.00019139233,-1.5876827,1.6748626,2.3674038e-05,0.23533261,2.6693594,3.1672735,-0.2353796,0.15232769,0.16476396,0.107293695,0.055392943,inf,inf,inf,inf,inf,1,1,1,1,4,2,4,1,1,1,1,1,0,2,0,0,4.973729825139292,1
1573632000,1573628000,5764000,47.3979711740181,8.54616359846853,15.53122,5.31771,-2.6371799,0.0,0.0,-0.2353796,0.117675126,4.9740853,0.07792151,0.05144123,-0.00081951654,-0.00039308443,4.1656196e-05,-0.5752442,0.5023206,-0.039415896,0.05138666,0.00019142067,-1.5869746,1.6748626,2.371147e-05,0.23533261,2.6687603,3.169331,-0.2353796,0.15279153,0.16502467,0.107636265,0.055473637,inf,inf,inf,inf,inf,1,1,1,1,4,2,4,1,1,1,1,1,0,2,0,0,4.976087194641577,1
1573640000,1573636000,5764000,47.3979711740181,8.54616359846853,15.533449,5.3560667,-2.63697,0.0,0.0,-0.2353796,0.11414952,4.9764676,0.077182785,0.050530214,-0.00081951654,-0.00039308443,4.1656196e-05,-0.57154393,0.48853338,-0.036359295,0.052159753,0.00019144903,-1.5862968,1.6748626,2.3748948e-05,0.23533261,2.6681676,3.1713896,-0.2353796,0.15325956,0.16528617,0.1079775,0.05555405,inf,inf,inf,inf,inf,1,1,1,1,4,2,4,1,1,1,1,1,0,2,0,0,4.978374942595861,1
1573648000,1573644000,5764000,47.3979711740181,8.54616359846853,15.53563,5.394455,-2.6367588,0.0,0.0,-0.2353796,0.11069242,4.9788203,0.07655326,0.049740657,-0.00081951654,-0.00039308443,4.1656196e-05,-0.55964047,0.48017183,-0.024257692,0.052886844,0.00019147743,-1.5856626,1.6748626,2.3786477e-05,0.23533261,2.6675813,3.1734495,-0.2353796,0.1537318,0.16554847,0.108317666,0.055634215,inf,inf,inf,inf,inf,1,1,1,1,4,2,4,1,1,1,1,1,0,2,0,0,4.980638994461872,1
1573656000,1573652000,5764000,47.3979711740181,8.54616359846853,15.538018,5.432665,-2.6365948,0.0,0.0,-0.2353796,0.107562706,4.9809113,0.07579347,0.048777074,-0.00081951654,-0.00039308443,4.1656196e-05,-0.5463401,0.47377604,-0.032572072,0.053580277,0.00018850817,-1.5850596,1.6748626,2.3661047e-05,0.23533261,2.6685112,3.1751337,-0.2353796,0.15226899,0.16467066,0.10638163,0.055344563,inf,inf,inf,inf,inf,1,1,1,1,4,2,4,1,1,1,1,1,0,2,0,0,4.9826490709545626,1
1573664000,1573660000,5764000,47.3979711740181,8.54616359846853,15.540359,5.4709077,-2.6364284,0.0,0.0,-0.2353796,0.1044904,4.9829893,0.07514542,0.047938656,-0.00081951654,-0.00039308443,4.1656196e-05,-0.53521323,0.46694446,-0.020330304,0.054236583,0.00018853656,-1.5844975,1.6748626,2.369862e-05,0.23533261,2.6679552,3.177193,-0.2353796,0.15273158,0.16493127,0.10671664,0.055424646,inf,inf,inf,inf,inf,1,1,1,1,4,2,4,1,1,1,1,1,0,2,0,0,4.984651185564906,1
1573672000,1573668000,5764000,47.3979711740181,8.54616359846853,15.542651,5.5091834,-2.63626,0.0,0.0,-0.2353796,0.10148602,4.985083,0.07446311,0.047078967,-0.00081951654,-0.00039308443,4.1656196e-05,-0.5228874,0.463799,-0.026297288,0.054854754,0.00018856509,-1.583971,1.6748626,2.3736253e-05,0.23533261,2.667405,3.1792536,-0.2353796,0.1531983,0.16519268,0.10705053,0.0555045,inf,inf,inf,inf,inf,1,1,1,1,4,2,4,1,1,1,1,1,0,2,0,0,4.98667190457677,1
1573680000,1573676000,5764000,47.3979711740181,8.54616359846853,15.544898,5.5474916,-2.6360898,0.0,0.0,-0.2353796,0.098488905,4.987132,0.07385448,0.046305608,-0.00081951654,-0.00039308443,4.1656196e-05,-0.5181977,0.45319858,-0.018723773,0.05541846,0.00018859368,-1.5834966,1.6748626,2.3773935e-05,0.23533261,2.6668596,3.1813152,-0.2353796,0.15366912,0.1654549,0.10738353,0.05558413,inf,inf,inf,inf,inf,1,1,1,1,4,2,4,1,1,1,1,1,0,2,0,0,4.9886511337282515,1
1573688000,1573684000,5764000,47.3979711740181,8.54616359846853,15.547343,5.5856156,-2.6359754,0.0,0.0,-0.2353796,0.095739625,4.9889317,0.073190555,0.045424104,-0.00081951654,-0.00039308443,4.1656196e-05,-0.5131557,0.44910368,-0.017934943,0.05594059,0.0001858431,-1.5830612,1.6748626,2.3653367e-05,0.23533261,2.6681287,3.1830614,-0.2353796,0.15221137,0.16475952,0.10549936,0.05531654,inf,inf,inf,inf,inf,1,1,1,1,4,2,4,1,1,1,1,1,0,2,0,0,4.990387003069125,1
1573696000,1573692000,5764000,47.3979711740181,8.54616359846853,15.54974,5.623774,-2.6358576,0.0,0.0,-0.2353796,0.09305457,4.990752,0.07256793,0.044597995,-0.00081951654,-0.00039308443,4.1656196e-05,-0.50079286,0.44622552,-0.014581717,0.056435708,0.00018587173,-1.5826576,1.6748626,2.36911e-05,0.23533261,2.6676118,3.1851227,-0.2353796,0.15267272,0.16502032,0.10582767,0.05539606,inf,inf,inf,inf,inf,1,1,1,1,4,2,4,1,1,1,1,1,0,2,0,0,4.992146911196261,1
1573704000,1573700000,5764000,47.3979711740181,8.54616359846853,15.552089,5.661967,-2.635747,0.0,0.0,-0.2353796,0.09039677,4.992507,0.07200286,0.043832593,-0.00081951654,-0.00039308443,4.1656196e-05,-0.49317503,0.4325392,-0.008895527,0.05689243,0.00018590034,-1.5822899,1.6748626,2.372887e-05,0.23533261,2.6674213,3.187125,-0.2353796,0.1531381,0.16509944,0.10615525,0.05545406,inf,inf,inf,inf,inf,1,1,1,1,4,2,4,1,1,1,1,1,0,2,0,0,4.993844424180995,1
1573712000,1573708000,5764000,47.3979711740181,8.54616359846853,15.554391,5.7001925,-2.635633,0.0,0.0,-0.2353796,0.087755665,4.9942675,0.07143525,0.0430783,-0.00081951654,-0.00039308443,4.1656196e-05,-0.48694065,0.427955,-0.010934657,0.057302523,0.000185929,-1.5819664,1.6748626,2.3766697e-05,0.23533261,2.666914,3.1891882,-0.2353796,0.15360753,0.16536154,0.106482245,0.055533227,inf,inf,inf,inf,inf,1,1,1,1,4,2,4,1,1,1,1,1,0,2,0,0,4.995549210371008,1
1573720000,1573716000,5764000,47.3979711740181,8.54616359846853,15.556885,5.738238,-2.6355577,0.0,0.0,-0.2353796,0.08545517,4.9956913,0.070821285,0.04224254,-0.00081951654,-0.00039308443,4.1656196e-05,-0.4691269,0.41169876,-0.010215211,0.057670217,0.00018338035,-1.5816827,1.6748626,2.365066e-05,0.23533261,2.6677241,3.1909366,-0.2353796,0.15215476,0.16466758,0.104647055,0.055266738,inf,inf,inf,inf,inf,1,1,1,1,4,2,4,1,1,1,1,1,0,2,0,0,4.9969240343819985,1
1573728000,1573724000,5764000,47.3979711740181,8.54616359846853,15.559331,5.7763176,-2.635478,0.0,0.0,-0.2353796,0.083158724,4.997084,0.07025013,0.04146403,-0.00081951654,-0.00039308443,4.1656196e-05,-0.46396077,0.40197694,-0.0067241485,0.058012877,0.00018340905,-1.5814285,1.6748626,2.3688535e-05,0.23533261,2.6672413,3.1929996,-0.2353796,0.15261488,0.16492827,0.104969576,0.055345822,inf,inf,inf,inf,inf,1,1,1,1,4,2,4,1,1,1,1,1,0,2,0,0,4.9982695962901325,1
1573736000,1573732000,5764000,47.3979711740181,8.54616359846853,15.561729,5.814431,-2.635395,0.0,0.0,-0.2353796,0.08084708,4.998541,0.06968032,0.040700883,-0.00081951654,-0.00039308443,4.1656196e-05,-0.46133307,0.40428483,-0.008364673,0.05831116,0.00018343772,-1.5812161,1.6748626,2.3726448e-05,0.23533261,2.6667626,3.1950634,-0.2353796,0.15307896,0.16518976,0.10529182,0.055424746,inf,inf,inf,inf,inf,1,1,1,1,4,2,4,1,1,1,1,1,0,2,0,0,4.999680362385263,1
1573744000,1573740000,5764000,47.3979711740181,8.54616359846853,15.56408,5.8525796,-2.6353078,0.0,0.0,-0.2353796,0.078572236,5.0000143,0.06916286,0.04000371,-0.00081951654,-0.00039308443,4.1656196e-05,-0.45227456,0.4008198,-0.0035814007,0.058572426,0.00018346653,-1.5810384,1.6748626,2.3764414e-05,0.23533261,2.6662877,3.197128,-0.2353796,0.153547,0.16545203,0.10561306,0.055503428,inf,inf,inf,inf,inf,1,1,1,1,4,2,4,1,1,1,1,1,0,2,0,0,5.001109886582968,1
1573752000,1573748000,5764000,47.3979711740181,8.54616359846853,15.566643,5.8905644,-2.6352515,0.0,0.0,-0.2353796,0.07659352,5.001233,0.06856385,0.039197855,-0.00081951654,-0.00039308443,4.1656196e-05,-0.44254234,0.3908609,-0.007984693,0.058798615,0.00018110416,-1.580893,1.6748626,2.365256e-05,0.23533261,2.6668956,3.198818,-0.2353796,0.15209913,0.16457586,0.103824735,0.05521642,inf,inf,inf,inf,inf,1,1,1,1,4,2,4,1,1,1,1,1,0,2,0,0,5.0022893847839125,1
1573760000,1573756000,5764000,47.3979711740181,8.54616359846853,15.569157,5.928585,-2.635191,0.0,0.0,-0.2353796,0.07464017,5.002503,0.068021625,0.03846294,-0.00081951654,-0.00039308443,4.1656196e-05,-0.43433803,0.39127272,-0.0027627682,0.058993522,0.00018113301,-1.5807807,1.6748626,2.3690573e-05,0.23533261,2.6664422,3.2008822,-0.2353796,0.15255803,0.16483644,0.104142256,0.055295117,inf,inf,inf,inf,inf,1,1,1,1,4,2,4,1,1,1,1,1,0,2,0,0,5.003522195559271,1
1573768000,1573764000,5764000,47.3979711740181,8.54616359846853,15.571624,5.9666414,-2.635126,0.0,0.0,-0.2353796,0.0726589,5.003803,0.06755251,0.037814874,-0.00081951654,-0.00039308443,4.1656196e-05,-0.43293917,0.38926637,0.0045509073,0.059146874,0.00018116181,-1.5807074,1.6748626,2.3728624e-05,0.23533261,2.6659918,3.2029471,-0.2353796,0.15302081,0.1650978,0.10445871,0.055373587,inf,inf,inf,inf,inf,1,1,1,1,4,2,4,1,1,1,1,1,0,2,0,0,5.004786421033919,1
1573776000,1573772000,5764000,47.3979711740181,8.54616359846853,15.574042,6.004733,-2.6350565,0.0,0.0,-0.2353796,0.07073516,5.005093,0.06708612,0.037182868,-0.00081951654,-0.00039308443,4.1656196e-05,-0.42093274,0.38232434,0.003116205,0.059266888,0.00018119067,-1.580665,1.6748626,2.3766726e-05,0.23533261,2.665544,3.2050135,-0.2353796,0.15348747,0.16535996,0.10477501,0.055451937,inf,inf,inf,inf,inf,1,1,1,1,4,2,4,1,1,1,1,1,0,2,0,0,5.006042343908597,1
1573784000,1573780000,5764000,47.3979711740181,8.54616359846853,15.576689,6.042682,-2.6350226,0.0,0.0,-0.2353796,0.06908996,5.0061307,0.06656969,0.03646797,-0.00081951654,-0.00039308443,4.1656196e-05,-0.41515744,0.37010062,0.0026808118,0.05934402,0.00017900052,-1.5806628,1.6748626,2.365878e-05,0.23533261,2.666347,3.2067645,-0.2353796,0.15204446,0.16466591,0.10303113,0.05518719,inf,inf,inf,inf,inf,1,1,1,1,4,2,4,1,1,1,1,1,0,2,0,0,5.00704998294225,1
1573792000,1573788000,5764000,47.3979711740181,8.54616359846853,15.579286,6.080668,-2.634984,0.0,0.0,-0.2353796,0.06744574,5.0072346,0.066115476,0.03582937,-0.00081951654,-0.00039308443,4.1656196e-05,-0.40960723,0.37233704,0.008566304,0.059379146,0.00017902942,-1.5807029,1.6748626,2.3696917e-05,0.23533261,2.6659193,3.20883,-0.2353796,0.15250212,0.16492666,0.10334399,0.055265505,inf,inf,inf,inf,inf,1,1,1,1,4,2,4,1,1,1,1,1,0,2,0,0,5.008125250375436,1
1573800000,1573796000,5764000,47.3979711740181,8.54616359846853,15.581835,6.11869,-2.6349406,0.0,0.0,-0.2353796,0.06585244,5.0083294,0.06566822,0.035211377,-0.00081951654,-0.00039308443,4.1656196e-05,-0.39796653,0.3653446,0.007594935,0.059392635,0.00017905839,-1.5807621,1.6748626,2.3735109e-05,0.23533261,2.6654937,3.210897,-0.2353796,0.1529636,0.16518821,0.103656374,0.05534365,inf,inf,inf,inf,inf,1,1,1,1,4,2,4,1,1,1,1,1,0,2,0,0,5.009192773079938,1
1573808000,1573804000,5764000,47.3979711740181,8.54616359846853,15.584336,6.1567483,-2.6348853,0.0,0.0,-0.2353796,0.064253226,5.009429,0.06518339,0.034576084,-0.00081951654,-0.00039308443,4.1656196e-05,-0.39358038,0.36011595,0.0009373761,0.059375703,0.00017908735,-1.5808494,1.6748626,2.3773326e-05,0.23533261,2.6648548,3.212904,-0.2353796,0.1534289,0.16526751,0.10396854,0.05540011,inf,inf,inf,inf,inf,1,1,1,1,4,2,4,1,1,1,1,1,0,2,0,0,5.01026508853816,1
1573816000,1573812000,5764000,47.3979711740181,8.54616359846853,15.587077,6.194666,-2.6348739,0.0,0.0,-0.2353796,0.06291428,5.0103297,0.064712554,0.03391252,-0.00081951654,-0.00039308443,4.1656196e-05,-0.3910345,0.35388914,0.009007751,0.059325103,0.0001770564,-1.580968,1.6748626,2.3668996e-05,0.23533261,2.665953,3.214657,-0.2353796,0.15199067,0.16457486,0.10226673,0.055136602,inf,inf,inf,inf,inf,1,1,1,1,4,2,4,1,1,1,1,1,0,2,0,0,5.011142546762685,1
1573824000,1573820000,5764000,47.3979711740181,8.54616359846853,15.589768,6.2326207,-2.6348577,0.0,0.0,-0.2353796,0.061590537,5.0112376,0.064239606,0.033260915,-0.00081951654,-0.00039308443,4.1656196e-05,-0.3833115,0.3486724,0.006826594,0.059230518,0.00017708552,-1.5811301,1.6748626,2.3707276e-05,0.23533261,2.6655483,3.216724,-0.2353796,0.15244712,0.16483548,0.10257568,0.055214643,inf,inf,inf,inf,inf,1,1,1,1,4,2,4,1,1,1,1,1,0,2,0,0,5.012027773753927,1
1573832000,1573828000,5764000,47.3979711740181,8.54616359846853,15.592411,6.2706122,-2.6348362,0.0,0.0,-0.2353796,0.060314253,5.01219,0.06383078,0.03268709,-0.00081951654,-0.00039308443,4.1656196e-05,-0.37172,0.34821498,0.0129789105,0.05910637,0.00017711462,-1.5813195,1.6748626,2.3745592e-05,0.23533261,2.6651454,3.218792,-0.2353796,0.1529073,0.1650969,0.102884464,0.055292524,inf,inf,inf,inf,inf,1,1,1,1,4,2,4,1,1,1,1,1,0,2,0,0,5.012959283067274,1
1573840000,1573836000,5764000,47.3979711740181,8.54616359846853,15.595006,6.308641,-2.6348095,0.0,0.0,-0.2353796,0.0589678,5.0131884,0.06341992,0.032124486,-0.00081951654,-0.00039308443,4.1656196e-05,-0.37499043,0.34822068,0.010914168,0.05895085,0.00017714375,-1.5815378,1.6748626,2.3783952e-05,0.23533261,2.6647437,3.220861,-0.2353796,0.15337124,0.16535911,0.10319332,0.05537028,inf,inf,inf,inf,inf,1,1,1,1,4,2,4,1,1,1,1,1,0,2,0,0,5.013936300112339,1
1573848000,1573844000,5764000,47.3979711740181,8.54616359846853,15.597831,6.34652,-2.634831,0.0,0.0,-0.2353796,0.057896804,5.0139604,0.06293478,0.031440813,-0.00081951654,-0.00039308443,4.1656196e-05,-0.3688277,0.34012264,0.007946975,0.058759,0.00017526001,-1.5817903,1.6748626,2.3682998e-05,0.23533261,2.6660118,3.2226145,-0.2353796,0.15193774,0.16466498,0.10153184,0.055107437,inf,inf,inf,inf,inf,1,1,1,1,4,2,4,1,1,1,1,1,0,2,0,0,5.0146895935057865,1
1573856000,1573852000,5764000,47.3979711740181,8.54616359846853,15.600605,6.384437,-2.634841,0.0,0.0,-0.2353796,0.056787234,5.0147357,0.062485993,0.030813592,-0.00081951654,-0.00039308443,4.1656196e-05,-0.36751,0.33431682,0.01041172,0.058547653,0.00017528918,-1.5820632,1.6748626,2.3721386e-05,0.23533261,2.665456,3.224623,-0.2353796,0.15239295,0.16474448,0.10183759,0.05516399,inf,inf,inf,inf,inf,1,1,1,1,4,2,4,1,1,1,1,1,0,2,0,0,5.015446483626463,1
1573864000,1573860000,5764000,47.3979711740181,8.54616359846853,15.60333,6.422392,-2.6348457,0.0,0.0,-0.2353796,0.0556639,5.0155277,0.062049106,0.030212117,-0.00081951654,-0.00039308443,4.1656196e-05,-0.3632623,0.3303222,0.010013579,0.058303572,0.00017531843,-1.5823665,1.6748626,2.3759834e-05,0.23533261,2.665073,3.2266917,-0.2353796,0.15285188,0.16500577,0.102143444,0.05524166,inf,inf,inf,inf,inf,1,1,1,1,4,2,4,1,1,1,1,1,0,2,0,0,5.016220357080209,1
1573872000,1573868000,5764000,47.3979711740181,8.54616359846853,15.606006,6.460384,-2.6348443,0.0,0.0,-0.2353796,0.054519508,5.016409,0.061734673,0.02974653,-0.00081951654,-0.00039308443,4.1656196e-05,-0.3600942,0.3355866,0.023486556,0.05803243,0.00017534771,-1.5826946,1.6748626,2.379833e-05,0.23533261,2.6646907,3.2287614,-0.2353796,0.15331449,0.16526785,0.10244868,0.055319127,inf,inf,inf,inf,inf,1,1,1,1,4,2,4,1,1,1,1,1,0,2,0,0,5.017085090157828,1
1573880000,1573876000,5764000,47.3979711740181,8.54616359846853,15.608899,6.4982214,-2.6348925,0.0,0.0,-0.2353796,0.053644374,5.0170918,0.061360877,0.029172387,-0.00081951654,-0.00039308443,4.1656196e-05,-0.3524468,0.33222055,0.022422986,0.05773978,0.00017360035,-1.583042,1.6748626,2.3700508e-05,0.23533261,2.6660573,3.2305167,-0.2353796,0.15188563,0.16457509,0.10082464,0.05505749,inf,inf,inf,inf,inf,1,1,1,1,4,2,4,1,1,1,1,1,0,2,0,0,5.017753780897913,1
1573888000,1573884000,5764000,47.3979711740181,8.54616359846853,15.611741,6.536098,-2.6349344,0.0,0.0,-0.2353796,0.052726496,5.0178003,0.060964517,0.028590428,-0.00081951654,-0.00039308443,4.1656196e-05,-0.35142168,0.32913265,0.017638316,0.057412107,0.00017362968,-1.583427,1.6748626,2.373903e-05,0.23533261,2.6656926,3.2325857,-0.2353796,0.15233965,0.16483575,0.101127714,0.055135056,inf,inf,inf,inf,inf,1,1,1,1,4,2,4,1,1,1,1,1,0,2,0,0,5.018447629137278,1
1573896000,1573892000,5764000,47.3979711740181,8.54616359846853,15.614533,6.5740137,-2.6349692,0.0,0.0,-0.2353796,0.05178799,5.0184474,0.06061741,0.028072024,-0.00081951654,-0.00039308443,4.1656196e-05,-0.3478084,0.31529826,0.021884682,0.057059843,0.00017365903,-1.583834,1.6748626,2.3777598e-05,0.23533261,2.6653283,3.2346556,-0.2353796,0.15279731,0.1650972,0.10143074,0.05521249,inf,inf,inf,inf,inf,1,1,1,1,4,2,4,1,1,1,1,1,0,2,0,0,5.019080670089903,1
1573904000,1573900000,5764000,47.3979711740181,8.54616359846853,15.617275,6.6119676,-2.6349893,0.0,0.0,-0.2353796,0.050892208,5.0192122,0.060332328,0.027637443,-0.00081951654,-0.00039308443,4.1656196e-05,-0.33644944,0.3240103,0.027587635,0.056683626,0.0001736884,-1.5842631,1.6748626,2.3816194e-05,0.23533261,2.6647217,3.236666,-0.2353796,0.15325859,0.16517672,0.10173366,0.05526823,inf,inf,inf,inf,inf,1,1,1,1,4,2,4,1,1,1,1,1,0,2,0,0,5.019832777619774,1
1573912000,1573908000,5764000,47.3979711740181,8.54616359846853,15.619969,6.64996,-2.6350021,0.0,0.0,-0.2353796,0.04994108,5.019992,0.060046546,0.027215343,-0.00081951654,-0.00039308443,4.1656196e-05,-0.337457,0.3200478,0.025699845,0.05627735,0.00017371782,-1.5847201,1.6748626,2.3854851e-05,0.23533261,2.664358,3.238737,-0.2353796,0.15372351,0.16543944,0.10203671,0.05534542,inf,inf,inf,inf,inf,1,1,1,1,4,2,4,1,1,1,1,1,0,2,0,0,5.020599503965846,1
1573920000,1573916000,5764000,47.3979711740181,8.54616359846853,15.622885,6.687791,-2.6350746,0.0,0.0,-0.2353796,0.049240608,5.020581,0.059676085,0.026648931,-0.00081951654,-0.00039308443,4.1656196e-05,-0.33270395,0.31745297,0.022048129,0.055845283,0.00017209523,-1.5852008,1.6748626,2.3758254e-05,0.23533261,2.6660476,3.240492,-0.2353796,0.15227829,0.16474359,0.10043072,0.055083167,inf,inf,inf,inf,inf,1,1,1,1,4,2,4,1,1,1,1,1,0,2,0,0,5.021177098067557,1
1573928000,1573924000,5764000,47.3979711740181,8.54616359846853,15.62575,6.7256613,-2.6351395,0.0,0.0,-0.2353796,0.04852609,5.021171,0.05933097,0.026122715,-0.00081951654,-0.00039308443,4.1656196e-05,-0.32802707,0.3113269,0.023268161,0.055397205,0.00017212478,-1.5856996,1.6748626,2.3796954e-05,0.23533261,2.6657012,3.2425628,-0.2353796,0.15273456,0.16500488,0.1007314,0.055160444,inf,inf,inf,inf,inf,1,1,1,1,4,2,4,1,1,1,1,1,0,2,0,0,5.021755983383982,1
1573936000,1573932000,5764000,47.3979711740181,8.54616359846853,15.628564,6.7635717,-2.6351972,0.0,0.0,-0.2353796,0.047785923,5.021762,0.05893825,0.025563305,-0.00081951654,-0.00039308443,4.1656196e-05,-0.3249806,0.30524033,0.015423167,0.05492901,0.00017215438,-1.5862164,1.6748626,2.3835688e-05,0.23533261,2.6653545,3.2446342,-0.2353796,0.15319441,0.16526698,0.10103207,0.055237565,inf,inf,inf,inf,inf,1,1,1,1,4,2,4,1,1,1,1,1,0,2,0,0,5.0223351935523,1
1573944000,1573940000,5764000,47.3979711740181,8.54616359846853,15.631329,6.8015213,-2.6352482,0.0,0.0,-0.2353796,0.046978254,5.0224366,0.058587477,0.02505982,-0.00081951654,-0.00039308443,4.1656196e-05,-0.32728046,0.3098687,0.018825287,0.054437563,0.00017218402,-1.5867547,1.6748626,2.3874474e-05,0.23533261,2.6650076,3.2467062,-0.2353796,0.15365784,0.16552983,0.10133301,0.05531459,inf,inf,inf,inf,inf,1,1,1,1,4,2,4,1,1,1,1,1,0,2,0,0,5.022997994209202,1
1573952000,1573948000,5764000,47.3979711740181,8.54616359846853,15.6343,6.8393235,-2.6353683,0.0,0.0,-0.2353796,0.04640474,5.0229373,0.0582711,0.024521364,-0.00081951654,-0.00039308443,4.1656196e-05,-0.3227852,0.30730993,0.030072404,0.05392776,0.00017067953,-1.5873094,1.6748626,2.3780685e-05,0.23533261,2.6670406,3.2484019,-0.2353796,0.15221792,0.16465156,0.09976199,0.055031803,inf,inf,inf,inf,inf,1,1,1,1,4,2,4,1,1,1,1,1,0,2,0,0,5.023489627810628,1
1573960000,1573956000,5764000,47.3979711740181,8.54616359846853,15.637219,6.8771667,-2.6354795,0.0,0.0,-0.2353796,0.045859225,5.0234694,0.057938196,0.023982355,-0.00081951654,-0.00039308443,4.1656196e-05,-0.31267864,0.30494648,0.026017426,0.05339805,0.0001707092,-1.5878857,1.6748626,2.3819495e-05,0.23533261,2.6667106,3.250473,-0.2353796,0.15267284,0.16491272,0.10006076,0.055108935,inf,inf,inf,inf,inf,1,1,1,1,4,2,4,1,1,1,1,1,0,2,0,0,5.024012810076194,1
1573968000,1573964000,5764000,47.3979711740181,8.54616359846853,15.640088,6.915051,-2.635582,0.0,0.0,-0.2353796,0.045307096,5.024041,0.057603057,0.023456605,-0.00081951654,-0.00039308443,4.1656196e-05,-0.30708188,0.30375668,0.023804137,0.052849416,0.000170739,-1.5884793,1.6748626,2.3858358e-05,0.23533261,2.6663804,3.252545,-0.2353796,0.15313128,0.16517465,0.10035964,0.055185936,inf,inf,inf,inf,inf,1,1,1,1,4,2,4,1,1,1,1,1,0,2,0,0,5.024575486029113,1
1573976000,1573972000,5764000,47.3979711740181,8.54616359846853,15.642906,6.9529753,-2.6356764,0.0,0.0,-0.2353796,0.044643663,5.0246077,0.05738539,0.023063352,-0.00081951654,-0.00039308443,4.1656196e-05,-0.3146911,0.29711097,0.036607493,0.05227919,0.00017076879,-1.5890926,1.6748626,2.3897264e-05,0.23533261,2.6660497,3.254618,-0.2353796,0.15359324,0.16543736,0.1006587,0.055262815,inf,inf,inf,inf,inf,1,1,1,1,4,2,4,1,1,1,1,1,0,2,0,0,5.0251336975776875,1
1573984000,1573980000,5764000,47.3979711740181,8.54616359846853,15.645908,6.9907565,-2.635817,0.0,0.0,-0.2353796,0.044207495,5.0250306,0.057057798,0.022513846,-0.00081951654,-0.00039308443,4.1656196e-05,-0.30858353,0.2980036,0.02842536,0.05169806,0.00016937368,-1.5897151,1.6748626,2.3806106e-05,0.23533261,2.6674438,3.2563744,-0.2353796,0.15215848,0.16474149,0.09912106,0.05500261,inf,inf,inf,inf,inf,1,1,1,1,4,2,4,1,1,1,1,1,0,2,0,0,5.025548967611712,1
1573992000,1573988000,5764000,47.3979711740181,8.54616359846853,15.648857,7.0285797,-2.6359482,0.0,0.0,-0.2353796,0.043736067,5.0254884,0.05680258,0.022052912,-0.00081951654,-0.00039308443,4.1656196e-05,-0.30628777,0.29602882,0.035485715,0.051108137,0.00016940353,-1.590349,1.6748626,2.3845038e-05,0.23533261,2.6671267,3.2584465,-0.2353796,0.15261208,0.16500276,0.09941839,0.05507963,inf,inf,inf,inf,inf,1,1,1,1,4,2,4,1,1,1,1,1,0,2,0,0,5.025999705052304,1
1574000000,1573996000,5764000,47.3979711740181,8.54616359846853,15.651753,7.066445,-2.6360703,0.0,0.0,-0.2353796,0.043269597,5.026014,0.05651783,0.021578161,-0.00081951654,-0.00039308443,4.1656196e-05,-0.2991497,0.29828265,0.029863322,0.050493438,0.00016943339,-1.5910059,1.6748626,2.3884008e-05,0.23533261,2.666809,3.2605193,-0.2353796,0.15306912,0.16526482,0.09971587,0.055156518,inf,inf,inf,inf,inf,1,1,1,1,4,2,4,1,1,1,1,1,0,2,0,0,5.026518004675648,1
1574008000,1574004000,5764000,47.3979711740181,8.54616359846853,15.6546,7.1043506,-2.6361923,0.0,0.0,-0.2353796,0.042833157,5.0264726,0.056240648,0.021116994,-0.00081951654,-0.00039308443,4.1656196e-05,-0.28900287,0.2840155,0.029158777,0.049869463,0.00016946335,-1.5916706,1.6748626,2.392301e-05,0.23533261,2.666774,3.262532,-0.2353796,0.15352964,0.16534439,0.10001367,0.05521159,inf,inf,inf,inf,inf,1,1,1,1,4,2,4,1,1,1,1,1,0,2,0,0,5.026969712299528,1
1574016000,1574012000,5764000,47.3979711740181,8.54616359846853,15.657615,7.142108,-2.6363616,0.0,0.0,-0.2353796,0.042529125,5.0268183,0.055990905,0.020636389,-0.00081951654,-0.00039308443,4.1656196e-05,-0.29288894,0.2900161,0.03807805,0.04922339,0.00016816951,-1.5923558,1.6748626,2.383428e-05,0.23533261,2.668216,3.2642899,-0.2353796,0.15209997,0.16464995,0.09850811,0.05495275,inf,inf,inf,inf,inf,1,1,1,1,4,2,4,1,1,1,1,1,0,2,0,0,5.027310009252551,1
1574024000,1574020000,5764000,47.3979711740181,8.54616359846853,15.660577,7.1799073,-2.6365204,0.0,0.0,-0.2353796,0.042203777,5.027157,0.055737752,0.020169126,-0.00081951654,-0.00039308443,4.1656196e-05,-0.28880933,0.28267273,0.03566453,0.048563763,0.00016819958,-1.5930585,1.6748626,2.387333e-05,0.23533261,2.6679115,3.2663622,-0.2353796,0.15255223,0.16491108,0.098804235,0.05502971,inf,inf,inf,inf,inf,1,1,1,1,4,2,4,1,1,1,1,1,0,2,0,0,5.0276431216266815,1
1574032000,1574028000,5764000,47.3979711740181,8.54616359846853,15.6634865,7.217749,-2.6366692,0.0,0.0,-0.2353796,0.04181468,5.0275435,0.0555032,0.019736713,-0.00081951654,-0.00039308443,4.1656196e-05,-0.29022014,0.28249213,0.036057547,0.047898456,0.00016822967,-1.5937653,1.6748626,2.391242e-05,0.23533261,2.6676056,3.2684352,-0.2353796,0.15300792,0.16517298,0.099100545,0.055106543,inf,inf,inf,inf,inf,1,1,1,1,4,2,4,1,1,1,1,1,0,2,0,0,5.028023738713451,1
1574040000,1574036000,5764000,47.3979711740181,8.54616359846853,15.666347,7.2556324,-2.6368074,0.0,0.0,-0.2353796,0.04139536,5.0279446,0.05535809,0.019409498,-0.00081951654,-0.00039308443,4.1656196e-05,-0.28756523,0.27818644,0.045359597,0.04721465,0.0001682598,-1.5944891,1.6748626,2.3951545e-05,0.23533261,2.6672986,3.2705095,-0.2353796,0.15346703,0.16543566,0.09939735,0.055183277,inf,inf,inf,inf,inf,1,1,1,1,4,2,4,1,1,1,1,1,0,2,0,0,5.0284197313497145,1
1574048000,1574044000,5764000,47.3979711740181,8.54616359846853,15.669374,7.2933645,-2.636989,0.0,0.0,-0.2353796,0.04114681,5.0282073,0.055120613,0.018946372,-0.00081951654,-0.00039308443,4.1656196e-05,-0.2870545,0.2819014,0.0391365,0.04652245,0.0001670597,-1.59522,1.6748626,2.3865061e-05,0.23533261,2.668656,3.272267,-0.2353796,0.15204231,0.16473977,0.09792164,0.054925136,inf,inf,inf,inf,inf,1,1,1,1,4,2,4,1,1,1,1,1,0,2,0,0,5.028677757992051,1
1574056000,1574052000,5764000,47.3979711740181,8.54616359846853,15.672351,7.3311396,-2.6371546,0.0,0.0,-0.2353796,0.04092446,5.0284777,0.054894347,0.018516453,-0.00081951654,-0.00039308443,4.1656196e-05,-0.27698866,0.27641386,0.038433816,0.045820836,0.00016708988,-1.5959647,1.6748626,2.39042e-05,0.23533261,2.6682017,3.27428,-0.2353796,0.15249328,0.1648195,0.098216526,0.054980602,inf,inf,inf,inf,inf,1,1,1,1,4,2,4,1,1,1,1,1,0,2,0,0,5.028943843408488,1
1574064000,1574060000,5764000,47.3979711740181,8.54616359846853,15.675276,7.3689575,-2.63731,0.0,0.0,-0.2353796,0.040633272,5.028828,0.054699216,0.01813379,-0.00081951654,-0.00039308443,4.1656196e-05,-0.27898997,0.28010818,0.040406823,0.045114655,0.00016712013,-1.5967125,1.6748626,2.3943401e-05,0.23533261,2.6679044,3.2763536,-0.2353796,0.15294763,0.16508123,0.098511904,0.055057388,inf,inf,inf,inf,inf,1,1,1,1,4,2,4,1,1,1,1,1,0,2,0,0,5.029289623854291,1
1574072000,1574068000,5764000,47.3979711740181,8.54616359846853,15.678149,7.406818,-2.637455,0.0,0.0,-0.2353796,0.040276047,5.029199,0.054469492,0.017732166,-0.00081951654,-0.00039308443,4.1656196e-05,-0.28082305,0.27649787,0.034218185,0.044391073,0.00016715039,-1.5974764,1.6748626,2.3982637e-05,0.23533261,2.6676056,3.278428,-0.2353796,0.15340537,0.16534375,0.09880763,0.055134054,inf,inf,inf,inf,inf,1,1,1,1,4,2,4,1,1,1,1,1,0,2,0,0,5.029655223484179,1
1574080000,1574076000,5764000,47.3979711740181,8.54616359846853,15.68119,7.444534,-2.637629,0.0,0.0,-0.2353796,0.040064424,5.029405,0.054172587,0.017235108,-0.00081951654,-0.00039308443,4.1656196e-05,-0.283424,0.27573267,0.030317342,0.043660104,0.00016603745,-1.5982465,1.6748626,2.3898257e-05,0.23533261,2.6685097,3.280187,-0.2353796,0.1519855,0.16464928,0.09736027,0.054877248,inf,inf,inf,inf,inf,1,1,1,1,4,2,4,1,1,1,1,1,0,2,0,0,5.029856308213756,1
1574088000,1574084000,5764000,47.3979711740181,8.54616359846853,15.684176,7.4822936,-2.6377926,0.0,0.0,-0.2353796,0.039899044,5.0296187,0.0539588,0.016837325,-0.00081951654,-0.00039308443,4.1656196e-05,-0.27081004,0.27019015,0.038765833,0.04292272,0.00016606782,-1.5990268,1.6748626,2.3937526e-05,0.23533261,2.668221,3.2822602,-0.2353796,0.1524352,0.16491036,0.09765457,0.054954045,inf,inf,inf,inf,inf,1,1,1,1,4,2,4,1,1,1,1,1,0,2,0,0,5.030066376619621,1
1574096000,1574092000,5764000,47.3979711740181,8.54616359846853,15.687111,7.5200963,-2.6379461,0.0,0.0,-0.2353796,0.03967241,5.029916,0.053727522,0.01643771,-0.00081951654,-0.00039308443,4.1656196e-05,-0.27182025,0.27423373,0.034692694,0.042169433,0.0001660982,-1.5998218,1.6748626,2.397683e-05,0.23533261,2.6679313,3.2843342,-0.2353796,0.15288825,0.16517223,0.09794947,0.055030767,inf,inf,inf,inf,inf,1,1,1,1,4,2,4,1,1,1,1,1,0,2,0,0,5.030359382170569,1
1574104000,1574100000,5764000,47.3979711740181,8.54616359846853,15.689995,7.557942,-2.6380863,0.0,0.0,-0.2353796,0.039412037,5.030221,0.053461045,0.016021503,-0.00081951654,-0.00039308443,4.1656196e-05,-0.2695722,0.26908314,0.028375534,0.041419197,0.00016612862,-1.6006126,1.6748626,2.4016164e-05,0.23533261,2.667535,3.2863486,-0.2353796,0.15334462,0.16525191,0.098244496,0.05508569,inf,inf,inf,inf,inf,1,1,1,1,4,2,4,1,1,1,1,1,0,2,0,0,5.030659469774712,1
1574112000,1574108000,5764000,47.3979711740181,8.54616359846853,15.693039,7.595642,-2.638248,0.0,0.0,-0.2353796,0.03928227,5.0303993,0.05322296,0.015612696,-0.00081951654,-0.00039308443,4.1656196e-05,-0.2732825,0.2739512,0.035986766,0.04065744,0.00016509647,-1.6014137,1.6748626,2.3933702e-05,0.23533261,2.6682134,3.2881083,-0.2353796,0.1519295,0.16455886,0.09682392,0.05483019,inf,inf,inf,inf,inf,1,1,1,1,4,2,4,1,1,1,1,1,0,2,0,0,5.030834214884049,1
1574120000,1574116000,5764000,47.3979711740181,8.54616359846853,15.69603,7.633386,-2.6383996,0.0,0.0,-0.2353796,0.03910254,5.0305734,0.053004578,0.015238926,-0.00081951654,-0.00039308443,4.1656196e-05,-0.27267614,0.266805,0.03655301,0.039897777,0.000165127,-1.6022176,1.6748626,2.3973083e-05,0.23533261,2.6679304,3.290182,-0.2353796,0.15237796,0.16481979,0.09711752,0.05490697,inf,inf,inf,inf,inf,1,1,1,1,4,2,4,1,1,1,1,1,0,2,0,0,5.031004594185038,1
1574128000,1574124000,5764000,47.3979711740181,8.54616359846853,15.698968,7.6711736,-2.6385412,0.0,0.0,-0.2353796,0.038960915,5.0307865,0.052819382,0.014913215,-0.00081951654,-0.00039308443,4.1656196e-05,-0.26125023,0.26535007,0.038858965,0.039134186,0.00016515756,-1.6030241,1.6748626,2.4012501e-05,0.23533261,2.6676455,3.2922566,-0.2353796,0.15282972,0.16508149,0.09741156,0.054983657,inf,inf,inf,inf,inf,1,1,1,1,4,2,4,1,1,1,1,1,0,2,0,0,5.031214629549682,1
1574136000,1574132000,5764000,47.3979711740181,8.54616359846853,15.701856,7.709005,-2.6386733,0.0,0.0,-0.2353796,0.038722523,5.031087,0.052579444,0.014547167,-0.00081951654,-0.00039308443,4.1656196e-05,-0.26686493,0.27001488,0.030225141,0.03836452,0.00016518815,-1.6038356,1.6748626,2.4051955e-05,0.23533261,2.6673586,3.2943318,-0.2353796,0.15328477,0.16534397,0.09770605,0.05506024,inf,inf,inf,inf,inf,1,1,1,1,4,2,4,1,1,1,1,1,0,2,0,0,5.031510750588518,1
1574144000,1574140000,5764000,47.3979711740181,8.54616359846853,15.704891,7.746704,-2.6388173,0.0,0.0,-0.2353796,0.0387051,5.0312285,0.05242663,0.014256684,-0.00081951654,-0.00039308443,4.1656196e-05,-0.2580891,0.2690587,0.0444157,0.037592433,0.00016423117,-1.6046484,1.6748626,2.3971288e-05,0.23533261,2.6677458,3.296091,-0.2353796,0.15187429,0.16464946,0.096310884,0.054805398,inf,inf,inf,inf,inf,1,1,1,1,4,2,4,1,1,1,1,1,0,2,0,0,5.031650510072358,1
1574152000,1574148000,5764000,47.3979711740181,8.54616359846853,15.707873,7.784448,-2.6389098,0.0,0.0,-0.2353796,0.038643934,5.031398,0.052283313,0.014031768,-0.00081951654,-0.00039308443,4.1656196e-05,-0.25670764,0.26589808,0.042751893,0.03682429,0.00016426189,-1.6054616,1.6748626,2.4010758e-05,0.23533261,2.6661866,3.2981057,-0.2353796,0.15232152,0.16472927,0.09660411,0.054860767,inf,inf,inf,inf,inf,1,1,1,1,4,2,4,1,1,1,1,1,0,2,0,0,5.031818034553441,1
1574160000,1574156000,5764000,47.3979711740181,8.54616359846853,15.710805,7.8222365,-2.6389933,0.0,0.0,-0.2353796,0.038554076,5.0316358,0.052169297,0.013848603,-0.00081951654,-0.00039308443,4.1656196e-05,-0.2536474,0.26815042,0.044659708,0.03605357,0.00016429267,-1.6062763,1.6748626,2.4050283e-05,0.23533261,2.6659021,3.3001802,-0.2353796,0.15277201,0.1649908,0.09689737,0.05493739,inf,inf,inf,inf,inf,1,1,1,1,4,2,4,1,1,1,1,1,0,2,0,0,5.032053942096341,1
1574168000,1574164000,5764000,47.3979711740181,8.54616359846853,15.713685,7.860069,-2.6390681,0.0,0.0,-0.2353796,0.038402732,5.0319223,0.052019656,0.0136418715,-0.00081951654,-0.00039308443,4.1656196e-05,-0.25486732,0.2679698,0.038501803,0.03528765,0.00016432341,-1.6070851,1.6748626,2.4089839e-05,0.23533261,2.6656156,3.3022559,-0.2353796,0.15322576,0.1652531,0.097191215,0.055013947,inf,inf,inf,inf,inf,1,1,1,1,4,2,4,1,1,1,1,1,0,2,0,0,5.032337712005496,1
1574176000,1574172000,5764000,47.3979711740181,8.54616359846853,15.716515,7.897944,-2.639134,0.0,0.0,-0.2353796,0.038258683,5.032231,0.05194802,0.013524824,-0.00081951654,-0.00039308443,4.1656196e-05,-0.24761939,0.2645872,0.046594996,0.03451884,0.00016435434,-1.6078959,1.6748626,2.4129451e-05,0.23533261,2.6653266,3.304332,-0.2353796,0.15368278,0.16551618,0.09748542,0.055090386,inf,inf,inf,inf,inf,1,1,1,1,4,2,4,1,1,1,1,1,0,2,0,0,5.032644549435994,1
1574184000,1574180000,5764000,47.3979711740181,8.54616359846853,15.719504,7.935692,-2.6392188,0.0,0.0,-0.2353796,0.03824441,5.0323634,0.051780507,0.013291371,-0.00081951654,-0.00039308443,4.1656196e-05,-0.25167698,0.26019284,0.038443595,0.033744086,0.00016346844,-1.6087115,1.6748626,2.4048859e-05,0.23533261,2.665899,3.3060908,-0.2353796,0.15225728,0.16481861,0.096098006,0.054834917,inf,inf,inf,inf,inf,1,1,1,1,4,2,4,1,1,1,1,1,0,2,0,0,5.032775103803168,1
1574192000,1574188000,5764000,47.3979711740181,8.54616359846853,15.722442,7.973484,-2.639295,0.0,0.0,-0.2353796,0.038192697,5.032583,0.0515938,0.013050725,-0.00081951654,-0.00039308443,4.1656196e-05,-0.24967209,0.26467988,0.03432389,0.03297486,0.00016349937,-1.6095248,1.6748626,2.4088476e-05,0.23533261,2.6656163,3.308166,-0.2353796,0.15270641,0.16508025,0.09639101,0.054911535,inf,inf,inf,inf,inf,1,1,1,1,4,2,4,1,1,1,1,1,0,2,0,0,5.032992375733503,1
1574200000,1574196000,5764000,47.3979711740181,8.54616359846853,15.7253275,8.011321,-2.6393633,0.0,0.0,-0.2353796,0.03809705,5.032799,0.05141671,0.012831317,-0.00081951654,-0.00039308443,4.1656196e-05,-0.24866287,0.25787318,0.03385497,0.03220976,0.00016353036,-1.6103331,1.6748626,2.4128145e-05,0.23533261,2.665331,3.310242,-0.2353796,0.15315878,0.16534266,0.09668464,0.054988064,inf,inf,inf,inf,inf,1,1,1,1,4,2,4,1,1,1,1,1,0,2,0,0,5.033205821113112,1
1574208000,1574204000,5764000,47.3979711740181,8.54616359846853,15.728163,8.0492,-2.6394253,0.0,0.0,-0.2353796,0.037949286,5.033097,0.051248528,0.012629496,-0.00081951654,-0.00039308443,4.1656196e-05,-0.24880558,0.26214775,0.03340607,0.031437673,0.00016356137,-1.6111474,1.6748626,2.416783e-05,0.23533261,2.6651218,3.3122578,-0.2353796,0.15361437,0.1654223,0.09697848,0.055042632,inf,inf,inf,inf,inf,1,1,1,1,4,2,4,1,1,1,1,1,0,2,0,0,5.033500965663866,1
1574216000,1574212000,5764000,47.3979711740181,8.54616359846853,15.73115,8.086965,-2.6394958,0.0,0.0,-0.2353796,0.037972484,5.033279,0.05108262,0.0124211265,-0.00081951654,-0.00039308443,4.1656196e-05,-0.24659348,0.26354825,0.03656279,0.03066483,0.00016274095,-1.6119612,1.6748626,2.4088855e-05,0.23533261,2.6653428,3.3140178,-0.2353796,0.152194,0.16472621,0.095614694,0.05478847,inf,inf,inf,inf,inf,1,1,1,1,4,2,4,1,1,1,1,1,0,2,0,0,5.033681439607417,1
1574224000,1574220000,5764000,47.3979711740181,8.54616359846853,15.734085,8.124773,-2.6395578,0.0,0.0,-0.2353796,0.037971795,5.033474,0.0509867,0.012294009,-0.00081951654,-0.00039308443,4.1656196e-05,-0.24288648,0.25874734,0.043648757,0.02989863,0.00016277205,-1.6127714,1.6748626,2.4128582e-05,0.23533261,2.6650593,3.3160934,-0.2353796,0.15264182,0.16498767,0.0959078,0.054865107,inf,inf,inf,inf,inf,1,1,1,1,4,2,4,1,1,1,1,1,0,2,0,0,5.033875446360231,1
1574232000,1574228000,5764000,47.3979711740181,8.54616359846853,15.736969,8.162626,-2.6396112,0.0,0.0,-0.2353796,0.037900418,5.0336967,0.050810374,0.012097392,-0.00081951654,-0.00039308443,4.1656196e-05,-0.24521285,0.25609785,0.031982545,0.029141061,0.00016280323,-1.6135718,1.6748626,2.4168352e-05,0.23533261,2.6647737,3.3181696,-0.2353796,0.1530928,0.16524988,0.09620154,0.054941654,inf,inf,inf,inf,inf,1,1,1,1,4,2,4,1,1,1,1,1,0,2,0,0,5.034095807926334,1
1574240000,1574236000,5764000,47.3979711740181,8.54616359846853,15.739801,8.200522,-2.6396565,0.0,0.0,-0.2353796,0.037700046,5.0339813,0.05068691,0.011964186,-0.00081951654,-0.00039308443,4.1656196e-05,-0.25495955,0.25780594,0.037019137,0.028381387,0.00016283439,-1.6143733,1.6748626,2.4208153e-05,0.23533261,2.664486,3.3202467,-0.2353796,0.153547,0.16551287,0.0964953,0.055018075,inf,inf,inf,inf,inf,1,1,1,1,4,2,4,1,1,1,1,1,0,2,0,0,5.034377636318459,1
1574248000,1574244000,5764000,47.3979711740181,8.54616359846853,15.742789,8.238302,-2.6397142,0.0,0.0,-0.2353796,0.037721276,5.0341144,0.050583396,0.011837002,-0.00081951654,-0.00039308443,4.1656196e-05,-0.24711587,0.2546673,0.042431053,0.027627077,0.0001620748,-1.6151683,1.6748626,2.4130675e-05,0.23533261,2.6648428,3.3220067,-0.2353796,0.15213165,0.16481537,0.095154,0.05476454,inf,inf,inf,inf,inf,1,1,1,1,4,2,4,1,1,1,1,1,0,2,0,0,5.034509843758508,1
1574256000,1574252000,5764000,47.3979711740181,8.54616359846853,15.745725,8.276127,-2.6397238,0.0,0.0,-0.2353796,0.037678644,5.0342593,0.050496023,0.011777209,-0.00081951654,-0.00039308443,4.1656196e-05,-0.24836597,0.24986923,0.04184851,0.026882805,0.00016210611,-1.615956,1.6748626,2.4170491e-05,0.23533261,2.6633155,3.3240228,-0.2353796,0.15257815,0.16489513,0.095446974,0.054819625,inf,inf,inf,inf,inf,1,1,1,1,4,2,4,1,1,1,1,1,0,2,0,0,5.034653536062733,1
1574264000,1574260000,5764000,47.3979711740181,8.54616359846853,15.748609,8.313995,-2.6397252,0.0,0.0,-0.2353796,0.03762802,5.0345,0.0504222,0.01173986,-0.00081951654,-0.00039308443,4.1656196e-05,-0.24283302,0.25575188,0.042006835,0.026137708,0.00016213744,-1.6167433,1.6748626,2.4210356e-05,0.23533261,2.6630285,3.3260994,-0.2353796,0.15302782,0.16515717,0.09574053,0.05489619,inf,inf,inf,inf,inf,1,1,1,1,4,2,4,1,1,1,1,1,0,2,0,0,5.03489309877995,1
1574272000,1574268000,5764000,47.3979711740181,8.54616359846853,15.751441,8.351909,-2.6397195,0.0,0.0,-0.2353796,0.037520245,5.0348053,0.050356332,0.011719064,-0.00081951654,-0.00039308443,4.1656196e-05,-0.24357878,0.2578694,0.04150951,0.02540336,0.00016216884,-1.6175189,1.6748626,2.4250265e-05,0.23533261,2.6627393,3.3281765,-0.2353796,0.15348066,0.16541997,0.09603452,0.054972645,inf,inf,inf,inf,inf,1,1,1,1,4,2,4,1,1,1,1,1,0,2,0,0,5.0351969115284305,1
1574280000,1574276000,5764000,47.3979711740181,8.54616359846853,15.75442,8.389703,-2.6397228,0.0,0.0,-0.2353796,0.037516445,5.0350056,0.05024297,0.011639909,-0.00081951654,-0.00039308443,4.1656196e-05,-0.24948613,0.2607232,0.038343012,0.024663275,0.00016146587,-1.6182991,1.6748626,2.417415e-05,0.23533261,2.6629448,3.3299375,-0.2353796,0.15207018,0.16472392,0.094714224,0.05472034,inf,inf,inf,inf,inf,1,1,1,1,4,2,4,1,1,1,1,1,0,2,0,0,5.03539603524005,1
1574288000,1574284000,5764000,47.3979711740181,8.54616359846853,15.757347,8.427543,-2.6397185,0.0,0.0,-0.2353796,0.03752077,5.0351954,0.0500782,0.01151799,-0.00081951654,-0.00039308443,4.1656196e-05,-0.24175861,0.2532052,0.030387191,0.023939177,0.00016149733,-1.6190664,1.6748626,2.4214074e-05,0.23533261,2.6626594,3.3320138,-0.2353796,0.15251543,0.16498528,0.09500737,0.054796983,inf,inf,inf,inf,inf,1,1,1,1,4,2,4,1,1,1,1,1,0,2,0,0,5.035584211437418,1
1574296000,1574292000,5764000,47.3979711740181,8.54616359846853,15.7602215,8.465427,-2.639708,0.0,0.0,-0.2353796,0.037480712,5.0354457,0.049937826,0.011428824,-0.00081951654,-0.00039308443,4.1656196e-05,-0.24077885,0.25469095,0.03195088,0.023225011,0.00016152885,-1.6198226,1.6748626,2.4254037e-05,0.23533261,2.6623719,3.334091,-0.2353796,0.1529638,0.16524743,0.095300585,0.05487352,inf,inf,inf,inf,inf,1,1,1,1,4,2,4,1,1,1,1,1,0,2,0,0,5.035832799834217,1
1574304000,1574300000,5764000,47.3979711740181,8.54616359846853,15.763045,8.503357,-2.6396961,0.0,0.0,-0.2353796,0.037427403,5.035657,0.049845602,0.011390411,-0.00081951654,-0.00039308443,4.1656196e-05,-0.23604468,0.24388246,0.036658715,0.022502156,0.00016156043,-1.6205865,1.6748626,2.429403e-05,0.23533261,2.662249,3.336108,-0.2353796,0.15341532,0.1653271,0.09559428,0.054928143,inf,inf,inf,inf,inf,1,1,1,1,4,2,4,1,1,1,1,1,0,2,0,0,5.0360427734663915,1
1574312000,1574308000,5764000,47.3979711740181,8.54616359846853,15.766008,8.541184,-2.639676,0.0,0.0,-0.2353796,0.03745024,5.035816,0.04972095,0.011326119,-0.00081951654,-0.00039308443,4.1656196e-05,-0.24385722,0.25189504,0.034093387,0.021800723,0.00016091025,-1.6213278,1.6748626,2.4219185e-05,0.23533261,2.6619313,3.33787,-0.2353796,0.1520096,0.16463251,0.09429404,0.054677065,inf,inf,inf,inf,inf,1,1,1,1,4,2,4,1,1,1,1,1,0,2,0,0,5.0362006988602985,1
1574320000,1574316000,5764000,47.3979711740181,8.54616359846853,15.768919,8.579058,-2.6396499,0.0,0.0,-0.2353796,0.037523016,5.0360236,0.049608342,0.011281597,-0.00081951654,-0.00039308443,4.1656196e-05,-0.23095046,0.25172928,0.034149267,0.021107502,0.0001609419,-1.6220634,1.6748626,2.4259207e-05,0.23533261,2.6616416,3.3399465,-0.2353796,0.15245363,0.1648937,0.094587,0.054753724,inf,inf,inf,inf,inf,1,1,1,1,4,2,4,1,1,1,1,1,0,2,0,0,5.036407714242632,1
1574328000,1574324000,5764000,47.3979711740181,8.54616359846853,15.771778,8.616976,-2.6396165,0.0,0.0,-0.2353796,0.037489034,5.036268,0.049507394,0.011256191,-0.00081951654,-0.00039308443,4.1656196e-05,-0.23781358,0.25042453,0.034197696,0.020417146,0.0001609736,-1.6227952,1.6748626,2.429928e-05,0.23533261,2.6613493,3.3420238,-0.2353796,0.15290073,0.16515563,0.094880134,0.05483027,inf,inf,inf,inf,inf,1,1,1,1,4,2,4,1,1,1,1,1,0,2,0,0,5.036650849280196,1
1574336000,1574332000,5764000,47.3979711740181,8.54616359846853,15.774586,8.654939,-2.639577,0.0,0.0,-0.2353796,0.037341207,5.0366063,0.049397774,0.011229308,-0.00081951654,-0.00039308443,4.1656196e-05,-0.24574044,0.25633556,0.031744592,0.019736327,0.00016100532,-1.6235164,1.6748626,2.4339377e-05,0.23533261,2.6610544,3.3441021,-0.2353796,0.15335095,0.16541836,0.09517396,0.054906726,inf,inf,inf,inf,inf,1,1,1,1,4,2,4,1,1,1,1,1,0,2,0,0,5.03698694926005,1
1574344000,1574340000,5764000,47.3979711740181,8.54616359846853,15.777535,8.69281,-2.6395226,0.0,0.0,-0.2353796,0.037404463,5.036846,0.049331598,0.011258923,-0.00081951654,-0.00039308443,4.1656196e-05,-0.23673378,0.25715786,0.038506925,0.019058684,0.00016040425,-1.6242334,1.6748626,2.4265677e-05,0.23533261,2.660502,3.3458638,-0.2353796,0.1519499,0.16472235,0.09389294,0.054656193,inf,inf,inf,inf,inf,1,1,1,1,4,2,4,1,1,1,1,1,0,2,0,0,5.037226451940547,1
1574352000,1574348000,5764000,47.3979711740181,8.54616359846853,15.780432,8.730726,-2.6394615,0.0,0.0,-0.2353796,0.037382614,5.037053,0.04923698,0.011267084,-0.00081951654,-0.00039308443,4.1656196e-05,-0.24074784,0.24703889,0.033569984,0.018400276,0.00016043604,-1.6249332,1.6748626,2.430578e-05,0.23533261,2.6601913,3.3478813,-0.2353796,0.15239269,0.16480215,0.09418598,0.05471134,inf,inf,inf,inf,inf,1,1,1,1,4,2,4,1,1,1,1,1,0,2,0,0,5.037432348413028,1
1574360000,1574356000,5764000,47.3979711740181,8.54616359846853,15.783276,8.768687,-2.6393948,0.0,0.0,-0.2353796,0.037329804,5.037333,0.049133793,0.011272865,-0.00081951654,-0.00039308443,4.1656196e-05,-0.23817615,0.25034842,0.031169502,0.017743874,0.00016046794,-1.6256299,1.6748626,2.434595e-05,0.23533261,2.6598952,3.3499591,-0.2353796,0.15283856,0.1650639,0.09447961,0.054787934,inf,inf,inf,inf,inf,1,1,1,1,4,2,4,1,1,1,1,1,0,2,0,0,5.037710928265957,1
1574368000,1574364000,5764000,47.3979711740181,8.54616359846853,15.786069,8.806693,-2.6393223,0.0,0.0,-0.2353796,0.037209883,5.0376673,0.049063217,0.011317225,-0.00081951654,-0.00039308443,4.1656196e-05,-0.24030155,0.25141692,0.03395462,0.017095972,0.00016049988,-1.626317,1.6748626,2.438616e-05,0.23533261,2.659597,3.3520377,-0.2353796,0.15328752,0.16532642,0.09477367,0.054864433,inf,inf,inf,inf,inf,1,1,1,1,4,2,4,1,1,1,1,1,0,2,0,0,5.038043628249417,1
1574376000,1574372000,5764000,47.3979711740181,8.54616359846853,15.789019,8.844617,-2.6392326,0.0,0.0,-0.2353796,0.03722981,5.0378423,0.048955698,0.011339811,-0.00081951654,-0.00039308443,4.1656196e-05,-0.24240829,0.24352126,0.030382534,0.016461588,0.00015994467,-1.6269896,1.6748626,2.4313518e-05,0.23533261,2.658946,3.3538005,-0.2353796,0.15189101,0.16463186,0.09351047,0.054615047,inf,inf,inf,inf,inf,1,1,1,1,4,2,4,1,1,1,1,1,0,2,0,0,5.038217716493462,1
1574384000,1574380000,5764000,47.3979711740181,8.54616359846853,15.791917,8.882585,-2.6391377,0.0,0.0,-0.2353796,0.037321996,5.038075,0.04885324,0.011372626,-0.00081951654,-0.00039308443,4.1656196e-05,-0.2267354,0.24483494,0.029730609,0.015845658,0.00015997665,-1.6276451,1.6748626,2.4353736e-05,0.23533261,2.6586475,3.3558784,-0.2353796,0.15233262,0.16489294,0.09380376,0.05469172,inf,inf,inf,inf,inf,1,1,1,1,4,2,4,1,1,1,1,1,0,2,0,0,5.0384500866902435,1
1574392000,1574388000,5764000,47.3979711740181,8.54616359846853,15.794762,8.920597,-2.639038,0.0,0.0,-0.2353796,0.037304033,5.0384264,0.048783217,0.011442844,-0.00081951654,-0.00039308443,4.1656196e-05,-0.23404531,0.2539376,0.03253668,0.015237522,0.00016000874,-1.6282917,1.6748626,2.4394005e-05,0.23533261,2.658347,3.3579566,-0.2353796,0.15277728,0.1651548,0.09409774,0.054768328,inf,inf,inf,inf,inf,1,1,1,1,4,2,4,1,1,1,1,1,0,2,0,0,5.038800649098542,1
1574400000,1574396000,5764000,47.3979711740181,8.54616359846853,15.797556,8.958654,-2.6389327,0.0,0.0,-0.2353796,0.037252814,5.038775,0.048711225,0.011515866,-0.00081951654,-0.00039308443,4.1656196e-05,-0.23192154,0.24798004,0.031077301,0.014634912,0.00016004084,-1.6289318,1.6748626,2.4434306e-05,0.23533261,2.6580439,3.3600357,-0.2353796,0.153225,0.16541742,0.09439195,0.05484482,inf,inf,inf,inf,inf,1,1,1,1,4,2,4,1,1,1,1,1,0,2,0,0,5.0391481478735,1
1574408000,1574404000,5764000,47.3979711740181,8.54616359846853,15.800502,8.996632,-2.6388202,0.0,0.0,-0.2353796,0.037310448,5.0390506,0.048619527,0.011574171,-0.00081951654,-0.00039308443,4.1656196e-05,-0.23670612,0.25077054,0.029769724,0.014045639,0.00015952824,-1.6295574,1.6748626,2.4362598e-05,0.23533261,2.6576693,3.3617392,-0.2353796,0.15183292,0.16454083,0.09314597,0.054574594,inf,inf,inf,inf,inf,1,1,1,1,4,2,4,1,1,1,1,1,0,2,0,0,5.039423268321091,1
1574416000,1574412000,5764000,47.3979711740181,8.54616359846853,15.803393,9.034654,-2.6387024,0.0,0.0,-0.2353796,0.03732147,5.0393806,0.048563354,0.011672363,-0.00081951654,-0.00039308443,4.1656196e-05,-0.23590596,0.25172055,0.032998618,0.013462786,0.00015956047,-1.6301781,1.6748626,2.4402927e-05,0.23533261,2.6573656,3.3638175,-0.2353796,0.15227337,0.16480173,0.093439385,0.05465131,inf,inf,inf,inf,inf,1,1,1,1,4,2,4,1,1,1,1,1,0,2,0,0,5.039752783930086,1
1574424000,1574420000,5764000,47.3979711740181,8.54616359846853,15.806233,9.072721,-2.6385803,0.0,0.0,-0.2353796,0.03725016,5.039735,0.048437525,0.01170508,-0.00081951654,-0.00039308443,4.1656196e-05,-0.23975287,0.2492293,0.023114493,0.012890078,0.00015959275,-1.6307876,1.6748626,2.4443296e-05,0.23533261,2.6570594,3.3658962,-0.2353796,0.15271685,0.1650634,0.09373336,0.05472794,inf,inf,inf,inf,inf,1,1,1,1,4,2,4,1,1,1,1,1,0,2,0,0,5.040105419380943,1
1574432000,1574428000,5764000,47.3979711740181,8.54616359846853,15.80902,9.11083,-2.6384535,0.0,0.0,-0.2353796,0.037112676,5.0400987,0.048368394,0.011798512,-0.00081951654,-0.00039308443,4.1656196e-05,-0.24175733,0.2449189,0.02905866,0.012328699,0.00015962507,-1.6313847,1.6748626,2.4483701e-05,0.23533261,2.6567507,3.3679755,-0.2353796,0.15316337,0.16532582,0.09402805,0.054804504,inf,inf,inf,inf,inf,1,1,1,1,4,2,4,1,1,1,1,1,0,2,0,0,5.040467414635245,1
1574440000,1574436000,5764000,47.3979711740181,8.54616359846853,15.811756,9.148984,-2.6383224,0.0,0.0,-0.2353796,0.03702739,5.0404506,0.04830633,0.0119028585,-0.00081951654,-0.00039308443,4.1656196e-05,-0.22909738,0.23809941,0.02883002,0.01177594,0.00015965743,-1.6319722,1.6748626,2.452415e-05,0.23533261,2.6564398,3.370056,-0.2353796,0.15361291,0.16558902,0.09432316,0.054880943,inf,inf,inf,inf,inf,1,1,1,1,4,2,4,1,1,1,1,1,0,2,0,0,5.040818066561085,1
1574448000,1574444000,5764000,47.3979711740181,8.54616359846853,15.814642,9.187046,-2.638175,0.0,0.0,-0.2353796,0.03701053,5.0407863,0.048231974,0.0120074535,-0.00081951654,-0.00039308443,4.1656196e-05,-0.23861702,0.24872409,0.028480774,0.01123904,0.00015918598,-1.6325427,1.6748626,2.4451774e-05,0.23533261,2.6557956,3.3718183,-0.2353796,0.15220658,0.16489,0.09307835,0.05463137,inf,inf,inf,inf,inf,1,1,1,1,4,2,4,1,1,1,1,1,0,2,0,0,5.041152906321579,1
1574456000,1574452000,5764000,47.3979711740181,8.54616359846853,15.817475,9.225153,-2.6380396,0.0,0.0,-0.2353796,0.037008673,5.041149,0.048096195,0.01203825,-0.00081951654,-0.00039308443,4.1656196e-05,-0.23031504,0.24662663,0.020068137,0.010717843,0.00015921843,-1.6330993,1.6748626,2.4492216e-05,0.23533261,2.6559622,3.3738375,-0.2353796,0.15264879,0.16496973,0.09337238,0.054686353,inf,inf,inf,inf,inf,1,1,1,1,4,2,4,1,1,1,1,1,0,2,0,0,5.041514269150857,1
1574464000,1574460000,5764000,47.3979711740181,8.54616359846853,15.820256,9.263303,-2.6378999,0.0,0.0,-0.2353796,0.03696936,5.041566,0.04801783,0.012130054,-0.00081951654,-0.00039308443,4.1656196e-05,-0.22873813,0.24795604,0.026152002,0.010212161,0.00015925094,-1.6336392,1.6748626,2.4532723e-05,0.23533261,2.6556504,3.3759174,-0.2353796,0.15309402,0.16523194,0.093667224,0.054762926,inf,inf,inf,inf,inf,1,1,1,1,4,2,4,1,1,1,1,1,0,2,0,0,5.041930203595913,1
1574472000,1574468000,5764000,47.3979711740181,8.54616359846853,15.822987,9.3014965,-2.6377554,0.0,0.0,-0.2353796,0.036821168,5.0419745,0.048026484,0.012312313,-0.00081951654,-0.00039308443,4.1656196e-05,-0.23622335,0.24165541,0.035966743,0.0097160395,0.0001592835,-1.6341686,1.6748626,2.457327e-05,0.23533261,2.6553364,3.377998,-0.2353796,0.15354225,0.16549493,0.09396232,0.05483939,inf,inf,inf,inf,inf,1,1,1,1,4,2,4,1,1,1,1,1,0,2,0,0,5.04233767217434,1
1574480000,1574476000,5764000,47.3979711740181,8.54616359846853,15.82587,9.339603,-2.6375885,0.0,0.0,-0.2353796,0.03680855,5.0422792,0.04792632,0.012405082,-0.00081951654,-0.00039308443,4.1656196e-05,-0.23769659,0.2407006,0.022849066,0.009226975,0.00015884927,-1.6346899,1.6748626,2.4501762e-05,0.23533261,2.6544824,3.3797617,-0.2353796,0.15214075,0.16479744,0.09273356,0.054590948,inf,inf,inf,inf,inf,1,1,1,1,4,2,4,1,1,1,1,1,0,2,0,0,5.042641305135087,1
1574488000,1574484000,5764000,47.3979711740181,8.54616359846853,15.828699,9.377754,-2.6374187,0.0,0.0,-0.2353796,0.03675034,5.0426335,0.04780514,0.012479387,-0.00081951654,-0.00039308443,4.1656196e-05,-0.23696057,0.24146885,0.019176861,0.008754293,0.00015888191,-1.6351963,1.6748626,2.4542325e-05,0.23533261,2.6541672,3.3818417,-0.2353796,0.15258175,0.16505899,0.09302833,0.054667644,inf,inf,inf,inf,inf,1,1,1,1,4,2,4,1,1,1,1,1,0,2,0,0,5.042994004975892,1
1574496000,1574492000,5764000,47.3979711740181,8.54616359846853,15.831475,9.415949,-2.6372452,0.0,0.0,-0.2353796,0.036691755,5.0430665,0.047702968,0.012575125,-0.00081951654,-0.00039308443,4.1656196e-05,-0.23074941,0.24601422,0.020536592,0.008290469,0.00015891461,-1.6356928,1.6748626,2.4582932e-05,0.23533261,2.6538498,3.383922,-0.2353796,0.15302572,0.16532129,0.093323305,0.054744236,inf,inf,inf,inf,inf,1,1,1,1,4,2,4,1,1,1,1,1,0,2,0,0,5.04342558004609,1
1574504000,1574500000,5764000,47.3979711740181,8.54616359846853,15.834201,9.454187,-2.637074,0.0,0.0,-0.2353796,0.03661355,5.043507,0.04763923,0.012705439,-0.00081951654,-0.00039308443,4.1656196e-05,-0.22708426,0.24185795,0.024504026,0.007834564,0.00015894734,-1.6361804,1.6748626,2.4623558e-05,0.23533261,2.6537192,3.3859425,-0.2353796,0.15347268,0.16540089,0.093618855,0.05479881,inf,inf,inf,inf,inf,1,1,1,1,4,2,4,1,1,1,1,1,0,2,0,0,5.043864877980733,1
1574512000,1574508000,5764000,47.3979711740181,8.54616359846853,15.837077,9.492323,-2.636887,0.0,0.0,-0.2353796,0.036662124,5.043784,0.04759071,0.012863359,-0.00081951654,-0.00039308443,4.1656196e-05,-0.2287437,0.23550582,0.027232336,0.0073984712,0.00015854766,-1.6366471,1.6748626,2.4552839e-05,0.23533261,2.6530428,3.3877072,-0.2353796,0.1520759,0.1647049,0.092405446,0.05455148,inf,inf,inf,inf,inf,1,1,1,1,4,2,4,1,1,1,1,1,0,2,0,0,5.044141753130109,1
1574520000,1574516000,5764000,47.3979711740181,8.54616359846853,15.8399,9.530502,-2.6366973,0.0,0.0,-0.2353796,0.036699377,5.044104,0.047517926,0.01299892,-0.00081951654,-0.00039308443,4.1656196e-05,-0.22375128,0.23549831,0.023212748,0.006971286,0.00015858051,-1.6371074,1.6748626,2.4593504e-05,0.23533261,2.652723,3.3897872,-0.2353796,0.15251568,0.16496624,0.09270032,0.0546282,inf,inf,inf,inf,inf,1,1,1,1,4,2,4,1,1,1,1,1,0,2,0,0,5.044461315183171,1
1574528000,1574524000,5764000,47.3979711740181,8.54616359846853,15.842671,9.568726,-2.6365037,0.0,0.0,-0.2353796,0.03669012,5.0444956,0.047447965,0.013139097,-0.00081951654,-0.00039308443,4.1656196e-05,-0.22333486,0.23909348,0.022606457,0.00655788,0.00015861334,-1.6375527,1.6748626,2.4634212e-05,0.23533261,2.6524014,3.391868,-0.2353796,0.15295844,0.16522834,0.09299573,0.054704815,inf,inf,inf,inf,inf,1,1,1,1,4,2,4,1,1,1,1,1,0,2,0,0,5.04485216163047,1
1574536000,1574532000,5764000,47.3979711740181,8.54616359846853,15.84539,9.606992,-2.6363068,0.0,0.0,-0.2353796,0.036637515,5.04489,0.047381625,0.013284589,-0.00081951654,-0.00039308443,4.1656196e-05,-0.22265796,0.23445724,0.022127291,0.006154128,0.00015864623,-1.6379875,1.6748626,2.4674953e-05,0.23533261,2.652078,3.3939497,-0.2353796,0.15340416,0.1654912,0.09329137,0.054781318,inf,inf,inf,inf,inf,1,1,1,1,4,2,4,1,1,1,1,1,0,2,0,0,5.045245528018731,1
1574544000,1574540000,5764000,47.3979711740181,8.54616359846853,15.848249,9.645166,-2.6360946,0.0,0.0,-0.2353796,0.036667988,5.045262,0.04734895,0.013476173,-0.00081951654,-0.00039308443,4.1656196e-05,-0.22828162,0.2444226,0.026960855,0.0057652425,0.00015827872,-1.6384064,1.6748626,2.4604931e-05,0.23533261,2.651377,3.3957143,-0.2353796,0.15201198,0.16479382,0.092092395,0.054534428,inf,inf,inf,inf,inf,1,1,1,1,4,2,4,1,1,1,1,1,0,2,0,0,5.045617416437167,1
1574552000,1574548000,5764000,47.3979711740181,8.54616359846853,15.851056,9.683384,-2.635913,0.0,0.0,-0.2353796,0.036679354,5.045659,0.047227804,0.013546167,-0.00081951654,-0.00039308443,4.1656196e-05,-0.22434533,0.24221842,0.015814321,0.005394267,0.0001583117,-1.6388097,1.6748626,2.4645678e-05,0.23533261,2.6521015,3.3977349,-0.2353796,0.15245059,0.16487351,0.09238741,0.05458956,inf,inf,inf,inf,inf,1,1,1,1,4,2,4,1,1,1,1,1,0,2,0,0,5.04601333576929,1
1574560000,1574556000,5764000,47.3979711740181,8.54616359846853,15.853809,9.721646,-2.635728,0.0,0.0,-0.2353796,0.03662833,5.046095,0.047138125,0.013649835,-0.00081951654,-0.00039308443,4.1656196e-05,-0.22597426,0.24188925,0.018827615,0.005031358,0.00015834473,-1.639204,1.6748626,2.4686484e-05,0.23533261,2.651777,3.399816,-0.2353796,0.15289216,0.16513541,0.092683084,0.05466622,inf,inf,inf,inf,inf,1,1,1,1,4,2,4,1,1,1,1,1,0,2,0,0,5.04644809607828,1
1574568000,1574564000,5764000,47.3979711740181,8.54616359846853,15.856511,9.759951,-2.6355395,0.0,0.0,-0.2353796,0.03654797,5.0465546,0.04699442,0.013701577,-0.00081951654,-0.00039308443,4.1656196e-05,-0.22360542,0.23983066,0.011180527,0.0046767225,0.00015837773,-1.6395891,1.6748626,2.4727318e-05,0.23533261,2.6514504,3.4018981,-0.2353796,0.15333666,0.16539806,0.09297922,0.0547428,inf,inf,inf,inf,inf,1,1,1,1,4,2,4,1,1,1,1,1,0,2,0,0,5.046905741184733,1
1574576000,1574572000,5764000,47.3979711740181,8.54616359846853,15.859336,9.798174,-2.635343,0.0,0.0,-0.2353796,0.036545318,5.0469327,0.046871986,0.013779997,-0.00081951654,-0.00039308443,4.1656196e-05,-0.22807993,0.24183609,0.0147935925,0.004334835,0.00015804026,-1.6399603,1.6748626,2.4657926e-05,0.23533261,2.650971,3.4036636,-0.2353796,0.15194896,0.16470218,0.09179421,0.054496963,inf,inf,inf,inf,inf,1,1,1,1,4,2,4,1,1,1,1,1,0,2,0,0,5.047282657199673,1
1574584000,1574580000,5764000,47.3979711740181,8.54616359846853,15.862108,9.836441,-2.6351442,0.0,0.0,-0.2353796,0.036501363,5.047301,0.046695266,0.013805861,-0.00081951654,-0.00039308443,4.1656196e-05,-0.22700715,0.2353984,0.00711251,0.0040014475,0.00015807344,-1.6403254,1.6748626,2.4698787e-05,0.23533261,2.6506448,3.4057448,-0.2353796,0.15238643,0.1649634,0.09208977,0.05457373,inf,inf,inf,inf,inf,1,1,1,1,4,2,4,1,1,1,1,1,0,2,0,0,5.047648975708262,1
1574592000,1574588000,5764000,47.3979711740181,8.54616359846853,15.864828,9.874751,-2.6349425,0.0,0.0,-0.2353796,0.03643574,5.0476837,0.0466113,0.013926114,-0.00081951654,-0.00039308443,4.1656196e-05,-0.22365071,0.23208459,0.017836222,0.0036805426,0.00015810663,-1.6406772,1.6748626,2.4739686e-05,0.23533261,2.6503167,3.4078267,-0.2353796,0.15282685,0.16522536,0.092385545,0.054650374,inf,inf,inf,inf,inf,1,1,1,1,4,2,4,1,1,1,1,1,0,2,0,0,5.048030399243128,1
1574600000,1574596000,5764000,47.3979711740181,8.54616359846853,15.8674965,9.913103,-2.6347375,0.0,0.0,-0.2353796,0.036343396,5.0480638,0.046515666,0.014036225,-0.00081951654,-0.00039308443,4.1656196e-05,-0.22109199,0.22669886,0.015531666,0.003386965,0.0001581399,-1.6410007,1.6748626,2.4780631e-05,0.23533261,2.649987,3.4099092,-0.2353796,0.15327018,0.1654881,0.09268207,0.054726962,inf,inf,inf,inf,inf,1,1,1,1,4,2,4,1,1,1,1,1,0,2,0,0,5.048408925442419,1
1574608000,1574604000,5764000,47.3979711740181,8.54616359846853,15.870292,9.951382,-2.634531,0.0,0.0,-0.2353796,0.036355592,5.0483694,0.0464435,0.014167925,-0.00081951654,-0.00039308443,4.1656196e-05,-0.22253142,0.22852758,0.01944741,0.0031020178,0.00015783038,-1.6413147,1.6748626,2.4711771e-05,0.23533261,2.649716,3.4116151,-0.2353796,0.15188684,0.16460998,0.09150993,0.05446008,inf,inf,inf,inf,inf,1,1,1,1,4,2,4,1,1,1,1,1,0,2,0,0,5.048713927983867,1
1574616000,1574612000,5764000,47.3979711740181,8.54616359846853,15.873034,9.989703,-2.6343217,0.0,0.0,-0.2353796,0.036360443,5.0487556,0.046390533,0.014320263,-0.00081951654,-0.00039308443,4.1656196e-05,-0.21730278,0.23349562,0.020998063,0.002824548,0.00015786372,-1.6416234,1.6748626,2.4752728e-05,0.23533261,2.649387,3.4136965,-0.2353796,0.1523232,0.16487099,0.09180564,0.054536875,inf,inf,inf,inf,inf,1,1,1,1,4,2,4,1,1,1,1,1,0,2,0,0,5.04909964963047,1
1574624000,1574620000,5764000,47.3979711740181,8.54616359846853,15.875724,10.028068,-2.634109,0.0,0.0,-0.2353796,0.036262233,5.049196,0.046294123,0.014430502,-0.00081951654,-0.00039308443,4.1656196e-05,-0.2242076,0.2352285,0.01474237,0.002561188,0.0001578971,-1.6419171,1.6748626,2.4793724e-05,0.23533261,2.649056,3.4157789,-0.2353796,0.15276247,0.16513276,0.09210178,0.054613575,inf,inf,inf,inf,inf,1,1,1,1,4,2,4,1,1,1,1,1,0,2,0,0,5.049538428587557,1
1574632000,1574628000,5764000,47.3979711740181,8.54616359846853,15.878363,10.066474,-2.6338935,0.0,0.0,-0.2353796,0.0361437,5.049658,0.04619001,0.014534294,-0.00081951654,-0.00039308443,4.1656196e-05,-0.22093406,0.23305705,0.012977048,0.0023096395,0.00015793052,-1.6421981,1.6748626,2.4834764e-05,0.23533261,2.6487231,3.4178617,-0.2353796,0.15320466,0.16539529,0.09239863,0.05469019,inf,inf,inf,inf,inf,1,1,1,1,4,2,4,1,1,1,1,1,0,2,0,0,5.0499985941619325,1
1574640000,1574636000,5764000,47.3979711740181,8.54616359846853,15.881108,10.104796,-2.6336799,0.0,0.0,-0.2353796,0.03613245,5.050033,0.046112463,0.014659579,-0.00081951654,-0.00039308443,4.1656196e-05,-0.21954083,0.234534,0.017757991,0.0020722777,0.00015764704,-1.642464,1.6748626,2.4766417e-05,0.23533261,2.6485302,3.4196284,-0.2353796,0.15182559,0.16469951,0.09123901,0.054445732,inf,inf,inf,inf,inf,1,1,1,1,4,2,4,1,1,1,1,1,0,2,0,0,5.050372779733783,1
1574648000,1574644000,5764000,47.3979711740181,8.54616359846853,15.8838005,10.143161,-2.6334634,0.0,0.0,-0.2353796,0.036038097,5.0504675,0.045989286,0.014740519,-0.00081951654,-0.00039308443,4.1656196e-05,-0.22393087,0.23679528,0.011234078,0.0018539218,0.0001576806,-1.6427137,1.6748626,2.4807483e-05,0.23533261,2.6481993,3.4217105,-0.2353796,0.15226087,0.16496061,0.09153515,0.054522544,inf,inf,inf,inf,inf,1,1,1,1,4,2,4,1,1,1,1,1,0,2,0,0,5.0508054533330045,1
1574656000,1574652000,5764000,47.3979711740181,8.54616359846853,15.886441,10.181568,-2.6332374,0.0,0.0,-0.2353796,0.035837445,5.0508924,0.045952942,0.014916183,-0.00081951654,-0.00039308443,4.1656196e-05,-0.23138128,0.23067139,0.02112705,0.0016390232,0.0001577142,-1.642959,1.6748626,2.4848574e-05,0.23533261,2.6476617,3.4237332,-0.2353796,0.15269904,0.1650402,0.09183159,0.05457754,inf,inf,inf,inf,inf,1,1,1,1,4,2,4,1,1,1,1,1,0,2,0,0,5.051228566568765,1
1574664000,1574660000,5764000,47.3979711740181,8.54616359846853,15.88903,10.2200165,-2.6330085,0.0,0.0,-0.2353796,0.03567364,5.0513473,0.045873705,0.015049836,-0.00081951654,-0.00039308443,4.1656196e-05,-0.22110316,0.22960328,0.014995224,0.0014415008,0.00015774784,-1.6431861,1.6748626,2.4889723e-05,0.23533261,2.6473274,3.4258163,-0.2353796,0.15314013,0.16530253,0.09212849,0.05465417,inf,inf,inf,inf,inf,1,1,1,1,4,2,4,1,1,1,1,1,0,2,0,0,5.05168155673124,1
1574672000,1574668000,5764000,47.3979711740181,8.54616359846853,15.891743,10.258397,-2.63278,0.0,0.0,-0.2353796,0.03556554,5.051733,0.04577941,0.015164586,-0.00081951654,-0.00039308443,4.1656196e-05,-0.22851893,0.23070547,0.014465767,0.0012482574,0.00015748861,-1.6434081,1.6748626,2.4821791e-05,0.23533261,2.6470861,3.4275842,-0.2353796,0.1517652,0.16460823,0.090980336,0.054410666,inf,inf,inf,inf,inf,1,1,1,1,4,2,4,1,1,1,1,1,0,2,0,0,5.052065613717268,1
1574680000,1574676000,5764000,47.3979711740181,8.54616359846853,15.8944025,10.296819,-2.6325493,0.0,0.0,-0.2353796,0.035496004,5.0520916,0.045678817,0.015273899,-0.00081951654,-0.00039308443,4.1656196e-05,-0.21777385,0.22232758,0.012891366,0.0010709924,0.00015752233,-1.6436157,1.6748626,2.4862951e-05,0.23533261,2.6467533,3.4296668,-0.2353796,0.15219943,0.16486913,0.09127659,0.05448749,inf,inf,inf,inf,inf,1,1,1,1,4,2,4,1,1,1,1,1,0,2,0,0,5.05242279064342,1
1574688000,1574684000,5764000,47.3979711740181,8.54616359846853,15.897011,10.335281,-2.6323166,0.0,0.0,-0.2353796,0.035311144,5.0525174,0.045552686,0.015358468,-0.00081951654,-0.00039308443,4.1656196e-05,-0.22642681,0.22591221,0.008934642,0.00090353785,0.00015755618,-1.6438128,1.6748626,2.4904166e-05,0.23533261,2.646419,3.43175,-0.2353796,0.15263654,0.16513078,0.091573305,0.054564215,inf,inf,inf,inf,inf,1,1,1,1,4,2,4,1,1,1,1,1,0,2,0,0,5.052846128806533,1
1574696000,1574692000,5764000,47.3979711740181,8.54616359846853,15.899568,10.373786,-2.6320815,0.0,0.0,-0.2353796,0.035081442,5.0529985,0.04541771,0.0154349115,-0.00081951654,-0.00039308443,4.1656196e-05,-0.22642727,0.22808369,0.0070868987,0.0007409273,0.00015759001,-1.6440042,1.6748626,2.494542e-05,0.23533261,2.6460834,3.433834,-0.2353796,0.15307653,0.16539319,0.091870576,0.054640874,inf,inf,inf,inf,inf,1,1,1,1,4,2,4,1,1,1,1,1,0,2,0,0,5.05332438271646,1
1574704000,1574700000,5764000,47.3979711740181,8.54616359846853,15.902074,10.412332,-2.631843,0.0,0.0,-0.2353796,0.03482748,5.0534883,0.045348197,0.015578553,-0.00081951654,-0.00039308443,4.1656196e-05,-0.2239776,0.22465087,0.014520715,0.00058872066,0.00015762387,-1.6441845,1.6748626,2.498669e-05,0.23533261,2.6457129,3.4358578,-0.2353796,0.15351939,0.16547264,0.09216838,0.054695446,inf,inf,inf,inf,inf,1,1,1,1,4,2,4,1,1,1,1,1,0,2,0,0,5.0538117703938275,1
1574712000,1574708000,5764000,47.3979711740181,8.54616359846853,15.904698,10.450799,-2.6316028,0.0,0.0,-0.2353796,0.034659754,5.053899,0.045216333,0.0156588,-0.00081951654,-0.00039308443,4.1656196e-05,-0.22727802,0.22446784,0.00757724,0.00044234,0.0001573886,-1.644358,1.6748626,2.4917566e-05,0.23533261,2.645387,3.4376252,-0.2353796,0.15213066,0.16477537,0.09101695,0.054451153,inf,inf,inf,inf,inf,1,1,1,1,4,2,4,1,1,1,1,1,0,2,0,0,5.054220109722005,1
1574720000,1574716000,5764000,47.3979711740181,8.54616359846853,15.907271,10.489308,-2.6313605,0.0,0.0,-0.2353796,0.034497708,5.054343,0.045076553,0.015731646,-0.00081951654,-0.00039308443,4.1656196e-05,-0.22086972,0.22400318,0.0058636065,0.00031264545,0.00015742259,-1.6445165,1.6748626,2.4958877e-05,0.23533261,2.645051,3.439709,-0.2353796,0.15256661,0.16503681,0.09131416,0.05452793,inf,inf,inf,inf,inf,1,1,1,1,4,2,4,1,1,1,1,1,0,2,0,0,5.054661724501118,1
1574728000,1574724000,5764000,47.3979711740181,8.54616359846853,15.909793,10.527859,-2.6311164,0.0,0.0,-0.2353796,0.034300834,5.054804,0.044998646,0.01586682,-0.00081951654,-0.00039308443,4.1656196e-05,-0.21968089,0.22141594,0.012893694,0.00020123292,0.00015745663,-1.6446558,1.6748626,2.5000234e-05,0.23533261,2.644714,3.4417932,-0.2353796,0.15300545,0.16529901,0.09161188,0.054604623,inf,inf,inf,inf,inf,1,1,1,1,4,2,4,1,1,1,1,1,0,2,0,0,5.0551206616430955,1
1574736000,1574732000,5764000,47.3979711740181,8.54616359846853,15.912265,10.566449,-2.6308699,0.0,0.0,-0.2353796,0.034091923,5.055335,0.04494915,0.016030798,-0.00081951654,-0.00039308443,4.1656196e-05,-0.21576574,0.22575668,0.015761236,9.647709e-05,0.00015749071,-1.6447878,1.6748626,2.504163e-05,0.23533261,2.6443768,3.4438784,-0.2353796,0.15344714,0.16556196,0.09191014,0.05468122,inf,inf,inf,inf,inf,1,1,1,1,4,2,4,1,1,1,1,1,0,2,0,0,5.055649775006628,1
1574744000,1574740000,5764000,47.3979711740181,8.54616359846853,15.914877,10.604966,-2.6306367,0.0,0.0,-0.2353796,0.03404698,5.0557446,0.044842258,0.016120246,-0.00081951654,-0.00039308443,4.1656196e-05,-0.21155314,0.22011535,0.010140705,-2.3768378e-06,0.00015727642,-1.644913,1.6748626,2.4972875e-05,0.23533261,2.6445308,3.445646,-0.2353796,0.15206292,0.16486333,0.09076993,0.05443725,inf,inf,inf,inf,inf,1,1,1,1,4,2,4,1,1,1,1,1,0,2,0,0,5.056058097508257,1
1574752000,1574748000,5764000,47.3979711740181,8.54616359846853,15.917437,10.643523,-2.6303935,0.0,0.0,-0.2353796,0.033875525,5.0561175,0.04469401,0.016177591,-0.00081951654,-0.00039308443,4.1656196e-05,-0.2216656,0.21085843,0.004057772,-8.539689e-05,0.0001573106,-1.6450237,1.6748626,2.5014271e-05,0.23533261,2.643939,3.4476705,-0.2353796,0.15249775,0.16494289,0.09106723,0.054492358,inf,inf,inf,inf,inf,1,1,1,1,4,2,4,1,1,1,1,1,0,2,0,0,5.056428510275821,1
1574760000,1574756000,5764000,47.3979711740181,8.54616359846853,15.919945,10.68212,-2.6301484,0.0,0.0,-0.2353796,0.03364812,5.0565286,0.04458224,0.016271912,-0.00081951654,-0.00039308443,4.1656196e-05,-0.22311999,0.21111731,0.007933936,-0.0001660332,0.00015734482,-1.6451312,1.6748626,2.505573e-05,0.23533261,2.6436028,3.4497554,-0.2353796,0.15293545,0.16520487,0.09136501,0.054569066,inf,inf,inf,inf,inf,1,1,1,1,4,2,4,1,1,1,1,1,0,2,0,0,5.05683708010461,1
1574768000,1574764000,5764000,47.3979711740181,8.54616359846853,15.922403,10.720758,-2.6299014,0.0,0.0,-0.2353796,0.033348445,5.0570374,0.044456065,0.01635226,-0.00081951654,-0.00039308443,4.1656196e-05,-0.22673714,0.2189688,0.0054691914,-0.00023507667,0.00015737907,-1.6452265,1.6748626,2.5097223e-05,0.23533261,2.6432655,3.4518409,-0.2353796,0.153376,0.16546759,0.091663174,0.05464568,inf,inf,inf,inf,inf,1,1,1,1,4,2,4,1,1,1,1,1,0,2,0,0,5.0573427534128985,1
1574776000,1574772000,5764000,47.3979711740181,8.54616359846853,15.924992,10.759337,-2.629662,0.0,0.0,-0.2353796,0.033255555,5.057472,0.044326615,0.01641886,-0.00081951654,-0.00039308443,4.1656196e-05,-0.21621384,0.21735272,0.0062431204,-0.00029668218,0.00015718443,-1.6453135,1.6748626,2.5028807e-05,0.23533261,2.643222,3.4536095,-0.2353796,0.15199618,0.1647705,0.09053381,0.054402675,inf,inf,inf,inf,inf,1,1,1,1,4,2,4,1,1,1,1,1,0,2,0,0,5.057775579394534,1
1574784000,1574780000,5764000,47.3979711740181,8.54616359846853,15.927527,10.797957,-2.6294203,0.0,0.0,-0.2353796,0.033069286,5.0578814,0.044257525,0.016546503,-0.00081951654,-0.00039308443,4.1656196e-05,-0.22221816,0.20968695,0.013109761,-0.00033769064,0.00015721886,-1.6453809,1.6748626,2.5070327e-05,0.23533261,2.6428864,3.4556944,-0.2353796,0.15242992,0.1650318,0.09083149,0.054479487,inf,inf,inf,inf,inf,1,1,1,1,4,2,4,1,1,1,1,1,0,2,0,0,5.058183128620556,1
1574792000,1574788000,5764000,47.3979711740181,8.54616359846853,15.930014,10.836617,-2.6291766,0.0,0.0,-0.2353796,0.03292204,5.0583763,0.044124942,0.016611269,-0.00081951654,-0.00039308443,4.1656196e-05,-0.21182875,0.21608764,0.0045136544,-0.00037633633,0.00015725325,-1.6454451,1.6748626,2.5111885e-05,0.23533261,2.6425498,3.45778,-0.2353796,0.15286651,0.16529386,0.09112954,0.054556213,inf,inf,inf,inf,inf,1,1,1,1,4,2,4,1,1,1,1,1,0,2,0,0,5.058675880467729,1
1574800000,1574796000,5764000,47.3979711740181,8.54616359846853,15.932449,10.875317,-2.6289315,0.0,0.0,-0.2353796,0.03266684,5.058794,0.04400278,0.016687011,-0.00081951654,-0.00039308443,4.1656196e-05,-0.21993594,0.20227222,0.005175359,-0.00040905707,0.00015728768,-1.6455027,1.6748626,2.5153484e-05,0.23533261,2.6422122,3.4598663,-0.2353796,0.15330593,0.16555665,0.09142825,0.054632857,inf,inf,inf,inf,inf,1,1,1,1,4,2,4,1,1,1,1,1,0,2,0,0,5.059090837444937,1
1574808000,1574804000,5764000,47.3979711740181,8.54616359846853,15.935016,10.913949,-2.6286964,0.0,0.0,-0.2353796,0.03249879,5.059214,0.04389998,0.016768532,-0.00081951654,-0.00039308443,4.1656196e-05,-0.22436282,0.21117313,0.009015202,-0.00043144624,0.00015711118,-1.645549,1.6748626,2.5085315e-05,0.23533261,2.6422644,3.4615753,-0.2353796,0.1519304,0.16467714,0.090309046,0.05436867,inf,inf,inf,inf,inf,1,1,1,1,4,2,4,1,1,1,1,1,0,2,0,0,5.059508837564321,1
1574816000,1574812000,5764000,47.3979711740181,8.54616359846853,15.937531,10.9526205,-2.6284595,0.0,0.0,-0.2353796,0.032352705,5.0597076,0.043777213,0.016830988,-0.00081951654,-0.00039308443,4.1656196e-05,-0.21597753,0.21593882,0.005856156,-0.00044269898,0.00015714574,-1.6455855,1.6748626,2.5126941e-05,0.23533261,2.641929,3.4636607,-0.2353796,0.15236309,0.16493823,0.090606965,0.05444552,inf,inf,inf,inf,inf,1,1,1,1,4,2,4,1,1,1,1,1,0,2,0,0,5.060000409031271,1
1574824000,1574820000,5764000,47.3979711740181,8.54616359846853,15.939996,10.991332,-2.6282206,0.0,0.0,-0.2353796,0.0321629,5.060226,0.043637775,0.016877608,-0.00081951654,-0.00039308443,4.1656196e-05,-0.2159571,0.21481112,0.0031283123,-0.00044556335,0.0001571803,-1.645613,1.6748626,2.5168598e-05,0.23533261,2.6415925,3.4657469,-0.2353796,0.15279861,0.16520007,0.090905465,0.05452229,inf,inf,inf,inf,inf,1,1,1,1,4,2,4,1,1,1,1,1,0,2,0,0,5.060516364820824,1
1574832000,1574828000,5764000,47.3979711740181,8.54616359846853,15.9424095,11.030083,-2.6279798,0.0,0.0,-0.2353796,0.031956494,5.0607214,0.04349897,0.016925626,-0.00081951654,-0.00039308443,4.1656196e-05,-0.21267307,0.2078426,0.0025811603,-0.00044656105,0.00015721492,-1.6456378,1.6748626,2.5210302e-05,0.23533261,2.6412554,3.4678335,-0.2353796,0.15323696,0.16546266,0.09120428,0.054598942,inf,inf,inf,inf,inf,1,1,1,1,4,2,4,1,1,1,1,1,0,2,0,0,5.061009233968833,1
1574840000,1574836000,5764000,47.3979711740181,8.54616359846853,15.944953,11.068778,-2.627756,0.0,0.0,-0.2353796,0.031852607,5.061181,0.0433466,0.016939936,-0.00081951654,-0.00039308443,4.1656196e-05,-0.21499455,0.21141656,0.0024498438,-0.00044203826,0.00015705527,-1.6456561,1.6748626,2.514237e-05,0.23533261,2.6415162,3.4696035,-0.2353796,0.15186563,0.16476573,0.09009494,0.05435714,inf,inf,inf,inf,inf,1,1,1,1,4,2,4,1,1,1,1,1,0,2,0,0,5.061466845793348,1
1574848000,1574844000,5764000,47.3979711740181,8.54616359846853,15.947444,11.107513,-2.6275306,0.0,0.0,-0.2353796,0.031709906,5.0616174,0.04316115,0.01692252,-0.00081951654,-0.00039308443,4.1656196e-05,-0.21423842,0.20427649,-0.0023371538,-0.00042620773,0.00015709,-1.6456645,1.6748626,2.5184094e-05,0.23533261,2.6411822,3.4716897,-0.2353796,0.15229729,0.16502689,0.09039333,0.05443401,inf,inf,inf,inf,inf,1,1,1,1,4,2,4,1,1,1,1,1,0,2,0,0,5.06190074053123,1
1574856000,1574852000,5764000,47.3979711740181,8.54616359846853,15.949885,11.146287,-2.6273065,0.0,0.0,-0.2353796,0.031562407,5.062129,0.042978235,0.016906153,-0.00081951654,-0.00039308443,4.1656196e-05,-0.2093854,0.20957837,-0.0025876795,-0.0003915708,0.00015712477,-1.6456531,1.6748626,2.5225843e-05,0.23533261,2.6409318,3.4737163,-0.2353796,0.15273173,0.16510631,0.090691976,0.054489005,inf,inf,inf,inf,inf,1,1,1,1,4,2,4,1,1,1,1,1,0,2,0,0,5.062409833948684,1
1574864000,1574860000,5764000,47.3979711740181,8.54616359846853,15.952277,11.185099,-2.62708,0.0,0.0,-0.2353796,0.031331435,5.062621,0.042770237,0.016865985,-0.00081951654,-0.00039308443,4.1656196e-05,-0.21451503,0.20314376,-0.006341375,-0.00034765236,0.0001571596,-1.6456319,1.6748626,2.5267655e-05,0.23533261,2.6405966,3.4758036,-0.2353796,0.15316902,0.16536868,0.090991266,0.054565705,inf,inf,inf,inf,inf,1,1,1,1,4,2,4,1,1,1,1,1,0,2,0,0,5.06289861064126,1
1574872000,1574868000,5764000,47.3979711740181,8.54616359846853,15.95479,11.223851,-2.6268835,0.0,0.0,-0.2353796,0.031175362,5.0630574,0.042617116,0.016848257,-0.00081951654,-0.00039308443,4.1656196e-05,-0.21929249,0.20496994,0.002740882,-0.00030355394,0.00015701551,-1.6456097,1.6748626,2.5199892e-05,0.23533261,2.6412442,3.4775748,-0.2353796,0.15180178,0.16467327,0.08989114,0.0543248,inf,inf,inf,inf,inf,1,1,1,1,4,2,4,1,1,1,1,1,0,2,0,0,5.063332732249259,1
1574880000,1574876000,5764000,47.3979711740181,8.54616359846853,15.957252,11.262643,-2.6266842,0.0,0.0,-0.2353796,0.030978402,5.0635753,0.042503446,0.016872264,-0.00081951654,-0.00039308443,4.1656196e-05,-0.21885163,0.21106309,0.007008202,-0.00025789937,0.00015705042,-1.6455876,1.6748626,2.5241721e-05,0.23533261,2.6409137,3.4796615,-0.2353796,0.15223242,0.16493422,0.09018961,0.05440168,inf,inf,inf,inf,inf,1,1,1,1,4,2,4,1,1,1,1,1,0,2,0,0,5.063848439979463,1
1574888000,1574884000,5764000,47.3979711740181,8.54616359846853,15.959662,11.301473,-2.6264825,0.0,0.0,-0.2353796,0.030773561,5.0641146,0.04230961,0.016818281,-0.00081951654,-0.00039308443,4.1656196e-05,-0.21443777,0.20969297,-0.0036582348,-0.00020148489,0.0001570854,-1.645554,1.6748626,2.5283594e-05,0.23533261,2.6405823,3.4817486,-0.2353796,0.15266587,0.16519593,0.09048843,0.054478467,inf,inf,inf,inf,inf,1,1,1,1,4,2,4,1,1,1,1,1,0,2,0,0,5.064384838960022,1
1574896000,1574892000,5764000,47.3979711740181,8.54616359846853,15.962024,11.340341,-2.626278,0.0,0.0,-0.2353796,0.030540109,5.064651,0.04222181,0.016872408,-0.00081951654,-0.00039308443,4.1656196e-05,-0.21276316,0.20545807,0.008969101,-0.0001416349,0.00015712039,-1.6455162,1.6748626,2.5325515e-05,0.23533261,2.6402502,3.4838364,-0.2353796,0.15310213,0.16545837,0.090787716,0.054555148,inf,inf,inf,inf,inf,1,1,1,1,4,2,4,1,1,1,1,1,0,2,0,0,5.064919064634538,1
1574904000,1574900000,5764000,47.3979711740181,8.54616359846853,15.964489,11.3791485,-2.626101,0.0,0.0,-0.2353796,0.03042418,5.065105,0.042131267,0.016893053,-0.00081951654,-0.00039308443,4.1656196e-05,-0.21037246,0.20430923,0.010816845,-7.3772e-05,0.00015699086,-1.6454697,1.6748626,2.5257865e-05,0.23533261,2.6408722,3.4855483,-0.2353796,0.15173887,0.16458087,0.08969639,0.05429302,inf,inf,inf,inf,inf,1,1,1,1,4,2,4,1,1,1,1,1,0,2,0,0,5.065371589075445,1
1574912000,1574908000,5764000,47.3979711740181,8.54616359846853,15.966903,11.4179945,-2.6259265,0.0,0.0,-0.2353796,0.030178925,5.065743,0.03902988,0.013905849,-0.00081951654,-0.00039308443,4.1656196e-05,-0.22108641,0.22325642,-0.36621046,3.3346205e-06,0.00015702598,-1.6454157,1.6748626,2.5299803e-05,0.23533261,2.6405451,3.4876351,-0.2353796,0.15216853,0.16484159,0.08999523,0.05436993,inf,inf,inf,inf,inf,1,1,1,1,4,2,4,1,1,1,1,1,0,2,0,0,5.0659832452443005,1
1574920000,1574916000,5764000,47.3979711740181,8.54616359846853,15.969266,11.456883,-2.6258392,0.0,0.0,-0.2353796,0.02975722,5.0673923,0.019093242,-0.005913741,-0.00081951654,-0.00039308443,4.1656196e-05,-0.23784047,0.34571993,-2.4712698,9.5274554e-05,0.00015706112,-1.645346,1.6748626,2.5341784e-05,0.23533261,2.6402175,3.4897227,-0.2353796,0.15260099,0.1651031,0.09029462,0.05444676,inf,inf,inf,inf,inf,1,1,1,1,4,2,4,1,1,1,1,1,0,2,0,0,5.06751564044271,1
1574928000,1574924000,5764000,47.3979711740181,8.54616359846853,15.971578,11.495821,-2.6259413,0.0,0.0,-0.2353796,0.029244872,5.0695605,-0.00802942,-0.03291661,-0.00081951654,-0.00039308443,4.1656196e-05,-0.24401383,0.4066949,-3.3701568,0.00023391795,0.00015709632,-1.6452291,1.6748626,2.5383812e-05,0.23533261,2.6398897,3.491811,-0.2353796,0.15303624,0.16536532,0.0905943,0.05452348,inf,inf,inf,inf,inf,1,1,1,1,4,2,4,1,1,1,1,1,0,2,0,0,5.069651210614403,1
1574936000,1574932000,5764000,47.3979711740181,8.54616359846853,15.974006,11.534736,-2.6262894,0.0,0.0,-0.2353796,0.028871445,5.071605,-0.03514979,-0.059947815,-0.00081951654,-0.00039308443,4.1656196e-05,-0.24065404,0.3973238,-3.3675756,0.00045702027,0.00015698015,-1.6450269,1.6748626,2.5316254e-05,0.23533261,2.6405303,3.4935837,-0.2353796,0.15167686,0.16467007,0.08951127,0.05428365,inf,inf,inf,inf,inf,1,1,1,1,4,2,4,1,1,1,1,1,0,2,0,0,5.071808981428464,1
1574944000,1574940000,5764000,47.3979711740181,8.54616359846853,15.976381,11.573699,-2.62684,0.0,0.0,-0.2353796,0.028424926,5.0734854,-0.05972979,-0.084435,-0.00081951654,-0.00039308443,4.1656196e-05,-0.24438572,0.37284866,-3.0507114,0.000791757,0.00015701546,-1.6447141,1.6748626,2.5358308e-05,0.23533261,2.6402073,3.4956713,-0.2353796,0.15210557,0.1649309,0.0898103,0.054360554,inf,inf,inf,inf,inf,1,1,1,1,4,2,4,1,1,1,1,1,0,2,0,0,5.073916606354968,1
1574952000,1574948000,5764000,47.3979711740181,8.54616359846853,15.978704,11.612708,-2.6275706,0.0,0.0,-0.2353796,0.027718263,5.0749755,-0.0818108,-0.106418096,-0.00081951654,-0.00039308443,4.1656196e-05,-0.27164677,0.32023984,-2.7390392,0.0012337388,0.00015705079,-1.6442935,1.6748626,2.5400379e-05,0.23533261,2.6398351,3.4976995,-0.2353796,0.15253706,0.16501029,0.0901098,0.054415647,inf,inf,inf,inf,inf,1,1,1,1,4,2,4,1,1,1,1,1,0,2,0,0,5.07571055466135,1
1574960000,1574956000,5764000,47.3979711740181,8.54616359846853,15.980972,11.65176,-2.6284666,0.0,0.0,-0.2353796,0.02649421,5.076037,-0.10230016,-0.12680621,-0.00081951654,-0.00039308443,4.1656196e-05,-0.33120796,0.2630111,-2.5407252,0.0017822767,0.00015708615,-1.6437659,1.6748626,2.5442516e-05,0.23533261,2.639511,3.4997883,-0.2353796,0.15297134,0.16527233,0.09040981,0.054492403,inf,inf,inf,inf,inf,1,1,1,1,4,2,4,1,1,1,1,1,0,2,0,0,5.077136879311858,1
1574968000,1574964000,5764000,47.3979711740181,8.54616359846853,15.983183,11.690849,-2.6295223,0.0,0.0,-0.2353796,0.024551235,5.0764904,-0.1230416,-0.14744325,-0.00081951654,-0.00039308443,4.1656196e-05,-0.41607755,0.18332615,-2.57286,0.0024106095,0.00015712157,-1.6431581,1.6748626,2.54847e-05,0.23533261,2.6391869,3.5018778,-0.2353796,0.15340842,0.1655351,0.090710215,0.054569066,inf,inf,inf,inf,inf,1,1,1,1,4,2,4,1,1,1,1,1,0,2,0,0,5.078040643768298,1
1574976000,1574972000,5764000,47.3979711740181,8.54616359846853,15.985477,11.729873,-2.6308026,0.0,0.0,-0.2353796,0.02176608,5.076076,-0.14594097,-0.17029472,-0.00081951654,-0.00039308443,4.1656196e-05,-0.53361636,0.08350596,-2.8385887,0.003073827,0.00015701861,-1.6425148,1.6748626,2.5415575e-05,0.23533261,2.6406126,3.5036497,-0.2353796,0.1520355,0.16483691,0.08962101,0.054328334,inf,inf,inf,inf,inf,1,1,1,1,4,2,4,1,1,1,1,1,0,2,0,0,5.078220169187144,1
1574984000,1574980000,5764000,47.3979711740181,8.54616359846853,15.987699,11.768922,-2.6322765,0.0,0.0,-0.2353796,0.01769916,5.0747914,-0.17280403,-0.1971049,-0.00081951654,-0.00039308443,4.1656196e-05,-0.68865865,-0.029019048,-3.3347688,0.0037208607,0.00015705415,-1.6418896,1.6748626,2.5457783e-05,0.23533261,2.6402972,3.5057387,-0.2353796,0.15246595,0.16509826,0.08992076,0.05440517,inf,inf,inf,inf,inf,1,1,1,1,4,2,4,1,1,1,1,1,0,2,0,0,5.077763508333458,1
1574992000,1574988000,5764000,47.3979711740181,8.54616359846853,15.989834,11.807987,-2.633977,0.0,0.0,-0.2353796,0.01194986,5.072298,-0.20400305,-0.22824626,-0.00081951654,-0.00039308443,4.1656196e-05,-0.8939201,-0.18371907,-3.8774676,0.0042977254,0.00015708974,-1.641334,1.6748626,2.5500034e-05,0.23533261,2.6399815,3.5078282,-0.2353796,0.15289918,0.16536036,0.09022099,0.054481927,inf,inf,inf,inf,inf,1,1,1,1,4,2,4,1,1,1,1,1,0,2,0,0,5.076412812643128,1
1575000000,1574996000,5764000,47.3979711740181,8.54616359846853,15.991871,11.847058,-2.6359377,0.0,0.0,-0.2353796,0.004361061,5.068337,-0.23917955,-0.26336044,-0.00081951654,-0.00039308443,4.1656196e-05,-1.1189357,-0.37078372,-4.3753333,0.0047604716,0.00015712537,-1.6408924,1.6748626,2.5542333e-05,0.23533261,2.639666,3.5099185,-0.2353796,0.1533352,0.16562322,0.09052172,0.05455858,inf,inf,inf,inf,inf,1,1,1,1,4,2,4,1,1,1,1,1,0,2,0,0,5.073979288641238,1
1575008000,1575004000,5764000,47.3979711740181,8.54616359846853,15.993939,11.886015,-2.6382728,0.0,0.0,-0.2353796,-0.0049088183,5.062745,-0.27661854,-0.3008256,-0.00081951654,-0.00039308443,4.1656196e-05,-1.3408996,-0.5647903,-4.6517887,0.005084177,0.00015703392,-1.6405894,1.6748626,2.547327e-05,0.23533261,2.6420853,3.511631,-0.2353796,0.1519665,0.1647424,0.08944074,0.054296516,inf,inf,inf,inf,inf,1,1,1,1,4,2,4,1,1,1,1,1,0,2,0,0,5.070298694179055,1
1575016000,1575012000,5764000,47.3979711740181,8.54616359846853,15.995881,11.9249525,-2.6409016,0.0,0.0,-0.2353796,-0.01585764,5.0554852,-0.3141594,-0.3383851,-0.00081951654,-0.00039308443,4.1656196e-05,-1.5456741,-0.7769544,-4.6653666,0.0052615507,0.00015706965,-1.640435,1.6748626,2.5515576e-05,0.23533261,2.6417844,3.5137203,-0.2353796,0.15239592,0.16500352,0.089740895,0.054373387,inf,inf,inf,inf,inf,1,1,1,1,4,2,4,1,1,1,1,1,0,2,0,0,5.065261908408465,1
1575024000,1575020000,5764000,47.3979711740181,8.54616359846853,15.997684,11.963858,-2.6438189,0.0,0.0,-0.2353796,-0.028414764,5.0466404,-0.35046002,-0.37469715,-0.00081951654,-0.00039308443,4.1656196e-05,-1.7417578,-0.97868747,-4.511156,0.005268704,0.00015710543,-1.6404506,1.6748626,2.5557936e-05,0.23533261,2.6414835,3.5158103,-0.2353796,0.15282814,0.1652654,0.09004139,0.054450177,inf,inf,inf,inf,inf,1,1,1,1,4,2,4,1,1,1,1,1,0,2,0,0,5.058874277084156,1
1575032000,1575028000,5764000,47.3979711740181,8.54616359846853,15.999334,12.002716,-2.6470127,0.0,0.0,-0.2353796,-0.042532668,5.0361238,-0.3848507,-0.40909222,-0.00081951654,-0.00039308443,4.1656196e-05,-1.9320141,-1.1911442,-4.2732115,0.0050957543,0.00015714127,-1.6406459,1.6748626,2.560034e-05,0.23533261,2.6411824,3.5179007,-0.2353796,0.15326314,0.16552801,0.090342276,0.054526877,inf,inf,inf,inf,inf,1,1,1,1,4,2,4,1,1,1,1,1,0,2,0,0,5.050986242117883,1
1575040000,1575036000,5764000,47.3979711740181,8.54616359846853,16.000967,12.04141,-2.6506124,0.0,0.0,-0.2353796,-0.057963755,5.0239577,-0.41686252,-0.44125697,-0.00081951654,-0.00039308443,4.1656196e-05,-2.108234,-1.3879968,-3.9659178,0.0047272877,0.0001570602,-1.6410364,1.6748626,2.5531313e-05,0.23533261,2.6454768,3.519674,-0.2353796,0.15189853,0.16483006,0.08926925,0.05428721,inf,inf,inf,inf,inf,1,1,1,1,4,2,4,1,1,1,1,1,0,2,0,0,5.041555824233601,1
1575048000,1575044000,5764000,47.3979711740181,8.54616359846853,16.002426,12.080033,-2.6544476,0.0,0.0,-0.2353796,-0.0747502,5.0102916,-0.4461278,-0.47066328,-0.00081951654,-0.00039308443,4.1656196e-05,-2.2726314,-1.5792421,-3.6236622,0.0041728816,0.00015709613,-1.6416152,1.6748626,2.5573736e-05,0.23533261,2.645197,3.5217638,-0.2353796,0.15232699,0.16509125,0.08956939,0.054364093,inf,inf,inf,inf,inf,1,1,1,1,4,2,4,1,1,1,1,1,0,2,0,0,5.030669888132539,1
1575056000,1575052000,5764000,47.3979711740181,8.54616359846853,16.003702,12.118573,-2.658512,0.0,0.0,-0.2353796,-0.09275499,4.9953275,-0.4723891,-0.49707174,-0.00081951654,-0.00039308443,4.1656196e-05,-2.4200513,-1.7450415,-3.248766,0.0034422334,0.00015713212,-1.64237,1.6748626,2.5616184e-05,0.23533261,2.6454601,3.523794,-0.2353796,0.1527582,0.16517049,0.08986987,0.05441906,inf,inf,inf,inf,inf,1,1,1,1,4,2,4,1,1,1,1,1,0,2,0,0,5.018471060215946,1
1575064000,1575060000,5764000,47.3979711740181,8.54616359846853,16.004784,12.15702,-2.6627655,0.0,0.0,-0.2353796,-0.11181901,4.9790974,-0.49568242,-0.5205004,-0.00081951654,-0.00039308443,4.1656196e-05,-2.547692,-1.9067715,-2.878778,0.0025337623,0.00015716814,-1.6433023,1.6748626,2.5658695e-05,0.23533261,2.645192,3.5258849,-0.2353796,0.15319218,0.1654329,0.090176955,0.054495815,inf,inf,inf,inf,inf,1,1,1,1,4,2,4,1,1,1,1,1,0,2,0,0,5.004959087862876,1
1575072000,1575068000,5764000,47.3979711740181,8.54616359846853,16.005781,12.195209,-2.667407,0.0,0.0,-0.2353796,-0.13189152,4.96143,-0.51611906,-0.54129624,-0.00081951654,-0.00039308443,4.1656196e-05,-2.6824617,-2.071307,-2.50694,0.0014736772,0.00015709653,-1.6443858,1.6748626,2.558904e-05,0.23533261,2.6519873,3.5276592,-0.2353796,0.15183124,0.16473646,0.08914947,0.054257166,inf,inf,inf,inf,inf,1,1,1,1,4,2,4,1,1,1,1,1,0,2,0,0,4.98994608207776,1
1575080000,1575076000,5764000,47.3979711740181,8.54616359846853,16.00657,12.233285,-2.6721854,0.0,0.0,-0.2353796,-0.15289102,4.9426527,-0.53358585,-0.559103,-0.00081951654,-0.00039308443,4.1656196e-05,-2.7936273,-2.21387,-2.1371236,0.00027594212,0.00015713263,-1.6456105,1.6748626,2.563156e-05,0.23533261,2.6520283,3.5297494,-0.2353796,0.15225884,0.16499744,0.089503944,0.054334365,inf,inf,inf,inf,inf,1,1,1,1,4,2,4,1,1,1,1,1,0,2,0,0,4.973721467486308,1
1575088000,1575084000,5764000,47.3979711740181,8.54616359846853,16.007145,12.271238,-2.6770768,0.0,0.0,-0.2353796,-0.17477198,4.9227962,-0.5482453,-0.5740837,-0.00081951654,-0.00039308443,4.1656196e-05,-2.899323,-2.352468,-1.7875651,-0.0010245077,0.00015716873,-1.6469375,1.6748626,2.5674126e-05,0.23533261,2.652285,3.5318406,-0.2353796,0.15268937,0.16525917,0.08985915,0.054411452,inf,inf,inf,inf,inf,1,1,1,1,4,2,4,1,1,1,1,1,0,2,0,0,4.956313204459505,1
1575096000,1575092000,5764000,47.3979711740181,8.54616359846853,16.007498,12.309061,-2.6820612,0.0,0.0,-0.2353796,-0.19739377,4.90203,-0.5602697,-0.5864112,-0.00081951654,-0.00039308443,4.1656196e-05,-2.9876726,-2.470043,-1.4595202,-0.0024217577,0.0001572049,-1.6483608,1.6748626,2.5716743e-05,0.23533261,2.6527472,3.5339324,-0.2353796,0.15312281,0.16552165,0.090210035,0.054488413,inf,inf,inf,inf,inf,1,1,1,1,4,2,4,1,1,1,1,1,0,2,0,0,4.937890699283744,1
1575104000,1575100000,5764000,47.3979711740181,8.54616359846853,16.007675,12.346541,-2.6873617,0.0,0.0,-0.2353796,-0.22066832,4.8801317,-0.5699526,-0.596636,-0.00081951654,-0.00039308443,4.1656196e-05,-3.0720603,-2.5876284,-1.151136,-0.0039007708,0.00015691975,-1.6498655,1.6748626,2.5635607e-05,0.23533261,2.6609998,3.5356479,-0.2353796,0.1517637,0.16464289,0.089181975,0.054228213,inf,inf,inf,inf,inf,1,1,1,1,4,2,4,1,1,1,1,1,0,2,0,0,4.918254353227705,1
1575112000,1575108000,5764000,47.3979711740181,8.54616359846853,16.007624,12.383878,-2.6927109,0.0,0.0,-0.2353796,-0.24462926,4.8573413,-0.5773648,-0.60456425,-0.00081951654,-0.00039308443,4.1656196e-05,-3.1539958,-2.703788,-0.86904216,-0.0054069697,0.0001569559,-1.6514175,1.6748626,2.5678215e-05,0.23533261,2.6618502,3.5377388,-0.2353796,0.1521909,0.16490364,0.08952456,0.054305334,inf,inf,inf,inf,inf,1,1,1,1,4,2,4,1,1,1,1,1,0,2,0,0,4.897648220504702,1
1575120000,1575116000,5764000,47.3979711740181,8.54616359846853,16.007338,12.421062,-2.698092,0.0,0.0,-0.2353796,-0.26924527,4.833823,-0.58267385,-0.6103641,-0.00081951654,-0.00039308443,4.1656196e-05,-3.2323058,-2.7994313,-0.60783046,-0.0069418526,0.00015699201,-1.6529975,1.6748626,2.5720854e-05,0.23533261,2.6628642,3.5398302,-0.2353796,0.15262094,0.16516516,0.08986908,0.05438235,inf,inf,inf,inf,inf,1,1,1,1,4,2,4,1,1,1,1,1,0,2,0,0,4.876253339011438,1
1575128000,1575124000,5764000,47.3979711740181,8.54616359846853,16.00681,12.458089,-2.7034898,0.0,0.0,-0.2353796,-0.29452074,4.809539,-0.58616436,-0.61432093,-0.00081951654,-0.00039308443,4.1656196e-05,-3.3114598,-2.8999069,-0.3821384,-0.008492548,0.00015702809,-1.6545926,1.6748626,2.5763518e-05,0.23533261,2.6640515,3.541922,-0.2353796,0.15305388,0.16542742,0.090219714,0.05445928,inf,inf,inf,inf,inf,1,1,1,1,4,2,4,1,1,1,1,1,0,2,0,0,4.854070097943102,1
1575136000,1575132000,5764000,47.3979711740181,8.54616359846853,16.006023,12.494696,-2.7091117,0.0,0.0,-0.2353796,-0.3203628,4.784349,-0.5880603,-0.6168919,-0.00081951654,-0.00039308443,4.1656196e-05,-3.3765128,-2.9860582,-0.16895448,-0.010060425,0.00015697183,-1.6562042,1.6748626,2.568851e-05,0.23533261,2.6723263,3.5436978,-0.2353796,0.15169844,0.16473116,0.08921119,0.05422146,inf,inf,inf,inf,inf,1,1,1,1,4,2,4,1,1,1,1,1,0,2,0,0,4.830987745157395,1
1575144000,1575140000,5764000,47.3979711740181,8.54616359846853,16.004992,12.531136,-2.7147193,0.0,0.0,-0.2353796,-0.34679303,4.7584763,-0.5883772,-0.6178528,-0.00081951654,-0.00039308443,4.1656196e-05,-3.447383,-3.077115,0.026519874,-0.011614034,0.0001570077,-1.6578058,1.6748626,2.5731139e-05,0.23533261,2.673973,3.545788,-0.2353796,0.15212518,0.164992,0.08958176,0.054298665,inf,inf,inf,inf,inf,1,1,1,1,4,2,4,1,1,1,1,1,0,2,0,0,4.807239315116121,1
1575152000,1575148000,5764000,47.3979711740181,8.54616359846853,16.003708,12.567403,-2.7203426,0.0,0.0,-0.2353796,-0.37377802,4.7318892,-0.5872905,-0.61742175,-0.00081951654,-0.00039308443,4.1656196e-05,-3.514345,-3.1719205,0.20115915,-0.01314655,0.00015704343,-1.6593853,1.6748626,2.5773763e-05,0.23533261,2.677161,3.5478182,-0.2353796,0.15255484,0.16507123,0.0899639,0.05435406,inf,inf,inf,inf,inf,1,1,1,1,4,2,4,1,1,1,1,1,0,2,0,0,4.782822967735897,1
1575160000,1575156000,5764000,47.3979711740181,8.54616359846853,16.00217,12.603491,-2.7259297,0.0,0.0,-0.2353796,-0.40129814,4.7046933,-0.5849788,-0.61573493,-0.00081951654,-0.00039308443,4.1656196e-05,-3.5789933,-3.2535808,0.35255075,-0.014629905,0.00015707905,-1.6609148,1.6748626,2.5816415e-05,0.23533261,2.6793633,3.5499084,-0.2353796,0.1529875,0.16533329,0.090354286,0.054431178,inf,inf,inf,inf,inf,1,1,1,1,4,2,4,1,1,1,1,1,0,2,0,0,4.757875517568928,1
1575168000,1575164000,5764000,47.3979711740181,8.54616359846853,16.000294,12.639075,-2.7316442,0.0,0.0,-0.2353796,-0.42943087,4.676556,-0.58165956,-0.61319274,-0.00081951654,-0.00039308443,4.1656196e-05,-3.6422915,-3.3371396,0.4887166,-0.0160778,0.00015702301,-1.6624078,1.6748626,2.5736921e-05,0.23533261,2.6872618,3.551682,-0.2353796,0.15163402,0.16463855,0.0893736,0.05419415,inf,inf,inf,inf,inf,1,1,1,1,4,2,4,1,1,1,1,1,0,2,0,0,4.732115249757168,1
1575176000,1575172000,5764000,47.3979711740181,8.54616359846853,15.99816,12.674439,-2.737311,0.0,0.0,-0.2353796,-0.45806155,4.6477537,-0.5773743,-0.6096582,-0.00081951654,-0.00039308443,4.1656196e-05,-3.7074244,-3.4194717,0.608745,-0.017469067,0.00015684603,-1.6638484,1.6748626,2.577148e-05,0.23533261,2.690328,3.5537682,-0.2353796,0.1520598,0.16489916,0.089761175,0.054271318,inf,inf,inf,inf,inf,1,1,1,1,4,2,4,1,1,1,1,1,0,2,0,0,4.7058257428163,1
1575184000,1575180000,5764000,47.3979711740181,8.54616359846853,15.995765,12.709612,-2.7429142,0.0,0.0,-0.2353796,-0.48720872,4.6184044,-0.5722874,-0.6052877,-0.00081951654,-0.00039308443,4.1656196e-05,-3.770255,-3.4941661,0.7071243,-0.018769877,0.00015688095,-1.6652267,1.6748626,2.5814028e-05,0.23533261,2.693431,3.5558534,-0.2353796,0.15248935,0.16516054,0.09015374,0.054348517,inf,inf,inf,inf,inf,1,1,1,1,4,2,4,1,1,1,1,1,0,2,0,0,4.679160651974044,1
1575192000,1575188000,5764000,47.3979711740181,8.54616359846853,15.993103,12.744587,-2.7484488,0.0,0.0,-0.2353796,-0.51689845,4.588445,-0.5664028,-0.6000861,-0.00081951654,-0.00039308443,4.1656196e-05,-3.83638,-3.57642,0.8051241,-0.01997994,0.00015691569,-1.6665131,1.6748626,2.5856576e-05,0.23533261,2.6967983,3.5579374,-0.2353796,0.1529219,0.16542266,0.09054492,0.054425642,inf,inf,inf,inf,inf,1,1,1,1,4,2,4,1,1,1,1,1,0,2,0,0,4.652077348613762,1
1575200000,1575196000,5764000,47.3979711740181,8.54616359846853,15.990049,12.779013,-2.7540002,0.0,0.0,-0.2353796,-0.5472609,4.5575275,-0.5600131,-0.5944413,-0.00081951654,-0.00039308443,4.1656196e-05,-3.9025338,-3.658787,0.87271345,-0.021108456,0.00015685297,-1.6677169,1.6748626,2.5772457e-05,0.23533261,2.703206,3.559703,-0.2353796,0.15157053,0.16472656,0.08955294,0.0541887,inf,inf,inf,inf,inf,1,1,1,1,4,2,4,1,1,1,1,1,0,2,0,0,4.624301685454428,1
1575208000,1575204000,5764000,47.3979711740181,8.54616359846853,15.986725,12.813233,-2.7594943,0.0,0.0,-0.2353796,-0.5781684,4.526045,-0.5530564,-0.588217,-0.00081951654,-0.00039308443,4.1656196e-05,-3.9694145,-3.7362113,0.9423764,-0.022151982,0.00015688717,-1.6688397,1.6748626,2.581487e-05,0.23533261,2.7077274,3.561721,-0.2353796,0.15199694,0.16480578,0.089936756,0.054244496,inf,inf,inf,inf,inf,1,1,1,1,4,2,4,1,1,1,1,1,0,2,0,0,4.59621947064808,1
1575216000,1575212000,5764000,47.3979711740181,8.54616359846853,15.983124,12.847246,-2.764905,0.0,0.0,-0.2353796,-0.60962003,4.493994,-0.54566586,-0.5815245,-0.00081951654,-0.00039308443,4.1656196e-05,-4.036146,-3.8138318,0.9949216,-0.02310814,0.00015692117,-1.6698738,1.6748626,2.5857293e-05,0.23533261,2.7117696,3.5637972,-0.2353796,0.15242632,0.16506694,0.090317845,0.05432185,inf,inf,inf,inf,inf,1,1,1,1,4,2,4,1,1,1,1,1,0,2,0,0,4.567862726022176,1
1575224000,1575220000,5764000,47.3979711740181,8.54616359846853,15.979242,12.881043,-2.7702308,0.0,0.0,-0.2353796,-0.6416882,4.46134,-0.5379395,-0.5744627,-0.00081951654,-0.00039308443,4.1656196e-05,-4.111892,-3.8955793,1.035293,-0.0239847,0.00015695483,-1.670827,1.6748626,2.5899692e-05,0.23533261,2.715985,3.5658712,-0.2353796,0.15285866,0.16532886,0.090696275,0.05439918,inf,inf,inf,inf,inf,1,1,1,1,4,2,4,1,1,1,1,1,0,2,0,0,4.539239721283674,1
1575232000,1575228000,5764000,47.3979711740181,8.54616359846853,15.975077,12.91462,-2.7754698,0.0,0.0,-0.2353796,-0.6743772,4.428125,-0.53001314,-0.5671686,-0.00081951654,-0.00039308443,4.1656196e-05,-4.1881123,-3.9718316,1.0587349,-0.024767999,0.0001569882,-1.6716857,1.6748626,2.594206e-05,0.23533261,2.7203503,3.5679429,-0.2353796,0.15329394,0.16559152,0.091071844,0.054476503,inf,inf,inf,inf,inf,1,1,1,1,4,2,4,1,1,1,1,1,0,2,0,0,4.510431193586428,1
1575240000,1575236000,5764000,47.3979711740181,8.54616359846853,15.970468,12.947593,-2.780643,0.0,0.0,-0.2353796,-0.70773,4.3939357,-0.5218745,-0.55965394,-0.00081951654,-0.00039308443,4.1656196e-05,-4.2496037,-4.0531917,1.0850154,-0.02545405,0.00015690403,-1.6724458,1.6748626,2.585148e-05,0.23533261,2.7255354,3.569694,-0.2353796,0.15192753,0.16489248,0.09004195,0.05423884,inf,inf,inf,inf,inf,1,1,1,1,4,2,4,1,1,1,1,1,0,2,0,0,4.481060776466298,1
1575248000,1575244000,5764000,47.3979711740181,8.54616359846853,15.965569,12.980339,-2.785727,0.0,0.0,-0.2353796,-0.74157554,4.3591537,-0.513564,-0.55193615,-0.00081951654,-0.00039308443,4.1656196e-05,-4.310306,-4.134123,1.1049703,-0.026038054,0.00015693682,-1.6731074,1.6748626,2.5893725e-05,0.23533261,2.7301345,3.571758,-0.2353796,0.1523564,0.16515371,0.09041024,0.05431656,inf,inf,inf,inf,inf,1,1,1,1,4,2,4,1,1,1,1,1,0,2,0,0,4.451505727711241,1
1575256000,1575252000,5764000,47.3979711740181,8.54616359846853,15.960376,13.012853,-2.7907224,0.0,0.0,-0.2353796,-0.7759802,4.323854,-0.5050701,-0.544006,-0.00081951654,-0.00039308443,4.1656196e-05,-4.379257,-4.2055078,1.1264472,-0.0265226,0.00015696931,-1.6736681,1.6748626,2.5935933e-05,0.23533261,2.7348614,3.5737588,-0.2353796,0.15278816,0.16523278,0.09077655,0.05437247,inf,inf,inf,inf,inf,1,1,1,1,4,2,4,1,1,1,1,1,0,2,0,0,4.421872283323213,1
1575264000,1575260000,5764000,47.3979711740181,8.54616359846853,15.9548855,13.04513,-2.795627,0.0,0.0,-0.2353796,-0.8109148,4.288006,-0.4964548,-0.5359249,-0.00081951654,-0.00039308443,4.1656196e-05,-4.444507,-4.280469,1.1401697,-0.026906596,0.00015700157,-1.6741269,1.6748626,2.5978143e-05,0.23533261,2.739611,3.5758173,-0.2353796,0.15322284,0.1654952,0.09114144,0.05445032,inf,inf,inf,inf,inf,1,1,1,1,4,2,4,1,1,1,1,1,0,2,0,0,4.392157287408783,1
1575272000,1575268000,5764000,47.3979711740181,8.54616359846853,15.948922,13.076761,-2.8004365,0.0,0.0,-0.2353796,-0.8464399,4.251368,-0.48750642,-0.5274783,-0.00081951654,-0.00039308443,4.1656196e-05,-4.4953337,-4.3364544,1.1798198,-0.027193256,0.00015689306,-1.6744863,1.6748626,2.5885136e-05,0.23533261,2.7443035,3.5775557,-0.2353796,0.15185986,0.16479775,0.09010098,0.054213904,inf,inf,inf,inf,inf,1,1,1,1,4,2,4,1,1,1,1,1,0,2,0,0,4.362138567867512,1
1575280000,1575276000,5764000,47.3979711740181,8.54616359846853,15.942658,13.108152,-2.8051515,0.0,0.0,-0.2353796,-0.88227427,4.2144074,-0.4781252,-0.51857114,-0.00081951654,-0.00039308443,4.1656196e-05,-4.5335402,-4.3839884,1.2325164,-0.027367087,0.00015692467,-1.6747359,1.6748626,2.5927213e-05,0.23533261,2.7491326,3.5796053,-0.2353796,0.15228805,0.16505875,0.09046204,0.054292317,inf,inf,inf,inf,inf,1,1,1,1,4,2,4,1,1,1,1,1,0,2,0,0,4.332232833949929,1
1575288000,1575284000,5764000,47.3979711740181,8.54616359846853,15.93609,13.139299,-2.8097692,0.0,0.0,-0.2353796,-0.9183174,4.177129,-0.46835297,-0.50924605,-0.00081951654,-0.00039308443,4.1656196e-05,-4.559143,-4.430652,1.2800152,-0.027441464,0.00015695603,-1.6748841,1.6748626,2.5969272e-05,0.23533261,2.7539802,3.5816522,-0.2353796,0.1527191,0.16532049,0.090822764,0.05437085,inf,inf,inf,inf,inf,1,1,1,1,4,2,4,1,1,1,1,1,0,2,0,0,4.302449073991647,1
1575296000,1575292000,5764000,47.3979711740181,8.54616359846853,15.929218,13.170198,-2.8142867,0.0,0.0,-0.2353796,-0.9546746,4.139621,-0.45806986,-0.499384,-0.00081951654,-0.00039308443,4.1656196e-05,-4.5978656,-4.466029,1.3425261,-0.027417002,0.00015698707,-1.6749316,1.6748626,2.6011312e-05,0.23533261,2.7588332,3.583696,-0.2353796,0.153153,0.16558297,0.09118365,0.05444953,inf,inf,inf,inf,inf,1,1,1,1,4,2,4,1,1,1,1,1,0,2,0,0,4.272902246970621,1
1575304000,1575300000,5764000,47.3979711740181,8.54616359846853,15.921845,13.200417,-2.8186855,0.0,0.0,-0.2353796,-0.9913671,4.101491,-0.4473387,-0.48903266,-0.00081951654,-0.00039308443,4.1656196e-05,-4.6146135,-4.498262,1.3953102,-0.027285734,0.00015684629,-1.6748703,1.6748626,2.5916597e-05,0.23533261,2.7632272,3.5853586,-0.2353796,0.15179366,0.16470307,0.09014041,0.054192454,inf,inf,inf,inf,inf,1,1,1,1,4,2,4,1,1,1,1,1,0,2,0,0,4.243247466570987,1
1575312000,1575308000,5764000,47.3979711740181,8.54616359846853,15.914167,13.230387,-2.822978,0.0,0.0,-0.2353796,-1.0283207,4.0631604,-0.43612996,-0.47817966,-0.00081951654,-0.00039308443,4.1656196e-05,-4.6473417,-4.531023,1.4537088,-0.027039282,0.00015687678,-1.6746966,1.6748626,2.5958523e-05,0.23533261,2.768053,3.5873928,-0.2353796,0.15222102,0.16496384,0.09050068,0.05427186,inf,inf,inf,inf,inf,1,1,1,1,4,2,4,1,1,1,1,1,0,2,0,0,4.213896681242464,1
1575320000,1575316000,5764000,47.3979711740181,8.54616359846853,15.906181,13.260106,-2.8271608,0.0,0.0,-0.2353796,-1.065488,4.024546,-0.42452174,-0.4669039,-0.00081951654,-0.00039308443,4.1656196e-05,-4.6741123,-4.573888,1.502361,-0.026669256,0.00015690703,-1.6743972,1.6748626,2.6000449e-05,0.23533261,2.7728527,3.5894237,-0.2353796,0.15265122,0.16522534,0.09086233,0.054351468,inf,inf,inf,inf,inf,1,1,1,1,4,2,4,1,1,1,1,1,0,2,0,0,4.184788392737754,1
1575328000,1575324000,5764000,47.3979711740181,8.54616359846853,15.897887,13.289572,-2.831231,0.0,0.0,-0.2353796,-1.1028205,3.9857502,-0.4125615,-0.45525345,-0.00081951654,-0.00039308443,4.1656196e-05,-4.6947503,-4.603766,1.5451093,-0.026173107,0.00015693705,-1.67397,1.6748626,2.604237e-05,0.23533261,2.7776177,3.5914514,-0.2353796,0.15308426,0.16548759,0.09122577,0.054431304,inf,inf,inf,inf,inf,1,1,1,1,4,2,4,1,1,1,1,1,0,2,0,0,4.156034733168449,1
1575336000,1575332000,5764000,47.3979711740181,8.54616359846853,15.8890705,13.318333,-2.8351455,0.0,0.0,-0.2353796,-1.1405685,3.946389,-0.40031028,-0.44324625,-0.00081951654,-0.00039308443,4.1656196e-05,-4.719903,-4.627521,1.5768636,-0.025562307,0.00015675579,-1.673426,1.6748626,2.5946449e-05,0.23533261,2.7810516,3.5931585,-0.2353796,0.15172869,0.16479042,0.09018595,0.05419743,inf,inf,inf,inf,inf,1,1,1,1,4,2,4,1,1,1,1,1,0,2,0,0,4.127363681914513,1
1575344000,1575340000,5764000,47.3979711740181,8.54616359846853,15.879946,13.346841,-2.8389444,0.0,0.0,-0.2353796,-1.1784871,3.9068472,-0.3877532,-0.4309134,-0.00081951654,-0.00039308443,4.1656196e-05,-4.741929,-4.658248,1.6139088,-0.024831712,0.00015678522,-1.6727641,1.6748626,2.5988273e-05,0.23533261,2.7857206,3.5951765,-0.2353796,0.15215516,0.16505125,0.09055171,0.054278124,inf,inf,inf,inf,inf,1,1,1,1,4,2,4,1,1,1,1,1,0,2,0,0,4.09910227161076,1
1575352000,1575348000,5764000,47.3979711740181,8.54616359846853,15.870511,13.375094,-2.8426175,0.0,0.0,-0.2353796,-1.2165593,3.8671408,-0.37491602,-0.41827315,-0.00081951654,-0.00039308443,4.1656196e-05,-4.761765,-4.686657,1.6475505,-0.02397111,0.00015681448,-1.6719692,1.6748626,2.6030084e-05,0.23533261,2.7900877,3.5971308,-0.2353796,0.15258445,0.16513024,0.090920545,0.05433734,inf,inf,inf,inf,inf,1,1,1,1,4,2,4,1,1,1,1,1,0,2,0,0,4.071284382046256,1
1575360000,1575356000,5764000,47.3979711740181,8.54616359846853,15.8607645,13.403089,-2.8461719,0.0,0.0,-0.2353796,-1.2548689,3.8273308,-0.3618618,-0.40539756,-0.00081951654,-0.00039308443,4.1656196e-05,-4.7920237,-4.707284,1.6735349,-0.022975566,0.00015684351,-1.6710366,1.6748626,2.6071917e-05,0.23533261,2.794645,3.599142,-0.2353796,0.15301658,0.16539226,0.091292575,0.054418683,inf,inf,inf,inf,inf,1,1,1,1,4,2,4,1,1,1,1,1,0,2,0,0,4.044020396970704,1
1575368000,1575364000,5764000,47.3979711740181,8.54616359846853,15.85047,13.430355,-2.8495522,0.0,0.0,-0.2353796,-1.2935383,3.7869349,-0.34861168,-0.39225158,-0.00081951654,-0.00039308443,4.1656196e-05,-4.8084064,-4.7311535,1.6923174,-0.021843415,0.00015661253,-1.6699647,1.6748626,2.5974996e-05,0.23533261,2.7974775,3.6008332,-0.2353796,0.15166473,0.16469666,0.0902607,0.0541867,inf,inf,inf,inf,inf,1,1,1,1,4,2,4,1,1,1,1,1,0,2,0,0,4.016920135357102,1
1575376000,1575372000,5764000,47.3979711740181,8.54616359846853,15.839865,13.457364,-2.8528128,0.0,0.0,-0.2353796,-1.3323427,3.7463949,-0.33530596,-0.3790347,-0.00081951654,-0.00039308443,4.1656196e-05,-4.826604,-4.7578526,1.6982131,-0.020586278,0.0001566411,-1.6687695,1.6748626,2.6016756e-05,0.23533261,2.8018994,3.6028345,-0.2353796,0.1520903,0.16495727,0.090638,0.054269083,inf,inf,inf,inf,inf,1,1,1,1,4,2,4,1,1,1,1,1,0,2,0,0,3.9903686425944187,1
1575384000,1575380000,5764000,47.3979711740181,8.54616359846853,15.828947,13.484115,-2.8559532,0.0,0.0,-0.2353796,-1.3712319,3.705792,-0.32188323,-0.36568603,-0.00081951654,-0.00039308443,4.1656196e-05,-4.8384676,-4.7741175,1.711795,-0.019213013,0.00015666953,-1.6674554,1.6748626,2.605854e-05,0.23533261,2.8062544,3.6048324,-0.2353796,0.15251867,0.1652186,0.09101981,0.05435187,inf,inf,inf,inf,inf,1,1,1,1,4,2,4,1,1,1,1,1,0,2,0,0,3.9644394414086896,1
1575392000,1575388000,5764000,47.3979711740181,8.54616359846853,15.817718,13.510605,-2.8589725,0.0,0.0,-0.2353796,-1.4102641,3.6651034,-0.30830473,-0.35216725,-0.00081951654,-0.00039308443,4.1656196e-05,-4.8575506,-4.792982,1.7302394,-0.017727582,0.00015669769,-1.6660265,1.6748626,2.610032e-05,0.23533261,2.810541,3.6068268,-0.2353796,0.15294991,0.16548067,0.09140608,0.05443506,inf,inf,inf,inf,inf,1,1,1,1,4,2,4,1,1,1,1,1,0,2,0,0,3.9391470613548742,1
1575400000,1575396000,5764000,47.3979711740181,8.54616359846853,15.805929,13.536367,-2.8618135,0.0,0.0,-0.2353796,-1.4497006,3.623843,-0.29466176,-0.33850956,-0.00081951654,-0.00039308443,4.1656196e-05,-4.8790965,-4.816124,1.7322124,-0.016129041,0.00015640658,-1.6644819,1.6748626,2.6002417e-05,0.23533261,2.8129861,3.6085007,-0.2353796,0.1516017,0.16478378,0.09038541,0.054204505,inf,inf,inf,inf,inf,1,1,1,1,4,2,4,1,1,1,1,1,0,2,0,0,3.9141659994302307,1
1575408000,1575404000,5764000,47.3979711740181,8.54616359846853,15.793828,13.561872,-2.8645334,0.0,0.0,-0.2353796,-1.4892474,3.582519,-0.28105035,-0.32487157,-0.00081951654,-0.00039308443,4.1656196e-05,-4.8948355,-4.833228,1.7273183,-0.014409503,0.00015643438,-1.6628176,1.6748626,2.6044148e-05,0.23533261,2.817106,3.6104252,-0.2353796,0.15202636,0.16486275,0.09077849,0.054267284,inf,inf,inf,inf,inf,1,1,1,1,4,2,4,1,1,1,1,1,0,2,0,0,3.8898958216130777,1
1575416000,1575412000,5764000,47.3979711740181,8.54616359846853,15.781415,13.587113,-2.8671336,0.0,0.0,-0.2353796,-1.5288757,3.5411315,-0.2674988,-0.31128243,-0.00081951654,-0.00039308443,4.1656196e-05,-4.9068885,-4.8500795,1.7189192,-0.012588395,0.00015646199,-1.661049,1.6748626,2.6085905e-05,0.23533261,2.8211682,3.6124063,-0.2353796,0.15245385,0.16512385,0.091176696,0.05435214,inf,inf,inf,inf,inf,1,1,1,1,4,2,4,1,1,1,1,1,0,2,0,0,3.8663456666915055,1
1575424000,1575420000,5764000,47.3979711740181,8.54616359846853,15.768687,13.612093,-2.8696146,0.0,0.0,-0.2353796,-1.5685996,3.499706,-0.25395295,-0.2976884,-0.00081951654,-0.00039308443,4.1656196e-05,-4.9206157,-4.863453,1.717293,-0.01066047,0.00015648943,-1.659171,1.6748626,2.6127685e-05,0.23533261,2.8251557,3.614384,-0.2353796,0.15288422,0.16538571,0.09157916,0.054437462,inf,inf,inf,inf,inf,1,1,1,1,4,2,4,1,1,1,1,1,0,2,0,0,3.843558103160386,1
1575432000,1575428000,5764000,47.3979711740181,8.54616359846853,15.755388,13.6363535,-2.8719087,0.0,0.0,-0.2353796,-1.6086423,3.457798,-0.24044771,-0.28405234,-0.00081951654,-0.00039308443,4.1656196e-05,-4.931042,-4.8772893,1.7053484,-0.008643555,0.00015612759,-1.6572014,1.6748626,2.6028807e-05,0.23533261,2.8269477,3.6160421,-0.2353796,0.15153952,0.16469038,0.09056716,0.054208994,inf,inf,inf,inf,inf,1,1,1,1,4,2,4,1,1,1,1,1,0,2,0,0,3.82124484420948,1
1575440000,1575436000,5764000,47.3979711740181,8.54616359846853,15.741777,13.660354,-2.8740864,0.0,0.0,-0.2353796,-1.6487968,3.4159179,-0.22704294,-0.2705093,-0.00081951654,-0.00039308443,4.1656196e-05,-4.9475327,-4.883387,1.6919937,-0.00653198,0.00015615467,-1.6551379,1.6748626,2.6070564e-05,0.23533261,2.8307652,3.6180103,-0.2353796,0.15196332,0.1649508,0.0909743,0.054295458,inf,inf,inf,inf,inf,1,1,1,1,4,2,4,1,1,1,1,1,0,2,0,0,3.7998124274540834,1
1575448000,1575444000,5764000,47.3979711740181,8.54616359846853,15.727854,13.6840925,-2.8761477,0.0,0.0,-0.2353796,-1.6890289,3.3740468,-0.21370943,-0.25703034,-0.00081951654,-0.00039308443,4.1656196e-05,-4.9596567,-4.89163,1.6823004,-0.0043304544,0.00015618156,-1.652982,1.6748626,2.6112342e-05,0.23533261,2.8344984,3.6199753,-0.2353796,0.15238996,0.16521198,0.09138503,0.0543824,inf,inf,inf,inf,inf,1,1,1,1,4,2,4,1,1,1,1,1,0,2,0,0,3.7792435954958465,1
1575456000,1575452000,5764000,47.3979711740181,8.54616359846853,15.713616,13.707566,-2.8780994,0.0,0.0,-0.2353796,-1.7293411,3.3321645,-0.20045948,-0.24363312,-0.00081951654,-0.00039308443,4.1656196e-05,-4.9720187,-4.902097,1.6712,-0.00204709,0.00015620836,-1.6507418,1.6748626,2.615414e-05,0.23533261,2.8383,3.6218765,-0.2353796,0.15281947,0.16529079,0.09179911,0.054447945,inf,inf,inf,inf,inf,1,1,1,1,4,2,4,1,1,1,1,1,0,2,0,0,3.7595378570153186,1
1575464000,1575460000,5764000,47.3979711740181,8.54616359846853,15.698811,13.730321,-2.8798566,0.0,0.0,-0.2353796,-1.7699442,3.2899091,-0.1873119,-0.23024663,-0.00081951654,-0.00039308443,4.1656196e-05,-4.980398,-4.9024005,1.6508479,0.0003065297,0.000155767,-1.648429,1.6748626,2.6054458e-05,0.23533261,2.8393662,3.6235194,-0.2353796,0.15147822,0.16459702,0.09078992,0.054221313,inf,inf,inf,inf,inf,1,1,1,1,4,2,4,1,1,1,1,1,0,2,0,0,3.740493297047605,1
1575472000,1575468000,5764000,47.3979711740181,8.54616359846853,15.683693,13.752815,-2.881503,0.0,0.0,-0.2353796,-1.8104953,3.2477386,-0.17436925,-0.21706137,-0.00081951654,-0.00039308443,4.1656196e-05,-4.9769073,-4.901871,1.6245836,0.0027267865,0.00015579349,-1.6460507,1.6748626,2.6096279e-05,0.23533261,2.842811,3.6254718,-0.2353796,0.15190116,0.16485722,0.09120845,0.05430992,inf,inf,inf,inf,inf,1,1,1,1,4,2,4,1,1,1,1,1,0,2,0,0,3.7223787932715298,1
1575480000,1575476000,5764000,47.3979711740181,8.54616359846853,15.668264,13.775048,-2.88304,0.0,0.0,-0.2353796,-1.851067,3.2055619,-0.1615281,-0.20397408,-0.00081951654,-0.00039308443,4.1656196e-05,-4.982412,-4.912378,1.6112504,0.005202165,0.00015581986,-1.6436149,1.6748626,2.6138126e-05,0.23533261,2.8461578,3.6274216,-0.2353796,0.15232696,0.16511819,0.0916307,0.054399,inf,inf,inf,inf,inf,1,1,1,1,4,2,4,1,1,1,1,1,0,2,0,0,3.7051541749717,1
1575488000,1575484000,5764000,47.3979711740181,8.54616359846853,15.652524,13.797018,-2.884468,0.0,0.0,-0.2353796,-1.8915993,3.1634214,-0.14889477,-0.19109127,-0.00081951654,-0.00039308443,4.1656196e-05,-4.9802966,-4.9173355,1.5846336,0.007738383,0.00015584615,-1.641116,1.6748626,2.6180012e-05,0.23533261,2.8494039,3.629368,-0.2353796,0.15275566,0.16537988,0.09205683,0.054488573,inf,inf,inf,inf,inf,1,1,1,1,4,2,4,1,1,1,1,1,0,2,0,0,3.6888416228230514,1
1575496000,1575492000,5764000,47.3979711740181,8.54616359846853,15.636471,13.818725,-2.885789,0.0,0.0,-0.2353796,-1.9321698,3.1214054,-0.13638708,-0.17833091,-0.00081951654,-0.00039308443,4.1656196e-05,-4.9877667,-4.911037,1.5683043,0.010327747,0.00015587233,-1.6385618,1.6748626,2.622194e-05,0.23533261,2.852547,3.6313121,-0.2353796,0.15318725,0.16564234,0.09248685,0.05457864,inf,inf,inf,inf,inf,1,1,1,1,4,2,4,1,1,1,1,1,0,2,0,0,3.673561384102915,1
1575504000,1575500000,5764000,47.3979711740181,8.54616359846853,15.619874,13.839725,-2.88692,0.0,0.0,-0.2353796,-1.9730172,3.079044,-0.124069825,-0.16566898,-0.00081951654,-0.00039308443,4.1656196e-05,-4.9976764,-4.910327,1.536995,0.012958299,0.00015531326,-1.6359643,1.6748626,2.6119433e-05,0.23533261,2.8529708,3.632875,-0.2353796,0.15183209,0.16476145,0.09146264,0.05433014,inf,inf,inf,inf,inf,1,1,1,1,4,2,4,1,1,1,1,1,0,2,0,0,3.6590575490018424,1
1575512000,1575508000,5764000,47.3979711740181,8.54616359846853,15.602967,13.860466,-2.8879495,0.0,0.0,-0.2353796,-2.0137653,3.0368268,-0.11198742,-0.15324207,-0.00081951654,-0.00039308443,4.1656196e-05,-4.988568,-4.9024363,1.5071406,0.015630238,0.00015533916,-1.633327,1.6748626,2.6161382e-05,0.23533261,2.855888,3.6348107,-0.2353796,0.15225695,0.16502218,0.091897294,0.054421462,inf,inf,inf,inf,inf,1,1,1,1,4,2,4,1,1,1,1,1,0,2,0,0,3.645560159827374,1
1575520000,1575516000,5764000,47.3979711740181,8.54616359846853,15.585751,13.880948,-2.8888788,0.0,0.0,-0.2353796,-2.0544884,2.9948022,-0.10011194,-0.14102231,-0.00081951654,-0.00039308443,4.1656196e-05,-4.9885817,-4.888213,1.4807786,0.018329661,0.0001553651,-1.6306602,1.6748626,2.620339e-05,0.23533261,2.8586962,3.6367435,-0.2353796,0.15268473,0.16528365,0.09233599,0.054513287,inf,inf,inf,inf,inf,1,1,1,1,4,2,4,1,1,1,1,1,0,2,0,0,3.6331508643861685,1
1575528000,1575524000,5764000,47.3979711740181,8.54616359846853,15.568225,13.901169,-2.889709,0.0,0.0,-0.2353796,-2.0951662,2.9528632,-0.08842193,-0.12898833,-0.00081951654,-0.00039308443,4.1656196e-05,-4.9859815,-4.887104,1.4571133,0.021041952,0.0001553909,-1.6279787,1.6748626,2.6245436e-05,0.23533261,2.8613951,3.638674,-0.2353796,0.15311544,0.16554588,0.09277909,0.054605626,inf,inf,inf,inf,inf,1,1,1,1,4,2,4,1,1,1,1,1,0,2,0,0,3.621731757218031,1
1575536000,1575532000,5764000,47.3979711740181,8.54616359846853,15.550173,13.920692,-2.8903518,0.0,0.0,-0.2353796,-2.1359873,2.9106271,-0.07691847,-0.11704445,-0.00081951654,-0.00039308443,4.1656196e-05,-4.98147,-4.8810425,1.4255568,0.023786368,0.00015473634,-1.6252631,1.6748626,2.6142672e-05,0.23533261,2.8611465,3.6402845,-0.2353796,0.15176396,0.16484794,0.09175553,0.054380167,inf,inf,inf,inf,inf,1,1,1,1,4,2,4,1,1,1,1,1,0,2,0,0,3.6111090141454936,1
1575544000,1575540000,5764000,47.3979711740181,8.54616359846853,15.531815,13.9399605,-2.8909006,0.0,0.0,-0.2353796,-2.1766655,2.8686419,-0.065610155,-0.105299436,-0.00081951654,-0.00039308443,4.1656196e-05,-4.9671946,-4.8601346,1.4008324,0.02653851,0.0001547619,-1.6225423,1.6748626,2.618476e-05,0.23533261,2.8636084,3.6422074,-0.2353796,0.15218794,0.16510874,0.09220298,0.054473683,inf,inf,inf,inf,inf,1,1,1,1,4,2,4,1,1,1,1,1,0,2,0,0,3.601566845383407,1
1575552000,1575548000,5764000,47.3979711740181,8.54616359846853,15.51315,13.958974,-2.8913674,0.0,0.0,-0.2353796,-2.217298,2.8267834,-0.05453921,-0.093805015,-0.00081951654,-0.00039308443,4.1656196e-05,-4.964942,-4.8544126,1.3710637,0.029300813,0.0001547874,-1.6198094,1.6748626,2.6226884e-05,0.23533261,2.866251,3.644068,-0.2353796,0.15261483,0.16518752,0.0926549,0.054546036,inf,inf,inf,inf,inf,1,1,1,1,4,2,4,1,1,1,1,1,0,2,0,0,3.593061276508791,1
1575560000,1575556000,5764000,47.3979711740181,8.54616359846853,15.494181,13.977731,-2.8917441,0.0,0.0,-0.2353796,-2.2577813,2.785194,-0.04370189,-0.082547545,-0.00081951654,-0.00039308443,4.1656196e-05,-4.949625,-4.830715,1.341537,0.03205413,0.0001548129,-1.617084,1.6748626,2.6269085e-05,0.23533261,2.8684895,3.6459866,-0.2353796,0.1530447,0.16544953,0.09311124,0.05464065,inf,inf,inf,inf,inf,1,1,1,1,4,2,4,1,1,1,1,1,0,2,0,0,3.585636885053374,1
1575568000,1575564000,5764000,47.3979711740181,8.54616359846853,15.474697,13.995796,-2.8919334,0.0,0.0,-0.2353796,-2.2983437,2.74337,-0.03312153,-0.07144505,-0.00081951654,-0.00039308443,4.1656196e-05,-4.9386444,-4.817245,1.3007652,0.034808546,0.00015405759,-1.6143558,1.6748626,2.6166175e-05,0.23533261,2.8675265,3.647586,-0.2353796,0.15169674,0.16475318,0.09208665,0.0544166,inf,inf,inf,inf,inf,1,1,1,1,4,2,4,1,1,1,1,1,0,2,0,0,3.579044531153424,1
1575576000,1575572000,5764000,47.3979711740181,8.54616359846853,15.454912,14.013612,-2.8920388,0.0,0.0,-0.2353796,-2.3387642,2.7017665,-0.022734856,-0.060543116,-0.00081951654,-0.00039308443,4.1656196e-05,-4.924709,-4.800474,1.2763976,0.037557945,0.00015408295,-1.6116357,1.6748626,2.6208443e-05,0.23533261,2.8695254,3.649498,-0.2353796,0.15211987,0.16501378,0.09254765,0.05451238,inf,inf,inf,inf,inf,1,1,1,1,4,2,4,1,1,1,1,1,0,2,0,0,3.573496477877267,1
1575584000,1575580000,5764000,47.3979711740181,8.54616359846853,15.434826,14.031178,-2.8920622,0.0,0.0,-0.2353796,-2.3790686,2.660317,-0.012721183,-0.050020944,-0.00081951654,-0.00039308443,4.1656196e-05,-4.9138803,-4.7916813,1.2296158,0.040298406,0.00015410829,-1.6089231,1.6748626,2.6250767e-05,0.23533261,2.8714135,3.651408,-0.2353796,0.15254597,0.16527511,0.09301299,0.054608673,inf,inf,inf,inf,inf,1,1,1,1,4,2,4,1,1,1,1,1,0,2,0,0,3.5689516349331325,1
1575592000,1575588000,5764000,47.3979711740181,8.54616359846853,15.414439,14.048495,-2.892006,0.0,0.0,-0.2353796,-2.4192488,2.619197,-0.0029674412,-0.03976537,-0.00081951654,-0.00039308443,4.1656196e-05,-4.9019127,-4.7607036,1.1969804,0.043015055,0.00015413367,-1.606233,1.6748626,2.6293164e-05,0.23533261,2.8731914,3.6533163,-0.2353796,0.15297508,0.16553721,0.09348263,0.054705497,inf,inf,inf,inf,inf,1,1,1,1,4,2,4,1,1,1,1,1,0,2,0,0,3.565524714094367,1
1575600000,1575596000,5764000,47.3979711740181,8.54616359846853,15.39356,14.065136,-2.8917794,0.0,0.0,-0.2353796,-2.4594643,2.578013,0.006571853,-0.02963156,-0.00081951654,-0.00039308443,4.1656196e-05,-4.8878975,-4.727635,1.1618537,0.04570578,0.00015327362,-1.6035676,1.6748626,2.6190177e-05,0.23533261,2.8719559,3.6549053,-0.2353796,0.15163042,0.16483954,0.092454225,0.05448197,inf,inf,inf,inf,inf,1,1,1,1,4,2,4,1,1,1,1,1,0,2,0,0,3.5630266432339996,1
1575608000,1575604000,5764000,47.3979711740181,8.54616359846853,15.372385,14.081534,-2.8914766,0.0,0.0,-0.2353796,-2.4994433,2.5371318,0.015902635,-0.019713853,-0.00081951654,-0.00039308443,4.1656196e-05,-4.8622727,-4.7007527,1.1357558,0.048373394,0.0001532988,-1.600929,1.6748626,2.623262e-05,0.23533261,2.8734307,3.656748,-0.2353796,0.15205278,0.16491835,0.09292804,0.05455845,inf,inf,inf,inf,inf,1,1,1,1,4,2,4,1,1,1,1,1,0,2,0,0,3.5615316191613506,1
1575616000,1575612000,5764000,47.3979711740181,8.54616359846853,15.350915,14.0976925,-2.8911018,0.0,0.0,-0.2353796,-2.5392551,2.4964154,0.025004495,-0.010034775,-0.00081951654,-0.00039308443,4.1656196e-05,-4.8452287,-4.690849,1.1071618,0.05099881,0.00015332404,-1.5983315,1.6748626,2.627515e-05,0.23533261,2.874866,3.658649,-0.2353796,0.15247814,0.16517949,0.09340597,0.05465695,inf,inf,inf,inf,inf,1,1,1,1,4,2,4,1,1,1,1,1,0,2,0,0,3.5609733974018085,1
1575624000,1575620000,5764000,47.3979711740181,8.54616359846853,15.329151,14.113608,-2.890657,0.0,0.0,-0.2353796,-2.5788813,2.4560404,0.033753764,-0.0007178194,-0.00081951654,-0.00039308443,4.1656196e-05,-4.825703,-4.6585655,1.0631214,0.053600233,0.00015334932,-1.5957568,1.6748626,2.6317746e-05,0.23533261,2.876195,3.660549,-0.2353796,0.15290655,0.16544138,0.093887754,0.054755908,inf,inf,inf,inf,inf,1,1,1,1,4,2,4,1,1,1,1,1,0,2,0,0,3.5614466895499106,1
1575632000,1575628000,5764000,47.3979711740181,8.54616359846853,15.306883,14.128861,-2.8900561,0.0,0.0,-0.2353796,-2.6184406,2.4155686,0.04224093,0.008422557,-0.00081951654,-0.00039308443,4.1656196e-05,-4.797884,-4.630268,1.0221637,0.05615953,0.00015238226,-1.5932232,1.6748626,2.6214755e-05,0.23533261,2.8746524,3.6621306,-0.2353796,0.15156499,0.16474529,0.09285245,0.054533236,inf,inf,inf,inf,inf,1,1,1,1,4,2,4,1,1,1,1,1,0,2,0,0,3.562721871435039,1
1575640000,1575636000,5764000,47.3979711740181,8.54616359846853,15.284326,14.143882,-2.889391,0.0,0.0,-0.2353796,-2.6578054,2.3754423,0.050576504,0.017398965,-0.00081951654,-0.00039308443,4.1656196e-05,-4.7776866,-4.598266,1.003411,0.058684044,0.00015240742,-1.5907282,1.6748626,2.6257436e-05,0.23533261,2.875756,3.6640255,-0.2353796,0.15198666,0.16500577,0.09333776,0.054633234,inf,inf,inf,inf,inf,1,1,1,1,4,2,4,1,1,1,1,1,0,2,0,0,3.5649984078054384,1
1575648000,1575644000,5764000,47.3979711740181,8.54616359846853,15.261482,14.158668,-2.8886638,0.0,0.0,-0.2353796,-2.6968474,2.3356035,0.05864253,0.026093705,-0.00081951654,-0.00039308443,4.1656196e-05,-4.741364,-4.573211,0.9699119,0.06114352,0.00015243265,-1.5882971,1.6748626,2.6300195e-05,0.23533261,2.876757,3.6659195,-0.2353796,0.15241139,0.16526702,0.09382677,0.054733716,inf,inf,inf,inf,inf,1,1,1,1,4,2,4,1,1,1,1,1,0,2,0,0,3.568118349273719,1
1575656000,1575652000,5764000,47.3979711740181,8.54616359846853,15.238355,14.173223,-2.8878798,0.0,0.0,-0.2353796,-2.7357304,2.29617,0.06648037,0.034544475,-0.00081951654,-0.00039308443,4.1656196e-05,-4.725361,-4.533118,0.9416765,0.06355064,0.00015245796,-1.5859176,1.6748626,2.6343012e-05,0.23533261,2.8777769,3.667752,-0.2353796,0.15283917,0.16534574,0.094319895,0.054812983,inf,inf,inf,inf,inf,1,1,1,1,4,2,4,1,1,1,1,1,0,2,0,0,3.5722593872757193,1
1575664000,1575660000,5764000,47.3979711740181,8.54616359846853,15.214733,14.187136,-2.8869543,0.0,0.0,-0.2353796,-2.774557,2.2566867,0.07404717,0.04280159,-0.00081951654,-0.00039308443,4.1656196e-05,-4.6993046,-4.50097,0.8999742,0.06589748,0.00015138328,-1.5835975,1.6748626,2.6240064e-05,0.23533261,2.875994,3.6693282,-0.2353796,0.15150048,0.16465117,0.09327461,0.054590873,inf,inf,inf,inf,inf,1,1,1,1,4,2,4,1,1,1,1,1,0,2,0,0,3.5771894542490896,1
1575672000,1575668000,5764000,47.3979711740181,8.54616359846853,15.190833,14.200825,-2.885974,0.0,0.0,-0.2353796,-2.8131196,2.2175531,0.081258394,0.050688878,-0.00081951654,-0.00039308443,4.1656196e-05,-4.6705756,-4.4685783,0.855884,0.06818441,0.0001514085,-1.581341,1.6748626,2.6282994e-05,0.23533261,2.8766816,3.6712172,-0.2353796,0.15192154,0.16491148,0.09376976,0.054692794,inf,inf,inf,inf,inf,1,1,1,1,4,2,4,1,1,1,1,1,0,2,0,0,3.582985704942071,1
1575680000,1575676000,5764000,47.3979711740181,8.54616359846853,15.166655,14.214291,-2.884941,0.0,0.0,-0.2353796,-2.8514276,2.1788013,0.08825441,0.058347017,-0.00081951654,-0.00039308443,4.1656196e-05,-4.642858,-4.431881,0.8293371,0.070399925,0.00015143381,-1.5791551,1.6748626,2.6326e-05,0.23533261,2.8772736,3.673106,-0.2353796,0.15234569,0.16517255,0.09426848,0.05479516,inf,inf,inf,inf,inf,1,1,1,1,4,2,4,1,1,1,1,1,0,2,0,0,3.589652253883083,1
1575688000,1575684000,5764000,47.3979711740181,8.54616359846853,15.1422,14.227534,-2.8838582,0.0,0.0,-0.2353796,-2.8894267,2.1404474,0.09493866,0.065679744,-0.00081951654,-0.00039308443,4.1656196e-05,-4.6082797,-4.3928456,0.7907175,0.07255506,0.00015145923,-1.577029,1.6748626,2.6369089e-05,0.23533261,2.8777714,3.674994,-0.2353796,0.15277298,0.16543439,0.094770685,0.054897957,inf,inf,inf,inf,inf,1,1,1,1,4,2,4,1,1,1,1,1,0,2,0,0,3.5971259466416026,1
1575696000,1575692000,5764000,47.3979711740181,8.54616359846853,15.117263,14.240193,-2.8826542,0.0,0.0,-0.2353796,-2.9273815,2.1021576,0.101484254,0.07293812,-0.00081951654,-0.00039308443,4.1656196e-05,-4.583108,-4.35287,0.76619345,0.074633315,0.00015027856,-1.5749791,1.6748626,2.6266265e-05,0.23533261,2.875933,3.676565,-0.2353796,0.15143694,0.16473846,0.09371161,0.05467539,inf,inf,inf,inf,inf,1,1,1,1,4,2,4,1,1,1,1,1,0,2,0,0,3.6054026232294705,1
1575704000,1575700000,5764000,47.3979711740181,8.54616359846853,15.092055,14.252639,-2.8814049,0.0,0.0,-0.2353796,-2.965004,2.06426,0.107787594,0.07993831,-0.00081951654,-0.00039308443,4.1656196e-05,-4.5459633,-4.31515,0.7364214,0.076644585,0.00015030392,-1.5729977,1.6748626,2.6309435e-05,0.23533261,2.876241,3.6783905,-0.2353796,0.15185747,0.16481736,0.094214775,0.054757647,inf,inf,inf,inf,inf,1,1,1,1,4,2,4,1,1,1,1,1,0,2,0,0,3.6144205943741947,1
1575712000,1575708000,5764000,47.3979711740181,8.54616359846853,15.06658,14.264871,-2.8801112,0.0,0.0,-0.2353796,-3.0023446,2.026657,0.11383089,0.08666313,-0.00081951654,-0.00039308443,4.1656196e-05,-4.514979,-4.2892904,0.70441836,0.07858801,0.00015032932,-1.5710835,1.6748626,2.6352696e-05,0.23533261,2.8764524,3.6802757,-0.2353796,0.15228114,0.16507827,0.09472053,0.054861628,inf,inf,inf,inf,inf,1,1,1,1,4,2,4,1,1,1,1,1,0,2,0,0,3.6241370233914103,1
1575720000,1575716000,5764000,47.3979711740181,8.54616359846853,15.040838,14.276892,-2.8787756,0.0,0.0,-0.2353796,-3.0393655,1.9895581,0.119653925,0.09315271,-0.00081951654,-0.00039308443,4.1656196e-05,-4.479194,-4.237007,0.6773863,0.0804515,0.00015035494,-1.5692488,1.6748626,2.639605e-05,0.23533261,2.8765776,3.682161,-0.2353796,0.15270798,0.16533995,0.09522935,0.054965977,inf,inf,inf,inf,inf,1,1,1,1,4,2,4,1,1,1,1,1,0,2,0,0,3.6346115525092593,1
1575728000,1575724000,5764000,47.3979711740181,8.54616359846853,15.014642,14.288362,-2.8773336,0.0,0.0,-0.2353796,-3.0762208,1.9526086,0.12522896,0.09945013,-0.00081951654,-0.00039308443,4.1656196e-05,-4.441413,-4.1895103,0.6398619,0.082237825,0.00014907181,-1.5674907,1.6748626,2.6293408e-05,0.23533261,2.8745854,3.6837304,-0.2353796,0.15137437,0.16464552,0.094153784,0.05474327,inf,inf,inf,inf,inf,1,1,1,1,4,2,4,1,1,1,1,1,0,2,0,0,3.6457505465362385,1
1575736000,1575732000,5764000,47.3979711740181,8.54616359846853,14.988185,14.299629,-2.875855,0.0,0.0,-0.2353796,-3.1127546,1.9159889,0.13053478,0.10546166,-0.00081951654,-0.00039308443,4.1656196e-05,-4.40571,-4.159468,0.60685116,0.08393692,0.00014909735,-1.5658216,1.6748626,2.633686e-05,0.23533261,2.87453,3.685614,-0.2353796,0.15179446,0.1649058,0.09466303,0.05484832,inf,inf,inf,inf,inf,1,1,1,1,4,2,4,1,1,1,1,1,0,2,0,0,3.6574983244745334,1
1575744000,1575740000,5764000,47.3979711740181,8.54616359846853,14.961471,14.310695,-2.8743405,0.0,0.0,-0.2353796,-3.1490119,1.8798234,0.13563792,0.111254185,-0.00081951654,-0.00039308443,4.1656196e-05,-4.375472,-4.1135893,0.5821525,0.08555799,0.00014912298,-1.5642302,1.6748626,2.638039e-05,0.23533261,2.8743954,3.6874979,-0.2353796,0.15221773,0.16516684,0.09517451,0.054953687,inf,inf,inf,inf,inf,1,1,1,1,4,2,4,1,1,1,1,1,0,2,0,0,3.669933188338869,1
1575752000,1575748000,5764000,47.3979711740181,8.54616359846853,14.934501,14.321559,-2.8727975,0.0,0.0,-0.2353796,-3.18489,1.8441156,0.14044446,0.11672869,-0.00081951654,-0.00039308443,4.1656196e-05,-4.332308,-4.0669875,0.5458453,0.08709202,0.00014914875,-1.5627253,1.6748626,2.6423995e-05,0.23533261,2.8743513,3.6893215,-0.2353796,0.15264422,0.16524571,0.09568803,0.055037767,inf,inf,inf,inf,inf,1,1,1,1,4,2,4,1,1,1,1,1,0,2,0,0,3.682935148031805,1
1575760000,1575756000,5764000,47.3979711740181,8.54616359846853,14.907277,14.332226,-2.871223,0.0,0.0,-0.2353796,-3.2203817,1.8088428,0.14496209,0.1218989,-0.00081951654,-0.00039308443,4.1656196e-05,-4.2879963,-4.022966,0.5103666,0.088542305,0.00014917467,-1.5613036,1.6748626,2.6467693e-05,0.23533261,2.8740642,3.6912062,-0.2353796,0.15307397,0.16550803,0.096203305,0.05514371,inf,inf,inf,inf,inf,1,1,1,1,4,2,4,1,1,1,1,1,0,2,0,0,3.696455677584123,1
1575768000,1575764000,5764000,47.3979711740181,8.54616359846853,14.879646,14.34238,-2.8695726,0.0,0.0,-0.2353796,-3.2556708,1.7736202,0.14926563,0.12689029,-0.00081951654,-0.00039308443,4.1656196e-05,-4.2495527,-3.9913197,0.47877103,0.089907266,0.00014774816,-1.5599667,1.6748626,2.636305e-05,0.23533261,2.8722625,3.692774,-0.2353796,0.15172465,0.16481063,0.095083304,0.054918293,inf,inf,inf,inf,inf,1,1,1,1,4,2,4,1,1,1,1,1,0,2,0,0,3.7104448790030524,1
1575776000,1575772000,5764000,47.3979711740181,8.54616359846853,14.851768,14.352342,-2.8678951,0.0,0.0,-0.2353796,-3.2906144,1.738905,0.15333858,0.13163471,-0.00081951654,-0.00039308443,4.1656196e-05,-4.2106485,-3.9386718,0.45068002,0.09118576,0.00014777403,-1.5587186,1.6748626,2.6406853e-05,0.23533261,2.8718197,3.6946583,-0.2353796,0.15214747,0.16507153,0.09559725,0.05502475,inf,inf,inf,inf,inf,1,1,1,1,4,2,4,1,1,1,1,1,0,2,0,0,3.724976033295889,1
1575784000,1575780000,5764000,47.3979711740181,8.54616359846853,14.823645,14.362116,-2.8661919,0.0,0.0,-0.2353796,-3.3252404,1.7046927,0.15716055,0.13611215,-0.00081951654,-0.00039308443,4.1656196e-05,-4.175118,-3.8862405,0.42003855,0.092379436,0.00014780006,-1.5575546,1.6748626,2.6450743e-05,0.23533261,2.8713083,3.6965435,-0.2353796,0.15257354,0.16533321,0.0961129,0.055131417,inf,inf,inf,inf,inf,1,1,1,1,4,2,4,1,1,1,1,1,0,2,0,0,3.740040154557402,1
1575792000,1575788000,5764000,47.3979711740181,8.54616359846853,14.7952795,14.371704,-2.8644652,0.0,0.0,-0.2353796,-3.35946,1.6708431,0.16074058,0.140332,-0.00081951654,-0.00039308443,4.1656196e-05,-4.1283903,-3.8511214,0.39052543,0.093484804,0.00014782618,-1.5564785,1.6748626,2.64947e-05,0.23533261,2.8707304,3.6984293,-0.2353796,0.15300293,0.16559567,0.09662984,0.055238307,inf,inf,inf,inf,inf,1,1,1,1,4,2,4,1,1,1,1,1,0,2,0,0,3.755466108284875,1
1575800000,1575796000,5764000,47.3979711740181,8.54616359846853,14.766539,14.380806,-2.8626862,0.0,0.0,-0.2353796,-3.3934588,1.6372023,0.16410182,0.14435104,-0.00081951654,-0.00039308443,4.1656196e-05,-4.0904765,-3.8011773,0.3595487,0.09450477,0.00014631273,-1.5554872,1.6748626,2.6390517e-05,0.23533261,2.8691523,3.6999981,-0.2353796,0.15165608,0.1648969,0.095487855,0.055011276,inf,inf,inf,inf,inf,1,1,1,1,4,2,4,1,1,1,1,1,0,2,0,0,3.7713291298625795,1
1575808000,1575804000,5764000,47.3979711740181,8.54616359846853,14.737562,14.38973,-2.8608894,0.0,0.0,-0.2353796,-3.42713,1.6040483,0.1672342,0.14812374,-0.00081951654,-0.00039308443,4.1656196e-05,-4.0537033,-3.7508953,0.33178458,0.09544268,0.00014633893,-1.5545809,1.6748626,2.643458e-05,0.23533261,2.868482,3.7018244,-0.2353796,0.15207851,0.1649759,0.09600146,0.055097118,inf,inf,inf,inf,inf,1,1,1,1,4,2,4,1,1,1,1,1,0,2,0,0,3.7876322766713413,1
1575816000,1575812000,5764000,47.3979711740181,8.54616359846853,14.708351,14.398478,-2.859074,0.0,0.0,-0.2353796,-3.4603996,1.5713112,0.17019178,0.15170601,-0.00081951654,-0.00039308443,4.1656196e-05,-4.0075626,-3.7090585,0.31073296,0.09628016,0.0001463653,-1.5537748,1.6748626,2.6478747e-05,0.23533261,2.867707,3.7037117,-0.2353796,0.15250425,0.16523743,0.09651646,0.05520452,inf,inf,inf,inf,inf,1,1,1,1,4,2,4,1,1,1,1,1,0,2,0,0,3.8042541346373233,1
1575824000,1575820000,5764000,47.3979711740181,8.54616359846853,14.678909,14.40705,-2.857242,0.0,0.0,-0.2353796,-3.493266,1.5390682,0.17290844,0.15503211,-0.00081951654,-0.00039308443,4.1656196e-05,-3.9611094,-3.6573477,0.28142193,0.0970364,0.00014639183,-1.5530493,1.6748626,2.6522992e-05,0.23533261,2.866874,3.7056005,-0.2353796,0.15293334,0.16549976,0.09703268,0.05531206,inf,inf,inf,inf,inf,1,1,1,1,4,2,4,1,1,1,1,1,0,2,0,0,3.821195572020683,1
1575832000,1575828000,5764000,47.3979711740181,8.54616359846853,14.649112,14.415176,-2.8553762,0.0,0.0,-0.2353796,-3.525832,1.5071089,0.17543225,0.15817237,-0.00081951654,-0.00039308443,4.1656196e-05,-3.9127584,-3.6014113,0.2541365,0.09770271,0.00014480093,-1.5524131,1.6748626,2.6419362e-05,0.23533261,2.8653958,3.707173,-0.2353796,0.15158877,0.16480249,0.09586782,0.05508383,inf,inf,inf,inf,inf,1,1,1,1,4,2,4,1,1,1,1,1,0,2,0,0,3.838443044129126,1
1575840000,1575836000,5764000,47.3979711740181,8.54616359846853,14.619088,14.423137,-2.8534966,0.0,0.0,-0.2353796,-3.5580487,1.4756405,0.1777744,0.16111568,-0.00081951654,-0.00039308443,4.1656196e-05,-3.8732166,-3.5503788,0.23229513,0.098284416,0.00014482743,-1.5518632,1.6748626,2.646371e-05,0.23533261,2.8644457,3.709063,-0.2353796,0.1520109,0.16506341,0.09637956,0.055191513,inf,inf,inf,inf,inf,1,1,1,1,4,2,4,1,1,1,1,1,0,2,0,0,3.8560120816858574,1
1575848000,1575844000,5764000,47.3979711740181,8.54616359846853,14.588843,14.430933,-2.8516054,0.0,0.0,-0.2353796,-3.5898683,1.4445686,0.17989169,0.16381921,-0.00081951654,-0.00039308443,4.1656196e-05,-3.827587,-3.5108814,0.20505254,0.098774664,0.00014485404,-1.5514041,1.6748626,2.6508125e-05,0.23533261,2.863444,3.7109542,-0.2353796,0.15243638,0.16532512,0.09689187,0.055299304,inf,inf,inf,inf,inf,1,1,1,1,4,2,4,1,1,1,1,1,0,2,0,0,3.8737957963194063,1
1575856000,1575852000,5764000,47.3979711740181,8.54616359846853,14.558379,14.438567,-2.8497105,0.0,0.0,-0.2353796,-3.6213403,1.4139687,0.18183967,0.16633153,-0.00081951654,-0.00039308443,4.1656196e-05,-3.7879624,-3.4617183,0.18492852,0.09917762,0.00014488083,-1.5510317,1.6748626,2.6552607e-05,0.23533261,2.8626165,3.7127867,-0.2353796,0.15286523,0.16540414,0.09740446,0.055385556,inf,inf,inf,inf,inf,1,1,1,1,4,2,4,1,1,1,1,1,0,2,0,0,3.891847725511558,1
1575864000,1575860000,5764000,47.3979711740181,8.54616359846853,14.527589,14.445813,-2.847797,0.0,0.0,-0.2353796,-3.6524963,1.3836106,0.18364042,0.16869448,-0.00081951654,-0.00039308443,4.1656196e-05,-3.739366,-3.4164505,0.16413675,0.099487774,0.00014322311,-1.5507517,1.6748626,2.6449597e-05,0.23533261,2.8612251,3.7143645,-0.2353796,0.15152276,0.16470835,0.096215844,0.055155836,inf,inf,inf,inf,inf,1,1,1,1,4,2,4,1,1,1,1,1,0,2,0,0,3.9100935177823852,1
1575872000,1575868000,5764000,47.3979711740181,8.54616359846853,14.496586,14.452904,-2.8458748,0.0,0.0,-0.2353796,-3.6832767,1.3536863,0.18524867,0.17085086,-0.00081951654,-0.00039308443,4.1656196e-05,-3.696359,-3.3722122,0.14098267,0.09971516,0.00014324997,-1.550555,1.6748626,2.6494203e-05,0.23533261,2.8600743,3.7162592,-0.2353796,0.15194465,0.16496915,0.096723095,0.055263735,inf,inf,inf,inf,inf,1,1,1,1,4,2,4,1,1,1,1,1,0,2,0,0,3.9285252853083876,1
1575880000,1575876000,5764000,47.3979711740181,8.54616359846853,14.465371,14.459842,-2.8439465,0.0,0.0,-0.2353796,-3.7136512,1.324333,0.18666351,0.17280011,-0.00081951654,-0.00039308443,4.1656196e-05,-3.6495166,-3.3105674,0.117712185,0.0998608,0.00014327698,-1.5504395,1.6748626,2.6538884e-05,0.23533261,2.8588796,3.718156,-0.2353796,0.15236993,0.16523075,0.097230285,0.055371612,inf,inf,inf,inf,inf,1,1,1,1,4,2,4,1,1,1,1,1,0,2,0,0,3.947139014034844,1
1575888000,1575884000,5764000,47.3979711740181,8.54616359846853,14.4339485,14.46663,-2.842012,0.0,0.0,-0.2353796,-3.7436233,1.2954566,0.18792097,0.17457858,-0.00081951654,-0.00039308443,4.1656196e-05,-3.6029463,-3.2604134,0.0989451,0.09992726,0.0001433041,-1.5504025,1.6748626,2.6583639e-05,0.23533261,2.8576434,3.7200549,-0.2353796,0.15279864,0.16549315,0.09773788,0.055479527,inf,inf,inf,inf,inf,1,1,1,1,4,2,4,1,1,1,1,1,0,2,0,0,3.9658842022621124,1
1575896000,1575892000,5764000,47.3979711740181,8.54616359846853,14.402206,14.473058,-2.8400755,0.0,0.0,-0.2353796,-3.7732368,1.2668457,0.18905199,0.17621782,-0.00081951654,-0.00039308443,4.1656196e-05,-3.5487323,-3.2139196,0.081468366,0.099910185,0.00014159115,-1.5504485,1.6748626,2.6481328e-05,0.23533261,2.856419,3.721638,-0.2353796,0.1514581,0.16479594,0.09652489,0.055247378,inf,inf,inf,inf,inf,1,1,1,1,4,2,4,1,1,1,1,1,0,2,0,0,3.9847151255021593,1
1575904000,1575900000,5764000,47.3979711740181,8.54616359846853,14.370263,14.479343,-2.8381276,0.0,0.0,-0.2353796,-3.802459,1.2386831,0.1899705,0.17763957,-0.00081951654,-0.00039308443,4.1656196e-05,-3.503702,-3.1674964,0.055651177,0.099812105,0.00014161832,-1.5505757,1.6748626,2.652616e-05,0.23533261,2.854862,3.7234793,-0.2353796,0.1518798,0.16487518,0.09702598,0.055333916,inf,inf,inf,inf,inf,1,1,1,1,4,2,4,1,1,1,1,1,0,2,0,0,4.00363822788434,1
1575912000,1575908000,5764000,47.3979711740181,8.54616359846853,14.338121,14.485488,-2.8361778,0.0,0.0,-0.2353796,-3.8313293,1.2110063,0.19072373,0.17888328,-0.00081951654,-0.00039308443,4.1656196e-05,-3.46348,-3.1161363,0.03593042,0.09963756,0.00014164567,-1.5507789,1.6748626,2.6571084e-05,0.23533261,2.853508,3.7253826,-0.2353796,0.15230493,0.16513668,0.0975267,0.05544164,inf,inf,inf,inf,inf,1,1,1,1,4,2,4,1,1,1,1,1,0,2,0,0,4.022685173470985,1
1575920000,1575916000,5764000,47.3979711740181,8.54616359846853,14.305783,14.491494,-2.8342276,0.0,0.0,-0.2353796,-3.8597617,1.1837091,0.19137488,0.18001243,-0.00081951654,-0.00039308443,4.1656196e-05,-3.412369,-3.0777783,0.024098435,0.09937868,0.00014167318,-1.5510657,1.6748626,2.6616084e-05,0.23533261,2.8521209,3.7272882,-0.2353796,0.1527335,0.16539897,0.098027445,0.055549335,inf,inf,inf,inf,inf,1,1,1,1,4,2,4,1,1,1,1,1,0,2,0,0,4.0417263587364145,1
1575928000,1575924000,5764000,47.3979711740181,8.54616359846853,14.273153,14.497183,-2.8322792,0.0,0.0,-0.2353796,-3.8878436,1.1567637,0.19184545,0.18094938,-0.00081951654,-0.00039308443,4.1656196e-05,-3.3608966,-3.0238402,0.0002416782,0.09904632,0.00013991704,-1.5514255,1.6748626,2.651453e-05,0.23533261,2.8507383,3.728879,-0.2353796,0.1513948,0.16470319,0.096790865,0.055315174,inf,inf,inf,inf,inf,1,1,1,1,4,2,4,1,1,1,1,1,0,2,0,0,4.060817010452989,1
1575936000,1575932000,5764000,47.3979711740181,8.54616359846853,14.240334,14.50274,-2.8303318,0.0,0.0,-0.2353796,-3.9155214,1.1302586,0.19227223,0.18183061,-0.00081951654,-0.00039308443,4.1656196e-05,-3.314105,-2.977955,-0.0042729075,0.098640226,0.00013994466,-1.5518588,1.6748626,2.655963e-05,0.23533261,2.8492863,3.7307878,-0.2353796,0.15181637,0.1649641,0.09728425,0.05542258,inf,inf,inf,inf,inf,1,1,1,1,4,2,4,1,1,1,1,1,0,2,0,0,4.079921683949472,1
1575944000,1575940000,5764000,47.3979711740181,8.54616359846853,14.207328,14.508167,-2.8283858,0.0,0.0,-0.2353796,-3.9427428,1.1042863,0.19255392,0.18255514,-0.00081951654,-0.00039308443,4.1656196e-05,-3.2606704,-2.9203112,-0.021456739,0.09815059,0.00013997238,-1.5523751,1.6748626,2.660479e-05,0.23533261,2.8478072,3.732699,-0.2353796,0.15224141,0.16522577,0.09777713,0.05552988,inf,inf,inf,inf,inf,1,1,1,1,4,2,4,1,1,1,1,1,0,2,0,0,4.098993294874596,1
1575952000,1575948000,5764000,47.3979711740181,8.54616359846853,14.174139,14.513468,-2.8264613,0.0,0.0,-0.2353796,-3.9695728,1.078717,0.19273123,0.18314496,-0.00081951654,-0.00039308443,4.1656196e-05,-3.215282,-2.8786252,-0.033094544,0.09759804,0.00014000028,-1.5529537,1.6748626,2.6650003e-05,0.23533261,2.846884,3.734552,-0.2353796,0.1526699,0.16530512,0.09826919,0.055615574,inf,inf,inf,inf,inf,1,1,1,1,4,2,4,1,1,1,1,1,0,2,0,0,4.118043699088944,1
1575960000,1575956000,5764000,47.3979711740181,8.54616359846853,14.140668,14.51848,-2.824541,0.0,0.0,-0.2353796,-3.9961417,1.0535032,0.19270484,0.18352167,-0.00081951654,-0.00039308443,4.1656196e-05,-3.1739657,-2.826446,-0.059874725,0.09696391,0.00013821301,-1.5536134,1.6748626,2.654925e-05,0.23533261,2.845378,3.7361515,-0.2353796,0.15133287,0.16461077,0.09701035,0.055379316,inf,inf,inf,inf,inf,1,1,1,1,4,2,4,1,1,1,1,1,0,2,0,0,4.137167223384687,1
1575968000,1575964000,5764000,47.3979711740181,8.54616359846853,14.10702,14.523374,-2.8226247,0.0,0.0,-0.2353796,-4.022286,1.0286943,0.19260676,0.18381651,-0.00081951654,-0.00039308443,4.1656196e-05,-3.1246135,-2.7845578,-0.06787339,0.0962666,0.00013824098,-1.5543349,1.6748626,2.6594571e-05,0.23533261,2.8438246,3.7380683,-0.2353796,0.15175435,0.16487157,0.09749481,0.055486154,inf,inf,inf,inf,inf,1,1,1,1,4,2,4,1,1,1,1,1,0,2,0,0,4.156211495177572,1
1575976000,1575972000,5764000,47.3979711740181,8.54616359846853,14.073197,14.528148,-2.8207135,0.0,0.0,-0.2353796,-4.047942,1.0043814,0.19242118,0.18401384,-0.00081951654,-0.00039308443,4.1656196e-05,-3.0670831,-2.731055,-0.0778567,0.09549261,0.00013826911,-1.5551323,1.6748626,2.6639955e-05,0.23533261,2.842251,3.7399879,-0.2353796,0.15217933,0.16513318,0.09797802,0.055592787,inf,inf,inf,inf,inf,1,1,1,1,4,2,4,1,1,1,1,1,0,2,0,0,4.17512183565253,1
1575984000,1575980000,5764000,47.3979711740181,8.54616359846853,14.039204,14.532805,-2.818808,0.0,0.0,-0.2353796,-4.073264,0.98042893,0.19210708,0.1840729,-0.00081951654,-0.00039308443,4.1656196e-05,-3.0286958,-2.6942983,-0.092973925,0.094651006,0.00013829746,-1.5559965,1.6748626,2.6685415e-05,0.23533261,2.8406591,3.7419102,-0.2353796,0.15260778,0.16539562,0.0984597,0.055699177,inf,inf,inf,inf,inf,1,1,1,1,4,2,4,1,1,1,1,1,0,2,0,0,4.1939987637889296,1
1575992000,1575988000,5764000,47.3979711740181,8.54616359846853,14.004956,14.537207,-2.8169246,0.0,0.0,-0.2353796,-4.098218,0.9568272,0.19169725,0.18401213,-0.00081951654,-0.00039308443,4.1656196e-05,-2.976252,-2.6442993,-0.10494841,0.09374976,0.00013649132,-1.5569198,1.6748626,2.6585516e-05,0.23533261,2.839528,3.7435184,-0.2353796,0.15127233,0.16469978,0.09717938,0.055459965,inf,inf,inf,inf,inf,1,1,1,1,4,2,4,1,1,1,1,1,0,2,0,0,4.21279680281893,1
1576000000,1575996000,5764000,47.3979711740181,8.54616359846853,13.970544,14.541498,-2.8150477,0.0,0.0,-0.2353796,-4.1227627,0.9336869,0.1912141,0.1838692,-0.00081951654,-0.00039308443,4.1656196e-05,-2.9286606,-2.594884,-0.11317338,0.0927796,0.00013651961,-1.557911,1.6748626,2.6631038e-05,0.23533261,2.8379025,3.7454445,-0.2353796,0.15169378,0.16496079,0.097653195,0.055565905,inf,inf,inf,inf,inf,1,1,1,1,4,2,4,1,1,1,1,1,0,2,0,0,4.2314898487154275,1
1576008000,1576004000,5764000,47.3979711740181,8.54616359846853,13.935968,14.545682,-2.8131957,0.0,0.0,-0.2353796,-4.1469746,0.91096044,0.19060104,0.18357064,-0.00081951654,-0.00039308443,4.1656196e-05,-2.8904386,-2.5511997,-0.12805918,0.091753416,0.00013654813,-1.5589577,1.6748626,2.6676611e-05,0.23533261,2.8367877,3.7473133,-0.2353796,0.1521187,0.16504034,0.09812568,0.055650342,inf,inf,inf,inf,inf,1,1,1,1,4,2,4,1,1,1,1,1,0,2,0,0,4.250126587848794,1
1576016000,1576012000,5764000,47.3979711740181,8.54616359846853,13.901233,14.549759,-2.8113513,0.0,0.0,-0.2353796,-4.1707253,0.88875544,0.18993217,0.18320845,-0.00081951654,-0.00039308443,4.1656196e-05,-2.8361535,-2.4938598,-0.13411742,0.09066902,0.00013657681,-1.5600618,1.6748626,2.6722268e-05,0.23533261,2.8351371,3.7492447,-0.2353796,0.15254715,0.1653027,0.09859673,0.055755854,inf,inf,inf,inf,inf,1,1,1,1,4,2,4,1,1,1,1,1,0,2,0,0,4.268595786601326,1
1576024000,1576020000,5764000,47.3979711740181,8.54616359846853,13.866339,14.553733,-2.809515,0.0,0.0,-0.2353796,-4.1940866,0.8669212,0.18916684,0.18274216,-0.00081951654,-0.00039308443,4.1656196e-05,-2.7906501,-2.4551623,-0.14526536,0.08952966,0.00013660567,-1.5612202,1.6748626,2.6767984e-05,0.23533261,2.8334756,3.751179,-0.2353796,0.15297915,0.16556586,0.09906649,0.055861134,inf,inf,inf,inf,inf,1,1,1,1,4,2,4,1,1,1,1,1,0,2,0,0,4.286921840745943,1
1576032000,1576028000,5764000,47.3979711740181,8.54616359846853,13.831254,14.557487,-2.8077116,0.0,0.0,-0.2353796,-4.2170362,0.84545445,0.1883036,0.18214703,-0.00081951654,-0.00039308443,4.1656196e-05,-2.738666,-2.405329,-0.15624239,0.088332735,0.00013475787,-1.5624355,1.6748626,2.666677e-05,0.23533261,2.8325274,3.7527978,-0.2353796,0.15162651,0.1648669,0.09773901,0.05561672,inf,inf,inf,inf,inf,1,1,1,1,4,2,4,1,1,1,1,1,0,2,0,0,4.305072099850153,1
1576040000,1576036000,5764000,47.3979711740181,8.54616359846853,13.796017,14.561144,-2.8059177,0.0,0.0,-0.2353796,-4.2396245,0.824381,0.1873601,0.18146509,-0.00081951654,-0.00039308443,4.1656196e-05,-2.6965518,-2.3637455,-0.16540195,0.08709162,0.00013478678,-1.5636957,1.6748626,2.6712547e-05,0.23533261,2.8308494,3.7547362,-0.2353796,0.1520513,0.16512863,0.09819959,0.055721343,inf,inf,inf,inf,inf,1,1,1,1,4,2,4,1,1,1,1,1,0,2,0,0,4.323091919128398,1
1576048000,1576044000,5764000,47.3979711740181,8.54616359846853,13.760631,14.564704,-2.8041334,0.0,0.0,-0.2353796,-4.2618313,0.80372256,0.18639112,0.18075132,-0.00081951654,-0.00039308443,4.1656196e-05,-2.6519375,-2.3192482,-0.16771768,0.08579723,0.00013481581,-1.5650084,1.6748626,2.6758375e-05,0.23533261,2.8291647,3.7566776,-0.2353796,0.1524796,0.16539119,0.09865831,0.05582564,inf,inf,inf,inf,inf,1,1,1,1,4,2,4,1,1,1,1,1,0,2,0,0,4.340958146852778,1
1576056000,1576052000,5764000,47.3979711740181,8.54616359846853,13.725098,14.568171,-2.8023505,0.0,0.0,-0.2353796,-4.283659,0.78350645,0.18538964,0.18000759,-0.00081951654,-0.00039308443,4.1656196e-05,-2.6075046,-2.2711673,-0.17113285,0.084451444,0.00013484503,-1.5663718,1.6748626,2.6804246e-05,0.23533261,2.8272052,3.7585611,-0.2353796,0.15291145,0.16547087,0.09911548,0.055908095,inf,inf,inf,inf,inf,1,1,1,1,4,2,4,1,1,1,1,1,0,2,0,0,4.358667927715064,1
1576064000,1576060000,5764000,47.3979711740181,8.54616359846853,13.6893835,14.571466,-2.8005934,0.0,0.0,-0.2353796,-4.305077,0.7636275,0.18426979,0.17912406,-0.00081951654,-0.00039308443,4.1656196e-05,-2.5548954,-2.2296298,-0.18498766,0.08305772,0.00013300592,-1.5677825,1.6748626,2.6704096e-05,0.23533261,2.8259768,3.7601902,-0.2353796,0.15156078,0.16477332,0.09777311,0.055661395,inf,inf,inf,inf,inf,1,1,1,1,4,2,4,1,1,1,1,1,0,2,0,0,4.376159308136747,1
1576072000,1576068000,5764000,47.3979711740181,8.54616359846853,13.653529,14.574674,-2.7988477,0.0,0.0,-0.2353796,-4.3261213,0.7441574,0.18312766,0.17821248,-0.00081951654,-0.00039308443,4.1656196e-05,-2.5110517,-2.1855395,-0.18693227,0.081621766,0.0001330352,-1.5692345,1.6748626,2.675004e-05,0.23533261,2.82428,3.7621388,-0.2353796,0.15198544,0.165035,0.09822176,0.055764813,inf,inf,inf,inf,inf,1,1,1,1,4,2,4,1,1,1,1,1,0,2,0,0,4.3934760131524015,1
1576080000,1576076000,5764000,47.3979711740181,8.54616359846853,13.617536,14.577793,-2.7971134,0.0,0.0,-0.2353796,-4.3468204,0.7251,0.18195467,0.17726438,-0.00081951654,-0.00039308443,4.1656196e-05,-2.4707632,-2.140797,-0.18995486,0.08014948,0.00013306459,-1.5707221,1.6748626,2.6796035e-05,0.23533261,2.8225815,3.7640903,-0.2353796,0.15241362,0.16529748,0.098668374,0.055867855,inf,inf,inf,inf,inf,1,1,1,1,4,2,4,1,1,1,1,1,0,2,0,0,4.410637720533275,1
1576088000,1576084000,5764000,47.3979711740181,8.54616359846853,13.581407,14.58083,-2.7953901,0.0,0.0,-0.2353796,-4.36714,0.7064423,0.18076,0.17628905,-0.00081951654,-0.00039308443,4.1656196e-05,-2.4260733,-2.0974953,-0.19183707,0.07863179,0.00013309417,-1.5722544,1.6748626,2.684208e-05,0.23533261,2.8208823,3.7660446,-0.2353796,0.15284534,0.16556078,0.09911298,0.05597057,inf,inf,inf,inf,inf,1,1,1,1,4,2,4,1,1,1,1,1,0,2,0,0,4.42760055565419,1
1576096000,1576092000,5764000,47.3979711740181,8.54616359846853,13.545129,14.583729,-2.7937002,0.0,0.0,-0.2353796,-4.387043,0.6881031,0.17944331,0.17516513,-0.00081951654,-0.00039308443,4.1656196e-05,-2.375941,-2.0606904,-0.20515685,0.07707514,0.00013127376,-1.5738251,1.6748626,2.6742999e-05,0.23533261,2.819817,3.7676837,-0.2353796,0.1514966,0.16486175,0.09775759,0.055720884,inf,inf,inf,inf,inf,1,1,1,1,4,2,4,1,1,1,1,1,0,2,0,0,4.444303326909895,1
1576104000,1576100000,5764000,47.3979711740181,8.54616359846853,13.50872,14.586547,-2.7920318,0.0,0.0,-0.2353796,-4.4066315,0.6701404,0.17812334,0.17402346,-0.00081951654,-0.00039308443,4.1656196e-05,-2.339249,-2.0200603,-0.20454822,0.075488396,0.00013130337,-1.5754257,1.6748626,2.6789068e-05,0.23533261,2.8184242,3.7695823,-0.2353796,0.15192112,0.16494168,0.098193094,0.055801634,inf,inf,inf,inf,inf,1,1,1,1,4,2,4,1,1,1,1,1,0,2,0,0,4.460853870814103,1
1576112000,1576108000,5764000,47.3979711740181,8.54616359846853,13.472183,14.589288,-2.7903752,0.0,0.0,-0.2353796,-4.425809,0.6525434,0.1768066,0.17288086,-0.00081951654,-0.00039308443,4.1656196e-05,-2.290437,-1.9805961,-0.20337988,0.073862076,0.0001313331,-1.5770653,1.6748626,2.6835205e-05,0.23533261,2.8167312,3.771544,-0.2353796,0.15234917,0.1652041,0.09862689,0.055903275,inf,inf,inf,inf,inf,1,1,1,1,4,2,4,1,1,1,1,1,0,2,0,0,4.477148508500486,1
1576120000,1576116000,5764000,47.3979711740181,8.54616359846853,13.43552,14.591951,-2.788731,0.0,0.0,-0.2353796,-4.4446726,0.63532776,0.17543903,0.17168334,-0.00081951654,-0.00039308443,4.1656196e-05,-2.2536762,-1.939048,-0.20897713,0.07221228,0.00013136303,-1.5787277,1.6748626,2.6881396e-05,0.23533261,2.8150415,3.7735085,-0.2353796,0.15278077,0.16546732,0.099058725,0.05600456,inf,inf,inf,inf,inf,1,1,1,1,4,2,4,1,1,1,1,1,0,2,0,0,4.493276614795122,1
1576128000,1576124000,5764000,47.3979711740181,8.54616359846853,13.398747,14.594498,-2.787117,0.0,0.0,-0.2353796,-4.463086,0.61846286,0.17405075,0.17044294,-0.00081951654,-0.00039308443,4.1656196e-05,-2.2029593,-1.8986565,-0.20935851,0.07052875,0.00012957037,-1.5804231,1.6748626,2.6783382e-05,0.23533261,2.813889,3.775158,-0.2353796,0.15143393,0.1647697,0.097693674,0.055752672,inf,inf,inf,inf,inf,1,1,1,1,4,2,4,1,1,1,1,1,0,2,0,0,4.509093768837697,1
1576136000,1576132000,5764000,47.3979711740181,8.54616359846853,13.361855,14.596972,-2.7855148,0.0,0.0,-0.2353796,-4.48115,0.6019165,0.17262948,0.16916624,-0.00081951654,-0.00039308443,4.1656196e-05,-2.1615908,-1.8647207,-0.21278112,0.06881042,0.00012960033,-1.5821548,1.6748626,2.6829599e-05,0.23533261,2.812211,3.777127,-0.2353796,0.15185833,0.16503151,0.09811686,0.055853214,inf,inf,inf,inf,inf,1,1,1,1,4,2,4,1,1,1,1,1,0,2,0,0,4.52468891006192,1
1576144000,1576140000,5764000,47.3979711740181,8.54616359846853,13.324842,14.599376,-2.783926,0.0,0.0,-0.2353796,-4.498885,0.58572644,0.17117438,0.16785245,-0.00081951654,-0.00039308443,4.1656196e-05,-2.1227071,-1.8258953,-0.21631177,0.06707078,0.00012963045,-1.5839071,1.6748626,2.6875863e-05,0.23533261,2.8105388,3.7790985,-0.2353796,0.15228626,0.16529414,0.09853778,0.05595333,inf,inf,inf,inf,inf,1,1,1,1,4,2,4,1,1,1,1,1,0,2,0,0,4.540081758526872,1
1576152000,1576148000,5764000,47.3979711740181,8.54616359846853,13.287714,14.60171,-2.7823648,0.0,0.0,-0.2353796,-4.5163274,0.5698741,0.16968964,0.16649057,-0.00081951654,-0.00039308443,4.1656196e-05,-2.088322,-1.7892642,-0.21895114,0.0653105,0.00012966074,-1.5856795,1.6748626,2.6922156e-05,0.23533261,2.8093412,3.7810125,-0.2353796,0.15271771,0.16537422,0.09895644,0.056031544,inf,inf,inf,inf,inf,1,1,1,1,4,2,4,1,1,1,1,1,0,2,0,0,4.55530067589011,1
1576160000,1576156000,5764000,47.3979711740181,8.54616359846853,13.250488,14.603942,-2.7808275,0.0,0.0,-0.2353796,-4.5333047,0.5543741,0.1681996,0.16510889,-0.00081951654,-0.00039308443,4.1656196e-05,-2.036454,-1.7488979,-0.21756206,0.063528866,0.00012790365,-1.5874728,1.6748626,2.68252e-05,0.23533261,2.808021,3.7826731,-0.2353796,0.15137273,0.16467796,0.09758518,0.055777643,inf,inf,inf,inf,inf,1,1,1,1,4,2,4,1,1,1,1,1,0,2,0,0,4.570172124902197,1
1576168000,1576164000,5764000,47.3979711740181,8.54616359846853,13.213151,14.606108,-2.779303,0.0,0.0,-0.2353796,-4.5499787,0.53923166,0.16669157,0.16370706,-0.00081951654,-0.00039308443,4.1656196e-05,-2.0004811,-1.7095578,-0.21917976,0.061729766,0.00012793398,-1.5892851,1.6748626,2.687153e-05,0.23533261,2.8063738,3.7846518,-0.2353796,0.15179701,0.16493972,0.097995065,0.05587658,inf,inf,inf,inf,inf,1,1,1,1,4,2,4,1,1,1,1,1,0,2,0,0,4.584851473396832,1
1576176000,1576172000,5764000,47.3979711740181,8.54616359846853,13.175705,14.6082115,-2.7777915,0.0,0.0,-0.2353796,-4.566345,0.52434856,0.16516638,0.16228592,-0.00081951654,-0.00039308443,4.1656196e-05,-1.9640157,-1.6823525,-0.22070481,0.059918232,0.00012796448,-1.5911094,1.6748626,2.6917913e-05,0.23533261,2.804735,3.7866335,-0.2353796,0.1522248,0.16520229,0.09840319,0.055975143,inf,inf,inf,inf,inf,1,1,1,1,4,2,4,1,1,1,1,1,0,2,0,0,4.599318210830968,1
1576184000,1576180000,5764000,47.3979711740181,8.54616359846853,13.138151,14.610252,-2.7762933,0.0,0.0,-0.2353796,-4.5823994,0.5097965,0.16359934,0.16082084,-0.00081951654,-0.00039308443,4.1656196e-05,-1.926818,-1.6460507,-0.22531952,0.05809565,0.00012799508,-1.5929443,1.6748626,2.696433e-05,0.23533261,2.8031054,3.788618,-0.2353796,0.15265612,0.16546568,0.09880899,0.056073252,inf,inf,inf,inf,inf,1,1,1,1,4,2,4,1,1,1,1,1,0,2,0,0,4.613571444833281,1
1576192000,1576188000,5764000,47.3979711740181,8.54616359846853,13.100533,14.61221,-2.7748222,0.0,0.0,-0.2353796,-4.5980563,0.4956083,0.16201231,0.15931873,-0.00081951654,-0.00039308443,4.1656196e-05,-1.8874327,-1.6048621,-0.22497445,0.056258105,0.00012628062,-1.5947936,1.6748626,2.6868402e-05,0.23533261,2.8018992,3.7902877,-0.2353796,0.151313,0.1647679,0.097433254,0.055816688,inf,inf,inf,inf,inf,1,1,1,1,4,2,4,1,1,1,1,1,0,2,0,0,4.627526046775978,1
1576200000,1576196000,5764000,47.3979711740181,8.54616359846853,13.062811,14.61411,-2.773364,0.0,0.0,-0.2353796,-4.6134124,0.48174173,0.16048704,0.15787682,-0.00081951654,-0.00039308443,4.1656196e-05,-1.8514639,-1.5695002,-0.21670897,0.054400705,0.00012631128,-1.5966662,1.6748626,2.691483e-05,0.23533261,2.8002942,3.7922761,-0.2353796,0.15173715,0.16502987,0.09783095,0.055914056,inf,inf,inf,inf,inf,1,1,1,1,4,2,4,1,1,1,1,1,0,2,0,0,4.641271933091738,1
1576208000,1576204000,5764000,47.3979711740181,8.54616359846853,13.024989,14.615953,-2.7719193,0.0,0.0,-0.2353796,-4.6284595,0.46812978,0.15886782,0.15633981,-0.00081951654,-0.00039308443,4.1656196e-05,-1.8143183,-1.5423875,-0.22792536,0.05253172,0.00012634213,-1.5985498,1.6748626,2.6961286e-05,0.23533261,2.7986875,3.794207,-0.2353796,0.15216479,0.16511017,0.0982264,0.055989668,inf,inf,inf,inf,inf,1,1,1,1,4,2,4,1,1,1,1,1,0,2,0,0,4.654784830504483,1
1576216000,1576212000,5764000,47.3979711740181,8.54616359846853,12.987067,14.617741,-2.7704883,0.0,0.0,-0.2353796,-4.643191,0.4548326,0.15724914,0.1548018,-0.00081951654,-0.00039308443,4.1656196e-05,-1.7763461,-1.5076385,-0.22732186,0.050654974,0.00012637311,-1.6004409,1.6748626,2.7007805e-05,0.23533261,2.797104,3.7962012,-0.2353796,0.15259595,0.16537349,0.09861985,0.05608619,inf,inf,inf,inf,inf,1,1,1,1,4,2,4,1,1,1,1,1,0,2,0,0,4.668064122153261,1
1576224000,1576220000,5764000,47.3979711740181,8.54616359846853,12.94911,14.619459,-2.7690926,0.0,0.0,-0.2353796,-4.657478,0.44184044,0.15564647,0.1532544,-0.00081951654,-0.00039308443,4.1656196e-05,-1.7336708,-1.4743797,-0.22151552,0.048774138,0.0001247071,-1.6023356,1.6748626,2.6912887e-05,0.23533261,2.7961986,3.797881,-0.2353796,0.1512547,0.16467708,0.097242415,0.055827793,inf,inf,inf,inf,inf,1,1,1,1,4,2,4,1,1,1,1,1,0,2,0,0,4.6809774746869754,1
1576232000,1576228000,5764000,47.3979711740181,8.54616359846853,12.911058,14.621125,-2.7677102,0.0,0.0,-0.2353796,-4.6714783,0.4291262,0.15409634,0.15175885,-0.00081951654,-0.00039308443,4.1656196e-05,-1.6990036,-1.4439925,-0.21451245,0.046893403,0.00012473809,-1.6042346,1.6748626,2.6959398e-05,0.23533261,2.7946448,3.7998786,-0.2353796,0.15167871,0.16493899,0.097627856,0.055923562,inf,inf,inf,inf,inf,1,1,1,1,4,2,4,1,1,1,1,1,0,2,0,0,4.693677075055199,1
1576240000,1576236000,5764000,47.3979711740181,8.54616359846853,12.872913,14.622741,-2.7663407,0.0,0.0,-0.2353796,-4.685265,0.41670686,0.15257886,0.15029523,-0.00081951654,-0.00039308443,4.1656196e-05,-1.6734402,-1.4113785,-0.2099974,0.0450089,0.00012476918,-1.606137,1.6748626,2.7005945e-05,0.23533261,2.793103,3.8018792,-0.2353796,0.1521062,0.16520171,0.09801122,0.056018904,inf,inf,inf,inf,inf,1,1,1,1,4,2,4,1,1,1,1,1,0,2,0,0,4.706233423441188,1
1576248000,1576244000,5764000,47.3979711740181,8.54616359846853,12.834677,14.624306,-2.7649841,0.0,0.0,-0.2353796,-4.698723,0.4045784,0.15107536,0.14884488,-0.00081951654,-0.00039308443,4.1656196e-05,-1.6334084,-1.3791574,-0.20782183,0.04312648,0.00012480047,-1.608037,1.6748626,2.7052527e-05,0.23533261,2.7915735,3.8038826,-0.2353796,0.15253717,0.16546525,0.09839274,0.056113813,inf,inf,inf,inf,inf,1,1,1,1,4,2,4,1,1,1,1,1,0,2,0,0,4.718527871791656,1
1576256000,1576252000,5764000,47.3979711740181,8.54616359846853,12.796439,14.625805,-2.7636771,0.0,0.0,-0.2353796,-4.7117934,0.39267784,0.14951104,0.14729375,-0.00081951654,-0.00039308443,4.1656196e-05,-1.60161,-1.3540542,-0.21083605,0.04125259,0.00012318754,-1.609928,1.6748626,2.6958562e-05,0.23533261,2.7911837,3.805511,-0.2353796,0.15119779,0.16458656,0.09701655,0.055832166,inf,inf,inf,inf,inf,1,1,1,1,4,2,4,1,1,1,1,1,0,2,0,0,4.730491145895161,1
1576264000,1576260000,5764000,47.3979711740181,8.54616359846853,12.758114,14.627257,-2.762382,0.0,0.0,-0.2353796,-4.7246137,0.38104922,0.14799805,0.14579456,-0.00081951654,-0.00039308443,4.1656196e-05,-1.5710733,-1.324013,-0.20411004,0.03938563,0.00012321884,-1.6118189,1.6748626,2.7005146e-05,0.23533261,2.789688,3.8075175,-0.2353796,0.15162164,0.16484839,0.09739047,0.05592637,inf,inf,inf,inf,inf,1,1,1,1,4,2,4,1,1,1,1,1,0,2,0,0,4.74226491721984,1
1576272000,1576268000,5764000,47.3979711740181,8.54616359846853,12.719703,14.628664,-2.7610993,0.0,0.0,-0.2353796,-4.737064,0.36972067,0.1464594,0.14427027,-0.00081951654,-0.00039308443,4.1656196e-05,-1.5254886,-1.2903478,-0.20701204,0.03752005,0.0001232503,-1.613708,1.6748626,2.7051763e-05,0.23533261,2.7882056,3.809527,-0.2353796,0.15204895,0.16511104,0.09776263,0.056020178,inf,inf,inf,inf,inf,1,1,1,1,4,2,4,1,1,1,1,1,0,2,0,0,4.753726861081693,1
1576280000,1576276000,5764000,47.3979711740181,8.54616359846853,12.681208,14.630027,-2.7598295,0.0,0.0,-0.2353796,-4.7493176,0.35862988,0.14491217,0.14273794,-0.00081951654,-0.00039308443,4.1656196e-05,-1.5014843,-1.2643683,-0.20778224,0.03566273,0.00012328185,-1.6155885,1.6748626,2.7098407e-05,0.23533261,2.7867362,3.811539,-0.2353796,0.15247972,0.16537452,0.09813263,0.056113522,inf,inf,inf,inf,inf,1,1,1,1,4,2,4,1,1,1,1,1,0,2,0,0,4.765042769326702,1
1576288000,1576284000,5764000,47.3979711740181,8.54616359846853,12.642632,14.631346,-2.758572,0.0,0.0,-0.2353796,-4.7612534,0.34780928,0.14340107,0.14124227,-0.00081951654,-0.00039308443,4.1656196e-05,-1.462366,-1.2342424,-0.20296311,0.033811193,0.00012331356,-1.617463,1.6748626,2.7145084e-05,0.23533261,2.7852802,3.8135536,-0.2353796,0.15291397,0.16563883,0.098500945,0.05620647,inf,inf,inf,inf,inf,1,1,1,1,4,2,4,1,1,1,1,1,0,2,0,0,4.776093497948174,1
1576296000,1576292000,5764000,47.3979711740181,8.54616359846853,12.604092,14.632624,-2.7573404,0.0,0.0,-0.2353796,-4.772827,0.3372115,0.14185019,0.1396911,-0.00081951654,-0.00039308443,4.1656196e-05,-1.4359924,-1.2115039,-0.20397034,0.03197683,0.000121742734,-1.6193199,1.6748626,2.7050039e-05,0.23533261,2.784256,3.815251,-0.2353796,0.15155783,0.16493766,0.09710549,0.055941597,inf,inf,inf,inf,inf,1,1,1,1,4,2,4,1,1,1,1,1,0,2,0,0,4.786826782333396,1
1576304000,1576300000,5764000,47.3979711740181,8.54616359846853,12.565473,14.633861,-2.7561316,0.0,0.0,-0.2353796,-4.7841916,0.3268426,0.14032216,0.13815401,-0.00081951654,-0.00039308443,4.1656196e-05,-1.4099956,-1.1863093,-0.200673,0.03015542,0.00012177449,-1.6211709,1.6748626,2.7096685e-05,0.23533261,2.7831328,3.8172085,-0.2353796,0.1519848,0.16501832,0.09746701,0.056012567,inf,inf,inf,inf,inf,1,1,1,1,4,2,4,1,1,1,1,1,0,2,0,0,4.797395716351986,1
1576312000,1576308000,5764000,47.3979711740181,8.54616359846853,12.526775,14.635057,-2.7549343,0.0,0.0,-0.2353796,-4.795302,0.31671306,0.13883463,0.1366587,-0.00081951654,-0.00039308443,4.1656196e-05,-1.378378,-1.1597222,-0.19541894,0.028342737,0.00012180634,-1.6230129,1.6748626,2.7143375e-05,0.23533261,2.7817256,3.8192286,-0.2353796,0.15241522,0.16528171,0.09782636,0.0561044,inf,inf,inf,inf,inf,1,1,1,1,4,2,4,1,1,1,1,1,0,2,0,0,4.807754516202528,1
1576320000,1576316000,5764000,47.3979711740181,8.54616359846853,12.488003,14.636215,-2.7537494,0.0,0.0,-0.2353796,-4.8061776,0.30683884,0.13738519,0.1352027,-0.00081951654,-0.00039308443,4.1656196e-05,-1.3491547,-1.1310542,-0.1904643,0.026540784,0.000121838326,-1.6248438,1.6748626,2.7190097e-05,0.23533261,2.7803323,3.8212514,-0.2353796,0.1528491,0.16554593,0.098184,0.05619583,inf,inf,inf,inf,inf,1,1,1,1,4,2,4,1,1,1,1,1,0,2,0,0,4.817921531833581,1
1576328000,1576324000,5764000,47.3979711740181,8.54616359846853,12.449286,14.637355,-2.7525887,0.0,0.0,-0.2353796,-4.8166227,0.29717276,0.13587867,0.13367474,-0.00081951654,-0.00039308443,4.1656196e-05,-1.315576,-1.1114458,-0.19346735,0.024752991,0.00012032996,-1.6266603,1.6748626,2.7096079e-05,0.23533261,2.7793596,3.8229573,-0.2353796,0.15149547,0.16484615,0.09679602,0.05592986,inf,inf,inf,inf,inf,1,1,1,1,4,2,4,1,1,1,1,1,0,2,0,0,4.8276939522304305,1
1576336000,1576332000,5764000,47.3979711740181,8.54616359846853,12.410497,14.638456,-2.751441,0.0,0.0,-0.2353796,-4.826899,0.287792,0.13437712,0.1321534,-0.00081951654,-0.00039308443,4.1656196e-05,-1.2941647,-1.0787718,-0.1927549,0.0229901,0.00012036199,-1.6284593,1.6748626,2.7142785e-05,0.23533261,2.7780023,3.8249826,-0.2353796,0.15192209,0.16510892,0.09714754,0.05602067,inf,inf,inf,inf,inf,1,1,1,1,4,2,4,1,1,1,1,1,0,2,0,0,4.837337635708768,1
1576344000,1576340000,5764000,47.3979711740181,8.54616359846853,12.371635,14.639523,-2.7503047,0.0,0.0,-0.2353796,-4.8369045,0.2786306,0.13288602,0.1306441,-0.00081951654,-0.00039308443,4.1656196e-05,-1.2599367,-1.0542661,-0.1913607,0.021246735,0.00012039414,-1.6302384,1.6748626,2.7189522e-05,0.23533261,2.7766593,3.8270104,-0.2353796,0.15235214,0.16537252,0.09749719,0.056111053,inf,inf,inf,inf,inf,1,1,1,1,4,2,4,1,1,1,1,1,0,2,0,0,4.846745180808256,1
1576352000,1576348000,5764000,47.3979711740181,8.54616359846853,12.332704,14.6405525,-2.7491727,0.0,0.0,-0.2353796,-4.846675,0.26971593,0.13149482,0.12924464,-0.00081951654,-0.00039308443,4.1656196e-05,-1.2301743,-1.0262716,-0.17899135,0.01952131,0.00012042639,-1.6319993,1.6748626,2.7236252e-05,0.23533261,2.7750719,3.8289797,-0.2353796,0.15278558,0.1654533,0.09784508,0.056179423,inf,inf,inf,inf,inf,1,1,1,1,4,2,4,1,1,1,1,1,0,2,0,0,4.855954708006203,1
1576360000,1576356000,5764000,47.3979711740181,8.54616359846853,12.293846,14.641591,-2.748083,0.0,0.0,-0.2353796,-4.856118,0.26105392,0.13004233,0.12774976,-0.00081951654,-0.00039308443,4.1656196e-05,-1.210143,-1.0027586,-0.18144025,0.017811121,0.00011898197,-1.6337445,1.6748626,2.7143195e-05,0.23533261,2.774737,3.830694,-0.2353796,0.15143448,0.16475491,0.09646632,0.055912536,inf,inf,inf,inf,inf,1,1,1,1,4,2,4,1,1,1,1,1,0,2,0,0,4.864868157171703,1
1576368000,1576364000,5764000,47.3979711740181,8.54616359846853,12.25492,14.642595,-2.7470055,0.0,0.0,-0.2353796,-4.86534,0.25260964,0.12866154,0.1263289,-0.00081951654,-0.00039308443,4.1656196e-05,-1.1815858,-0.97809774,-0.17251445,0.016138775,0.00011901423,-1.6354591,1.6748626,2.7189926e-05,0.23533261,2.7734466,3.8327265,-0.2353796,0.15186074,0.16501759,0.096808486,0.056001943,inf,inf,inf,inf,inf,1,1,1,1,4,2,4,1,1,1,1,1,0,2,0,0,4.873591974888347,1
1576376000,1576372000,5764000,47.3979711740181,8.54616359846853,12.215927,14.643568,-2.7459383,0.0,0.0,-0.2353796,-4.8743467,0.24434565,0.12731788,0.12494739,-0.00081951654,-0.00039308443,4.1656196e-05,-1.1538444,-0.9580552,-0.16791,0.014483835,0.00011904666,-1.6371559,1.6748626,2.7236692e-05,0.23533261,2.7721705,3.8347614,-0.2353796,0.15229039,0.16528109,0.0971489,0.056090932,inf,inf,inf,inf,inf,1,1,1,1,4,2,4,1,1,1,1,1,0,2,0,0,4.882127650015156,1
1576384000,1576380000,5764000,47.3979711740181,8.54616359846853,12.176869,14.644508,-2.744882,0.0,0.0,-0.2353796,-4.8831415,0.23626055,0.12602809,0.123621926,-0.00081951654,-0.00039308443,4.1656196e-05,-1.1265088,-0.9381185,-0.1612082,0.012839324,0.00011907916,-1.6388419,1.6748626,2.7283477e-05,0.23533261,2.7709084,3.8367987,-0.2353796,0.15272343,0.16554542,0.097487845,0.05617955,inf,inf,inf,inf,inf,1,1,1,1,4,2,4,1,1,1,1,1,0,2,0,0,4.890477792197568,1
1576392000,1576388000,5764000,47.3979711740181,8.54616359846853,12.137893,14.645471,-2.7438765,0.0,0.0,-0.2353796,-4.891581,0.22842202,0.1247045,0.12222001,-0.00081951654,-0.00039308443,4.1656196e-05,-1.1023974,-0.9164607,-0.159821,0.011227397,0.000117699456,-1.640495,1.6748626,2.7191316e-05,0.23533261,2.770923,3.8385189,-0.2353796,0.15137485,0.16484551,0.09611948,0.055911295,inf,inf,inf,inf,inf,1,1,1,1,4,2,4,1,1,1,1,1,0,2,0,0,4.898499005930504,1
1576400000,1576396000,5764000,47.3979711740181,8.54616359846853,12.098853,14.646402,-2.7428808,0.0,0.0,-0.2353796,-4.8999047,0.2207537,0.123404965,0.12084569,-0.00081951654,-0.00039308443,4.1656196e-05,-1.0866208,-0.8973105,-0.15699351,0.009647456,0.00011773201,-1.6421225,1.6748626,2.7238077e-05,0.23533261,2.7696989,3.8405583,-0.2353796,0.15180072,0.16510838,0.096452795,0.055999346,inf,inf,inf,inf,inf,1,1,1,1,4,2,4,1,1,1,1,1,0,2,0,0,4.906427116602511,1
1576408000,1576404000,5764000,47.3979711740181,8.54616359846853,12.05975,14.647304,-2.7418976,0.0,0.0,-0.2353796,-4.9079404,0.21325476,0.12214575,0.119512476,-0.00081951654,-0.00039308443,4.1656196e-05,-1.0492839,-0.87820387,-0.15205982,0.008086016,0.00011776467,-1.6437312,1.6748626,2.7284827e-05,0.23533261,2.7685695,3.8425395,-0.2353796,0.15222995,0.16518931,0.09678501,0.056065585,inf,inf,inf,inf,inf,1,1,1,1,4,2,4,1,1,1,1,1,0,2,0,0,4.9140895542163125,1
1576416000,1576412000,5764000,47.3979711740181,8.54616359846853,12.020586,14.648175,-2.7409234,0.0,0.0,-0.2353796,-4.915852,0.20595473,0.120952845,0.118249,-0.00081951654,-0.00039308443,4.1656196e-05,-1.0326154,-0.8553512,-0.14394055,0.0065532457,0.000117797455,-1.6453108,1.6748626,2.7331644e-05,0.23533261,2.7673724,3.8445833,-0.2353796,0.15266255,0.16545354,0.09711592,0.056152973,inf,inf,inf,inf,inf,1,1,1,1,4,2,4,1,1,1,1,1,0,2,0,0,4.92165092498716,1
1576424000,1576420000,5764000,47.3979711740181,8.54616359846853,11.981502,14.649087,-2.7400055,0.0,0.0,-0.2353796,-4.9233875,0.19893497,0.11967449,0.11685154,-0.00081951654,-0.00039308443,4.1656196e-05,-1.0050206,-0.83091223,-0.14861207,0.0050494336,0.00011648258,-1.6468607,1.6748626,2.7240329e-05,0.23533261,2.7676606,3.8463104,-0.2353796,0.1513165,0.164755,0.09575924,0.055884138,inf,inf,inf,inf,inf,1,1,1,1,4,2,4,1,1,1,1,1,0,2,0,0,4.928858040256578,1
1576432000,1576428000,5764000,47.3979711740181,8.54616359846853,11.94239,14.649932,-2.739108,0.0,0.0,-0.2353796,-4.9306455,0.1919788,0.118348025,0.11539689,-0.00081951654,-0.00039308443,4.1656196e-05,-0.98565716,-0.81329995,-0.15172781,0.0035754251,0.00011644133,-1.6483868,1.6748626,2.7280541e-05,0.23533261,2.7668643,3.8483558,-0.2353796,0.15174095,0.16501774,0.096068844,0.055970374,inf,inf,inf,inf,inf,1,1,1,1,4,2,4,1,1,1,1,1,0,2,0,0,4.935800559315691,1
1576440000,1576436000,5764000,47.3979711740181,8.54616359846853,11.903222,14.650748,-2.7382197,0.0,0.0,-0.2353796,-4.937774,0.18518141,0.117115535,0.114041515,-0.00081951654,-0.00039308443,4.1656196e-05,-0.9673989,-0.7953931,-0.14037637,0.0021496313,0.00011647425,-1.6498827,1.6748626,2.7327338e-05,0.23533261,2.7657256,3.850403,-0.2353796,0.1521697,0.16528133,0.09639302,0.0560568,inf,inf,inf,inf,inf,1,1,1,1,4,2,4,1,1,1,1,1,0,2,0,0,4.9426329297474565,1
1576448000,1576444000,5764000,47.3979711740181,8.54616359846853,11.863997,14.651538,-2.7373395,0.0,0.0,-0.2353796,-4.9447722,0.17852344,0.11590641,0.112714656,-0.00081951654,-0.00039308443,4.1656196e-05,-0.9491168,-0.7798559,-0.13784225,0.00075949985,0.000116507275,-1.6513423,1.6748626,2.737416e-05,0.23533261,2.7645998,3.8524523,-0.2353796,0.15260178,0.16554573,0.09671634,0.05614292,inf,inf,inf,inf,inf,1,1,1,1,4,2,4,1,1,1,1,1,0,2,0,0,4.949351172062997,1
1576456000,1576452000,5764000,47.3979711740181,8.54616359846853,11.824857,14.652395,-2.7365074,0.0,0.0,-0.2353796,-4.951407,0.17212494,0.114722855,0.11137395,-0.00081951654,-0.00039308443,4.1656196e-05,-0.92106956,-0.76164925,-0.12929784,-0.00060552254,0.000115259514,-1.6527761,1.6748626,2.7283755e-05,0.23533261,2.7647374,3.8541243,-0.2353796,0.15125842,0.16466469,0.09537386,0.055852044,inf,inf,inf,inf,inf,1,1,1,1,4,2,4,1,1,1,1,1,0,2,0,0,4.955725941582964,1
1576464000,1576460000,5764000,47.3979711740181,8.54616359846853,11.785662,14.653227,-2.7356825,0.0,0.0,-0.2353796,-4.957893,0.1658817,0.11352545,0.11002578,-0.00081951654,-0.00039308443,4.1656196e-05,-0.90010774,-0.7437036,-0.1315493,-0.0019283292,0.00011529256,-1.6541718,1.6748626,2.7330541e-05,0.23533261,2.7636487,3.856175,-0.2353796,0.15168343,0.16492735,0.09569263,0.05593775,inf,inf,inf,inf,inf,1,1,1,1,4,2,4,1,1,1,1,1,0,2,0,0,4.961966118953413,1
1576472000,1576468000,5764000,47.3979711740181,8.54616359846853,11.746413,14.654031,-2.7348652,0.0,0.0,-0.2353796,-4.9642425,0.15977252,0.11236283,0.108718574,-0.00081951654,-0.00039308443,4.1656196e-05,-0.8807281,-0.728374,-0.12770434,-0.0032230555,0.00011532574,-1.6555387,1.6748626,2.737736e-05,0.23533261,2.7625725,3.8582277,-0.2353796,0.15211175,0.16519083,0.096010216,0.0560231,inf,inf,inf,inf,inf,1,1,1,1,4,2,4,1,1,1,1,1,0,2,0,0,4.968083761624698,1
1576480000,1576476000,5764000,47.3979711740181,8.54616359846853,11.707112,14.65481,-2.734055,0.0,0.0,-0.2353796,-4.9705095,0.15384535,0.11123766,0.107454844,-0.00081951654,-0.00039308443,4.1656196e-05,-0.8681243,-0.70701337,-0.123513386,-0.0044993316,0.00011535902,-1.6568863,1.6748626,2.7424205e-05,0.23533261,2.7615087,3.8602824,-0.2353796,0.15254335,0.16545513,0.096326955,0.056108125,inf,inf,inf,inf,inf,1,1,1,1,4,2,4,1,1,1,1,1,0,2,0,0,4.974133783716432,1
1576488000,1576484000,5764000,47.3979711740181,8.54616359846853,11.667899,14.655674,-2.7332888,0.0,0.0,-0.2353796,-4.97647,0.148178,0.11003625,0.106079675,-0.00081951654,-0.00039308443,4.1656196e-05,-0.8465867,-0.690192,-0.12804148,-0.0057396847,0.000114174676,-1.6581974,1.6748626,2.7334541e-05,0.23533261,2.761608,3.8620205,-0.2353796,0.15120254,0.16475645,0.09499828,0.05583824,inf,inf,inf,inf,inf,1,1,1,1,4,2,4,1,1,1,1,1,0,2,0,0,4.979891400110856,1
1576496000,1576492000,5764000,47.3979711740181,8.54616359846853,11.6286335,14.656513,-2.7325296,0.0,0.0,-0.2353796,-4.9823217,0.14267243,0.10891591,0.10479265,-0.00081951654,-0.00039308443,4.1656196e-05,-0.83035165,-0.67090845,-0.118521966,-0.006945241,0.00011420798,-1.6594768,1.6748626,2.7381346e-05,0.23533261,2.7605798,3.8640769,-0.2353796,0.15162714,0.1650193,0.09531068,0.05592282,inf,inf,inf,inf,inf,1,1,1,1,4,2,4,1,1,1,1,1,0,2,0,0,4.985553893001671,1
1576504000,1576500000,5764000,47.3979711740181,8.54616359846853,11.589347,14.657291,-2.7318053,0.0,0.0,-0.2353796,-4.9879503,0.13716054,0.10777985,0.10346589,-0.00081951654,-0.00039308443,4.1656196e-05,-0.81455564,-0.66277415,-0.11796085,-0.008123696,0.00011417139,-1.6607281,1.6748626,2.7421931e-05,0.23533261,2.7604537,3.8660746,-0.2353796,0.15205392,0.16510044,0.09560692,0.055985045,inf,inf,inf,inf,inf,1,1,1,1,4,2,4,1,1,1,1,1,0,2,0,0,4.990999669912752,1
1576512000,1576508000,5764000,47.3979711740181,8.54616359846853,11.550011,14.658046,-2.7310872,0.0,0.0,-0.2353796,-4.9934278,0.13177113,0.106700875,0.10220394,-0.00081951654,-0.00039308443,4.1656196e-05,-0.79277486,-0.6486191,-0.11149048,-0.009242904,0.00011420489,-1.6619354,1.6748626,2.746878e-05,0.23533261,2.7594554,3.8681338,-0.2353796,0.15248497,0.16536464,0.09591734,0.056069013,inf,inf,inf,inf,inf,1,1,1,1,4,2,4,1,1,1,1,1,0,2,0,0,4.996305625283554,1
1576520000,1576516000,5764000,47.3979711740181,8.54616359846853,11.510759,14.6589,-2.7304034,0.0,0.0,-0.2353796,-4.9986434,0.1266542,0.105647944,0.10094238,-0.00081951654,-0.00039308443,4.1656196e-05,-0.7760311,-0.63173294,-0.103740014,-0.010335398,0.00011308513,-1.6631153,1.6748626,2.7379887e-05,0.23533261,2.7593815,3.8698769,-0.2353796,0.15114687,0.16466734,0.09460346,0.055799108,inf,inf,inf,inf,inf,1,1,1,1,4,2,4,1,1,1,1,1,0,2,0,0,5.00136367552017,1
1576528000,1576524000,5764000,47.3979711740181,8.54616359846853,11.471461,14.65973,-2.729725,0.0,0.0,-0.2353796,-5.0037527,0.12164852,0.1046443,0.09973853,-0.00081951654,-0.00039308443,4.1656196e-05,-0.75955534,-0.6184945,-0.098348126,-0.011376219,0.00011311866,-1.6642458,1.6748626,2.7426695e-05,0.23533261,2.758416,3.8719373,-0.2353796,0.15157096,0.16493008,0.09490992,0.0558827,inf,inf,inf,inf,inf,1,1,1,1,4,2,4,1,1,1,1,1,0,2,0,0,5.006324986923838,1
1576536000,1576532000,5764000,47.3979711740181,8.54616359846853,11.432115,14.660536,-2.729051,0.0,0.0,-0.2353796,-5.008758,0.11676396,0.1036229,0.0985251,-0.00081951654,-0.00039308443,4.1656196e-05,-0.74345106,-0.6040126,-0.10131718,-0.012392766,0.00011315232,-1.6653512,1.6748626,2.7473538e-05,0.23533261,2.757461,3.8739996,-0.2353796,0.15199828,0.16519362,0.095215574,0.05596599,inf,inf,inf,inf,inf,1,1,1,1,4,2,4,1,1,1,1,1,0,2,0,0,5.011190300749244,1
1576544000,1576540000,5764000,47.3979711740181,8.54616359846853,11.392723,14.661319,-2.7283826,0.0,0.0,-0.2353796,-5.0136495,0.11207377,0.1026184,0.09733654,-0.00081951654,-0.00039308443,4.1656196e-05,-0.72616935,-0.5803558,-0.099932306,-0.0133864265,0.00011318606,-1.6664325,1.6748626,2.7520407e-05,0.23533261,2.7565165,3.8760638,-0.2353796,0.1524288,0.16545798,0.09552054,0.05604899,inf,inf,inf,inf,inf,1,1,1,1,4,2,4,1,1,1,1,1,0,2,0,0,5.015951791513832,1
1576552000,1576548000,5764000,47.3979711740181,8.54616359846853,11.353286,14.662078,-2.7277179,0.0,0.0,-0.2353796,-5.018465,0.107436344,0.10161423,0.09615673,-0.00081951654,-0.00039308443,4.1656196e-05,-0.71374136,-0.57437617,-0.10061636,-0.014337231,0.00011321991,-1.66747,1.6748626,2.7567268e-05,0.23533261,2.7555616,3.8780687,-0.2353796,0.15286255,0.16553923,0.09582499,0.05610995,inf,inf,inf,inf,inf,1,1,1,1,4,2,4,1,1,1,1,1,0,2,0,0,5.02064328308391,1
1576560000,1576556000,5764000,47.3979711740181,8.54616359846853,11.313957,14.662945,-2.7270865,0.0,0.0,-0.2353796,-5.0229816,0.10303721,0.10066695,0.09500946,-0.00081951654,-0.00039308443,4.1656196e-05,-0.6945297,-0.5616261,-0.089073546,-0.015252775,0.0001121569,-1.668471,1.6748626,2.7477028e-05,0.23533261,2.7555091,3.8798163,-0.2353796,0.15150897,0.16483873,0.09450893,0.05583785,inf,inf,inf,inf,inf,1,1,1,1,4,2,4,1,1,1,1,1,0,2,0,0,5.02504673166384,1
1576568000,1576564000,5764000,47.3979711740181,8.54616359846853,11.274585,14.663787,-2.726459,0.0,0.0,-0.2353796,-5.0274363,0.098734826,0.099714324,0.09386521,-0.00081951654,-0.00039308443,4.1656196e-05,-0.683439,-0.54969114,-0.090552025,-0.016136713,0.00011219074,-1.6694435,1.6748626,2.752387e-05,0.23533261,2.7546046,3.8818827,-0.2353796,0.15193567,0.16510214,0.094809785,0.055920288,inf,inf,inf,inf,inf,1,1,1,1,4,2,4,1,1,1,1,1,0,2,0,0,5.029394323657046,1
1576576000,1576572000,5764000,47.3979711740181,8.54616359846853,11.235194,14.664576,-2.7258444,0.0,0.0,-0.2353796,-5.0316706,0.09450301,0.098752454,0.0927094,-0.00081951654,-0.00039308443,4.1656196e-05,-0.6652746,-0.53248197,-0.09029451,-0.016984938,0.000112158385,-1.6703792,1.6748626,2.7564738e-05,0.23533261,2.753982,3.883951,-0.2353796,0.15236448,0.16536632,0.09509621,0.056001913,inf,inf,inf,inf,inf,1,1,1,1,4,2,4,1,1,1,1,1,0,2,0,0,5.033526784767758,1
1576584000,1576580000,5764000,47.3979711740181,8.54616359846853,11.195761,14.665341,-2.7252345,0.0,0.0,-0.2353796,-5.0358663,0.09037978,0.09782594,0.091597185,-0.00081951654,-0.00039308443,4.1656196e-05,-0.6569819,-0.51928145,-0.08670426,-0.017787023,0.00011219245,-1.6712817,1.6748626,2.7611644e-05,0.23533261,2.753101,3.88602,-0.2353796,0.15279752,0.16563135,0.09539591,0.05608377,inf,inf,inf,inf,inf,1,1,1,1,4,2,4,1,1,1,1,1,0,2,0,0,5.037627200443223,1
1576592000,1576588000,5764000,47.3979711740181,8.54616359846853,11.1564455,14.66621,-2.7246532,0.0,0.0,-0.2353796,-5.0397353,0.08650619,0.096921876,0.09048668,-0.00081951654,-0.00039308443,4.1656196e-05,-0.6344884,-0.50420755,-0.079608984,-0.018547703,0.0001111916,-1.6721414,1.6748626,2.7522156e-05,0.23533261,2.7530055,3.8877707,-0.2353796,0.15144722,0.16492936,0.09409702,0.05581146,inf,inf,inf,inf,inf,1,1,1,1,4,2,4,1,1,1,1,1,0,2,0,0,5.041409432393065,1
1576600000,1576596000,5764000,47.3979711740181,8.54616359846853,11.117086,14.667056,-2.7240753,0.0,0.0,-0.2353796,-5.0435805,0.082744196,0.09602458,0.08939169,-0.00081951654,-0.00039308443,4.1656196e-05,-0.62762034,-0.49020836,-0.079686284,-0.019275423,0.00011122568,-1.6729714,1.6748626,2.7569024e-05,0.23533261,2.7521532,3.8898406,-0.2353796,0.15187326,0.16519292,0.09439384,0.05589311,inf,inf,inf,inf,inf,1,1,1,1,4,2,4,1,1,1,1,1,0,2,0,0,5.045173097319468,1
1576608000,1576604000,5764000,47.3979711740181,8.54616359846853,11.077686,14.667881,-2.723503,0.0,0.0,-0.2353796,-5.0473957,0.0790215,0.09519794,0.08837382,-0.00081951654,-0.00039308443,4.1656196e-05,-0.62003577,-0.48525035,-0.07170578,-0.019968063,0.00011125989,-1.6737645,1.6748626,2.7615893e-05,0.23533261,2.7513714,3.8918517,-0.2353796,0.15230243,0.16527423,0.094689906,0.055952817,inf,inf,inf,inf,inf,1,1,1,1,4,2,4,1,1,1,1,1,0,2,0,0,5.0489118033117775,1
1576616000,1576612000,5764000,47.3979711740181,8.54616359846853,11.038243,14.668684,-2.7229338,0.0,0.0,-0.2353796,-5.0510955,0.07537738,0.09442496,0.08741796,-0.00081951654,-0.00039308443,4.1656196e-05,-0.60196,-0.4753762,-0.06587477,-0.020631002,0.00011129416,-1.6745261,1.6748626,2.7662818e-05,0.23533261,2.7505362,3.8939245,-0.2353796,0.15273477,0.16553913,0.094985634,0.05603394,inf,inf,inf,inf,inf,1,1,1,1,4,2,4,1,1,1,1,1,0,2,0,0,5.052540308855231,1
1576624000,1576620000,5764000,47.3979711740181,8.54616359846853,10.998914,14.669604,-2.722385,0.0,0.0,-0.2353796,-5.054534,0.0719119,0.093627885,0.08642509,-0.00081951654,-0.00039308443,4.1656196e-05,-0.58609253,-0.47069332,-0.065003514,-0.021256924,0.00011035118,-1.6752487,1.6748626,2.7573893e-05,0.23533261,2.750252,3.8956795,-0.2353796,0.15138763,0.16483855,0.09370332,0.055762187,inf,inf,inf,inf,inf,1,1,1,1,4,2,4,1,1,1,1,1,0,2,0,0,5.05591252489273,1
1576632000,1576628000,5764000,47.3979711740181,8.54616359846853,10.959542,14.670502,-2.7218385,0.0,0.0,-0.2353796,-5.0579734,0.068566225,0.09289549,0.08550546,-0.00081951654,-0.00039308443,4.1656196e-05,-0.58219296,-0.45520857,-0.05787797,-0.021847572,0.00011038547,-1.6759381,1.6748626,2.7620781e-05,0.23533261,2.749443,3.8977528,-0.2353796,0.15181302,0.16510198,0.09399644,0.055843115,inf,inf,inf,inf,inf,1,1,1,1,4,2,4,1,1,1,1,1,0,2,0,0,5.0592910387109225,1
1576640000,1576636000,5764000,47.3979711740181,8.54616359846853,10.920131,14.671378,-2.7212944,0.0,0.0,-0.2353796,-5.061259,0.06529492,0.09214217,0.08457323,-0.00081951654,-0.00039308443,4.1656196e-05,-0.55899435,-0.44542053,-0.061430965,-0.02240876,0.000110419845,-1.6765962,1.6748626,2.7667696e-05,0.23533261,2.7486422,3.8998277,-0.2353796,0.15224154,0.1653662,0.09428925,0.05592379,inf,inf,inf,inf,inf,1,1,1,1,4,2,4,1,1,1,1,1,0,2,0,0,5.062518767486311,1
1576648000,1576644000,5764000,47.3979711740181,8.54616359846853,10.880704,14.672203,-2.7207603,0.0,0.0,-0.2353796,-5.0644145,0.062095206,0.09140298,0.083654165,-0.00081951654,-0.00039308443,4.1656196e-05,-0.5500831,-0.42847443,-0.05873525,-0.022936938,0.00011039146,-1.6772195,1.6748626,2.7708758e-05,0.23533261,2.748088,3.901904,-0.2353796,0.1526721,0.16563119,0.09456895,0.05600377,inf,inf,inf,inf,inf,1,1,1,1,4,2,4,1,1,1,1,1,0,2,0,0,5.065619858138914,1
1576656000,1576652000,5764000,47.3979711740181,8.54616359846853,10.841374,14.673175,-2.720224,0.0,0.0,-0.2353796,-5.067427,0.059051864,0.090696655,0.08277783,-0.00081951654,-0.00039308443,4.1656196e-05,-0.546046,-0.42972526,-0.05141878,-0.023415903,0.00010950589,-1.6778044,1.6748626,2.7620401e-05,0.23533261,2.7471535,3.9036014,-0.2353796,0.15132818,0.16474782,0.09330382,0.055710744,inf,inf,inf,inf,inf,1,1,1,1,4,2,4,1,1,1,1,1,0,2,0,0,5.068582583543359,1
1576664000,1576660000,5764000,47.3979711740181,8.54616359846853,10.802005,14.674125,-2.7196903,0.0,0.0,-0.2353796,-5.0703416,0.056083415,0.08998371,0.081902705,-0.00081951654,-0.00039308443,4.1656196e-05,-0.52937526,-0.41954973,-0.05327258,-0.023871806,0.0001095404,-1.6783664,1.6748626,2.7667305e-05,0.23533261,2.7463877,3.9056778,-0.2353796,0.1517529,0.16501108,0.09359392,0.05579106,inf,inf,inf,inf,inf,1,1,1,1,4,2,4,1,1,1,1,1,0,2,0,0,5.0714501238002905,1
1576672000,1576668000,5764000,47.3979711740181,8.54616359846853,10.762597,14.675052,-2.7191586,0.0,0.0,-0.2353796,-5.0732803,0.053213444,0.08932021,0.08108464,-0.00081951654,-0.00039308443,4.1656196e-05,-0.52817416,-0.4064499,-0.048090234,-0.024286587,0.00010957499,-1.6788851,1.6748626,2.7714243e-05,0.23533261,2.7456288,3.9077556,-0.2353796,0.15218072,0.16527514,0.09388362,0.055871136,inf,inf,inf,inf,inf,1,1,1,1,4,2,4,1,1,1,1,1,0,2,0,0,5.0743455511922795,1
1576680000,1576676000,5764000,47.3979711740181,8.54616359846853,10.723149,14.675959,-2.7186298,0.0,0.0,-0.2353796,-5.0761304,0.050417632,0.088669494,0.08028674,-0.00081951654,-0.00039308443,4.1656196e-05,-0.51293635,-0.3964017,-0.04746811,-0.024675785,0.000109609624,-1.6793758,1.6748626,2.7761205e-05,0.23533261,2.7448766,3.9098346,-0.2353796,0.15261161,0.16554002,0.09417309,0.055950996,inf,inf,inf,inf,inf,1,1,1,1,4,2,4,1,1,1,1,1,0,2,0,0,5.0771551142925375,1
1576688000,1576684000,5764000,47.3979711740181,8.54616359846853,10.683819,14.677002,-2.7181163,0.0,0.0,-0.2353796,-5.078819,0.04787595,0.08804727,0.079507746,-0.00081951654,-0.00039308443,4.1656196e-05,-0.509758,-0.38343304,-0.040147915,-0.025033113,0.00010877729,-1.6798323,1.6748626,2.7673308e-05,0.23533261,2.7445421,3.9115953,-0.2353796,0.1512708,0.16483937,0.09292421,0.05568005,inf,inf,inf,inf,inf,1,1,1,1,4,2,4,1,1,1,1,1,0,2,0,0,5.079807758479041,1
1576696000,1576692000,5764000,47.3979711740181,8.54616359846853,10.644449,14.678023,-2.7176046,0.0,0.0,-0.2353796,-5.0813704,0.04539077,0.08740343,0.078714654,-0.00081951654,-0.00039308443,4.1656196e-05,-0.48817608,-0.37512392,-0.043903008,-0.025347967,0.00010881199,-1.6802481,1.6748626,2.7720243e-05,0.23533261,2.7438123,3.9136746,-0.2353796,0.15169488,0.16510278,0.09321144,0.055759735,inf,inf,inf,inf,inf,1,1,1,1,4,2,4,1,1,1,1,1,0,2,0,0,5.08232474597729,1
1576704000,1576700000,5764000,47.3979711740181,8.54616359846853,10.6050415,14.679024,-2.7170897,0.0,0.0,-0.2353796,-5.0839624,0.04297359,0.08674319,0.07791851,-0.00081951654,-0.00039308443,4.1656196e-05,-0.48878604,-0.36541128,-0.047127713,-0.025635833,0.000108846776,-1.6806346,1.6748626,2.7767173e-05,0.23533261,2.7429044,3.9156947,-0.2353796,0.152122,0.16518423,0.09349879,0.055817608,inf,inf,inf,inf,inf,1,1,1,1,4,2,4,1,1,1,1,1,0,2,0,0,5.0848839509926504,1
1576712000,1576708000,5764000,47.3979711740181,8.54616359846853,10.565618,14.6799755,-2.7165837,0.0,0.0,-0.2353796,-5.0864673,0.040523503,0.08614418,0.077182636,-0.00081951654,-0.00039308443,4.1656196e-05,-0.483332,-0.36176258,-0.038909722,-0.025892327,0.00010882209,-1.6809875,1.6748626,2.7808415e-05,0.23533261,2.742395,3.9177763,-0.2353796,0.15255116,0.1654489,0.09377426,0.055896517,inf,inf,inf,inf,inf,1,1,1,1,4,2,4,1,1,1,1,1,0,2,0,0,5.087358112813815,1
1576720000,1576716000,5764000,47.3979711740181,8.54616359846853,10.526307,14.681063,-2.7161026,0.0,0.0,-0.2353796,-5.0887837,0.038230896,0.08549254,0.076374285,-0.00081951654,-0.00039308443,4.1656196e-05,-0.47592333,-0.36068538,-0.041371208,-0.026111996,0.000108042244,-1.6813127,1.6748626,2.7720984e-05,0.23533261,2.742401,3.9195402,-0.2353796,0.15121351,0.16474968,0.092542,0.05562644,inf,inf,inf,inf,inf,1,1,1,1,4,2,4,1,1,1,1,1,0,2,0,0,5.0896453826558785,1
1576728000,1576724000,5764000,47.3979711740181,8.54616359846853,10.4869585,14.682127,-2.7156239,0.0,0.0,-0.2353796,-5.0910482,0.036079094,0.084847525,0.075580224,-0.00081951654,-0.00039308443,4.1656196e-05,-0.4645807,-0.3416219,-0.0416683,-0.02630105,0.00010807716,-1.6816087,1.6748626,2.7767948e-05,0.23533261,2.7417088,3.9216216,-0.2353796,0.15163691,0.16501291,0.09282718,0.055705648,inf,inf,inf,inf,inf,1,1,1,1,4,2,4,1,1,1,1,1,0,2,0,0,5.091883009088654,1
1576736000,1576732000,5764000,47.3979711740181,8.54616359846853,10.447572,14.683169,-2.7151465,0.0,0.0,-0.2353796,-5.0932207,0.033998184,0.08423189,0.07482298,-0.00081951654,-0.00039308443,4.1656196e-05,-0.4483213,-0.3313373,-0.039094124,-0.026460966,0.000108112115,-1.6818732,1.6748626,2.781494e-05,0.23533261,2.7410223,3.9237041,-0.2353796,0.15206334,0.16527696,0.093112335,0.05578467,inf,inf,inf,inf,inf,1,1,1,1,4,2,4,1,1,1,1,1,0,2,0,0,5.094030622867982,1
1576744000,1576740000,5764000,47.3979711740181,8.54616359846853,10.408149,14.684191,-2.7146716,0.0,0.0,-0.2353796,-5.0953856,0.03195299,0.083596006,0.07405273,-0.00081951654,-0.00039308443,4.1656196e-05,-0.44281146,-0.32548797,-0.04269089,-0.026585175,0.00010814717,-1.6820995,1.6748626,2.7861972e-05,0.23533261,2.7403414,3.925788,-0.2353796,0.1524928,0.16554181,0.09339713,0.055863447,inf,inf,inf,inf,inf,1,1,1,1,4,2,4,1,1,1,1,1,0,2,0,0,5.096171474595066,1
1576752000,1576748000,5764000,47.3979711740181,8.54616359846853,10.368853,14.685352,-2.714244,0.0,0.0,-0.2353796,-5.0974174,0.030076452,0.082933486,0.073213704,-0.00081951654,-0.00039308443,4.1656196e-05,-0.4435074,-0.32295543,-0.04123244,-0.026686452,0.00010741601,-1.6823002,1.6748626,2.7774815e-05,0.23533261,2.7410612,3.9274938,-0.2353796,0.1511582,0.16466008,0.09218036,0.055572268,inf,inf,inf,inf,inf,1,1,1,1,4,2,4,1,1,1,1,1,0,2,0,0,5.098180725110457,1
1576760000,1576756000,5764000,47.3979711740181,8.54616359846853,10.329517,14.68649,-2.7138162,0.0,0.0,-0.2353796,-5.0994086,0.028237363,0.08244042,0.07255265,-0.00081951654,-0.00039308443,4.1656196e-05,-0.4334105,-0.31643078,-0.021222977,-0.02675461,0.000107451066,-1.6824694,1.6748626,2.782181e-05,0.23533261,2.740402,3.9295776,-0.2353796,0.15158094,0.16492316,0.092463806,0.05565108,inf,inf,inf,inf,inf,1,1,1,1,4,2,4,1,1,1,1,1,0,2,0,0,5.100153119394842,1
1576768000,1576764000,5764000,47.3979711740181,8.54616359846853,10.290145,14.687607,-2.7133894,0.0,0.0,-0.2353796,-5.1013584,0.026458919,0.08182503,0.071777545,-0.00081951654,-0.00039308443,4.1656196e-05,-0.42341754,-0.30705565,-0.037656162,-0.026799425,0.00010748623,-1.6826125,1.6748626,2.7868846e-05,0.23533261,2.7397473,3.9316623,-0.2353796,0.1520067,0.16518705,0.092747174,0.05572969,inf,inf,inf,inf,inf,1,1,1,1,4,2,4,1,1,1,1,1,0,2,0,0,5.102083195634868,1
1576776000,1576772000,5764000,47.3979711740181,8.54616359846853,10.250736,14.688702,-2.7129636,0.0,0.0,-0.2353796,-5.10326,0.024706872,0.08128123,0.07108206,-0.00081951654,-0.00039308443,4.1656196e-05,-0.41270235,-0.3020081,-0.029820481,-0.026820865,0.00010752145,-1.6827298,1.6748626,2.7915921e-05,0.23533261,2.7390969,3.9337482,-0.2353796,0.15243545,0.16545174,0.093030676,0.055808127,inf,inf,inf,inf,inf,1,1,1,1,4,2,4,1,1,1,1,1,0,2,0,0,5.103967054701111,1
1576784000,1576780000,5764000,47.3979711740181,8.54616359846853,10.211479,14.689931,-2.7125745,0.0,0.0,-0.2353796,-5.1049566,0.023131004,0.0806549,0.07027079,-0.00081951654,-0.00039308443,4.1656196e-05,-0.41280964,-0.29493612,-0.034382097,-0.026818244,0.000106781205,-1.6828206,1.6748626,2.782343e-05,0.23533261,2.7395687,3.9355164,-0.2353796,0.15110293,0.16475236,0.09181931,0.05553897,inf,inf,inf,inf,inf,1,1,1,1,4,2,4,1,1,1,1,1,0,2,0,0,5.1056461044733235,1
1576792000,1576788000,5764000,47.3979711740181,8.54616359846853,10.172185,14.691137,-2.7121859,0.0,0.0,-0.2353796,-5.106546,0.02154407,0.08008437,0.06952431,-0.00081951654,-0.00039308443,4.1656196e-05,-0.39413106,-0.29422382,-0.02865074,-0.026782958,0.0001068165,-1.68289,1.6748626,2.7870474e-05,0.23533261,2.7389398,3.9376018,-0.2353796,0.151525,0.16501556,0.092101224,0.055617347,inf,inf,inf,inf,inf,1,1,1,1,4,2,4,1,1,1,1,1,0,2,0,0,5.107219370987158,1
1576800000,1576796000,5764000,47.3979711740181,8.54616359846853,10.132854,14.692321,-2.7117972,0.0,0.0,-0.2353796,-5.1081433,0.019955747,0.079557195,0.0688299,-0.00081951654,-0.00039308443,4.1656196e-05,-0.3899514,-0.29235724,-0.02444256,-0.026716067,0.00010685182,-1.6829253,1.6748626,2.7917547e-05,0.23533261,2.7383149,3.9396884,-0.2353796,0.15195003,0.16527957,0.092383064,0.055695523,inf,inf,inf,inf,inf,1,1,1,1,4,2,4,1,1,1,1,1,0,2,0,0,5.108801772671307,1
1576808000,1576804000,5764000,47.3979711740181,8.54616359846853,10.093488,14.693482,-2.711409,0.0,0.0,-0.2353796,-5.1097126,0.018489888,0.07894106,0.068054944,-0.00081951654,-0.00039308443,4.1656196e-05,-0.38145715,-0.27506077,-0.03674067,-0.026627459,0.000106887215,-1.6829363,1.6748626,2.7964621e-05,0.23533261,2.7376952,3.9417152,-0.2353796,0.15237802,0.16536105,0.09266524,0.05575178,inf,inf,inf,inf,inf,1,1,1,1,4,2,4,1,1,1,1,1,0,2,0,0,5.110355801850878,1
1576816000,1576812000,5764000,47.3979711740181,8.54616359846853,10.054085,14.694622,-2.7110214,0.0,0.0,-0.2353796,-5.1112833,0.0170114,0.078458145,0.06742143,-0.00081951654,-0.00039308443,4.1656196e-05,-0.3767841,-0.2746955,-0.021236947,-0.026525686,0.000106922715,-1.6829314,1.6748626,2.801178e-05,0.23533261,2.7370775,3.9438038,-0.2353796,0.15280902,0.16562635,0.092947535,0.05582968,inf,inf,inf,inf,inf,1,1,1,1,4,2,4,1,1,1,1,1,0,2,0,0,5.111913735687026,1
1576824000,1576820000,5764000,47.3979711740181,8.54616359846853,10.014824,14.695924,-2.7106738,0.0,0.0,-0.2353796,-5.1126895,0.015797054,0.07793529,0.06671101,-0.00081951654,-0.00039308443,4.1656196e-05,-0.37358773,-0.26250944,-0.021419486,-0.02639575,0.00010628292,-1.6828957,1.6748626,2.7923266e-05,0.23533261,2.7377253,3.9455729,-0.2353796,0.15146318,0.16492388,0.09174739,0.055559874,inf,inf,inf,inf,inf,1,1,1,1,4,2,4,1,1,1,1,1,0,2,0,0,5.11330787062081,1
1576832000,1576828000,5764000,47.3979711740181,8.54616359846853,9.975525,14.697203,-2.7103252,0.0,0.0,-0.2353796,-5.11414,0.014585808,0.07745257,0.06605003,-0.00081951654,-0.00039308443,4.1656196e-05,-0.37389296,-0.25968,-0.017654615,-0.026238544,0.00010631845,-1.6828337,1.6748626,2.7970396e-05,0.23533261,2.7371256,3.947661,-0.2353796,0.15188743,0.1651877,0.09202838,0.055637777,inf,inf,inf,inf,inf,1,1,1,1,4,2,4,1,1,1,1,1,0,2,0,0,5.11474726511434,1
1576840000,1576836000,5764000,47.3979711740181,8.54616359846853,9.936188,14.698459,-2.7099757,0.0,0.0,-0.2353796,-5.11562,0.013379772,0.07703571,0.06546395,-0.00081951654,-0.00039308443,4.1656196e-05,-0.3724955,-0.25664932,-0.010639894,-0.026068384,0.000106354055,-1.682756,1.6748626,2.8017566e-05,0.23533261,2.736529,3.9497502,-0.2353796,0.15231463,0.16545232,0.09230943,0.055715524,inf,inf,inf,inf,inf,1,1,1,1,4,2,4,1,1,1,1,1,0,2,0,0,5.116217499609841,1
1576848000,1576844000,5764000,47.3979711740181,8.54616359846853,9.896814,14.699692,-2.7096252,0.0,0.0,-0.2353796,-5.117089,0.012139643,0.07657875,0.06484655,-0.00081951654,-0.00039308443,4.1656196e-05,-0.36608914,-0.2585839,-0.016839242,-0.025870252,0.00010638973,-1.6826477,1.6748626,2.8064776e-05,0.23533261,2.7359352,3.9518404,-0.2353796,0.15274478,0.16571772,0.0925906,0.05579307,inf,inf,inf,inf,inf,1,1,1,1,4,2,4,1,1,1,1,1,0,2,0,0,5.117676377986863,1
1576856000,1576852000,5764000,47.3979711740181,8.54616359846853,9.857595,14.701059,-2.7093234,0.0,0.0,-0.2353796,-5.1182756,0.011096461,0.076093145,0.06415365,-0.00081951654,-0.00039308443,4.1656196e-05,-0.3555969,-0.248736,-0.014553311,-0.025654988,0.00010573929,-1.6825197,1.6748626,2.797084e-05,0.23533261,2.7369056,3.9535506,-0.2353796,0.15140148,0.16483219,0.091396384,0.055501934,inf,inf,inf,inf,inf,1,1,1,1,4,2,4,1,1,1,1,1,0,2,0,0,5.118853232484603,1
1576864000,1576860000,5764000,47.3979711740181,8.54616359846853,9.818338,14.702402,-2.7090201,0.0,0.0,-0.2353796,-5.119479,0.010033919,0.07562898,0.063492365,-0.00081951654,-0.00039308443,4.1656196e-05,-0.3522153,-0.24850567,-0.013192183,-0.025403047,0.00010577502,-1.6823658,1.6748626,2.8018025e-05,0.23533261,2.7363315,3.9556398,-0.2353796,0.15182492,0.16509582,0.09167668,0.055579595,inf,inf,inf,inf,inf,1,1,1,1,4,2,4,1,1,1,1,1,0,2,0,0,5.12004742688848,1
1576872000,1576868000,5764000,47.3979711740181,8.54616359846853,9.779044,14.703722,-2.708715,0.0,0.0,-0.2353796,-5.1206527,0.008993909,0.07515077,0.06282692,-0.00081951654,-0.00039308443,4.1656196e-05,-0.34309033,-0.243107,-0.016231088,-0.025138075,0.000105810825,-1.6821963,1.6748626,2.8065251e-05,0.23533261,2.7357602,3.95773,-0.2353796,0.15225129,0.16536023,0.09195744,0.05565713,inf,inf,inf,inf,inf,1,1,1,1,4,2,4,1,1,1,1,1,0,2,0,0,5.121212024769916,1
1576880000,1576876000,5764000,47.3979711740181,8.54616359846853,9.739714,14.705018,-2.7084084,0.0,0.0,-0.2353796,-5.1218667,0.007941796,0.07468748,0.06218598,-0.00081951654,-0.00039308443,4.1656196e-05,-0.34297377,-0.24209468,-0.015616416,-0.024852075,0.00010584667,-1.682003,1.6748626,2.811252e-05,0.23533261,2.7351916,3.9598212,-0.2353796,0.15268059,0.16562545,0.092238165,0.05573446,inf,inf,inf,inf,inf,1,1,1,1,4,2,4,1,1,1,1,1,0,2,0,0,5.122417377016573,1
1576888000,1576884000,5764000,47.3979711740181,8.54616359846853,9.700503,14.706483,-2.7081366,0.0,0.0,-0.2353796,-5.122881,0.007126357,0.07425548,0.06154428,-0.00081951654,-0.00039308443,4.1656196e-05,-0.33262426,-0.23365389,-0.007329974,-0.024554787,0.00010528993,-1.6817957,1.6748626,2.8024473e-05,0.23533261,2.735784,3.961593,-0.2353796,0.15134177,0.16492301,0.091068424,0.05546634,inf,inf,inf,inf,inf,1,1,1,1,4,2,4,1,1,1,1,1,0,2,0,0,5.123424089555257,1
1576896000,1576892000,5764000,47.3979711740181,8.54616359846853,9.661256,14.707923,-2.7078629,0.0,0.0,-0.2353796,-5.1238823,0.006358268,0.07379535,0.060884908,-0.00081951654,-0.00039308443,4.1656196e-05,-0.32555798,-0.2247178,-0.012187752,-0.024238208,0.00010532583,-1.6815692,1.6748626,2.8071716e-05,0.23533261,2.7352319,3.963684,-0.2353796,0.15176444,0.16518673,0.09134819,0.055543695,inf,inf,inf,inf,inf,1,1,1,1,4,2,4,1,1,1,1,1,0,2,0,0,5.12441762598511,1
1576904000,1576900000,5764000,47.3979711740181,8.54616359846853,9.621971,14.709339,-2.7075982,0.0,0.0,-0.2353796,-5.124901,0.0055795964,0.07331793,0.06020704,-0.00081951654,-0.00039308443,4.1656196e-05,-0.32240722,-0.22310182,-0.015370081,-0.023907002,0.00010536177,-1.6813254,1.6748626,2.8118953e-05,0.23533261,2.7350316,3.9657152,-0.2353796,0.15219,0.16526823,0.09162838,0.05559915,inf,inf,inf,inf,inf,1,1,1,1,4,2,4,1,1,1,1,1,0,2,0,0,5.125428461168537,1
1576912000,1576908000,5764000,47.3979711740181,8.54616359846853,9.582649,14.7107315,-2.7073307,0.0,0.0,-0.2353796,-5.1259737,0.0047885817,0.072951764,0.05965069,-0.00081951654,-0.00039308443,4.1656196e-05,-0.32404128,-0.22176868,-0.002740882,-0.023559088,0.000105397805,-1.6810623,1.6748626,2.816629e-05,0.23533261,2.734485,3.9678078,-0.2353796,0.15261848,0.16553324,0.09190857,0.05567628,inf,inf,inf,inf,inf,1,1,1,1,4,2,4,1,1,1,1,1,0,2,0,0,5.126495027158136,1
1576920000,1576916000,5764000,47.3979711740181,8.54616359846853,9.543453,14.71228,-2.7071,0.0,0.0,-0.2353796,-5.12686,0.0041688457,0.07256055,0.05903509,-0.00081951654,-0.00039308443,4.1656196e-05,-0.31570238,-0.21959491,-0.0012386589,-0.023193441,0.00010487873,-1.6807789,1.6748626,2.8078342e-05,0.23533261,2.7351797,3.9695816,-0.2353796,0.15128303,0.16483228,0.09075337,0.055409435,inf,inf,inf,inf,inf,1,1,1,1,4,2,4,1,1,1,1,1,0,2,0,0,5.127375144485799,1
1576928000,1576924000,5764000,47.3979711740181,8.54616359846853,9.504237,14.713781,-2.70687,0.0,0.0,-0.2353796,-5.1277566,0.0035525782,0.07214439,0.05840043,-0.00081951654,-0.00039308443,4.1656196e-05,-0.31842136,-0.21119514,-0.0047581266,-0.02281268,0.000104864484,-1.6804811,1.6748626,2.8120063e-05,0.23533261,2.7347913,3.9716735,-0.2353796,0.151704,0.16509575,0.0910242,0.055486314,inf,inf,inf,inf,inf,1,1,1,1,4,2,4,1,1,1,1,1,0,2,0,0,5.128265319059057,1
1576936000,1576932000,5764000,47.3979711740181,8.54616359846853,9.464983,14.715258,-2.7066374,0.0,0.0,-0.2353796,-5.12859,0.0028859486,0.07171181,0.0577604,-0.00081951654,-0.00039308443,4.1656196e-05,-0.3050471,-0.21439536,-0.008174217,-0.022403121,0.00010490064,-1.6801608,1.6748626,2.8167415e-05,0.23533261,2.7342646,3.9737663,-0.2353796,0.15212876,0.16536006,0.09130412,0.05556337,inf,inf,inf,inf,inf,1,1,1,1,4,2,4,1,1,1,1,1,0,2,0,0,5.1290921516865735,1
1576944000,1576940000,5764000,47.3979711740181,8.54616359846853,9.425693,14.716708,-2.7064013,0.0,0.0,-0.2353796,-5.1293974,0.0022678883,0.071315415,0.057167303,-0.00081951654,-0.00039308443,4.1656196e-05,-0.29639235,-0.2052983,-0.0049765217,-0.021986835,0.00010493682,-1.6798313,1.6748626,2.8214807e-05,0.23533261,2.7337399,3.9758599,-0.2353796,0.15255639,0.16562517,0.091584265,0.055640273,inf,inf,inf,inf,inf,1,1,1,1,4,2,4,1,1,1,1,1,0,2,0,0,5.129893636213204,1
1576952000,1576948000,5764000,47.3979711740181,8.54616359846853,9.386526,14.718314,-2.7062173,0.0,0.0,-0.2353796,-5.130078,0.001813991,0.07090201,0.056507442,-0.00081951654,-0.00039308443,4.1656196e-05,-0.29555777,-0.20376484,-0.00209501,-0.021550596,0.00010445429,-1.679479,1.6748626,2.8126957e-05,0.23533261,2.734946,3.977574,-0.2353796,0.15122433,0.16474149,0.09044313,0.055352576,inf,inf,inf,inf,inf,1,1,1,1,4,2,4,1,1,1,1,1,0,2,0,0,5.13056826011207,1
1576960000,1576956000,5764000,47.3979711740181,8.54616359846853,9.347321,14.719894,-2.706029,0.0,0.0,-0.2353796,-5.1308017,0.0013306029,0.070546076,0.055917248,-0.00081951654,-0.00039308443,4.1656196e-05,-0.29532298,-0.20400274,0.0036559065,-0.021109957,0.00010449051,-1.6791233,1.6748626,2.8174327e-05,0.23533261,2.7344377,3.9796672,-0.2353796,0.15164547,0.1650048,0.0907226,0.055429563,inf,inf,inf,inf,inf,1,1,1,1,4,2,4,1,1,1,1,1,0,2,0,0,5.13128683704838,1
1576968000,1576964000,5764000,47.3979711740181,8.54616359846853,9.308078,14.721448,-2.7058363,0.0,0.0,-0.2353796,-5.131593,0.00087792485,0.07015252,0.05530128,-0.00081951654,-0.00039308443,4.1656196e-05,-0.29828587,-0.19680321,-0.0024405306,-0.020654218,0.000104526815,-1.6787498,1.6748626,2.8221744e-05,0.23533261,2.7339313,3.9817607,-0.2353796,0.15206945,0.16526893,0.091002315,0.05550644,inf,inf,inf,inf,inf,1,1,1,1,4,2,4,1,1,1,1,1,0,2,0,0,5.1320725700698535,1
1576976000,1576972000,5764000,47.3979711740181,8.54616359846853,9.268798,14.722976,-2.7056394,0.0,0.0,-0.2353796,-5.1323843,0.00047804014,0.06978694,0.054724798,-0.00081951654,-0.00039308443,4.1656196e-05,-0.29283234,-0.1869288,-0.0002980232,-0.020188227,0.0001045632,-1.6783636,1.6748626,2.8269216e-05,0.23533261,2.7334263,3.9838555,-0.2353796,0.15249631,0.16553383,0.091282286,0.055583175,inf,inf,inf,inf,inf,1,1,1,1,4,2,4,1,1,1,1,1,0,2,0,0,5.1328587598338835,1
1576984000,1576980000,5764000,47.3979711740181,8.54616359846853,9.22964,14.7246685,-2.705463,0.0,0.0,-0.2353796,-5.13298,0.00013473933,0.069430195,0.05413925,-0.00081951654,-0.00039308443,4.1656196e-05,-0.28359655,-0.1994691,0.004361849,-0.019718153,0.00010411421,-1.6779708,1.6748626,2.8181377e-05,0.23533261,2.7337134,3.9856315,-0.2353796,0.15116751,0.16483289,0.090154216,0.055318218,inf,inf,inf,inf,inf,1,1,1,1,4,2,4,1,1,1,1,1,0,2,0,0,5.133449546896553,1
1576992000,1576988000,5764000,47.3979711740181,8.54616359846853,9.190461,14.726313,-2.705287,0.0,0.0,-0.2353796,-5.133592,-0.00018062489,0.06904754,0.053534802,-0.00081951654,-0.00039308443,4.1656196e-05,-0.28641617,-0.188017,0.0005695037,-0.01923339,0.00010410256,-1.6775644,1.6748626,2.8223267e-05,0.23533261,2.7333508,3.9877253,-0.2353796,0.15158698,0.16509625,0.0904257,0.055394832,inf,inf,inf,inf,inf,1,1,1,1,4,2,4,1,1,1,1,1,0,2,0,0,5.134056331777964,1
1577000000,1576996000,5764000,47.3979711740181,8.54616359846853,9.151243,14.72793,-2.7051063,0.0,0.0,-0.2353796,-5.134278,-0.00053728616,0.06873093,0.053008042,-0.00081951654,-0.00039308443,4.1656196e-05,-0.28991625,-0.1896722,0.0074212435,-0.018738532,0.000104139064,-1.6771537,1.6748626,2.8270766e-05,0.23533261,2.7328606,3.9898198,-0.2353796,0.15201017,0.16536047,0.090705745,0.055471618,inf,inf,inf,inf,inf,1,1,1,1,4,2,4,1,1,1,1,1,0,2,0,0,5.134738046940572,1
1577008000,1577004000,5764000,47.3979711740181,8.54616359846853,9.111988,14.729522,-2.7049165,0.0,0.0,-0.2353796,-5.134956,-0.0008946756,0.0684153,0.05249788,-0.00081951654,-0.00039308443,4.1656196e-05,-0.28344616,-0.18634482,0.0060736197,-0.018234475,0.0001041756,-1.6767316,1.6748626,2.831826e-05,0.23533261,2.7322397,3.9918544,-0.2353796,0.1524362,0.16544186,0.09098594,0.05552628,inf,inf,inf,inf,inf,1,1,1,1,4,2,4,1,1,1,1,1,0,2,0,0,5.135411821427228,1
1577016000,1577012000,5764000,47.3979711740181,8.54616359846853,9.072849,14.731259,-2.7047477,0.0,0.0,-0.2353796,-5.135485,-0.0011107689,0.06803189,0.051902235,-0.00081951654,-0.00039308443,4.1656196e-05,-0.27932465,-0.18607596,0.0006766058,-0.017718006,0.00010375896,-1.6762947,1.6748626,2.8230439e-05,0.23533261,2.7325368,3.9936318,-0.2353796,0.15111068,0.1647424,0.08987097,0.055262644,inf,inf,inf,inf,inf,1,1,1,1,4,2,4,1,1,1,1,1,0,2,0,0,5.135935723613519,1
1577024000,1577020000,5764000,47.3979711740181,8.54616359846853,9.033672,14.732968,-2.704574,0.0,0.0,-0.2353796,-5.1360197,-0.0013459888,0.06774248,0.051412072,-0.00081951654,-0.00039308443,4.1656196e-05,-0.27416584,-0.1846669,0.0110142855,-0.017183457,0.00010379558,-1.675841,1.6748626,2.827797e-05,0.23533261,2.732058,3.9957263,-0.2353796,0.15153031,0.16500562,0.09015082,0.05533942,inf,inf,inf,inf,inf,1,1,1,1,4,2,4,1,1,1,1,1,0,2,0,0,5.136466607899879,1
1577032000,1577028000,5764000,47.3979711740181,8.54616359846853,8.994457,14.734651,-2.7043958,0.0,0.0,-0.2353796,-5.1365376,-0.0015598102,0.06745937,0.05093935,-0.00081951654,-0.00039308443,4.1656196e-05,-0.26649916,-0.17828923,0.010428484,-0.016648903,0.00010383225,-1.6753846,1.6748626,2.8325547e-05,0.23533261,2.7315805,3.9978216,-0.2353796,0.15195276,0.16526963,0.09043119,0.055416096,inf,inf,inf,inf,inf,1,1,1,1,4,2,4,1,1,1,1,1,0,2,0,0,5.1369807976886985,1
1577040000,1577036000,5764000,47.3979711740181,8.54616359846853,8.955204,14.736305,-2.7042122,0.0,0.0,-0.2353796,-5.1371593,-0.0018736217,0.067164384,0.0504656,-0.00081951654,-0.00039308443,4.1656196e-05,-0.2740239,-0.18717948,0.0076107676,-0.016110582,0.00010386894,-1.6749222,1.6748626,2.8373164e-05,0.23533261,2.7311037,3.999918,-0.2353796,0.15237802,0.1655344,0.09071171,0.055492617,inf,inf,inf,inf,inf,1,1,1,1,4,2,4,1,1,1,1,1,0,2,0,0,5.137598684065628,1
1577048000,1577044000,5764000,47.3979711740181,8.54616359846853,8.91607,14.738119,-2.7040558,0.0,0.0,-0.2353796,-5.1376033,-0.0020210785,0.066901185,0.04999898,-0.00081951654,-0.00039308443,4.1656196e-05,-0.26675236,-0.1856305,0.015092081,-0.015572679,0.000103482016,-1.6744578,1.6748626,2.8285222e-05,0.23533261,2.7316103,4.001695,-0.2353796,0.15105565,0.16483352,0.08960864,0.055229552,inf,inf,inf,inf,inf,1,1,1,1,4,2,4,1,1,1,1,1,0,2,0,0,5.13803926819206,1
1577056000,1577052000,5764000,47.3979711740181,8.54616359846853,8.876896,14.739903,-2.7038884,0.0,0.0,-0.2353796,-5.138092,-0.00210814,0.06664298,0.049554236,-0.00081951654,-0.00039308443,4.1656196e-05,-0.2666123,-0.1740461,0.014182645,-0.01502222,0.000103518774,-1.6739823,1.6748626,2.8332784e-05,0.23533261,2.7309763,4.003731,-0.2353796,0.15147454,0.16491497,0.08988877,0.05528456,inf,inf,inf,inf,inf,1,1,1,1,4,2,4,1,1,1,1,1,0,2,0,0,5.138524606489838,1
1577064000,1577060000,5764000,47.3979711740181,8.54616359846853,8.837701,14.741639,-2.70372,0.0,0.0,-0.2353796,-5.1384997,-0.00230915,0.066348106,0.04907919,-0.00081951654,-0.00039308443,4.1656196e-05,-0.25680393,-0.18045221,0.009018927,-0.014473627,0.00010350964,-1.6735063,1.6748626,2.8374881e-05,0.23533261,2.7306333,4.005827,-0.2353796,0.15189531,0.16517872,0.09016191,0.055360883,inf,inf,inf,inf,inf,1,1,1,1,4,2,4,1,1,1,1,1,0,2,0,0,5.138928543017853,1
1577072000,1577068000,5764000,47.3979711740181,8.54616359846853,8.798469,14.743347,-2.703547,0.0,0.0,-0.2353796,-5.1390185,-0.0025161388,0.066101626,0.04866325,-0.00081951654,-0.00039308443,4.1656196e-05,-0.26508588,-0.17747648,0.013729556,-0.013918811,0.00010354652,-1.6730294,1.6748626,2.8422583e-05,0.23533261,2.7301698,4.0079236,-0.2353796,0.15231979,0.1654433,0.090442814,0.055437334,inf,inf,inf,inf,inf,1,1,1,1,4,2,4,1,1,1,1,1,0,2,0,0,5.139444220852733,1
1577080000,1577076000,5764000,47.3979711740181,8.54616359846853,8.759197,14.745027,-2.7033682,0.0,0.0,-0.2353796,-5.139522,-0.0026772819,0.06581674,0.048219297,-0.00081951654,-0.00039308443,4.1656196e-05,-0.25777265,-0.16810644,0.0076261344,-0.013355561,0.00010358347,-1.6725421,1.6748626,2.8470342e-05,0.23533261,2.7297065,4.0100207,-0.2353796,0.15274708,0.16570866,0.090724215,0.05551367,inf,inf,inf,inf,inf,1,1,1,1,4,2,4,1,1,1,1,1,0,2,0,0,5.139944104714234,1
1577088000,1577084000,5764000,47.3979711740181,8.54616359846853,8.720065,14.746868,-2.7032251,0.0,0.0,-0.2353796,-5.139871,-0.002673388,0.065524206,0.04773411,-0.00081951654,-0.00039308443,4.1656196e-05,-0.25475183,-0.16677658,0.010797753,-0.0127863735,0.00010322595,-1.6720467,1.6748626,2.8380322e-05,0.23533261,2.730478,4.011798,-0.2353796,0.15141113,0.16500466,0.08961968,0.055250008,inf,inf,inf,inf,inf,1,1,1,1,4,2,4,1,1,1,1,1,0,2,0,0,5.140289336721848,1
1577096000,1577092000,5764000,47.3979711740181,8.54616359846853,8.680893,14.74868,-2.703076,0.0,0.0,-0.2353796,-5.140275,-0.0027469539,0.06529108,0.047319613,-0.00081951654,-0.00039308443,4.1656196e-05,-0.25586465,-0.17240424,0.016839707,-0.012208906,0.000103262944,-1.6715448,1.6748626,2.8428058e-05,0.23533261,2.7300265,4.0138946,-0.2353796,0.15183198,0.16526853,0.08990058,0.055326447,inf,inf,inf,inf,inf,1,1,1,1,4,2,4,1,1,1,1,1,0,2,0,0,5.140690376448313,1
1577104000,1577100000,5764000,47.3979711740181,8.54616359846853,8.641684,14.750463,-2.702931,0.0,0.0,-0.2353796,-5.140633,-0.002807038,0.065088645,0.046936866,-0.00081951654,-0.00039308443,4.1656196e-05,-0.24456154,-0.16677022,0.019575002,-0.011631403,0.00010329998,-1.6710405,1.6748626,2.8475795e-05,0.23533261,2.7298784,4.015931,-0.2353796,0.1522556,0.16534987,0.09018191,0.055380855,inf,inf,inf,inf,inf,1,1,1,1,4,2,4,1,1,1,1,1,0,2,0,0,5.141045813048088,1
1577112000,1577108000,5764000,47.3979711740181,8.54616359846853,8.602435,14.752216,-2.7027802,0.0,0.0,-0.2353796,-5.141051,-0.002810499,0.06484376,0.04652263,-0.00081951654,-0.00039308443,4.1656196e-05,-0.24658562,-0.15583071,0.012951902,-0.011054224,0.00010333709,-1.6705345,1.6748626,2.852364e-05,0.23533261,2.7294276,4.018029,-0.2353796,0.15268202,0.165615,0.09046377,0.055457134,inf,inf,inf,inf,inf,1,1,1,1,4,2,4,1,1,1,1,1,0,2,0,0,5.141460687072942,1
1577120000,1577116000,5764000,47.3979711740181,8.54616359846853,8.563324,14.754122,-2.702662,0.0,0.0,-0.2353796,-5.141296,-0.0027761832,0.064526245,0.04600458,-0.00081951654,-0.00039308443,4.1656196e-05,-0.24080443,-0.16892272,0.0077774744,-0.010479597,0.00010300595,-1.6700288,1.6748626,2.8433486e-05,0.23533261,2.7301593,4.0198073,-0.2353796,0.1513496,0.16491252,0.089370765,0.05519482,inf,inf,inf,inf,inf,1,1,1,1,4,2,4,1,1,1,1,1,0,2,0,0,5.141701654423656,1
1577128000,1577124000,5764000,47.3979711740181,8.54616359846853,8.524174,14.755996,-2.702538,0.0,0.0,-0.2353796,-5.1415896,-0.002764753,0.06415078,0.045440327,-0.00081951654,-0.00039308443,4.1656196e-05,-0.24118361,-0.16755071,-0.0008572824,-0.009902812,0.00010304314,-1.669523,1.6748626,2.8481314e-05,0.23533261,2.729719,4.0219045,-0.2353796,0.15176964,0.16517617,0.08965218,0.05527122,inf,inf,inf,inf,inf,1,1,1,1,4,2,4,1,1,1,1,1,0,2,0,0,5.141990527146264,1
1577136000,1577132000,5764000,47.3979711740181,8.54616359846853,8.485,14.75782,-2.702413,0.0,0.0,-0.2353796,-5.141896,-0.0028078707,0.063815884,0.044923805,-0.00081951654,-0.00039308443,4.1656196e-05,-0.2427148,-0.16663581,0.0035688279,-0.00932912,0.000103036306,-1.6690181,1.6748626,2.8523615e-05,0.23533261,2.7293944,4.0240026,-0.2353796,0.15219152,0.16544054,0.089927405,0.055347323,inf,inf,inf,inf,inf,1,1,1,1,4,2,4,1,1,1,1,1,0,2,0,0,5.1422927596554215,1
1577144000,1577140000,5764000,47.3979711740181,8.54616359846853,8.445787,14.759616,-2.702282,0.0,0.0,-0.2353796,-5.142195,-0.0028424868,0.06359625,0.04453377,-0.00081951654,-0.00039308443,4.1656196e-05,-0.23631002,-0.16164397,0.01664413,-0.008749475,0.00010307359,-1.6685126,1.6748626,2.8571534e-05,0.23533261,2.7289553,4.0261006,-0.2353796,0.15261708,0.16570576,0.09020989,0.05542353,inf,inf,inf,inf,inf,1,1,1,1,4,2,4,1,1,1,1,1,0,2,0,0,5.1425890347927155,1
1577152000,1577148000,5764000,47.3979711740181,8.54616359846853,8.406699,14.761562,-2.7021947,0.0,0.0,-0.2353796,-5.142405,-0.002767301,0.06331317,0.044037696,-0.00081951654,-0.00039308443,4.1656196e-05,-0.23858312,-0.16550879,0.012482981,-0.008166738,0.000102767815,-1.6680019,1.6748626,2.8481238e-05,0.23533261,2.7300649,4.027819,-0.2353796,0.15128817,0.16482034,0.08912812,0.055140328,inf,inf,inf,inf,inf,1,1,1,1,4,2,4,1,1,1,1,1,0,2,0,0,5.142795484896835,1
1577160000,1577156000,5764000,47.3979711740181,8.54616359846853,8.36757,14.763477,-2.7021012,0.0,0.0,-0.2353796,-5.142632,-0.0026697651,0.06303208,0.043556012,-0.00081951654,-0.00039308443,4.1656196e-05,-0.23498806,-0.1584191,0.011328607,-0.0075843274,0.00010280518,-1.6674929,1.6748626,2.852915e-05,0.23533261,2.7296352,4.0299163,-0.2353796,0.15170738,0.16508377,0.0894103,0.05521674,inf,inf,inf,inf,inf,1,1,1,1,4,2,4,1,1,1,1,1,0,2,0,0,5.143018963427883,1
1577168000,1577164000,5764000,47.3979711740181,8.54616359846853,8.328401,14.765361,-2.7020006,0.0,0.0,-0.2353796,-5.142939,-0.0026467978,0.0628107,0.043146066,-0.00081951654,-0.00039308443,4.1656196e-05,-0.23932265,-0.1635545,0.017426906,-0.007001482,0.00010284259,-1.6669813,1.6748626,2.8577113e-05,0.23533261,2.7292054,4.0320144,-0.2353796,0.15212935,0.16534796,0.08969311,0.055293053,inf,inf,inf,inf,inf,1,1,1,1,4,2,4,1,1,1,1,1,0,2,0,0,5.143323220184989,1
1577176000,1577172000,5764000,47.3979711740181,8.54616359846853,8.289193,14.767214,-2.7018938,0.0,0.0,-0.2353796,-5.143261,-0.0026482693,0.06254337,0.04270186,-0.00081951654,-0.00039308443,4.1656196e-05,-0.235737,-0.16252065,0.010357703,-0.0064329766,0.000102880076,-1.6664821,1.6748626,2.8625134e-05,0.23533261,2.7287753,4.0341134,-0.2353796,0.15255408,0.16561294,0.089976236,0.055369258,inf,inf,inf,inf,inf,1,1,1,1,4,2,4,1,1,1,1,1,0,2,0,0,5.143641939383246,1
1577184000,1577180000,5764000,47.3979711740181,8.54616359846853,8.250108,14.769218,-2.7018032,0.0,0.0,-0.2353796,-5.1434474,-0.0025041634,0.062241018,0.042208895,-0.00081951654,-0.00039308443,4.1656196e-05,-0.23208065,-0.16186686,0.008531845,-0.005865248,0.00010259743,-1.6659815,1.6748626,2.853464e-05,0.23533261,2.7290351,4.0358925,-0.2353796,0.15122856,0.16491057,0.088904895,0.05510893,inf,inf,inf,inf,inf,1,1,1,1,4,2,4,1,1,1,1,1,0,2,0,0,5.143824586017954,1
1577192000,1577188000,5764000,47.3979711740181,8.54616359846853,8.210982,14.77119,-2.701706,0.0,0.0,-0.2353796,-5.1436596,-0.0024093967,0.06198756,0.04177666,-0.00081951654,-0.00039308443,4.1656196e-05,-0.22963955,-0.16358493,0.013282056,-0.0052963304,0.000102634935,-1.6654811,1.6748626,2.8582632e-05,0.23533261,2.7286115,4.03799,-0.2353796,0.151647,0.16517407,0.08918799,0.05518534,inf,inf,inf,inf,inf,1,1,1,1,4,2,4,1,1,1,1,1,0,2,0,0,5.144033664689547,1
1577200000,1577196000,5764000,47.3979711740181,8.54616359846853,8.171817,14.773129,-2.701602,0.0,0.0,-0.2353796,-5.1438694,-0.0023153191,0.061812483,0.0414343,-0.00081951654,-0.00039308443,4.1656196e-05,-0.22378336,-0.15933613,0.02175616,-0.004733206,0.00010267253,-1.6649845,1.6748626,2.8630693e-05,0.23533261,2.728187,4.040089,-0.2353796,0.15206818,0.16543834,0.08947143,0.055261634,inf,inf,inf,inf,inf,1,1,1,1,4,2,4,1,1,1,1,1,0,2,0,0,5.144241299551715,1
1577208000,1577204000,5764000,47.3979711740181,8.54616359846853,8.132628,14.775019,-2.7015061,0.0,0.0,-0.2353796,-5.1441507,-0.0022965157,0.06160021,0.041049972,-0.00081951654,-0.00039308443,4.1656196e-05,-0.23252958,-0.1611688,0.016758682,-0.0041743875,0.00010266784,-1.6644902,1.6748626,2.867316e-05,0.23533261,2.7282364,4.0421276,-0.2353796,0.15249117,0.16551946,0.08974882,0.05531552,inf,inf,inf,inf,inf,1,1,1,1,4,2,4,1,1,1,1,1,0,2,0,0,5.144520024663807,1
1577216000,1577212000,5764000,47.3979711740181,8.54616359846853,8.093546,14.7770605,-2.701429,0.0,0.0,-0.2353796,-5.144292,-0.002104936,0.06131352,0.040574923,-0.00081951654,-0.00039308443,4.1656196e-05,-0.22721417,-0.15686359,0.0100354655,-0.0036161721,0.00010240734,-1.6640016,1.6748626,2.858247e-05,0.23533261,2.7285843,4.043908,-0.2353796,0.15116902,0.16481864,0.088687934,0.055056546,inf,inf,inf,inf,inf,1,1,1,1,4,2,4,1,1,1,1,1,0,2,0,0,5.144657807838569,1
1577224000,1577220000,5764000,47.3979711740181,8.54616359846853,8.054423,14.779069,-2.701345,0.0,0.0,-0.2353796,-5.144435,-0.0019522149,0.0610676,0.040152602,-0.00081951654,-0.00039308443,4.1656196e-05,-0.22174816,-0.15722878,0.013780779,-0.0030644971,0.00010244502,-1.6635209,1.6748626,2.8630551e-05,0.23533261,2.7281673,4.046006,-0.2353796,0.15158668,0.1650819,0.088971645,0.055132937,inf,inf,inf,inf,inf,1,1,1,1,4,2,4,1,1,1,1,1,0,2,0,0,5.144797812561517,1
1577232000,1577228000,5764000,47.3979711740181,8.54616359846853,8.015261,14.781044,-2.701254,0.0,0.0,-0.2353796,-5.1446114,-0.0018552393,0.06080028,0.039720487,-0.00081951654,-0.00039308443,4.1656196e-05,-0.22034092,-0.15982062,0.009792856,-0.0025177412,0.00010248279,-1.6630431,1.6748626,2.867869e-05,0.23533261,2.7277496,4.0481052,-0.2353796,0.15200706,0.16534595,0.089255825,0.055209182,inf,inf,inf,inf,inf,1,1,1,1,4,2,4,1,1,1,1,1,0,2,0,0,5.144970998263343,1
1577240000,1577236000,5764000,47.3979711740181,8.54616359846853,7.9760575,14.782987,-2.701157,0.0,0.0,-0.2353796,-5.144851,-0.0017291743,0.06053208,0.039298747,-0.00081951654,-0.00039308443,4.1656196e-05,-0.22289968,-0.15192036,0.008406117,-0.0019772304,0.00010252058,-1.6625696,1.6748626,2.8726872e-05,0.23533261,2.7273314,4.0502048,-0.2353796,0.15243019,0.16561076,0.089540474,0.055285327,inf,inf,inf,inf,inf,1,1,1,1,4,2,4,1,1,1,1,1,0,2,0,0,5.14520737531092,1
1577248000,1577244000,5764000,47.3979711740181,8.54616359846853,7.936974,14.78508,-2.7010722,0.0,0.0,-0.2353796,-5.1450014,-0.0014787777,0.0602528,0.038855787,-0.00081951654,-0.00039308443,4.1656196e-05,-0.2255224,-0.15372044,0.009212176,-0.0014368063,0.00010228035,-1.6620942,1.6748626,2.8635852e-05,0.23533261,2.7274878,4.0519853,-0.2353796,0.15111125,0.16490853,0.08848897,0.055027,inf,inf,inf,inf,inf,1,1,1,1,4,2,4,1,1,1,1,1,0,2,0,0,5.1453544088520555,1
1577256000,1577252000,5764000,47.3979711740181,8.54616359846853,7.8978486,14.787139,-2.7009668,0.0,0.0,-0.2353796,-5.1451592,-0.0013001886,0.06000837,0.038472895,-0.00081951654,-0.00039308443,4.1656196e-05,-0.22074865,-0.15806791,0.011922791,-0.00090271095,0.000102318234,-1.6616272,1.6748626,2.8683979e-05,0.23533261,2.7266476,4.0540237,-0.2353796,0.15152815,0.16498975,0.08877321,0.055081587,inf,inf,inf,inf,inf,1,1,1,1,4,2,4,1,1,1,1,1,0,2,0,0,5.145509293384387,1
1577264000,1577260000,5764000,47.3979711740181,8.54616359846853,7.858683,14.789165,-2.7008557,0.0,0.0,-0.2353796,-5.145348,-0.0011117512,0.059775975,0.038112506,-0.00081951654,-0.00039308443,4.1656196e-05,-0.21915841,-0.15233323,0.0121705225,-0.000382168,0.00010235616,-1.6611717,1.6748626,2.8732207e-05,0.23533261,2.7262325,4.0561233,-0.2353796,0.15194778,0.16525356,0.08905802,0.055157807,inf,inf,inf,inf,inf,1,1,1,1,4,2,4,1,1,1,1,1,0,2,0,0,5.1456953314670635,1
1577272000,1577268000,5764000,47.3979711740181,8.54616359846853,7.819493,14.791139,-2.7007422,0.0,0.0,-0.2353796,-5.145513,-0.0009761553,0.059560604,0.037775412,-0.00081951654,-0.00039308443,4.1656196e-05,-0.21573807,-0.1514385,0.013677868,0.00013360083,0.000102353384,-1.660719,1.6748626,2.8774912e-05,0.23533261,2.7259235,4.0582232,-0.2353796,0.15236925,0.1655181,0.089337744,0.05523378,inf,inf,inf,inf,inf,1,1,1,1,4,2,4,1,1,1,1,1,0,2,0,0,5.145857795508638,1
1577280000,1577276000,5764000,47.3979711740181,8.54616359846853,7.7804093,14.79325,-2.7006283,0.0,0.0,-0.2353796,-5.1455874,-0.0007492404,0.059358142,0.03745338,-0.00081951654,-0.00039308443,4.1656196e-05,-0.21655706,-0.1559524,0.016477888,0.0006469363,0.00010213249,-1.6602738,1.6748626,2.8683577e-05,0.23533261,2.7256956,4.0600047,-0.2353796,0.15105352,0.16481741,0.088295765,0.05497671,inf,inf,inf,inf,inf,1,1,1,1,4,2,4,1,1,1,1,1,0,2,0,0,5.145929813106823,1
1577288000,1577284000,5764000,47.3979711740181,8.54616359846853,7.741285,14.795327,-2.700508,0.0,0.0,-0.2353796,-5.145711,-0.0005533146,0.059164852,0.037150428,-0.00081951654,-0.00039308443,4.1656196e-05,-0.21700065,-0.15520583,0.016387084,0.0011606276,0.000102170554,-1.6598299,1.6748626,2.873184e-05,0.23533261,2.7252858,4.0621037,-0.2353796,0.1514697,0.16508052,0.08858132,0.055053066,inf,inf,inf,inf,inf,1,1,1,1,4,2,4,1,1,1,1,1,0,2,0,0,5.146051154175426,1
1577296000,1577292000,5764000,47.3979711740181,8.54616359846853,7.7021194,14.797369,-2.7003818,0.0,0.0,-0.2353796,-5.1458445,-0.0004449964,0.05894616,0.036831688,-0.00081951654,-0.00039308443,4.1656196e-05,-0.21269724,-0.16165492,0.012009404,0.0016670288,0.000102208665,-1.6593914,1.6748626,2.8780154e-05,0.23533261,2.7248752,4.0642033,-0.2353796,0.15188856,0.16534439,0.0888671,0.0551293,inf,inf,inf,inf,inf,1,1,1,1,4,2,4,1,1,1,1,1,0,2,0,0,5.146182125224562,1
1577304000,1577300000,5764000,47.3979711740181,8.54616359846853,7.662914,14.7993765,-2.7002425,0.0,0.0,-0.2353796,-5.146023,-0.0003293259,0.058760777,0.036563158,-0.00081951654,-0.00039308443,4.1656196e-05,-0.21297821,-0.15634556,0.014818273,0.0021660978,0.00010224679,-1.6589583,1.6748626,2.8828465e-05,0.23533261,2.7242312,4.0662427,-0.2353796,0.15231013,0.16542548,0.08915353,0.055183437,inf,inf,inf,inf,inf,1,1,1,1,4,2,4,1,1,1,1,1,0,2,0,0,5.146358484783021,1
1577312000,1577308000,5764000,47.3979711740181,8.54616359846853,7.6238055,14.801501,-2.7001033,0.0,0.0,-0.2353796,-5.146069,-9.95202e-05,0.058578394,0.036299206,-0.00081951654,-0.00039308443,4.1656196e-05,-0.20771845,-0.15572368,0.015939118,0.0026552805,0.0001020436,-1.6585333,1.6748626,2.8736722e-05,0.23533261,2.7239978,4.068025,-0.2353796,0.15099749,0.1647263,0.088119775,0.054927602,inf,inf,inf,inf,inf,1,1,1,1,4,2,4,1,1,1,1,1,0,2,0,0,5.146402393022614,1
1577320000,1577316000,5764000,47.3979711740181,8.54616359846853,7.584656,14.803592,-2.6999588,0.0,0.0,-0.2353796,-5.1462445,9.736314e-05,0.05836596,0.036013924,-0.00081951654,-0.00039308443,4.1656196e-05,-0.2182874,-0.15519583,0.011031981,0.003128151,0.00010208183,-1.6581261,1.6748626,2.8785073e-05,0.23533261,2.7235882,4.070124,-0.2353796,0.15141296,0.16498919,0.08840602,0.055003986,inf,inf,inf,inf,inf,1,1,1,1,4,2,4,1,1,1,1,1,0,2,0,0,5.146575468070642,1
1577328000,1577324000,5764000,47.3979711740181,8.54616359846853,7.545465,14.805646,-2.6998086,0.0,0.0,-0.2353796,-5.146399,0.00024657103,0.058216106,0.035799667,-0.00081951654,-0.00039308443,4.1656196e-05,-0.21029638,-0.15663213,0.01773564,0.003594738,0.00010212012,-1.6577234,1.6748626,2.8833474e-05,0.23533261,2.7231777,4.0722246,-0.2353796,0.15183112,0.16525283,0.088692926,0.055080265,inf,inf,inf,inf,inf,1,1,1,1,4,2,4,1,1,1,1,1,0,2,0,0,5.146728265898256,1
1577336000,1577332000,5764000,47.3979711740181,8.54616359846853,7.506234,14.807667,-2.6996527,0.0,0.0,-0.2353796,-5.146592,0.00037381658,0.058060504,0.035587844,-0.00081951654,-0.00039308443,4.1656196e-05,-0.20983185,-0.15497074,0.015929805,0.0040579825,0.00010215845,-1.6573222,1.6748626,2.8881932e-05,0.23533261,2.7227666,4.074325,-0.2353796,0.15225197,0.16551726,0.08898041,0.055156443,inf,inf,inf,inf,inf,1,1,1,1,4,2,4,1,1,1,1,1,0,2,0,0,5.146919503579551,1
1577344000,1577340000,5764000,47.3979711740181,8.54616359846853,7.4669795,14.809635,-2.6994948,0.0,0.0,-0.2353796,-5.1467857,0.00043862103,0.057943445,0.035418715,-0.00081951654,-0.00039308443,4.1656196e-05,-0.20949468,-0.15556581,0.020253005,0.0045049656,0.000102157486,-1.6569355,1.6748626,2.892485e-05,0.23533261,2.7224593,4.076427,-0.2353796,0.15267466,0.16578239,0.08926281,0.055232357,inf,inf,inf,inf,inf,1,1,1,1,4,2,4,1,1,1,1,1,0,2,0,0,5.147111877250325,1
1577352000,1577348000,5764000,47.3979711740181,8.54616359846853,7.4278145,14.811722,-2.6993518,0.0,0.0,-0.2353796,-5.1468725,0.0005995406,0.057768337,0.035176966,-0.00081951654,-0.00039308443,4.1656196e-05,-0.20593883,-0.15716,0.014341901,0.004947059,0.00010197178,-1.6565583,1.6748626,2.8830596e-05,0.23533261,2.7226892,4.0781474,-0.2353796,0.15134874,0.16489546,0.08822397,0.05495358,inf,inf,inf,inf,inf,1,1,1,1,4,2,4,1,1,1,1,1,0,2,0,0,5.147196719716949,1
1577360000,1577356000,5764000,47.3979711740181,8.54616359846853,7.388608,14.813773,-2.699203,0.0,0.0,-0.2353796,-5.14708,0.000770612,0.05754822,0.034898527,-0.00081951654,-0.00039308443,4.1656196e-05,-0.21567607,-0.15141627,0.007634982,0.0053834403,0.00010201024,-1.656188,1.6748626,2.887908e-05,0.23533261,2.722281,4.0802474,-0.2353796,0.15176609,0.16515887,0.088511676,0.055029895,inf,inf,inf,inf,inf,1,1,1,1,4,2,4,1,1,1,1,1,0,2,0,0,5.147401763789963,1
1577368000,1577364000,5764000,47.3979711740181,8.54616359846853,7.3493614,14.815789,-2.6990495,0.0,0.0,-0.2353796,-5.1472893,0.00082933967,0.057371248,0.03467128,-0.00081951654,-0.00039308443,4.1656196e-05,-0.21066314,-0.16109967,0.011976807,0.005811406,0.00010204875,-1.6558244,1.6748626,2.8927618e-05,0.23533261,2.721872,4.0823483,-0.2353796,0.15218613,0.16542305,0.08879998,0.055106092,inf,inf,inf,inf,inf,1,1,1,1,4,2,4,1,1,1,1,1,0,2,0,0,5.147609084399849,1
1577376000,1577372000,5764000,47.3979711740181,8.54616359846853,7.310075,14.817771,-2.6988902,0.0,0.0,-0.2353796,-5.1474957,0.00085696153,0.05722387,0.034481425,-0.00081951654,-0.00039308443,4.1656196e-05,-0.20520616,-0.16073231,0.014655291,0.006223781,0.000102087266,-1.6554747,1.6748626,2.89762e-05,0.23533261,2.7214625,4.08445,-0.2353796,0.15260886,0.165688,0.08908877,0.055182192,inf,inf,inf,inf,inf,1,1,1,1,4,2,4,1,1,1,1,1,0,2,0,0,5.147813835716996,1
1577384000,1577380000,5764000,47.3979711740181,8.54616359846853,7.2708664,14.81987,-2.6987424,0.0,0.0,-0.2353796,-5.1476455,0.00094944093,0.057097495,0.034301102,-0.00081951654,-0.00039308443,4.1656196e-05,-0.20658195,-0.16624159,0.01862971,0.0066339294,0.00010191685,-1.6551253,1.6748626,2.8881568e-05,0.23533261,2.7215898,4.086231,-0.2353796,0.15128635,0.1649844,0.088058434,0.054926384,inf,inf,inf,inf,inf,1,1,1,1,4,2,4,1,1,1,1,1,0,2,0,0,5.1479622394733635,1
1577392000,1577388000,5764000,47.3979711740181,8.54616359846853,7.2316175,14.821934,-2.6985888,0.0,0.0,-0.2353796,-5.1477942,0.0010514718,0.056941118,0.034098733,-0.00081951654,-0.00039308443,4.1656196e-05,-0.20121886,-0.16053876,0.013848766,0.007043755,0.00010195547,-1.654777,1.6748626,2.8930135e-05,0.23533261,2.7211835,4.088332,-0.2353796,0.15170293,0.16524787,0.08834709,0.055002667,inf,inf,inf,inf,inf,1,1,1,1,4,2,4,1,1,1,1,1,0,2,0,0,5.148109218156281,1
1577400000,1577396000,5764000,47.3979711740181,8.54616359846853,7.192329,14.823961,-2.69843,0.0,0.0,-0.2353796,-5.1479745,0.0011342037,0.05672337,0.033842687,-0.00081951654,-0.00039308443,4.1656196e-05,-0.20009385,-0.1585584,0.0051758247,0.007427124,0.000101994076,-1.6544536,1.6748626,2.8978742e-05,0.23533261,2.7207768,4.0904336,-0.2353796,0.15212218,0.1655121,0.08863633,0.055078875,inf,inf,inf,inf,inf,1,1,1,1,4,2,4,1,1,1,1,1,0,2,0,0,5.148287120953186,1
1577408000,1577404000,5764000,47.3979711740181,8.54616359846853,7.153001,14.825953,-2.6982565,0.0,0.0,-0.2353796,-5.1482263,0.0011339802,0.0565842,0.033681996,-0.00081951654,-0.00039308443,4.1656196e-05,-0.20411044,-0.16463405,0.013795215,0.0077989404,0.00010203277,-1.65414,1.6748626,2.9027355e-05,0.23533261,2.7200835,4.092475,-0.2353796,0.15254413,0.16559298,0.08892607,0.055132844,inf,inf,inf,inf,inf,1,1,1,1,4,2,4,1,1,1,1,1,0,2,0,0,5.148537374207594,1
1577416000,1577412000,5764000,47.3979711740181,8.54616359846853,7.113764,14.828038,-2.6980882,0.0,0.0,-0.2353796,-5.1483173,0.0012178213,0.0564673,0.033538625,-0.00081951654,-0.00039308443,4.1656196e-05,-0.19681153,-0.16404642,0.01772912,0.00815654,0.0001018388,-1.6538389,1.6748626,2.892672e-05,0.23533261,2.719994,4.094258,-0.2353796,0.15122412,0.16489093,0.087898284,0.054878123,inf,inf,inf,inf,inf,1,1,1,1,4,2,4,1,1,1,1,1,0,2,0,0,5.148627104436415,1
1577424000,1577420000,5764000,47.3979711740181,8.54616359846853,7.0744877,14.830087,-2.6979146,0.0,0.0,-0.2353796,-5.1483736,0.0012994674,0.05628967,0.03334158,-0.00081951654,-0.00039308443,4.1656196e-05,-0.18727991,-0.15988067,0.009166076,0.008512385,0.00010187759,-1.6535465,1.6748626,2.8975357e-05,0.23533261,2.7195888,4.096359,-0.2353796,0.15163994,0.16515416,0.08818776,0.054954436,inf,inf,inf,inf,inf,1,1,1,1,4,2,4,1,1,1,1,1,0,2,0,0,5.148681475945195,1
1577432000,1577428000,5764000,47.3979711740181,8.54616359846853,7.035172,14.832099,-2.6977353,0.0,0.0,-0.2353796,-5.1485944,0.0013651164,0.056216687,0.033256,-0.00081951654,-0.00039308443,4.1656196e-05,-0.20282036,-0.15755501,0.021302605,0.008863559,0.00010191642,-1.6532571,1.6748626,2.9024048e-05,0.23533261,2.7191825,4.0984607,-0.2353796,0.15205842,0.16541813,0.08847781,0.055030674,inf,inf,inf,inf,inf,1,1,1,1,4,2,4,1,1,1,1,1,0,2,0,0,5.1489014823699435,1
1577440000,1577436000,5764000,47.3979711740181,8.54616359846853,6.9958167,14.834076,-2.6975508,0.0,0.0,-0.2353796,-5.148762,0.0013879987,0.056129895,0.033163212,-0.00081951654,-0.00039308443,4.1656196e-05,-0.19133541,-0.15867743,0.01865858,0.009197274,0.000101955324,-1.6529834,1.6748626,2.9072798e-05,0.23533261,2.7187753,4.100563,-0.2353796,0.15247959,0.1656829,0.08876842,0.055106826,inf,inf,inf,inf,inf,1,1,1,1,4,2,4,1,1,1,1,1,0,2,0,0,5.1490681316425695,1
1577448000,1577444000,5764000,47.3979711740181,8.54616359846853,6.9565516,14.836171,-2.6973805,0.0,0.0,-0.2353796,-5.148946,0.0015616054,0.05594546,0.03295798,-0.00081951654,-0.00039308443,4.1656196e-05,-0.20290802,-0.15360515,0.008003785,0.009524119,0.000101812635,-1.6527147,1.6748626,2.8977262e-05,0.23533261,2.71897,4.1023455,-0.2353796,0.15116367,0.16497955,0.087753296,0.05485286,inf,inf,inf,inf,inf,1,1,1,1,4,2,4,1,1,1,1,1,0,2,0,0,5.149250163278342,1
1577456000,1577452000,5764000,47.3979711740181,8.54616359846853,6.917246,14.83823,-2.6971822,0.0,0.0,-0.2353796,-5.1491637,0.0015991193,0.055776823,0.03279868,-0.00081951654,-0.00039308443,4.1656196e-05,-0.20218709,-0.16612603,0.008472706,0.0098409625,0.00010185159,-1.6524574,1.6748626,2.902593e-05,0.23533261,2.7178533,4.104387,-0.2353796,0.15157872,0.16506048,0.08804371,0.054907393,inf,inf,inf,inf,inf,1,1,1,1,4,2,4,1,1,1,1,1,0,2,0,0,5.14946603256728,1
1577464000,1577460000,5764000,47.3979711740181,8.54616359846853,6.8778996,14.840252,-2.6969795,0.0,0.0,-0.2353796,-5.149377,0.0016483027,0.055634037,0.03267108,-0.00081951654,-0.00039308443,4.1656196e-05,-0.19673106,-0.1603037,0.010810326,0.010149001,0.00010189061,-1.6522071,1.6748626,2.9074708e-05,0.23533261,2.717447,4.106489,-0.2353796,0.15199648,0.16532423,0.08833471,0.05498366,inf,inf,inf,inf,inf,1,1,1,1,4,2,4,1,1,1,1,1,0,2,0,0,5.14967779099855,1
1577472000,1577468000,5764000,47.3979711740181,8.54616359846853,6.8385143,14.842237,-2.6967726,0.0,0.0,-0.2353796,-5.1496043,0.0016328583,0.0555146,0.032572474,-0.00081951654,-0.00039308443,4.1656196e-05,-0.19372775,-0.16412185,0.012861564,0.010443437,0.000101929654,-1.6519687,1.6748626,2.912353e-05,0.23533261,2.71704,4.1085916,-0.2353796,0.15241691,0.16558872,0.08862638,0.05505986,inf,inf,inf,inf,inf,1,1,1,1,4,2,4,1,1,1,1,1,0,2,0,0,5.14990378391848,1
1577480000,1577476000,5764000,47.3979711740181,8.54616359846853,6.7992067,14.844334,-2.6965852,0.0,0.0,-0.2353796,-5.149778,0.0017271668,0.055363037,0.032420803,-0.00081951654,-0.00039308443,4.1656196e-05,-0.19623902,-0.16330746,0.010574236,0.010714579,0.00010179919,-1.6517519,1.6748626,2.9027451e-05,0.23533261,2.717395,4.1103754,-0.2353796,0.15110414,0.16488694,0.087617956,0.05480707,inf,inf,inf,inf,inf,1,1,1,1,4,2,4,1,1,1,1,1,0,2,0,0,5.150075873058087,1
1577488000,1577484000,5764000,47.3979711740181,8.54616359846853,6.7598734,14.846376,-2.6963959,0.0,0.0,-0.2353796,-5.1499605,0.0016968425,0.055261225,0.032321606,-0.00081951654,-0.00039308443,4.1656196e-05,-0.19671549,-0.17190772,0.016386153,0.01098361,0.00010180152,-1.6515386,1.6748626,2.9070688e-05,0.23533261,2.7170873,4.1124773,-0.2353796,0.15151772,0.16514993,0.087904565,0.05488331,inf,inf,inf,inf,inf,1,1,1,1,4,2,4,1,1,1,1,1,0,2,0,0,5.150257258994275,1
1577496000,1577492000,5764000,47.3979711740181,8.54616359846853,6.720501,14.848382,-2.6962018,0.0,0.0,-0.2353796,-5.150152,0.0017394947,0.055122696,0.032191772,-0.00081951654,-0.00039308443,4.1656196e-05,-0.19304764,-0.15847826,0.0109151,0.011257987,0.00010184069,-1.6513242,1.6748626,2.9119532e-05,0.23533261,2.7166834,4.1145797,-0.2353796,0.15193473,0.16541374,0.088196404,0.0549596,inf,inf,inf,inf,inf,1,1,1,1,4,2,4,1,1,1,1,1,0,2,0,0,5.150447277718715,1
1577504000,1577500000,5764000,47.3979711740181,8.54616359846853,6.6810894,14.85035,-2.6959987,0.0,0.0,-0.2353796,-5.1503453,0.0017150105,0.054985672,0.03207332,-0.00081951654,-0.00039308443,4.1656196e-05,-0.18857948,-0.16267338,0.010149087,0.0115095265,0.00010187991,-1.651131,1.6748626,2.916838e-05,0.23533261,2.7161558,4.116622,-0.2353796,0.1523544,0.16549452,0.088488854,0.05501369,inf,inf,inf,inf,inf,1,1,1,1,4,2,4,1,1,1,1,1,0,2,0,0,5.150639093803641,1
1577512000,1577508000,5764000,47.3979711740181,8.54616359846853,6.641751,14.852419,-2.6958184,0.0,0.0,-0.2353796,-5.150513,0.0017699522,0.054816913,0.031899948,-0.00081951654,-0.00039308443,4.1656196e-05,-0.19416419,-0.16450162,0.007944181,0.011742984,0.00010176098,-1.6509542,1.6748626,2.9071794e-05,0.23533261,2.716585,4.1184063,-0.2353796,0.15104474,0.1647943,0.08748721,0.054762084,inf,inf,inf,inf,inf,1,1,1,1,4,2,4,1,1,1,1,1,0,2,0,0,5.150805004060107,1
1577520000,1577516000,5764000,47.3979711740181,8.54616359846853,6.6023726,14.854449,-2.695633,0.0,0.0,-0.2353796,-5.150688,0.0017617486,0.054690134,0.03177489,-0.00081951654,-0.00039308443,4.1656196e-05,-0.19025737,-0.16798997,0.012312549,0.011979124,0.0001018003,-1.6507761,1.6748626,2.9120672e-05,0.23533261,2.7161837,4.120508,-0.2353796,0.15145843,0.16505711,0.08777967,0.05483853,inf,inf,inf,inf,inf,1,1,1,1,4,2,4,1,1,1,1,1,0,2,0,0,5.150978643700541,1
1577528000,1577524000,5764000,47.3979711740181,8.54616359846853,6.5629554,14.856442,-2.6954427,0.0,0.0,-0.2353796,-5.1508737,0.0017013212,0.054529756,0.031622358,-0.00081951654,-0.00039308443,4.1656196e-05,-0.18682323,-0.17022774,0.007258262,0.01219612,0.00010183968,-1.6506155,1.6748626,2.9169601e-05,0.23533261,2.7157815,4.122611,-0.2353796,0.15187478,0.16532066,0.08807261,0.05491487,inf,inf,inf,inf,inf,1,1,1,1,4,2,4,1,1,1,1,1,0,2,0,0,5.151162612666672,1
1577536000,1577532000,5764000,47.3979711740181,8.54616359846853,6.523499,14.858398,-2.6952477,0.0,0.0,-0.2353796,-5.151161,0.0016477813,0.054365177,0.03147154,-0.00081951654,-0.00039308443,4.1656196e-05,-0.19498464,-0.16518678,0.0059031877,0.012404162,0.0001018791,-1.6504622,1.6748626,2.9218583e-05,0.23533261,2.7153783,4.124715,-0.2353796,0.15229377,0.16558498,0.08836611,0.054991145,inf,inf,inf,inf,inf,1,1,1,1,4,2,4,1,1,1,1,1,0,2,0,0,5.1514481396568925,1
1577544000,1577540000,5764000,47.3979711740181,8.54616359846853,6.484112,14.8604555,-2.6950688,0.0,0.0,-0.2353796,-5.1513386,0.0016851135,0.054216333,0.03131945,-0.00081951654,-0.00039308443,4.1656196e-05,-0.18959793,-0.16554329,0.009266193,0.012600269,0.00010177062,-1.6503191,1.6748626,2.9121398e-05,0.23533261,2.715631,4.1264987,-0.2353796,0.15098709,0.16488342,0.08737054,0.054740034,inf,inf,inf,inf,inf,1,1,1,1,4,2,4,1,1,1,1,1,0,2,0,0,5.151624173231335,1
1577552000,1577548000,5764000,47.3979711740181,8.54616359846853,6.4447002,14.862458,-2.6948876,0.0,0.0,-0.2353796,-5.151496,0.0016760691,0.054086234,0.03118987,-0.00081951654,-0.00039308443,4.1656196e-05,-0.18650758,-0.16460651,0.011202413,0.012792355,0.00010177424,-1.6501814,1.6748626,2.9164743e-05,0.23533261,2.7152994,4.1285415,-0.2353796,0.1513993,0.16496421,0.08765941,0.05479458,inf,inf,inf,inf,inf,1,1,1,1,4,2,4,1,1,1,1,1,0,2,0,0,5.151780194062236,1
1577560000,1577556000,5764000,47.3979711740181,8.54616359846853,6.40525,14.864425,-2.6947007,0.0,0.0,-0.2353796,-5.1516395,0.001647205,0.053974982,0.03108531,-0.00081951654,-0.00039308443,4.1656196e-05,-0.18016662,-0.1628733,0.012723262,0.012974291,0.00010181376,-1.650058,1.6748626,2.921373e-05,0.23533261,2.7148993,4.130645,-0.2353796,0.15181497,0.16522753,0.08795332,0.054870978,inf,inf,inf,inf,inf,1,1,1,1,4,2,4,1,1,1,1,1,0,2,0,0,5.151922510085576,1
1577568000,1577564000,5764000,47.3979711740181,8.54616359846853,6.365762,14.866354,-2.6945095,0.0,0.0,-0.2353796,-5.1518188,0.0015674352,0.05380308,0.030926064,-0.00081951654,-0.00039308443,4.1656196e-05,-0.18005022,-0.16513517,0.004330184,0.013143496,0.00010185337,-1.6499459,1.6748626,2.9262781e-05,0.23533261,2.7144983,4.1327486,-0.2353796,0.15223327,0.16549161,0.088247694,0.054947264,inf,inf,inf,inf,inf,1,1,1,1,4,2,4,1,1,1,1,1,0,2,0,0,5.1520999773203195,1
1577576000,1577572000,5764000,47.3979711740181,8.54616359846853,6.3263407,14.868374,-2.6943378,0.0,0.0,-0.2353796,-5.151955,0.0015793408,0.0536565,0.030771714,-0.00081951654,-0.00039308443,4.1656196e-05,-0.18248907,-0.16432706,0.008905771,0.013303157,0.00010175468,-1.6498418,1.6748626,2.9165021e-05,0.23533261,2.7148619,4.134534,-0.2353796,0.15092954,0.16479157,0.087258056,0.05469725,inf,inf,inf,inf,inf,1,1,1,1,4,2,4,1,1,1,1,1,0,2,0,0,5.152234644922008,1
1577584000,1577580000,5764000,47.3979711740181,8.54616359846853,6.2868805,14.870355,-2.694161,0.0,0.0,-0.2353796,-5.1522055,0.0015317864,0.0535073,0.030621206,-0.00081951654,-0.00039308443,4.1656196e-05,-0.19202563,-0.16747774,0.007749069,0.013454106,0.000101794336,-1.6497475,1.6748626,2.9214032e-05,0.23533261,2.7144635,4.1366363,-0.2353796,0.15134192,0.1650542,0.08755209,0.05477373,inf,inf,inf,inf,inf,1,1,1,1,4,2,4,1,1,1,1,1,0,2,0,0,5.152483565403496,1
1577592000,1577588000,5764000,47.3979711740181,8.54616359846853,6.2473817,14.872299,-2.6939793,0.0,0.0,-0.2353796,-5.152424,0.0014528988,0.053361453,0.030480314,-0.00081951654,-0.00039308443,4.1656196e-05,-0.18351014,-0.16722347,0.0073635015,0.013585242,0.00010183403,-1.6496714,1.6748626,2.9263094e-05,0.23533261,2.7140636,4.13874,-0.2353796,0.15175694,0.16531758,0.08784673,0.054850094,inf,inf,inf,inf,inf,1,1,1,1,4,2,4,1,1,1,1,1,0,2,0,0,5.152700518306609,1
1577600000,1577596000,5764000,47.3979711740181,8.54616359846853,6.207845,14.874207,-2.6937923,0.0,0.0,-0.2353796,-5.1526613,0.0013613869,0.053200454,0.030330306,-0.00081951654,-0.00039308443,4.1656196e-05,-0.18156959,-0.16473794,0.0046864147,0.013715069,0.000101873775,-1.6495951,1.6748626,2.9312205e-05,0.23533261,2.713663,4.1408443,-0.2353796,0.1521746,0.16558172,0.08814207,0.054926377,inf,inf,inf,inf,inf,1,1,1,1,4,2,4,1,1,1,1,1,0,2,0,0,5.152936115866156,1
1577608000,1577604000,5764000,47.3979711740181,8.54616359846853,6.168272,14.876078,-2.693592,0.0,0.0,-0.2353796,-5.152943,0.0012296131,0.053074174,0.030229364,-0.00081951654,-0.00039308443,4.1656196e-05,-0.18281023,-0.16580023,0.008057336,0.013824114,0.000101913596,-1.649538,1.6748626,2.9361323e-05,0.23533261,2.7130013,4.142888,-0.2353796,0.15259492,0.16566229,0.088438034,0.054980393,inf,inf,inf,inf,inf,1,1,1,1,4,2,4,1,1,1,1,1,0,2,0,0,5.153216465581778,1
1577616000,1577612000,5764000,47.3979711740181,8.54616359846853,6.1287866,14.878036,-2.69342,0.0,0.0,-0.2353796,-5.153121,0.0011744556,0.052892946,0.03004496,-0.00081951654,-0.00039308443,4.1656196e-05,-0.17907152,-0.16666351,0.0028829088,0.013929772,0.000101823956,-1.6494828,1.6748626,2.926069e-05,0.23533261,2.7135985,4.1446733,-0.2353796,0.15127796,0.16495927,0.08744054,0.054729715,inf,inf,inf,inf,inf,1,1,1,1,4,2,4,1,1,1,1,1,0,2,0,0,5.153392580012075,1
1577624000,1577620000,5764000,47.3979711740181,8.54616359846853,6.0892773,14.879941,-2.6932454,0.0,0.0,-0.2353796,-5.153303,0.0010523375,0.052665383,0.029817248,-0.00081951654,-0.00039308443,4.1656196e-05,-0.17923665,-0.168685,-0.0032545065,0.014030317,0.000101828744,-1.6494343,1.6748626,2.9304238e-05,0.23533261,2.713293,4.146777,-0.2353796,0.15169148,0.16522235,0.08773193,0.05480603,inf,inf,inf,inf,inf,1,1,1,1,4,2,4,1,1,1,1,1,0,2,0,0,5.153572213502955,1
1577632000,1577628000,5764000,47.3979711740181,8.54616359846853,6.049731,14.88181,-2.693067,0.0,0.0,-0.2353796,-5.153484,0.0009035288,0.05245849,0.029616432,-0.00081951654,-0.00039308443,4.1656196e-05,-0.174643,-0.16805142,-0.0014416872,0.014126854,0.0001018687,-1.6493938,1.6748626,2.9353418e-05,0.23533261,2.7128952,4.1488814,-0.2353796,0.15210842,0.16548623,0.08802818,0.054882374,inf,inf,inf,inf,inf,1,1,1,1,4,2,4,1,1,1,1,1,0,2,0,0,5.15375106575719,1
1577640000,1577636000,5764000,47.3979711740181,8.54616359846853,6.0101476,14.883643,-2.6928835,0.0,0.0,-0.2353796,-5.153756,0.00070975465,0.05233436,0.029504387,-0.00081951654,-0.00039308443,4.1656196e-05,-0.18179989,-0.16979758,0.008154194,0.01421169,0.00010190871,-1.6493635,1.6748626,2.9402649e-05,0.23533261,2.7124965,4.1509867,-0.2353796,0.152528,0.16575089,0.088324964,0.054958656,inf,inf,inf,inf,inf,1,1,1,1,4,2,4,1,1,1,1,1,0,2,0,0,5.1540217594150946,1
1577648000,1577644000,5764000,47.3979711740181,8.54616359846853,5.970648,14.885565,-2.692738,0.0,0.0,-0.2353796,-5.1539083,0.00063125865,0.052173417,0.029315913,-0.00081951654,-0.00039308443,4.1656196e-05,-0.17552903,-0.16622326,0.00603497,0.014275654,0.00010182728,-1.6493526,1.6748626,2.9301471e-05,0.23533261,2.713439,4.152771,-0.2353796,0.15121427,0.16504656,0.08733314,0.05470844,inf,inf,inf,inf,inf,1,1,1,1,4,2,4,1,1,1,1,1,0,2,0,0,5.154172409683036,1
1577656000,1577652000,5764000,47.3979711740181,8.54616359846853,5.9311104,14.887448,-2.6926184,0.0,0.0,-0.2353796,-5.154142,0.00048814062,0.051953945,0.029044235,-0.00081951654,-0.00039308443,4.1656196e-05,-0.1813814,-0.17026232,-0.0012991949,0.0143344365,0.00010186737,-1.6493483,1.6748626,2.9350613e-05,0.23533261,2.714022,4.1548147,-0.2353796,0.15162785,0.16512717,0.08762964,0.054763008,inf,inf,inf,inf,inf,1,1,1,1,4,2,4,1,1,1,1,1,0,2,0,0,5.154403865321996,1
1577664000,1577660000,5764000,47.3979711740181,8.54616359846853,5.8915358,14.889296,-2.692493,0.0,0.0,-0.2353796,-5.154343,0.0003720796,0.051813036,0.028859181,-0.00081951654,-0.00039308443,4.1656196e-05,-0.17307872,-0.16292723,0.0077225263,0.014383862,0.00010190753,-1.6493517,1.6748626,2.939986e-05,0.23533261,2.7136292,4.1569195,-0.2353796,0.15204409,0.1653908,0.08792681,0.054839395,inf,inf,inf,inf,inf,1,1,1,1,4,2,4,1,1,1,1,1,0,2,0,0,5.1546034271117085,1
1577672000,1577668000,5764000,47.3979711740181,8.54616359846853,5.8519235,14.891107,-2.6923604,0.0,0.0,-0.2353796,-5.1545906,0.00015077158,0.05170755,0.02871735,-0.00081951654,-0.00039308443,4.1656196e-05,-0.17467073,-0.17222597,0.011373776,0.01442148,0.000101947684,-1.6493655,1.6748626,2.9449144e-05,0.23533261,2.7132359,4.1590242,-0.2353796,0.15246299,0.16565521,0.08822448,0.054915696,inf,inf,inf,inf,inf,1,1,1,1,4,2,4,1,1,1,1,1,0,2,0,0,5.154849944185323,1
1577680000,1577676000,5764000,47.3979711740181,8.54616359846853,5.812386,14.893011,-2.6922584,0.0,0.0,-0.2353796,-5.1547256,7.3842355e-05,0.05148543,0.028428137,-0.00081951654,-0.00039308443,4.1656196e-05,-0.16831224,-0.16578235,-0.0009862705,0.014447359,0.00010187357,-1.6493896,1.6748626,2.9347306e-05,0.23533261,2.7139668,4.16081,-0.2353796,0.15115234,0.16495249,0.08723806,0.054666612,inf,inf,inf,inf,inf,1,1,1,1,4,2,4,1,1,1,1,1,0,2,0,0,5.154982712507418,1
1577688000,1577684000,5764000,47.3979711740181,8.54616359846853,5.772811,14.894878,-2.6921496,0.0,0.0,-0.2353796,-5.154896,-4.5432243e-06,0.05125624,0.028140472,-0.00081951654,-0.00039308443,4.1656196e-05,-0.16838294,-0.16190158,-0.0026877967,0.014471539,0.00010191383,-1.6494168,1.6748626,2.9396557e-05,0.23533261,2.7135785,4.1629143,-0.2353796,0.15156528,0.1652154,0.087535575,0.05474311,inf,inf,inf,inf,inf,1,1,1,1,4,2,4,1,1,1,1,1,0,2,0,0,5.155150819614843,1
1577696000,1577692000,5764000,47.3979711740181,8.54616359846853,5.733213,14.896694,-2.692038,0.0,0.0,-0.2353796,-5.1550775,-0.00018200651,0.051065236,0.027896104,-0.00081951654,-0.00039308443,4.1656196e-05,-0.16953813,-0.16823368,0.0017033889,0.014485813,0.000101919686,-1.6494524,1.6748626,2.9440245e-05,0.23533261,2.7132807,4.1650195,-0.2353796,0.15198007,0.16547905,0.08782944,0.054819405,inf,inf,inf,inf,inf,1,1,1,1,4,2,4,1,1,1,1,1,0,2,0,0,5.155330418359269,1
1577704000,1577700000,5764000,47.3979711740181,8.54616359846853,5.6935787,14.898475,-2.6919127,0.0,0.0,-0.2353796,-5.1553273,-0.00039138272,0.050915904,0.02770924,-0.00081951654,-0.00039308443,4.1656196e-05,-0.17392285,-0.16841426,0.0059404406,0.014505948,0.000101960046,-1.6494861,1.6748626,2.9489544e-05,0.23533261,2.7126575,4.167064,-0.2353796,0.15239827,0.16555949,0.088127844,0.05487355,inf,inf,inf,inf,inf,1,1,1,1,4,2,4,1,1,1,1,1,0,2,0,0,5.155578740799704,1
1577712000,1577708000,5764000,47.3979711740181,8.54616359846853,5.65401,14.90035,-2.6918168,0.0,0.0,-0.2353796,-5.155492,-0.0005134465,0.050680377,0.027405752,-0.00081951654,-0.00039308443,4.1656196e-05,-0.16964036,-0.16955428,-0.002460554,0.014515139,0.00010189274,-1.6495293,1.6748626,2.9387094e-05,0.23533261,2.713382,4.168851,-0.2353796,0.15109068,0.16485837,0.087146245,0.05462551,inf,inf,inf,inf,inf,1,1,1,1,4,2,4,1,1,1,1,1,0,2,0,0,5.155741122894376,1
1577720000,1577716000,5764000,47.3979711740181,8.54616359846853,5.614404,14.902188,-2.6917148,0.0,0.0,-0.2353796,-5.1556563,-0.00068908394,0.05043393,0.027100053,-0.00081951654,-0.00039308443,4.1656196e-05,-0.16544363,-0.17223117,-0.0046496275,0.014515093,0.00010193318,-1.6495829,1.6748626,2.94364e-05,0.23533261,2.712998,4.1709557,-0.2353796,0.15150297,0.16512105,0.08744462,0.054702025,inf,inf,inf,inf,inf,1,1,1,1,4,2,4,1,1,1,1,1,0,2,0,0,5.1559030188572805,1
1577728000,1577724000,5764000,47.3979711740181,8.54616359846853,5.5747614,14.903989,-2.6916065,0.0,0.0,-0.2353796,-5.1558743,-0.0008810392,0.05023538,0.026850676,-0.00081951654,-0.00039308443,4.1656196e-05,-0.16807076,-0.17035551,0.00053644174,0.014505128,0.00010197362,-1.6496449,1.6748626,2.9485742e-05,0.23533261,2.7126133,4.173061,-0.2353796,0.15191789,0.16538449,0.087743424,0.054778446,inf,inf,inf,inf,inf,1,1,1,1,4,2,4,1,1,1,1,1,0,2,0,0,5.156119099384178,1
1577736000,1577732000,5764000,47.3979711740181,8.54616359846853,5.5350823,14.905754,-2.6914926,0.0,0.0,-0.2353796,-5.156094,-0.0010806975,0.050009556,0.026582183,-0.00081951654,-0.00039308443,4.1656196e-05,-0.16428712,-0.16749781,-0.0036503186,0.014494048,0.00010201415,-1.6497065,1.6748626,2.9535146e-05,0.23533261,2.7122283,4.175167,-0.2353796,0.15233545,0.16564868,0.08804281,0.054854807,inf,inf,inf,inf,inf,1,1,1,1,4,2,4,1,1,1,1,1,0,2,0,0,5.156336631799209,1
1577744000,1577740000,5764000,47.3979711740181,8.54616359846853,5.4954567,14.907601,-2.6914153,0.0,0.0,-0.2353796,-5.1562767,-0.0011747221,0.04982501,0.026318163,-0.00081951654,-0.00039308443,4.1656196e-05,-0.16523539,-0.16464025,0.0039990987,0.014461022,0.000101952915,-1.6497886,1.6748626,2.9431989e-05,0.23533261,2.7131612,4.176954,-0.2353796,0.15103078,0.16494624,0.08706591,0.054607186,inf,inf,inf,inf,inf,1,1,1,1,4,2,4,1,1,1,1,1,0,2,0,0,5.156517557281892,1
1577752000,1577748000,5764000,47.3979711740181,8.54616359846853,5.4557953,14.909413,-2.6913743,0.0,0.0,-0.2353796,-5.15638,-0.0013212127,0.049703036,0.02608108,-0.00081951654,-0.00039308443,4.1656196e-05,-0.1514337,-0.16723266,0.012090429,0.014427522,0.000101993515,-1.6498722,1.6748626,2.94813e-05,0.23533261,2.7141557,4.1789985,-0.2353796,0.15144242,0.16502674,0.08736502,0.054661907,inf,inf,inf,inf,inf,1,1,1,1,4,2,4,1,1,1,1,1,0,2,0,0,5.156619710798017,1
1577760000,1577756000,5764000,47.3979711740181,8.54616359846853,5.416098,14.911188,-2.6913257,0.0,0.0,-0.2353796,-5.156582,-0.001512428,0.049465273,0.025738668,-0.00081951654,-0.00039308443,4.1656196e-05,-0.15978849,-0.1689335,-0.0032186506,0.014378133,0.000102034166,-1.6499703,1.6748626,2.953071e-05,0.23533261,2.713778,4.1811047,-0.2353796,0.15185674,0.16528992,0.08766467,0.054738376,inf,inf,inf,inf,inf,1,1,1,1,4,2,4,1,1,1,1,1,0,2,0,0,5.156819467791696,1
1577768000,1577764000,5764000,47.3979711740181,8.54616359846853,5.37638,14.912912,-2.6912723,0.0,0.0,-0.2353796,-5.156802,-0.0017529902,0.04926999,0.025445703,-0.00081951654,-0.00039308443,4.1656196e-05,-0.16206929,-0.1693342,0.0016693956,0.014328099,0.00010204099,-1.6500677,1.6748626,2.9574529e-05,0.23533261,2.7134895,4.183211,-0.2353796,0.15227291,0.16555384,0.08796099,0.05481465,inf,inf,inf,inf,inf,1,1,1,1,4,2,4,1,1,1,1,1,0,2,0,0,5.157037664405141,1
1577776000,1577772000,5764000,47.3979711740181,8.54616359846853,5.336725,14.91471,-2.691248,0.0,0.0,-0.2353796,-5.156936,-0.0019549597,0.049053308,0.025102539,-0.00081951654,-0.00039308443,4.1656196e-05,-0.1581362,-0.17362614,0.0011073424,0.014272494,0.00010198538,-1.6501745,1.6748626,2.947071e-05,0.23533261,2.714252,4.184998,-0.2353796,0.1509711,0.16485299,0.08698871,0.05456807,inf,inf,inf,inf,inf,1,1,1,1,4,2,4,1,1,1,1,1,0,2,0,0,5.157169665328955,1
1577784000,1577780000,5764000,47.3979711740181,8.54616359846853,5.2970343,14.916471,-2.691216,0.0,0.0,-0.2353796,-5.1571407,-0.002184612,0.04884074,0.024774428,-0.00081951654,-0.00039308443,4.1656196e-05,-0.16295926,-0.1732088,0.00076135615,0.014204081,0.00010202614,-1.6502954,1.6748626,2.9520106e-05,0.23533261,2.7138808,4.1871037,-0.2353796,0.15138216,0.16511548,0.087288834,0.05464464,inf,inf,inf,inf,inf,1,1,1,1,4,2,4,1,1,1,1,1,0,2,0,0,5.1573724308032896,1
1577792000,1577788000,5764000,47.3979711740181,8.54616359846853,5.2573075,14.918195,-2.6911764,0.0,0.0,-0.2353796,-5.1573386,-0.0024344164,0.048620243,0.024448982,-0.00081951654,-0.00039308443,4.1656196e-05,-0.1581498,-0.17195094,-0.0010649672,0.014133289,0.000102067,-1.6504172,1.6748626,2.9569572e-05,0.23533261,2.7135096,4.1892095,-0.2353796,0.15179586,0.16537872,0.0875893,0.054721132,inf,inf,inf,inf,inf,1,1,1,1,4,2,4,1,1,1,1,1,0,2,0,0,5.15756835044021,1
1577800000,1577796000,5764000,47.3979711740181,8.54616359846853,5.217546,14.919883,-2.6911287,0.0,0.0,-0.2353796,-5.157557,-0.0027529295,0.048439145,0.024173187,-0.00081951654,-0.00039308443,4.1656196e-05,-0.1568841,-0.17686124,0.003047753,0.014050889,0.000102107864,-1.6505492,1.6748626,2.961907e-05,0.23533261,2.7131379,4.1913166,-0.2353796,0.1522122,0.16564272,0.08789031,0.05479751,inf,inf,inf,inf,inf,1,1,1,1,4,2,4,1,1,1,1,1,0,2,0,0,5.15778519692689,1
1577808000,1577804000,5764000,47.3979711740181,8.54616359846853,5.1778426,14.921655,-2.6911216,0.0,0.0,-0.2353796,-5.1576953,-0.0029427537,0.04826416,0.023862993,-0.00081951654,-0.00039308443,4.1656196e-05,-0.15307759,-0.17135672,0.0063925977,0.013968037,0.00010205713,-1.6506802,1.6748626,2.9514442e-05,0.23533261,2.714261,4.1930437,-0.2353796,0.15091313,0.16475922,0.08692191,0.05452967,inf,inf,inf,inf,inf,1,1,1,1,4,2,4,1,1,1,1,1,0,2,0,0,5.1579219552627915,1
1577816000,1577812000,5764000,47.3979711740181,8.54616359846853,5.138104,14.92339,-2.6911058,0.0,0.0,-0.2353796,-5.157872,-0.0031532932,0.048093256,0.023568239,-0.00081951654,-0.00039308443,4.1656196e-05,-0.15398781,-0.17008045,0.006039161,0.013879584,0.00010209808,-1.650818,1.6748626,2.9563893e-05,0.23533261,2.7138958,4.19515,-0.2353796,0.15132363,0.16502146,0.08722259,0.05460626,inf,inf,inf,inf,inf,1,1,1,1,4,2,4,1,1,1,1,1,0,2,0,0,5.158097175598254,1
1577824000,1577820000,5764000,47.3979711740181,8.54616359846853,5.098331,14.92509,-2.691082,0.0,0.0,-0.2353796,-5.158081,-0.0033891117,0.047937453,0.023299597,-0.00081951654,-0.00039308443,4.1656196e-05,-0.15424505,-0.16947553,0.0070887613,0.013786364,0.00010213907,-1.6509591,1.6748626,2.961339e-05,0.23533261,2.7135298,4.197256,-0.2353796,0.15173677,0.16528447,0.08752381,0.054682788,inf,inf,inf,inf,inf,1,1,1,1,4,2,4,1,1,1,1,1,0,2,0,0,5.1583048657518535,1
1577832000,1577828000,5764000,47.3979711740181,8.54616359846853,5.0585375,14.92674,-2.6910524,0.0,0.0,-0.2353796,-5.1583414,-0.0036588016,0.047775958,0.023032859,-0.00081951654,-0.00039308443,4.1656196e-05,-0.16069019,-0.16816792,0.005930196,0.013683763,0.00010214676,-1.6511084,1.6748626,2.9657303e-05,0.23533261,2.7132504,4.199363,-0.2353796,0.15215178,0.16554818,0.08782194,0.054759108,inf,inf,inf,inf,inf,1,1,1,1,4,2,4,1,1,1,1,1,0,2,0,0,5.158563940472768,1
1577840000,1577836000,5764000,47.3979711740181,8.54616359846853,5.0187926,14.9284725,-2.69107,0.0,0.0,-0.2353796,-5.1585445,-0.0038476954,0.047608692,0.022712274,-0.00081951654,-0.00039308443,4.1656196e-05,-0.1586946,-0.16836588,0.008326954,0.013581074,0.00010210054,-1.6512614,1.6748626,2.955202e-05,0.23533261,2.7146187,4.201152,-0.2353796,0.15085544,0.16484761,0.086857416,0.054513853,inf,inf,inf,inf,inf,1,1,1,1,4,2,4,1,1,1,1,1,0,2,0,0,5.158765622781684,1
1577848000,1577844000,5764000,47.3979711740181,8.54616359846853,4.979013,14.930169,-2.6910791,0.0,0.0,-0.2353796,-5.1587253,-0.0040249247,0.04744055,0.022402927,-0.00081951654,-0.00039308443,4.1656196e-05,-0.15214364,-0.16311206,0.0073253172,0.013476382,0.00010214166,-1.6514175,1.6748626,2.9601513e-05,0.23533261,2.7142613,4.203258,-0.2353796,0.15126537,0.1651099,0.08715902,0.054590464,inf,inf,inf,inf,inf,1,1,1,1,4,2,4,1,1,1,1,1,0,2,0,0,5.158945001321805,1
1577856000,1577852000,5764000,47.3979711740181,8.54616359846853,4.9391985,14.93183,-2.6910477,0.0,0.0,-0.2353796,-5.1589565,-0.004233196,0.047231976,0.02209694,-0.00081951654,-0.00039308443,4.1656196e-05,-0.15468732,-0.16327795,0.0006197951,0.013358842,0.00010218288,-1.6515852,1.6748626,2.965101e-05,0.23533261,2.712921,4.2053046,-0.2353796,0.15167792,0.16519019,0.087460995,0.054645073,inf,inf,inf,inf,inf,1,1,1,1,4,2,4,1,1,1,1,1,0,2,0,0,5.159174444462747,1
1577864000,1577860000,5764000,47.3979711740181,8.54616359846853,4.89935,14.933456,-2.6910086,0.0,0.0,-0.2353796,-5.1591754,-0.00448531,0.04699603,0.021773826,-0.00081951654,-0.00039308443,4.1656196e-05,-0.14947851,-0.16516142,-0.0036200506,0.013234661,0.00010222414,-1.6517581,1.6748626,2.9700605e-05,0.23533261,2.7125616,4.2074113,-0.2353796,0.15209314,0.16545372,0.087763734,0.05472153,inf,inf,inf,inf,inf,1,1,1,1,4,2,4,1,1,1,1,1,0,2,0,0,5.159391393643896,1
1577872000,1577868000,5764000,47.3979711740181,8.54616359846853,4.859469,14.935048,-2.6909628,0.0,0.0,-0.2353796,-5.1593943,-0.0047430773,0.046810728,0.021511272,-0.00081951654,-0.00039308443,4.1656196e-05,-0.14602453,-0.16235855,0.0019143334,0.0131081,0.00010226545,-1.651932,1.6748626,2.9750248e-05,0.23533261,2.7122025,4.2095194,-0.2353796,0.152511,0.16571799,0.088067085,0.054797895,inf,inf,inf,inf,inf,1,1,1,1,4,2,4,1,1,1,1,1,0,2,0,0,5.1596088305132835,1
1577880000,1577876000,5764000,47.3979711740181,8.54616359846853,4.819642,14.936723,-2.6909642,0.0,0.0,-0.2353796,-5.1595798,-0.004963676,0.046621084,0.021195985,-0.00081951654,-0.00039308443,4.1656196e-05,-0.14704375,-0.16784978,0.0043003815,0.0129770115,0.00010222288,-1.652109,1.6748626,2.9641848e-05,0.23533261,2.7135665,4.211307,-0.2353796,0.15120137,0.16501446,0.08709266,0.054551873,inf,inf,inf,inf,inf,1,1,1,1,4,2,4,1,1,1,1,1,0,2,0,0,5.159792813294039,1
1577888000,1577884000,5764000,47.3979711740181,8.54616359846853,4.779782,14.938363,-2.690958,0.0,0.0,-0.2353796,-5.15981,-0.0051751197,0.046403226,0.020863783,-0.00081951654,-0.00039308443,4.1656196e-05,-0.14908203,-0.1630204,-8.3819024e-05,0.012842335,0.00010226424,-1.6522907,1.6748626,2.969143e-05,0.23533261,2.713215,4.213414,-0.2353796,0.15161332,0.16527726,0.08739564,0.05462842,inf,inf,inf,inf,inf,1,1,1,1,4,2,4,1,1,1,1,1,0,2,0,0,5.160021247761207,1
1577896000,1577892000,5764000,47.3979711740181,8.54616359846853,4.7398877,14.939967,-2.6909437,0.0,0.0,-0.2353796,-5.160122,-0.0054353727,0.04621817,0.020575328,-0.00081951654,-0.00039308443,4.1656196e-05,-0.15580249,-0.16553265,0.003183726,0.012702999,0.000102305676,-1.6524757,1.6748626,2.9741062e-05,0.23533261,2.7128637,4.215522,-0.2353796,0.15202792,0.16554081,0.087698944,0.05470487,inf,inf,inf,inf,inf,1,1,1,1,4,2,4,1,1,1,1,1,0,2,0,0,5.160331841790655,1
1577904000,1577900000,5764000,47.3979711740181,8.54616359846853,4.699975,14.941524,-2.6909232,0.0,0.0,-0.2353796,-5.160364,-0.005683032,0.046088103,0.02035039,-0.00081951654,-0.00039308443,4.1656196e-05,-0.14723612,-0.15867588,0.0095721325,0.012556402,0.00010231417,-1.6526667,1.6748626,2.978502e-05,0.23533261,2.7125685,4.217569,-0.2353796,0.15244439,0.16562088,0.08799892,0.054758944,inf,inf,inf,inf,inf,1,1,1,1,4,2,4,1,1,1,1,1,0,2,0,0,5.160572935497265,1
1577912000,1577908000,5764000,47.3979711740181,8.54616359846853,4.6601124,14.943164,-2.6909456,0.0,0.0,-0.2353796,-5.1605577,-0.005937482,0.04586759,0.019991623,-0.00081951654,-0.00039308443,4.1656196e-05,-0.1461277,-0.16948865,0.0007813796,0.0124115655,0.00010227507,-1.6528594,1.6748626,2.967597e-05,0.23533261,2.7138155,4.219358,-0.2353796,0.15113774,0.164919,0.08702842,0.05451391,inf,inf,inf,inf,inf,1,1,1,1,4,2,4,1,1,1,1,1,0,2,0,0,5.160764949552944,1
1577920000,1577916000,5764000,47.3979711740181,8.54616359846853,4.620216,14.944768,-2.6909657,0.0,0.0,-0.2353796,-5.1609015,-0.006205014,0.042601667,0.016599318,-0.00081951654,-0.00039308443,4.1656196e-05,-0.16139278,-0.16750127,-0.3807619,0.012259455,0.00010231661,-1.6530607,1.6748626,2.9725585e-05,0.23533261,2.7134705,4.2214656,-0.2353796,0.15154909,0.16518156,0.087331995,0.054590497,inf,inf,inf,inf,inf,1,1,1,1,4,2,4,1,1,1,1,1,0,2,0,0,5.161081058938347,1
1577928000,1577924000,5764000,47.3979711740181,8.54616359846853,4.580283,14.946337,-2.69107,0.0,0.0,-0.2353796,-5.1620493,-0.006656805,0.022145499,-0.003971748,-0.00081951654,-0.00039308443,4.1656196e-05,-0.25849062,-0.18700856,-2.5303855,0.012103738,0.000102358186,-1.6532642,1.6748626,2.9775247e-05,0.23533261,2.7131255,4.223573,-0.2353796,0.15196307,0.16544487,0.08763615,0.054667003,inf,inf,inf,inf,inf,1,1,1,1,4,2,4,1,1,1,1,1,0,2,0,0,5.162101094690926,1
1577936000,1577932000,5764000,47.3979711740181,8.54616359846853,4.5403085,14.947869,-2.6913633,0.0,0.0,-0.2353796,-5.1636043,-0.0070943926,-0.005620405,-0.031841427,-0.00081951654,-0.00039308443,4.1656196e-05,-0.30613318,-0.18179454,-3.4449215,0.011936082,0.00010239984,-1.6534783,1.6748626,2.9824962e-05,0.23533261,2.7127805,4.2256823,-0.2353796,0.15237972,0.16570893,0.0879408,0.05474342,inf,inf,inf,inf,inf,1,1,1,1,4,2,4,1,1,1,1,1,0,2,0,0,5.163612232375435,1
1577944000,1577940000,5764000,47.3979711740181,8.54616359846853,4.500373,14.949486,-2.691918,0.0,0.0,-0.2353796,-5.165131,-0.0074798744,-0.033405576,-0.0597688,-0.00081951654,-0.00039308443,4.1656196e-05,-0.30740345,-0.18557562,-3.4451551,0.01175205,0.00010236372,-1.6537075,1.6748626,2.9715175e-05,0.23533261,2.7139013,4.227471,-0.2353796,0.15107591,0.16500576,0.08697374,0.054498717,inf,inf,inf,inf,inf,1,1,1,1,4,2,4,1,1,1,1,1,0,2,0,0,5.16524444031354,1
1577952000,1577948000,5764000,47.3979711740181,8.54616359846853,4.4603953,14.951066,-2.6926904,0.0,0.0,-0.2353796,-5.166416,-0.0079318285,-0.058758345,-0.08526722,-0.00081951654,-0.00039308443,4.1656196e-05,-0.27381635,-0.19027525,-3.1415813,0.0115549015,0.00010240544,-1.6539508,1.6748626,2.9764775e-05,0.23533261,2.71404,4.2295184,-0.2353796,0.15148668,0.16508593,0.087278,0.054553486,inf,inf,inf,inf,inf,1,1,1,1,4,2,4,1,1,1,1,1,0,2,0,0,5.166756210821882,1
1577960000,1577956000,5764000,47.3979711740181,8.54616359846853,4.420378,14.952608,-2.693644,0.0,0.0,-0.2353796,-5.167378,-0.008696117,-0.08140446,-0.108046696,-0.00081951654,-0.00039308443,4.1656196e-05,-0.23011059,-0.22579254,-2.8040948,0.01134811,0.00010244721,-1.6542025,1.6748626,2.9814473e-05,0.23533261,2.7137015,4.231627,-0.2353796,0.1519001,0.16534898,0.08758274,0.054630015,inf,inf,inf,inf,inf,1,1,1,1,4,2,4,1,1,1,1,1,0,2,0,0,5.168026480528401,1
1577968000,1577964000,5764000,47.3979711740181,8.54616359846853,4.380326,14.954111,-2.6947618,0.0,0.0,-0.2353796,-5.167821,-0.009858328,-0.1025609,-0.12932459,-0.00081951654,-0.00039308443,4.1656196e-05,-0.1621338,-0.27209514,-2.6187057,0.011158209,0.000102489044,-1.6544361,1.6748626,2.9864223e-05,0.23533261,2.7133625,4.2337356,-0.2353796,0.15231617,0.16561279,0.08788797,0.05470645,inf,inf,inf,inf,inf,1,1,1,1,4,2,4,1,1,1,1,1,0,2,0,0,5.168848016036143,1
1577976000,1577972000,5764000,47.3979711740181,8.54616359846853,4.3403234,14.955669,-2.696105,0.0,0.0,-0.2353796,-5.1674833,-0.01154035,-0.123595394,-0.15054052,-0.00081951654,-0.00039308443,4.1656196e-05,-0.072130434,-0.34458026,-2.5998697,0.0110083,0.00010242282,-1.6546285,1.6748626,2.9748044e-05,0.23533261,2.7151525,4.2355256,-0.2353796,0.15101445,0.1649112,0.086920515,0.05446262,inf,inf,inf,inf,inf,1,1,1,1,4,2,4,1,1,1,1,1,0,2,0,0,5.168974042967814,1
1577984000,1577980000,5764000,47.3979711740181,8.54616359846853,4.3002977,14.957178,-2.6976113,0.0,0.0,-0.2353796,-5.1662436,-0.014067147,-0.14645405,-0.17356695,-0.00081951654,-0.00039308443,4.1656196e-05,0.04392842,-0.44663197,-2.8287897,0.010946693,0.00010246474,-1.6547387,1.6748626,2.9797731e-05,0.23533261,2.7148213,4.237633,-0.2353796,0.15142466,0.16517355,0.08722535,0.054539256,inf,inf,inf,inf,inf,1,1,1,1,4,2,4,1,1,1,1,1,0,2,0,0,5.16833818629616,1
1577992000,1577988000,5764000,47.3979711740181,8.54616359846853,4.260256,14.95863,-2.6993032,0.0,0.0,-0.2353796,-5.1639204,-0.01780047,-0.17292364,-0.20019111,-0.00081951654,-0.00039308443,4.1656196e-05,0.18256548,-0.593997,-3.281032,0.010988694,0.00010250672,-1.654744,1.6748626,2.9847466e-05,0.23533261,2.71449,4.2397423,-0.2353796,0.15183753,0.16543664,0.087530635,0.0546158,inf,inf,inf,inf,inf,1,1,1,1,4,2,4,1,1,1,1,1,0,2,0,0,5.1668455889003715,1
1578000000,1577996000,5764000,47.3979711740181,8.54616359846853,4.220209,14.960015,-2.701212,0.0,0.0,-0.2353796,-5.160211,-0.022832958,-0.20346369,-0.2308729,-0.00081951654,-0.00039308443,4.1656196e-05,0.3589115,-0.75302815,-3.7906885,0.011161502,0.000102548714,-1.6546174,1.6748626,2.989724e-05,0.23533261,2.714158,4.2418513,-0.2353796,0.15225305,0.1657005,0.087836444,0.05469222,inf,inf,inf,inf,inf,1,1,1,1,4,2,4,1,1,1,1,1,0,2,0,0,5.1642711375024115,1
1578008000,1578004000,5764000,47.3979711740181,8.54616359846853,4.1802278,14.961436,-2.7034678,0.0,0.0,-0.2353796,-5.1548853,-0.02942913,-0.23772843,-0.2653705,-0.00081951654,-0.00039308443,4.1656196e-05,0.5572325,-0.95791924,-4.2505364,0.011487905,0.00010251731,-1.6543361,1.6748626,2.9785962e-05,0.23533261,2.716901,4.2435813,-0.2353796,0.15095472,0.16481614,0.08687558,0.05442707,inf,inf,inf,inf,inf,1,1,1,1,4,2,4,1,1,1,1,1,0,2,0,0,5.160447978255271,1
1578016000,1578012000,5764000,47.3979711740181,8.54616359846853,4.140267,14.962766,-2.7059956,0.0,0.0,-0.2353796,-5.147788,-0.037738696,-0.27446553,-0.30232483,-0.00081951654,-0.00039308443,4.1656196e-05,0.78184026,-1.1685687,-4.560574,0.011976479,0.00010255938,-1.6538938,1.6748626,2.9835675e-05,0.23533261,2.716582,4.2456894,-0.2353796,0.15136442,0.16507824,0.08718128,0.05450372,inf,inf,inf,inf,inf,1,1,1,1,4,2,4,1,1,1,1,1,0,2,0,0,5.155237805308109,1
1578024000,1578020000,5764000,47.3979711740181,8.54616359846853,4.100341,14.96399,-2.708807,0.0,0.0,-0.2353796,-5.1390414,-0.047677588,-0.3115311,-0.3395925,-0.00081951654,-0.00039308443,4.1656196e-05,0.99108887,-1.3688024,-4.6025925,0.012634096,0.00010260155,-1.6532815,1.6748626,2.988545e-05,0.23533261,2.716263,4.2477984,-0.2353796,0.15177676,0.1653411,0.08748737,0.054580264,inf,inf,inf,inf,inf,1,1,1,1,4,2,4,1,1,1,1,1,0,2,0,0,5.148696076637139,1
1578032000,1578028000,5764000,47.3979711740181,8.54616359846853,4.0604634,14.965097,-2.7118988,0.0,0.0,-0.2353796,-5.128583,-0.059092097,-0.347658,-0.37590683,-0.00081951654,-0.00039308443,4.1656196e-05,1.2080233,-1.5499119,-4.4861956,0.013460282,0.00010264376,-1.6524993,1.6748626,2.9935265e-05,0.23533261,2.715944,4.249908,-0.2353796,0.15219176,0.1656047,0.087793946,0.054656733,inf,inf,inf,inf,inf,1,1,1,1,4,2,4,1,1,1,1,1,0,2,0,0,5.140692710985637,1
1578040000,1578036000,5764000,47.3979711740181,8.54616359846853,4.020724,14.966181,-2.7154202,0.0,0.0,-0.2353796,-5.116445,-0.071827635,-0.38214487,-0.41073337,-0.00081951654,-0.00039308443,4.1656196e-05,1.412285,-1.7233236,-4.271706,0.01447904,0.000102614205,-1.6515237,1.6748626,2.9823259e-05,0.23533261,2.7205758,4.251699,-0.2353796,0.15089606,0.16490348,0.086835966,0.05441416,inf,inf,inf,inf,inf,1,1,1,1,4,2,4,1,1,1,1,1,0,2,0,0,5.131199016686256,1
1578048000,1578044000,5764000,47.3979711740181,8.54616359846853,3.9810731,14.967113,-2.7191954,0.0,0.0,-0.2353796,-5.1026597,-0.085939534,-0.4142653,-0.44317666,-0.00081951654,-0.00039308443,4.1656196e-05,1.6179357,-1.8903277,-3.9767802,0.015675936,0.000102624144,-1.6503714,1.6748626,2.9867333e-05,0.23533261,2.720355,4.253808,-0.2353796,0.15130457,0.1651656,0.08713878,0.054490767,inf,inf,inf,inf,inf,1,1,1,1,4,2,4,1,1,1,1,1,0,2,0,0,5.120169660889404,1
1578056000,1578052000,5764000,47.3979711740181,8.54616359846853,3.9415097,14.9678955,-2.723157,0.0,0.0,-0.2353796,-5.0873775,-0.10127858,-0.44362742,-0.47279808,-0.00081951654,-0.00039308443,4.1656196e-05,1.8081639,-2.040348,-3.6342394,0.017049486,0.00010266649,-1.6490463,1.6748626,2.991708e-05,0.23533261,2.7186925,4.2558565,-0.2353796,0.1517164,0.16524555,0.08744523,0.054545365,inf,inf,inf,inf,inf,1,1,1,1,4,2,4,1,1,1,1,1,0,2,0,0,5.107687585008398,1
1578064000,1578060000,5764000,47.3979711740181,8.54616359846853,3.9020467,14.96852,-2.7273288,0.0,0.0,-0.2353796,-5.070698,-0.11780324,-0.47011435,-0.49952745,-0.00081951654,-0.00039308443,4.1656196e-05,1.9858395,-2.185297,-3.275932,0.01857575,0.00010270884,-1.6475675,1.6748626,2.996691e-05,0.23533261,2.7183917,4.2579665,-0.2353796,0.15213089,0.16550891,0.08775251,0.054621875,inf,inf,inf,inf,inf,1,1,1,1,4,2,4,1,1,1,1,1,0,2,0,0,5.09380636779947,1
1578072000,1578068000,5764000,47.3979711740181,8.54616359846853,3.8627927,14.969064,-2.7319198,0.0,0.0,-0.2353796,-5.0526466,-0.13535543,-0.49372432,-0.5236075,-0.00081951654,-0.00039308443,4.1656196e-05,2.1481488,-2.319907,-2.9020307,0.02026104,0.00010268072,-1.6459286,1.6748626,2.9854054e-05,0.23533261,2.7253585,4.259758,-0.2353796,0.15083767,0.1648093,0.08680463,0.054380227,inf,inf,inf,inf,inf,1,1,1,1,4,2,4,1,1,1,1,1,0,2,0,0,5.078515773440259,1
1578080000,1578076000,5764000,47.3979711740181,8.54616359846853,3.8236592,14.969431,-2.7366695,0.0,0.0,-0.2353796,-5.033378,-0.1539337,-0.514443,-0.54477185,-0.00081951654,-0.00039308443,4.1656196e-05,2.3034527,-2.4449203,-2.542089,0.022070777,0.00010272314,-1.6441671,1.6748626,2.9903818e-05,0.23533261,2.7251935,4.2618666,-0.2353796,0.15124641,0.16507122,0.08716199,0.054457102,inf,inf,inf,inf,inf,1,1,1,1,4,2,4,1,1,1,1,1,0,2,0,0,5.061940465387625,1
1578088000,1578084000,5764000,47.3979711740181,8.54616359846853,3.7846558,14.969615,-2.7415547,0.0,0.0,-0.2353796,-5.0130386,-0.17335746,-0.5321788,-0.56292975,-0.00081951654,-0.00039308443,4.1656196e-05,2.440357,-2.5475156,-2.1706576,0.023980346,0.00010276563,-1.6423047,1.6748626,2.995363e-05,0.23533261,2.7252197,4.263976,-0.2353796,0.15165792,0.16533388,0.08753843,0.054533906,inf,inf,inf,inf,inf,1,1,1,1,4,2,4,1,1,1,1,1,0,2,0,0,5.044187059298758,1
1578096000,1578092000,5764000,47.3979711740181,8.54616359846853,3.745792,14.969611,-2.746552,0.0,0.0,-0.2353796,-4.9916177,-0.19364329,-0.5470722,-0.5782223,-0.00081951654,-0.00039308443,4.1656196e-05,2.578546,-2.652353,-1.8167448,0.02595177,0.00010280819,-1.6403793,1.6748626,3.0003492e-05,0.23533261,2.7254665,4.2660866,-0.2353796,0.15207227,0.16559729,0.087915845,0.054610595,inf,inf,inf,inf,inf,1,1,1,1,4,2,4,1,1,1,1,1,0,2,0,0,5.025239594161471,1
1578104000,1578100000,5764000,47.3979711740181,8.54616359846853,3.707194,14.969445,-2.7518716,0.0,0.0,-0.2353796,-4.9691606,-0.21464467,-0.5595134,-0.59128195,-0.00081951654,-0.00039308443,4.1656196e-05,2.6967373,-2.7418942,-1.4965338,0.027979098,0.00010278141,-1.638397,1.6748626,2.9885727e-05,0.23533261,2.7331111,4.267819,-0.2353796,0.15078011,0.16471516,0.08701758,0.05434759,inf,inf,inf,inf,inf,1,1,1,1,4,2,4,1,1,1,1,1,0,2,0,0,5.0051657962280665,1
1578112000,1578108000,5764000,47.3979711740181,8.54616359846853,3.6687632,14.969069,-2.7572613,0.0,0.0,-0.2353796,-4.9458346,-0.23633783,-0.5695563,-0.60191625,-0.00081951654,-0.00039308443,4.1656196e-05,2.8057148,-2.8245027,-1.1981832,0.03004289,0.000102792415,-1.6363797,1.6748626,2.9929768e-05,0.23533261,2.7338717,4.2699285,-0.2353796,0.1511883,0.1649768,0.08737872,0.054424338,inf,inf,inf,inf,inf,1,1,1,1,4,2,4,1,1,1,1,1,0,2,0,0,4.984127791230474,1
1578120000,1578116000,5764000,47.3979711740181,8.54616359846853,3.6304934,14.968487,-2.7626996,0.0,0.0,-0.2353796,-4.92168,-0.25883636,-0.5773249,-0.61024714,-0.00081951654,-0.00039308443,4.1656196e-05,2.9131336,-2.9228175,-0.9155948,0.03211502,0.000102835125,-1.6343575,1.6748626,2.9979576e-05,0.23533261,2.7347238,4.272039,-0.2353796,0.15159994,0.16523923,0.08774075,0.054500986,inf,inf,inf,inf,inf,1,1,1,1,4,2,4,1,1,1,1,1,0,2,0,0,4.962180400168666,1
1578128000,1578124000,5764000,47.3979711740181,8.54616359846853,3.5923913,14.967695,-2.7681699,0.0,0.0,-0.2353796,-4.896851,-0.28189346,-0.5829888,-0.616445,-0.00081951654,-0.00039308443,4.1656196e-05,3.0011914,-2.9905107,-0.6541456,0.03417724,0.00010287785,-1.6323439,1.6748626,3.0029405e-05,0.23533261,2.735743,4.2741494,-0.2353796,0.15201439,0.16550241,0.08810403,0.05457749,inf,inf,inf,inf,inf,1,1,1,1,4,2,4,1,1,1,1,1,0,2,0,0,4.939482723921323,1
1578136000,1578132000,5764000,47.3979711740181,8.54616359846853,3.5544627,14.966689,-2.7736568,0.0,0.0,-0.2353796,-4.871353,-0.3055772,-0.5867919,-0.62075454,-0.00081951654,-0.00039308443,4.1656196e-05,3.0887506,-3.06694,-0.4231096,0.03620684,0.000102920574,-1.6303618,1.6748626,3.0079242e-05,0.23533261,2.7369359,4.276261,-0.2353796,0.15243165,0.16576634,0.08847407,0.05465387,inf,inf,inf,inf,inf,1,1,1,1,4,2,4,1,1,1,1,1,0,2,0,0,4.916073861291594,1
1578144000,1578140000,5764000,47.3979711740181,8.54616359846853,3.5169191,14.965442,-2.7793732,0.0,0.0,-0.2353796,-4.844998,-0.3298505,-0.58897597,-0.62365514,-0.00081951654,-0.00039308443,4.1656196e-05,3.1756008,-3.1351883,-0.20756757,0.038202934,0.00010289336,-1.6284117,1.6748626,2.9953635e-05,0.23533261,2.7453675,4.2780514,-0.2353796,0.15112464,0.16506246,0.087562814,0.05441137,inf,inf,inf,inf,inf,1,1,1,1,4,2,4,1,1,1,1,1,0,2,0,0,4.891799225805541,1
1578152000,1578148000,5764000,47.3979711740181,8.54616359846853,3.4795578,14.963972,-2.7850852,0.0,0.0,-0.2353796,-4.818051,-0.3547279,-0.5895812,-0.62495327,-0.00081951654,-0.00039308443,4.1656196e-05,3.2541766,-3.2093806,-0.011794268,0.040153626,0.00010293607,-1.6265091,1.6748626,3.0003266e-05,0.23533261,2.747332,4.280101,-0.2353796,0.15153627,0.16514233,0.087956056,0.054466106,inf,inf,inf,inf,inf,1,1,1,1,4,2,4,1,1,1,1,1,0,2,0,0,4.866934693730012,1
1578160000,1578156000,5764000,47.3979711740181,8.54616359846853,3.4423842,14.962276,-2.790772,0.0,0.0,-0.2353796,-4.79041,-0.38019934,-0.58882296,-0.62485456,-0.00081951654,-0.00039308443,4.1656196e-05,3.3456094,-3.282496,0.15689059,0.04203976,0.00010297882,-1.6246697,1.6748626,3.0052943e-05,0.23533261,2.7492344,4.28221,-0.2353796,0.15195078,0.16540526,0.088362664,0.054542735,inf,inf,inf,inf,inf,1,1,1,1,4,2,4,1,1,1,1,1,0,2,0,0,4.841414254580948,1
1578168000,1578164000,5764000,47.3979711740181,8.54616359846853,3.4054039,14.96035,-2.7964225,0.0,0.0,-0.2353796,-4.762264,-0.4062209,-0.5868171,-0.6234759,-0.00081951654,-0.00039308443,4.1656196e-05,3.413414,-3.3502586,0.31119397,0.04385149,0.00010302151,-1.6229032,1.6748626,3.0102598e-05,0.23533261,2.751419,4.2843184,-0.2353796,0.15236823,0.16566893,0.08877996,0.054619346,inf,inf,inf,inf,inf,1,1,1,1,4,2,4,1,1,1,1,1,0,2,0,0,4.815446826011603,1
1578176000,1578172000,5764000,47.3979711740181,8.54616359846853,3.368879,14.958121,-2.8022017,0.0,0.0,-0.2353796,-4.7332897,-0.43286607,-0.58379596,-0.62123156,-0.00081951654,-0.00039308443,4.1656196e-05,3.4904878,-3.4175477,0.44758382,0.045567844,0.00010299047,-1.6212307,1.6748626,2.9970292e-05,0.23533261,2.7592819,4.2861066,-0.2353796,0.1510621,0.16496666,0.087897345,0.05437789,inf,inf,inf,inf,inf,1,1,1,1,4,2,4,1,1,1,1,1,0,2,0,0,4.788759979534959,1
1578184000,1578180000,5764000,47.3979711740181,8.54616359846853,3.3325627,14.955655,-2.80793,0.0,0.0,-0.2353796,-4.70364,-0.46002352,-0.5798323,-0.6180126,-0.00081951654,-0.00039308443,4.1656196e-05,3.5774455,-3.4817865,0.5640653,0.04719322,0.00010300543,-1.6196514,1.6748626,3.0013454e-05,0.23533261,2.7622116,4.288211,-0.2353796,0.15147328,0.16522884,0.08831493,0.05445476,inf,inf,inf,inf,inf,1,1,1,1,4,2,4,1,1,1,1,1,0,2,0,0,4.761518285660204,1
1578192000,1578188000,5764000,47.3979711740181,8.54616359846853,3.2964518,14.952948,-2.8135962,0.0,0.0,-0.2353796,-4.673434,-0.48785692,-0.57495195,-0.61384135,-0.00081951654,-0.00039308443,4.1656196e-05,3.6521277,-3.5656717,0.6769434,0.04871513,0.00010304797,-1.6181737,1.6748626,3.0062856e-05,0.23533261,2.7652853,4.2903147,-0.2353796,0.15188815,0.1654918,0.08873611,0.054531626,inf,inf,inf,inf,inf,1,1,1,1,4,2,4,1,1,1,1,1,0,2,0,0,4.733873622262923,1
1578200000,1578196000,5764000,47.3979711740181,8.54616359846853,3.2605515,14.949995,-2.8191938,0.0,0.0,-0.2353796,-4.642728,-0.5161421,-0.5693111,-0.6088749,-0.00081951654,-0.00039308443,4.1656196e-05,3.7196033,-3.621531,0.7704063,0.050114144,0.00010309041,-1.6168175,1.6748626,3.011222e-05,0.23533261,2.7686236,4.2924166,-0.2353796,0.15230598,0.16575551,0.089155324,0.054608446,inf,inf,inf,inf,inf,1,1,1,1,4,2,4,1,1,1,1,1,0,2,0,0,4.705894290988655,1
1578208000,1578204000,5764000,47.3979711740181,8.54616359846853,3.2251499,14.946691,-2.8248367,0.0,0.0,-0.2353796,-4.611215,-0.54513824,-0.56306815,-0.603396,-0.00081951654,-0.00039308443,4.1656196e-05,3.7910497,-3.6956758,0.85069185,0.05139516,0.00010305022,-1.6155776,1.6748626,2.9973256e-05,0.23533261,2.7758958,4.2941365,-0.2353796,0.15100083,0.16487025,0.08825358,0.0543456,inf,inf,inf,inf,inf,1,1,1,1,4,2,4,1,1,1,1,1,0,2,0,0,4.677341682887804,1
1578216000,1578212000,5764000,47.3979711740181,8.54616359846853,3.1899645,14.943134,-2.8303995,0.0,0.0,-0.2353796,-4.5791736,-0.57465667,-0.5563356,-0.59739053,-0.00081951654,-0.00039308443,4.1656196e-05,3.862714,-3.7606566,0.910242,0.052556448,0.0001030924,-1.6144595,1.6748626,3.0022351e-05,0.23533261,2.7797136,4.2962317,-0.2353796,0.15141305,0.1651322,0.08866333,0.054422744,inf,inf,inf,inf,inf,1,1,1,1,4,2,4,1,1,1,1,1,0,2,0,0,4.648501957312679,1
1578224000,1578220000,5764000,47.3979711740181,8.54616359846853,3.1550007,14.939322,-2.8358798,0.0,0.0,-0.2353796,-4.5465603,-0.6047685,-0.54910797,-0.5908542,-0.00081951654,-0.00039308443,4.1656196e-05,3.9395537,-3.8345003,0.97054845,0.053591274,0.00010313446,-1.6134663,1.6748626,3.0071396e-05,0.23533261,2.78373,4.2983255,-0.2353796,0.1518282,0.1653949,0.089069024,0.054499865,inf,inf,inf,inf,inf,1,1,1,1,4,2,4,1,1,1,1,1,0,2,0,0,4.619358728529953,1
1578232000,1578228000,5764000,47.3979711740181,8.54616359846853,3.1202636,14.93525,-2.8412747,0.0,0.0,-0.2353796,-4.5134068,-0.6353824,-0.54161435,-0.58401734,-0.00081951654,-0.00039308443,4.1656196e-05,4.012234,-3.8968534,1.0022786,0.05450233,0.00010317636,-1.6125951,1.6748626,3.0120376e-05,0.23533261,2.7879217,4.300416,-0.2353796,0.15224627,0.16565834,0.089470856,0.054576978,inf,inf,inf,inf,inf,1,1,1,1,4,2,4,1,1,1,1,1,0,2,0,0,4.589977978230607,1
1578240000,1578236000,5764000,47.3979711740181,8.54616359846853,3.0860662,14.930787,-2.846641,0.0,0.0,-0.2353796,-4.4794974,-0.6667982,-0.53384435,-0.57693076,-0.00081951654,-0.00039308443,4.1656196e-05,4.074056,-3.979475,1.0382202,0.055274673,0.000103121834,-1.6118609,1.6748626,2.99765e-05,0.23533261,2.7940829,4.302185,-0.2353796,0.15094252,0.16495644,0.0885404,0.054336887,inf,inf,inf,inf,inf,1,1,1,1,4,2,4,1,1,1,1,1,0,2,0,0,4.560209050707755,1
1578248000,1578244000,5764000,47.3979711740181,8.54616359846853,3.052101,14.926057,-2.8519182,0.0,0.0,-0.2353796,-4.4450507,-0.6988128,-0.5258404,-0.5695755,-0.00081951654,-0.00039308443,4.1656196e-05,4.146899,-4.0542526,1.0659415,0.055920657,0.00010316339,-1.6112552,1.6748626,3.0025192e-05,0.23533261,2.7985604,4.304268,-0.2353796,0.15135483,0.16521841,0.0889314,0.05441436,inf,inf,inf,inf,inf,1,1,1,1,4,2,4,1,1,1,1,1,0,2,0,0,4.530267451407973,1
1578256000,1578252000,5764000,47.3979711740181,8.54616359846853,3.0183723,14.921055,-2.8571024,0.0,0.0,-0.2353796,-4.4100604,-0.73137444,-0.5175811,-0.56192917,-0.00081951654,-0.00039308443,4.1656196e-05,4.2203636,-4.122492,1.0963356,0.05643748,0.00010320477,-1.610777,1.6748626,3.0073781e-05,0.23533261,2.8030858,4.3062873,-0.2353796,0.15177,0.165298,0.089318894,0.054469887,inf,inf,inf,inf,inf,1,1,1,1,4,2,4,1,1,1,1,1,0,2,0,0,4.500159052545886,1
1578264000,1578260000,5764000,47.3979711740181,8.54616359846853,2.9848864,14.915776,-2.862195,0.0,0.0,-0.2353796,-4.374559,-0.76449746,-0.5092602,-0.5541886,-0.00081951654,-0.00039308443,4.1656196e-05,4.2895722,-4.192451,1.1026118,0.056827456,0.00010324595,-1.610424,1.6748626,3.012234e-05,0.23533261,2.8077576,4.3083644,-0.2353796,0.15218806,0.16556117,0.08970338,0.054547425,inf,inf,inf,inf,inf,1,1,1,1,4,2,4,1,1,1,1,1,0,2,0,0,4.469962948630726,1
1578272000,1578268000,5764000,47.3979711740181,8.54616359846853,2.9519806,14.910042,-2.8672128,0.0,0.0,-0.2353796,-4.3381925,-0.7983123,-0.50081456,-0.5463081,-0.00081951654,-0.00039308443,4.1656196e-05,4.360955,-4.2554297,1.1166273,0.057085592,0.000103172286,-1.6102012,1.6748626,2.9975343e-05,0.23533261,2.813016,4.3101196,-0.2353796,0.15088607,0.16486093,0.08875005,0.054308597,inf,inf,inf,inf,inf,1,1,1,1,4,2,4,1,1,1,1,1,0,2,0,0,4.439372919556942,1
1578280000,1578276000,5764000,47.3979711740181,8.54616359846853,2.9193225,14.904024,-2.8721385,0.0,0.0,-0.2353796,-4.301392,-0.8326772,-0.49224117,-0.53826845,-0.00081951654,-0.00039308443,4.1656196e-05,4.421169,-4.324465,1.1311946,0.05722019,0.00010321306,-1.610104,1.6748626,3.002361e-05,0.23533261,2.817807,4.3121877,-0.2353796,0.15129827,0.16512263,0.089127116,0.05438666,inf,inf,inf,inf,inf,1,1,1,1,4,2,4,1,1,1,1,1,0,2,0,0,4.408812292047237,1
1578288000,1578288000,5764000,47.3979711740181,8.54616359846853,2.8699496,14.894225,-2.8788924,0.0,0.0,-0.2353796,-4.2461457,-0.88527983,-0.47860146,-0.5251321,-0.00081951654,-0.00039308443,4.1656196e-05,4.4884377,-4.4029427,1.175407,0.05715646,0.000103253646,-1.6102034,1.6748626,3.0071817e-05,0.23533261,2.8226333,4.3142524,-0.2353796,0.1517133,0.16538507,0.08950247,0.054464824,inf,inf,inf,inf,inf,1,1,1,1,4,2,4,1,1,1,1,1,0,2,0,0,4.363775090509071,1
1578296000,1578296000,5764000,47.3979711740181,8.54616359846853,2.837944,14.88749,-2.8835907,0.0,0.0,-0.2353796,-4.2084947,-0.9206129,-0.46925423,-0.51625866,-0.00081951654,-0.00039308443,4.1656196e-05,4.5388107,-4.4458647,1.2252129,0.056971766,0.00010329405,-1.6104281,1.6748626,3.0119965e-05,0.23533261,2.8274808,4.3163137,-0.2353796,0.15213116,0.16564825,0.08987642,0.054543104,inf,inf,inf,inf,inf,1,1,1,1,4,2,4,1,1,1,1,1,0,2,0,0,4.333492273438063,1
1578304000,1578304000,5764000,47.3979711740181,8.54616359846853,2.806567,14.880264,-2.8881683,0.0,0.0,-0.2353796,-4.170253,-0.9564505,-0.4594468,-0.5068732,-0.00081951654,-0.00039308443,4.1656196e-05,4.5721717,-4.483241,1.2789396,0.056651246,0.00010319691,-1.6107843,1.6748626,2.9971237e-05,0.23533261,2.831669,4.317993,-0.2353796,0.1508312,0.16476542,0.08890868,0.054283492,inf,inf,inf,inf,inf,1,1,1,1,4,2,4,1,1,1,1,1,0,2,0,0,4.303126654537313,1
1578312000,1578312000,5764000,47.3979711740181,8.54616359846853,2.7754474,14.8727455,-2.892644,0.0,0.0,-0.2353796,-4.131896,-0.9925951,-0.4492255,-0.4970469,-0.00081951654,-0.00039308443,4.1656196e-05,4.592953,-4.5223355,1.3294014,0.056207635,0.00010323682,-1.6112646,1.6748626,3.001909e-05,0.23533261,2.8365154,4.320045,-0.2353796,0.15124309,0.16502684,0.08927925,0.054362494,inf,inf,inf,inf,inf,1,1,1,1,4,2,4,1,1,1,1,1,0,2,0,0,4.273126857139894,1
1578320000,1578320000,5764000,47.3979711740181,8.54616359846853,2.744588,14.864932,-2.8970156,0.0,0.0,-0.2353796,-4.093371,-1.028964,-0.43859753,-0.48678774,-0.00081951654,-0.00039308443,4.1656196e-05,4.6201067,-4.551056,1.3789748,0.05563195,0.000103276594,-1.6118743,1.6748626,3.006689e-05,0.23533261,2.8413475,4.322093,-0.2353796,0.1516578,0.165289,0.08964973,0.054441687,inf,inf,inf,inf,inf,1,1,1,1,4,2,4,1,1,1,1,1,0,2,0,0,4.243444455894187,1
1578328000,1578328000,5764000,47.3979711740181,8.54616359846853,2.7139907,14.856823,-2.90128,0.0,0.0,-0.2353796,-4.054702,-1.0655407,-0.4275563,-0.47608995,-0.00081951654,-0.00039308443,4.1656196e-05,4.644154,-4.577631,1.4293976,0.054918848,0.0001033162,-1.6126193,1.6748626,3.0114647e-05,0.23533261,2.846156,4.324138,-0.2353796,0.15207535,0.16555189,0.09002067,0.054521095,inf,inf,inf,inf,inf,1,1,1,1,4,2,4,1,1,1,1,1,0,2,0,0,4.214117900798479,1
1578336000,1578336000,5764000,47.3979711740181,8.54616359846853,2.6840367,14.8481865,-2.905406,0.0,0.0,-0.2353796,-4.0155783,-1.1025367,-0.4160777,-0.46489933,-0.00081951654,-0.00039308443,4.1656196e-05,4.659751,-4.60126,1.4790678,0.054047998,0.00010319112,-1.61352,1.6748626,2.996524e-05,0.23533261,2.8500583,4.325861,-0.2353796,0.1507776,0.16485208,0.08904723,0.054284807,inf,inf,inf,inf,inf,1,1,1,1,4,2,4,1,1,1,1,1,0,2,0,0,4.184922569261595,1
1578344000,1578344000,5764000,47.3979711740181,8.54616359846853,2.6543443,14.839253,-2.90942,0.0,0.0,-0.2353796,-3.9762962,-1.1396655,-0.40428272,-0.45336944,-0.00081951654,-0.00039308443,4.1656196e-05,4.6864204,-4.619166,1.5174667,0.05303399,0.00010323026,-1.6145656,1.6748626,3.0012718e-05,0.23533261,2.854788,4.3278956,-0.2353796,0.15118913,0.16511352,0.08941821,0.054365117,inf,inf,inf,inf,inf,1,1,1,1,4,2,4,1,1,1,1,1,0,2,0,0,4.156105561666509,1
1578352000,1578352000,5764000,47.3979711740181,8.54616359846853,2.624915,14.830024,-2.9133315,0.0,0.0,-0.2353796,-3.936967,-1.1770709,-0.39223957,-0.44158095,-0.00081951654,-0.00039308443,4.1656196e-05,4.6989217,-4.654941,1.5476382,0.05186981,0.00010326923,-1.6157596,1.6748626,3.0060106e-05,0.23533261,2.859831,4.3298664,-0.2353796,0.15160345,0.1651929,0.08979055,0.054423835,inf,inf,inf,inf,inf,1,1,1,1,4,2,4,1,1,1,1,1,0,2,0,0,4.127839258375936,1
1578360000,1578360000,5764000,47.3979711740181,8.54616359846853,2.5957508,14.820493,-2.9171271,0.0,0.0,-0.2353796,-3.897499,-1.2147076,-0.37994534,-0.4295195,-0.00081951654,-0.00039308443,4.1656196e-05,4.7226706,-4.6850133,1.5778997,0.05056078,0.00010330801,-1.6170969,1.6748626,3.010748e-05,0.23533261,2.864464,4.331894,-0.2353796,0.1520206,0.16545552,0.09016494,0.05450478,inf,inf,inf,inf,inf,1,1,1,1,4,2,4,1,1,1,1,1,0,2,0,0,4.100045300955402,1
1578368000,1578368000,5764000,47.3979711740181,8.54616359846853,2.5672166,14.810421,-2.9207635,0.0,0.0,-0.2353796,-3.857607,-1.2527783,-0.3673109,-0.41705093,-0.00081951654,-0.00039308443,4.1656196e-05,4.7369556,-4.7096386,1.6140974,0.0491178,0.00010315033,-1.6185666,1.6748626,2.9957966e-05,0.23533261,2.8677366,4.3336,-0.2353796,0.15072504,0.1647574,0.08919119,0.0542705,inf,inf,inf,inf,inf,1,1,1,1,4,2,4,1,1,1,1,1,0,2,0,0,4.072530237169357,1
1578376000,1578376000,5764000,47.3979711740181,8.54616359846853,2.5389464,14.800049,-2.9242806,0.0,0.0,-0.2353796,-3.817629,-1.2909359,-0.35449222,-0.40437904,-0.00081951654,-0.00039308443,4.1656196e-05,4.7548995,-4.722352,1.6361148,0.04753826,0.00010318871,-1.6201743,1.6748626,3.0005102e-05,0.23533261,2.8722432,4.3356175,-0.2353796,0.15113617,0.16501854,0.089568324,0.054352503,inf,inf,inf,inf,inf,1,1,1,1,4,2,4,1,1,1,1,1,0,2,0,0,4.045549581155859,1
1578384000,1578384000,5764000,47.3979711740181,8.54616359846853,2.5109422,14.789375,-2.927679,0.0,0.0,-0.2353796,-3.7775538,-1.3292476,-0.34165502,-0.39167026,-0.00081951654,-0.00039308443,4.1656196e-05,4.7740836,-4.7433567,1.6374164,0.04582418,0.00010322695,-1.621915,1.6748626,3.0052208e-05,0.23533261,2.8766866,4.337631,-0.2353796,0.1515501,0.16528043,0.08994867,0.0544349,inf,inf,inf,inf,inf,1,1,1,1,4,2,4,1,1,1,1,1,0,2,0,0,4.019146681410297,1
1578392000,1578392000,5764000,47.3979711740181,8.54616359846853,2.4832063,14.7783985,-2.9309578,0.0,0.0,-0.2353796,-3.7374208,-1.367742,-0.32868102,-0.37880686,-0.00081951654,-0.00039308443,4.1656196e-05,4.788095,-4.7678638,1.6535199,0.043970194,0.000103265025,-1.6237941,1.6748626,3.0099261e-05,0.23533261,2.881065,4.3396416,-0.2353796,0.15196687,0.16554305,0.09033225,0.054517765,inf,inf,inf,inf,inf,1,1,1,1,4,2,4,1,1,1,1,1,0,2,0,0,3.9933774712322,1
1578400000,1578400000,5764000,47.3979711740181,8.54616359846853,2.4557395,14.767118,-2.9341164,0.0,0.0,-0.2353796,-3.6972544,-1.4063822,-0.31562588,-0.36584502,-0.00081951654,-0.00039308443,4.1656196e-05,4.7988153,-4.787709,1.6626854,0.04198536,0.000103302984,-1.6258028,1.6748626,3.014629e-05,0.23533261,2.885376,4.341648,-0.2353796,0.15238646,0.1658064,0.09071942,0.054601114,inf,inf,inf,inf,inf,1,1,1,1,4,2,4,1,1,1,1,1,0,2,0,0,3.9682767906135243,1
1578408000,1578408000,5764000,47.3979711740181,8.54616359846853,2.4289286,14.75529,-2.937109,0.0,0.0,-0.2353796,-3.656691,-1.4454306,-0.30250615,-0.3527513,-0.00081951654,-0.00039308443,4.1656196e-05,4.8081293,-4.809237,1.6642705,0.03988484,0.000103094615,-1.6279256,1.6748626,2.9994226e-05,0.23533261,2.888169,4.343271,-0.2353796,0.15107667,0.16492073,0.08973516,0.054345448,inf,inf,inf,inf,inf,1,1,1,1,4,2,4,1,1,1,1,1,0,2,0,0,3.9436237979408206,1
1578416000,1578416000,5764000,47.3979711740181,8.54616359846853,2.4023848,14.743157,-2.939982,0.0,0.0,-0.2353796,-3.6160789,-1.4845767,-0.28936553,-0.33962223,-0.00081951654,-0.00039308443,4.1656196e-05,4.8216825,-4.8237395,1.6660088,0.03766735,0.00010313216,-1.630167,1.6748626,3.0041028e-05,0.23533261,2.8923295,4.3452673,-0.2353796,0.15149012,0.1651823,0.09012744,0.054430116,inf,inf,inf,inf,inf,1,1,1,1,4,2,4,1,1,1,1,1,0,2,0,0,3.9196590411871646,1
1578424000,1578424000,5764000,47.3979711740181,8.54616359846853,2.3761096,14.73072,-2.9427361,0.0,0.0,-0.2353796,-3.5754256,-1.523884,-0.27629584,-0.3265501,-0.00081951654,-0.00039308443,4.1656196e-05,4.834073,-4.8461065,1.65627,0.035340086,0.00010316961,-1.6325167,1.6748626,3.0087813e-05,0.23533261,2.8964186,4.34726,-0.2353796,0.1519064,0.16544464,0.09052375,0.0545153,inf,inf,inf,inf,inf,1,1,1,1,4,2,4,1,1,1,1,1,0,2,0,0,3.89643812446607,1
1578432000,1578432000,5764000,47.3979711740181,8.54616359846853,2.3501048,14.717975,-2.945372,0.0,0.0,-0.2353796,-3.534767,-1.5633144,-0.26319557,-0.31343386,-0.00081951654,-0.00039308443,4.1656196e-05,4.841737,-4.8636193,1.6592335,0.032899883,0.00010320694,-1.634978,1.6748626,3.0134572e-05,0.23533261,2.9004354,4.3492494,-0.2353796,0.15232554,0.16570769,0.09092406,0.05460104,inf,inf,inf,inf,inf,1,1,1,1,4,2,4,1,1,1,1,1,0,2,0,0,3.873990393070688,1
1578440000,1578440000,5764000,47.3979711740181,8.54616359846853,2.3251235,14.704628,-2.9479103,0.0,0.0,-0.2353796,-3.4934194,-1.6031312,-0.2501824,-0.30029574,-0.00081951654,-0.00039308443,4.1656196e-05,4.851554,-4.8748503,1.645421,0.030364476,0.00010297611,-1.6375333,1.6748626,3.0026662e-05,0.23533261,2.904621,4.353331,-0.2353796,0.15122041,0.16513517,0.09020027,0.05446477,inf,inf,inf,inf,inf,1,1,1,1,4,2,4,1,1,1,1,1,0,2,0,0,3.851830731221137,1
1578448000,1578448000,5764000,47.3979711740181,8.54616359846853,2.300321,14.6909895,-2.9503365,0.0,0.0,-0.2353796,-3.4522254,-1.6429737,-0.23726374,-0.28727096,-0.00081951654,-0.00039308443,4.1656196e-05,4.849853,-4.883272,1.6323495,0.027731247,0.00010301302,-1.6401881,1.6748626,3.0073166e-05,0.23533261,2.909079,4.355248,-0.2353796,0.15163472,0.16521427,0.09060542,0.054530185,inf,inf,inf,inf,inf,1,1,1,1,4,2,4,1,1,1,1,1,0,2,0,0,3.8306026775973043,1
1578456000,1578456000,5764000,47.3979711740181,8.54616359846853,2.2757185,14.677055,-2.9526324,0.0,0.0,-0.2353796,-3.4110694,-1.6829337,-0.22439347,-0.27428862,-0.00081951654,-0.00039308443,4.1656196e-05,4.8601556,-4.9024696,1.6247294,0.025021182,0.00010304986,-1.6429182,1.6748626,3.0119703e-05,0.23533261,2.9128153,4.357222,-0.2353796,0.15205194,0.16547666,0.09101326,0.05461792,inf,inf,inf,inf,inf,1,1,1,1,4,2,4,1,1,1,1,1,0,2,0,0,3.8102510048014806,1
1578464000,1578464000,5764000,47.3979711740181,8.54616359846853,2.2517455,14.662537,-2.954731,0.0,0.0,-0.2353796,-3.3696158,-1.7232143,-0.21156593,-0.26126516,-0.00081951654,-0.00039308443,4.1656196e-05,4.860753,-4.910148,1.6096377,0.022222824,0.00010275736,-1.6457354,1.6748626,2.997027e-05,0.23533261,2.9143598,4.3588753,-0.2353796,0.15075539,0.16477856,0.09003871,0.05438837,inf,inf,inf,inf,inf,1,1,1,1,4,2,4,1,1,1,1,1,0,2,0,0,3.790585483282351,1
1578472000,1578472000,5764000,47.3979711740181,8.54616359846853,2.2279913,14.647724,-2.956709,0.0,0.0,-0.2353796,-3.3282335,-1.7634426,-0.1988538,-0.24835373,-0.00081951654,-0.00039308443,4.1656196e-05,4.8653755,-4.9085507,1.5942314,0.019350974,0.000102793885,-1.6486269,1.6748626,3.0016638e-05,0.23533261,2.9179087,4.36084,-0.2353796,0.1511665,0.1650395,0.090448774,0.054477334,inf,inf,inf,inf,inf,1,1,1,1,4,2,4,1,1,1,1,1,0,2,0,0,3.771791466636438,1
1578480000,1578480000,5764000,47.3979711740181,8.54616359846853,2.2044678,14.632614,-2.958569,0.0,0.0,-0.2353796,-3.2869377,-1.803718,-0.1862733,-0.23557001,-0.00081951654,-0.00039308443,4.1656196e-05,4.866621,-4.9189076,1.5768971,0.016411783,0.00010283033,-1.6515845,1.6748626,3.0062987e-05,0.23533261,2.921367,4.362802,-0.2353796,0.15158048,0.16530116,0.09086136,0.054566797,inf,inf,inf,inf,inf,1,1,1,1,4,2,4,1,1,1,1,1,0,2,0,0,3.7539387061456106,1
1578488000,1578488000,5764000,47.3979711740181,8.54616359846853,2.1811833,14.617205,-2.9603143,0.0,0.0,-0.2353796,-3.2457392,-1.8440139,-0.17385495,-0.22294416,-0.00081951654,-0.00039308443,4.1656196e-05,4.865446,-4.925571,1.5558186,0.01340967,0.000102866645,-1.6546037,1.6748626,3.0109313e-05,0.23533261,2.9247313,4.3647604,-0.2353796,0.15199737,0.16556358,0.0912763,0.05465675,inf,inf,inf,inf,inf,1,1,1,1,4,2,4,1,1,1,1,1,0,2,0,0,3.73703569175481,1
1578496000,1578496000,5764000,47.3979711740181,8.54616359846853,2.1585338,14.601202,-2.961876,0.0,0.0,-0.2353796,-3.2043087,-1.8845803,-0.16150917,-0.21030861,-0.00081951654,-0.00039308443,4.1656196e-05,4.858012,-4.9257026,1.5369732,0.010359606,0.00010252266,-1.6576698,1.6748626,2.9960876e-05,0.23533261,2.9258335,4.3663974,-0.2353796,0.15070285,0.16486427,0.09029825,0.05442826,inf,inf,inf,inf,inf,1,1,1,1,4,2,4,1,1,1,1,1,0,2,0,0,3.7209303089466577,1
1578504000,1578504000,5764000,47.3979711740181,8.54616359846853,2.1361287,14.584903,-2.9633183,0.0,0.0,-0.2353796,-3.162954,-1.9251313,-0.14939085,-0.19788745,-0.00081951654,-0.00039308443,4.1656196e-05,4.8593163,-4.92846,1.5077655,0.0072609754,0.000102558755,-1.6607845,1.6748626,3.0007033e-05,0.23533261,2.9286437,4.3682876,-0.2353796,0.15111358,0.16494328,0.090715714,0.054497883,inf,inf,inf,inf,inf,1,1,1,1,4,2,4,1,1,1,1,1,0,2,0,0,3.7057693066918524,1
1578512000,1578512000,5764000,47.3979711740181,8.54616359846853,2.1139727,14.568303,-2.9646544,0.0,0.0,-0.2353796,-3.1217697,-1.9656795,-0.13742572,-0.18561794,-0.00081951654,-0.00039308443,4.1656196e-05,4.848124,-4.932444,1.4881449,0.0041255443,0.000102594815,-1.663935,1.6748626,3.005323e-05,0.23533261,2.931693,4.3702345,-0.2353796,0.15152724,0.1652047,0.09113628,0.05458965,inf,inf,inf,inf,inf,1,1,1,1,4,2,4,1,1,1,1,1,0,2,0,0,3.6916429655474348,1
1578520000,1578520000,5764000,47.3979711740181,8.54616359846853,2.0920699,14.551403,-2.965886,0.0,0.0,-0.2353796,-3.0807238,-2.0061853,-0.12560037,-0.17348641,-0.00081951654,-0.00039308443,4.1656196e-05,4.8402724,-4.93125,1.4702234,0.00094806147,0.000102630824,-1.6671264,1.6748626,3.0099418e-05,0.23533261,2.9346392,4.372179,-0.2353796,0.1519438,0.16546686,0.09155954,0.054681953,inf,inf,inf,inf,inf,1,1,1,1,4,2,4,1,1,1,1,1,0,2,0,0,3.6785070399234887,1
1578528000,1578528000,5764000,47.3979711740181,8.54616359846853,2.0704224,14.534202,-2.9670153,0.0,0.0,-0.2353796,-3.0398388,-2.046611,-0.11394449,-0.16152251,-0.00081951654,-0.00039308443,4.1656196e-05,4.829109,-4.925112,1.4486042,-0.002261453,0.0001026668,-1.6703488,1.6748626,3.0145613e-05,0.23533261,2.9374804,4.37412,-0.2353796,0.15236332,0.16572976,0.09198571,0.054774757,inf,inf,inf,inf,inf,1,1,1,1,4,2,4,1,1,1,1,1,0,2,0,0,3.666363301980288,1
1578536000,1578536000,5764000,47.3979711740181,8.54616359846853,2.0494022,14.516449,-2.9679742,0.0,0.0,-0.2353796,-2.99868,-2.087262,-0.102523886,-0.14971557,-0.00081951654,-0.00039308443,4.1656196e-05,4.8286586,-4.9249883,1.4100153,-0.0054914905,0.00010224839,-1.6735908,1.6748626,2.999599e-05,0.23533261,2.938055,4.3757396,-0.2353796,0.15105417,0.16502765,0.09098723,0.05454633,inf,inf,inf,inf,inf,1,1,1,1,4,2,4,1,1,1,1,1,0,2,0,0,3.6550315383378758,1
1578544000,1578544000,5764000,47.3979711740181,8.54616359846853,2.028636,14.498398,-2.9688363,0.0,0.0,-0.2353796,-2.9577715,-2.127767,-0.09131172,-0.13811778,-0.00081951654,-0.00039308443,4.1656196e-05,4.8067017,-4.911175,1.3837255,-0.008734746,0.00010228411,-1.6768465,1.6748626,3.004205e-05,0.23533261,2.9406664,4.3776736,-0.2353796,0.15146741,0.16528909,0.09141665,0.054640368,inf,inf,inf,inf,inf,1,1,1,1,4,2,4,1,1,1,1,1,0,2,0,0,3.644741758027667,1
1578552000,1578552000,5764000,47.3979711740181,8.54616359846853,2.008125,14.480048,-2.9695807,0.0,0.0,-0.2353796,-2.917015,-2.168263,-0.08033235,-0.12672997,-0.00081951654,-0.00039308443,4.1656196e-05,4.7966948,-4.9142213,1.353824,-0.011981913,0.00010231982,-1.6801051,1.6748626,3.0088086e-05,0.23533261,2.942456,4.3795447,-0.2353796,0.15188357,0.16536792,0.09184916,0.054713164,inf,inf,inf,inf,inf,1,1,1,1,4,2,4,1,1,1,1,1,0,2,0,0,3.635490920611758,1
1578560000,1578560000,5764000,47.3979711740181,8.54616359846853,1.9878709,14.461398,-2.9702325,0.0,0.0,-0.2353796,-2.8764365,-2.2086112,-0.06963271,-0.11562329,-0.00081951654,-0.00039308443,4.1656196e-05,4.7830253,-4.899851,1.3186451,-0.015245565,0.00010235557,-1.6833793,1.6748626,3.0134179e-05,0.23533261,2.944851,4.3814735,-0.2353796,0.15230271,0.16563055,0.09228503,0.054808334,inf,inf,inf,inf,inf,1,1,1,1,4,2,4,1,1,1,1,1,0,2,0,0,3.62721643765569,1
1578568000,1578568000,5764000,47.3979711740181,8.54616359846853,1.9682214,14.442203,-2.9707398,0.0,0.0,-0.2353796,-2.8357298,-2.2491357,-0.05903375,-0.10455854,-0.00081951654,-0.00039308443,4.1656196e-05,4.7669225,-4.893738,1.2979968,-0.018503947,0.00010187978,-1.6866473,1.6748626,2.9986219e-05,0.23533261,2.9454536,4.383082,-0.2353796,0.15099578,0.16493015,0.09128278,0.0545813,inf,inf,inf,inf,inf,1,1,1,1,4,2,4,1,1,1,1,1,0,2,0,0,3.6198701467402934,1
1578576000,1578576000,5764000,47.3979711740181,8.54616359846853,1.9488245,14.42271,-2.9711595,0.0,0.0,-0.2353796,-2.7952597,-2.2895064,-0.04871164,-0.09377397,-0.00081951654,-0.00039308443,4.1656196e-05,4.7464194,-4.8791585,1.2633278,-0.021754114,0.00010191531,-1.6899072,1.6748626,3.003221e-05,0.23533261,2.9476173,4.385004,-0.2353796,0.15140864,0.16519134,0.09172198,0.05467768,inf,inf,inf,inf,inf,1,1,1,1,4,2,4,1,1,1,1,1,0,2,0,0,3.6135424682652535,1
1578584000,1578584000,5764000,47.3979711740181,8.54616359846853,1.9296806,14.402924,-2.9714937,0.0,0.0,-0.2353796,-2.7550144,-2.3297389,-0.03868,-0.08328313,-0.00081951654,-0.00039308443,4.1656196e-05,4.7270474,-4.866312,1.2269541,-0.024980584,0.00010195088,-1.6931424,1.6748626,3.0078221e-05,0.23533261,2.9496734,4.3869247,-0.2353796,0.15182449,0.16545327,0.09216436,0.054774616,inf,inf,inf,inf,inf,1,1,1,1,4,2,4,1,1,1,1,1,0,2,0,0,3.608224470398228,1
1578592000,1578592000,5764000,47.3979711740181,8.54616359846853,1.9107898,14.382842,-2.971745,0.0,0.0,-0.2353796,-2.7149763,-2.3698127,-0.028922644,-0.07306979,-0.00081951654,-0.00039308443,4.1656196e-05,4.70967,-4.8507915,1.1926023,-0.02819684,0.00010198645,-1.6963667,1.6748626,3.0124245e-05,0.23533261,2.9516222,4.3888435,-0.2353796,0.15224333,0.16571595,0.09261022,0.054872088,inf,inf,inf,inf,inf,1,1,1,1,4,2,4,1,1,1,1,1,0,2,0,0,3.603879168615248,1
1578600000,1578600000,5764000,47.3979711740181,8.54616359846853,1.8924885,14.362206,-2.97186,0.0,0.0,-0.2353796,-2.674895,-2.4099824,-0.019334033,-0.06296698,-0.00081951654,-0.00039308443,4.1656196e-05,4.6848893,-4.8335447,1.1633596,-0.03138058,0.00010145165,-1.6995577,1.6748626,2.9977993e-05,0.23533261,2.9517438,4.3903804,-0.2353796,0.15093839,0.16483276,0.09160298,0.05462412,inf,inf,inf,inf,inf,1,1,1,1,4,2,4,1,1,1,1,1,0,2,0,0,3.600479445041563,1
1578608000,1578608000,5764000,47.3979711740181,8.54616359846853,1.8744345,14.341281,-2.9718966,0.0,0.0,-0.2353796,-2.6350787,-2.4500265,-0.009971076,-0.053095,-0.00081951654,-0.00039308443,4.1656196e-05,4.6607943,-4.822751,1.1352389,-0.034544803,0.00010148705,-1.7027283,1.6748626,3.0023934e-05,0.23533261,2.9534643,4.3922935,-0.2353796,0.15135098,0.16509369,0.09205166,0.05472278,inf,inf,inf,inf,inf,1,1,1,1,4,2,4,1,1,1,1,1,0,2,0,0,3.598106311416123,1
1578616000,1578616000,5764000,47.3979711740181,8.54616359846853,1.8566277,14.3200655,-2.971856,0.0,0.0,-0.2353796,-2.5955007,-2.489817,-0.00084511784,-0.04346512,-0.00081951654,-0.00039308443,4.1656196e-05,4.639708,-4.7957745,1.1056987,-0.037670936,0.000101522484,-1.7058601,1.6748626,3.0069905e-05,0.23533261,2.9550796,4.3942046,-0.2353796,0.15176655,0.16535538,0.092503555,0.054821946,inf,inf,inf,inf,inf,1,1,1,1,4,2,4,1,1,1,1,1,0,2,0,0,3.5966391661401977,1
1578624000,1578624000,5764000,47.3979711740181,8.54616359846853,1.8390676,14.298562,-2.9717412,0.0,0.0,-0.2353796,-2.5562117,-2.5293837,0.007989325,-0.034131777,-0.00081951654,-0.00039308443,4.1656196e-05,4.612056,-4.7723856,1.0693487,-0.04076622,0.000101557984,-1.7089604,1.6748626,3.0115903e-05,0.23533261,2.9565904,4.3961143,-0.2353796,0.15218516,0.16561784,0.09295861,0.0549216,inf,inf,inf,inf,inf,1,1,1,1,4,2,4,1,1,1,1,1,0,2,0,0,3.5961179049575858,1
1578632000,1578632000,5764000,47.3979711740181,8.54616359846853,1.8220764,14.276498,-2.9715104,0.0,0.0,-0.2353796,-2.516874,-2.5690641,0.01661387,-0.024964318,-0.00081951654,-0.00039308443,4.1656196e-05,4.590403,-4.7555747,1.0359305,-0.043806512,0.00010096336,-1.7120049,1.6748626,2.9971487e-05,0.23533261,2.9566436,4.397704,-0.2353796,0.15088208,0.1649179,0.09194453,0.054695867,inf,inf,inf,inf,inf,1,1,1,1,4,2,4,1,1,1,1,1,0,2,0,0,3.5965290353980444,1
1578640000,1578640000,5764000,47.3979711740181,8.54616359846853,1.805326,14.25415,-2.97121,0.0,0.0,-0.2353796,-2.47787,-2.608474,0.024975814,-0.016065963,-0.00081951654,-0.00039308443,4.1656196e-05,4.5576673,-4.7269936,1.003317,-0.04680815,0.000100998725,-1.7150089,1.6748626,3.0017418e-05,0.23533261,2.9579349,4.399609,-0.2353796,0.15129441,0.1651789,0.09240205,0.054796595,inf,inf,inf,inf,inf,1,1,1,1,4,2,4,1,1,1,1,1,0,2,0,0,3.597860494357857,1
1578648000,1578648000,5764000,47.3979711740181,8.54616359846853,1.7888153,14.231521,-2.9708605,0.0,0.0,-0.2353796,-2.4391196,-2.6476188,0.03311218,-0.007418706,-0.00081951654,-0.00039308443,4.1656196e-05,4.534664,-4.6989284,0.97579783,-0.049758893,0.000101034195,-1.7179613,1.6748626,3.0063364e-05,0.23533261,2.959711,4.401452,-0.2353796,0.15170977,0.16525765,0.092862435,0.054876164,inf,inf,inf,inf,inf,1,1,1,1,4,2,4,1,1,1,1,1,0,2,0,0,3.600039742792009,1
1578656000,1578656000,5764000,47.3979711740181,8.54616359846853,1.7725437,14.208611,-2.9704447,0.0,0.0,-0.2353796,-2.4006774,-2.6865792,0.04096365,0.00093800377,-0.00081951654,-0.00039308443,4.1656196e-05,4.5046086,-4.680827,0.9403899,-0.052656785,0.00010106973,-1.7208604,1.6748626,3.0109373e-05,0.23533261,2.960803,4.4033546,-0.2353796,0.15212822,0.16551988,0.09332619,0.05497789,inf,inf,inf,inf,inf,1,1,1,1,4,2,4,1,1,1,1,1,0,2,0,0,3.6031427667197318,1
1578664000,1578664000,5764000,47.3979711740181,8.54616359846853,1.7568266,14.185129,-2.9699278,0.0,0.0,-0.2353796,-2.3622832,-2.7255213,0.048663277,0.0091794105,-0.00081951654,-0.00039308443,4.1656196e-05,4.4715915,-4.6456656,0.91434824,-0.0554888,0.000100415426,-1.7236929,1.6748626,2.996678e-05,0.23533261,2.9606564,4.4049387,-0.2353796,0.1508268,0.1648216,0.09230295,0.05475263,inf,inf,inf,inf,inf,1,1,1,1,4,2,4,1,1,1,1,1,0,2,0,0,3.60710637329762,1
1578672000,1578672000,5764000,47.3979711740181,8.54616359846853,1.7413418,14.161374,-2.969349,0.0,0.0,-0.2353796,-2.3241668,-2.7642376,0.05613054,0.017181579,-0.00081951654,-0.00039308443,4.1656196e-05,4.4458494,-4.6231284,0.88562953,-0.05826069,0.000100450794,-1.7264628,1.6748626,3.0012732e-05,0.23533261,2.9615397,4.4068375,-0.2353796,0.15123896,0.16508238,0.09276806,0.054855295,inf,inf,inf,inf,inf,1,1,1,1,4,2,4,1,1,1,1,1,0,2,0,0,3.611912438168552,1
1578680000,1578680000,5764000,47.3979711740181,8.54616359846853,1.7260882,14.137345,-2.9687095,0.0,0.0,-0.2353796,-2.2864206,-2.8026989,0.06332802,0.024907187,-0.00081951654,-0.00039308443,4.1656196e-05,4.4083195,-4.5967097,0.85223556,-0.06097146,0.00010048628,-1.7291712,1.6748626,3.0058734e-05,0.23533261,2.9623277,4.4087358,-0.2353796,0.15165423,0.16534391,0.09323582,0.05495839,inf,inf,inf,inf,inf,1,1,1,1,4,2,4,1,1,1,1,1,0,2,0,0,3.6175752545431163,1
1578688000,1578688000,5764000,47.3979711740181,8.54616359846853,1.7110646,14.113045,-2.9680114,0.0,0.0,-0.2353796,-2.2489977,-2.8408365,0.070230015,0.032330617,-0.00081951654,-0.00039308443,4.1656196e-05,4.376361,-4.561584,0.8156276,-0.06360766,0.00010052187,-1.7318044,1.6748626,3.0104778e-05,0.23533261,2.9630222,4.4106336,-0.2353796,0.1520726,0.16560623,0.09370689,0.05506196,inf,inf,inf,inf,inf,1,1,1,1,4,2,4,1,1,1,1,1,0,2,0,0,3.6239860553463004,1
1578696000,1578696000,5764000,47.3979711740181,8.54616359846853,1.6965766,14.088198,-2.9672294,0.0,0.0,-0.2353796,-2.211622,-2.8790047,0.07693,0.039578978,-0.00081951654,-0.00039308443,4.1656196e-05,4.344324,-4.535118,0.78401804,-0.06616767,9.9808865e-05,-1.7343609,1.6748626,2.9964003e-05,0.23533261,2.9627385,4.4122124,-0.2353796,0.15077263,0.16490667,0.09267201,0.054836124,inf,inf,inf,inf,inf,1,1,1,1,4,2,4,1,1,1,1,1,0,2,0,0,3.6312336964737053,1
1578704000,1578704000,5764000,47.3979711740181,8.54616359846853,1.6823119,14.0630865,-2.966402,0.0,0.0,-0.2353796,-2.1746123,-2.9168236,0.08343817,0.046619155,-0.00081951654,-0.00039308443,4.1656196e-05,4.3074903,-4.4974346,0.76069725,-0.06866071,9.984435e-05,-1.7368482,1.6748626,3.0009973e-05,0.23533261,2.9635086,4.4140477,-0.2353796,0.1511847,0.16498545,0.093143746,0.05491909,inf,inf,inf,inf,inf,1,1,1,1,4,2,4,1,1,1,1,1,0,2,0,0,3.639197782072472,1
1578712000,1578712000,5764000,47.3979711740181,8.54616359846853,1.6682684,14.037712,-2.9655223,0.0,0.0,-0.2353796,-2.138046,-2.9543395,0.0896746,0.053380437,-0.00081951654,-0.00039308443,4.1656196e-05,4.260807,-4.465339,0.72716546,-0.07108323,9.98799e-05,-1.7392646,1.6748626,3.005602e-05,0.23533261,2.9639215,4.415942,-0.2353796,0.15159988,0.1652468,0.093618095,0.05502386,inf,inf,inf,inf,inf,1,1,1,1,4,2,4,1,1,1,1,1,0,2,0,0,3.64793148417859,1
1578720000,1578720000,5764000,47.3979711740181,8.54616359846853,1.6544447,14.012075,-2.964592,0.0,0.0,-0.2353796,-2.101817,-2.991533,0.09565356,0.0598772,-0.00081951654,-0.00039308443,4.1656196e-05,4.227127,-4.4306383,0.6954199,-0.07342033,9.991557e-05,-1.7415953,1.6748626,3.0102117e-05,0.23533261,2.9642487,4.4178367,-0.2353796,0.15201825,0.16550891,0.094094746,0.055129033,inf,inf,inf,inf,inf,1,1,1,1,4,2,4,1,1,1,1,1,0,2,0,0,3.657328805989239,1
1578728000,1578728000,5764000,47.3979711740181,8.54616359846853,1.6411135,13.98591,-2.9635873,0.0,0.0,-0.2353796,-2.0656717,-3.0286896,0.101382524,0.06614844,-0.00081951654,-0.00039308443,4.1656196e-05,4.1948137,-4.396426,0.6580855,-0.07566782,9.9145866e-05,-1.7438358,1.6748626,2.9963161e-05,0.23533261,2.9636667,4.419413,-0.2353796,0.15071954,0.16481097,0.0930464,0.054902956,inf,inf,inf,inf,inf,1,1,1,1,4,2,4,1,1,1,1,1,0,2,0,0,3.6674567047889823,1
1578736000,1578736000,5764000,47.3979711740181,8.54616359846853,1.6279953,13.95949,-2.9625363,0.0,0.0,-0.2353796,-2.029924,-3.0655053,0.1069139,0.07221424,-0.00081951654,-0.00039308443,4.1656196e-05,4.1539416,-4.3600173,0.633941,-0.07783425,9.918147e-05,-1.7459921,1.6748626,3.000924e-05,0.23533261,2.9638152,4.421306,-0.2353796,0.1511316,0.16507165,0.093523055,0.055008758,inf,inf,inf,inf,inf,1,1,1,1,4,2,4,1,1,1,1,1,0,2,0,0,3.678225764158217,1
1578744000,1578744000,5764000,47.3979711740181,8.54616359846853,1.6150882,13.932817,-2.961441,0.0,0.0,-0.2353796,-1.9946169,-3.1019309,0.11221598,0.07804301,-0.00081951654,-0.00039308443,4.1656196e-05,4.1074486,-4.3173327,0.60583323,-0.07990969,9.921718e-05,-1.748057,1.6748626,3.005537e-05,0.23533261,2.963884,4.423199,-0.2353796,0.15154682,0.1653331,0.09400197,0.05511489,inf,inf,inf,inf,inf,1,1,1,1,4,2,4,1,1,1,1,1,0,2,0,0,3.689588637274863,1
1578752000,1578752000,5764000,47.3979711740181,8.54616359846853,1.6023906,13.905894,-2.9602966,0.0,0.0,-0.2353796,-1.9596782,-3.1380403,0.11725333,0.08360628,-0.00081951654,-0.00039308443,4.1656196e-05,4.069775,-4.2836647,0.5731307,-0.08190425,9.9253026e-05,-1.7500408,1.6748626,3.0101524e-05,0.23533261,2.9636648,4.425031,-0.2353796,0.15196523,0.16541183,0.09448272,0.0551997,inf,inf,inf,inf,inf,1,1,1,1,4,2,4,1,1,1,1,1,0,2,0,0,3.701538047268381,1
1578760000,1578760000,5764000,47.3979711740181,8.54616359846853,1.5901678,13.87847,-2.959095,0.0,0.0,-0.2353796,-1.9248971,-3.1740232,0.122086145,0.0889788,-0.00081951654,-0.00039308443,4.1656196e-05,4.0287075,-4.241342,0.54244787,-0.08381033,9.8429606e-05,-1.7519358,1.6748626,2.9964376e-05,0.23533261,2.9630444,4.4266076,-0.2353796,0.15066762,0.16471548,0.09341877,0.054973003,inf,inf,inf,inf,inf,1,1,1,1,4,2,4,1,1,1,1,1,0,2,0,0,3.7141024685013218,1
1578772000,1578768000,5764000,47.3979711740181,8.54616359846853,1.5781472,13.850803,-2.9578552,0.0,0.0,-0.2353796,-1.8904853,-3.209716,0.12664622,0.09407027,-0.00081951654,-0.00039308443,4.1656196e-05,3.9912412,-4.211566,0.5090115,-0.08563082,9.846533e-05,-1.7537427,1.6748626,3.0010538e-05,0.23533261,2.962875,4.4284997,-0.2353796,0.15107973,0.164976,0.09389843,0.055079967,inf,inf,inf,inf,inf,1,1,1,1,4,2,4,1,1,1,1,1,0,2,0,0,3.7272309742236764,1
1578776000,1578776000,5764000,47.3979711740181,8.54616359846853,1.5663273,13.822895,-2.9565787,0.0,0.0,-0.2353796,-1.8564568,-3.2449765,0.13106765,0.09901494,-0.00081951654,-0.00039308443,4.1656196e-05,3.9518263,-4.1637278,0.4923404,-0.08735305,9.8501194e-05,-1.7554512,1.6748626,3.0056768e-05,0.23533261,2.9626336,4.4303927,-0.2353796,0.15149505,0.1652373,0.09437979,0.055187166,inf,inf,inf,inf,inf,1,1,1,1,4,2,4,1,1,1,1,1,0,2,0,0,3.7407864232932377,1
1578784000,1578784000,5764000,47.3979711740181,8.54616359846853,1.5547066,13.794747,-2.9552674,0.0,0.0,-0.2353796,-1.8228807,-3.2799067,0.1352645,0.10372695,-0.00081951654,-0.00039308443,4.1656196e-05,3.903481,-4.128521,0.46492365,-0.08898913,9.853718e-05,-1.7570733,1.6748626,3.0103056e-05,0.23533261,2.962323,4.4322863,-0.2353796,0.15191361,0.16549936,0.09486301,0.055294644,inf,inf,inf,inf,inf,1,1,1,1,4,2,4,1,1,1,1,1,0,2,0,0,3.754860648825417,1
1578792000,1578792000,5764000,47.3979711740181,8.54616359846853,1.543283,13.766362,-2.9539227,0.0,0.0,-0.2353796,-1.7896706,-3.314453,0.13927537,0.108245075,-0.00081951654,-0.00039308443,4.1656196e-05,3.8657737,-4.086416,0.44234186,-0.09054058,9.8573306e-05,-1.7586105,1.6748626,3.0149402e-05,0.23533261,2.9619448,4.4341807,-0.2353796,0.15233544,0.16576222,0.095347516,0.0554023,inf,inf,inf,inf,inf,1,1,1,1,4,2,4,1,1,1,1,1,0,2,0,0,3.7693390898673464,1
1578800000,1578800000,5764000,47.3979711740181,8.54616359846853,1.5322965,13.737535,-2.9525485,0.0,0.0,-0.2353796,-1.7567154,-3.3488383,0.14304782,0.112518154,-0.00081951654,-0.00039308443,4.1656196e-05,3.8157988,-4.04527,0.40868667,-0.09199209,9.767342e-05,-1.7600477,1.6748626,3.0011612e-05,0.23533261,2.9615731,4.435696,-0.2353796,0.15102136,0.16487831,0.0942421,0.055150222,inf,inf,inf,inf,inf,1,1,1,1,4,2,4,1,1,1,1,1,0,2,0,0,3.7843400527635995,1
1578808000,1578808000,5764000,47.3979711740181,8.54616359846853,1.5214995,13.708478,-2.9511447,0.0,0.0,-0.2353796,-1.7241914,-3.3828385,0.14665076,0.116614066,-0.00081951654,-0.00039308443,4.1656196e-05,3.7701895,-4.003398,0.3882325,-0.09334876,9.770942e-05,-1.761388,1.6748626,3.0057949e-05,0.23533261,2.9610574,4.43759,-0.2353796,0.1514367,0.16513942,0.09472446,0.05525824,inf,inf,inf,inf,inf,1,1,1,1,4,2,4,1,1,1,1,1,0,2,0,0,3.799728772731652,1
1578816000,1578816000,5764000,47.3979711740181,8.54616359846853,1.51089,13.679193,-2.9497118,0.0,0.0,-0.2353796,-1.6920713,-3.4164429,0.14999558,0.12044433,-0.00081951654,-0.00039308443,4.1656196e-05,3.727765,-3.9600737,0.35670584,-0.09459975,9.774558e-05,-1.7626225,1.6748626,3.0104355e-05,0.23533261,2.9604805,4.4394855,-0.2353796,0.15185532,0.16540132,0.095207684,0.05536638,inf,inf,inf,inf,inf,1,1,1,1,4,2,4,1,1,1,1,1,0,2,0,0,3.8154535834240777,1
1578824000,1578824000,5764000,47.3979711740181,8.54616359846853,1.5004662,13.649681,-2.9482527,0.0,0.0,-0.2353796,-1.6603371,-3.449655,0.15309525,0.12402201,-0.00081951654,-0.00039308443,4.1656196e-05,3.6873653,-3.917042,0.32680434,-0.09576372,9.778188e-05,-1.7637699,1.6748626,3.015083e-05,0.23533261,2.9598439,4.441382,-0.2353796,0.15227723,0.16566402,0.09569219,0.055474717,inf,inf,inf,inf,inf,1,1,1,1,4,2,4,1,1,1,1,1,0,2,0,0,3.831484968029233,1
1578832000,1578832000,5764000,47.3979711740181,8.54616359846853,1.4904583,13.619751,-2.9467645,0.0,0.0,-0.2353796,-1.6288083,-3.4826996,0.15598506,0.12739009,-0.00081951654,-0.00039308443,4.1656196e-05,3.6443865,-3.8769825,0.297104,-0.0968183,9.683824e-05,-1.7648078,1.6748626,3.0014966e-05,0.23533261,2.959014,4.4429607,-0.2353796,0.15096436,0.16496344,0.09456844,0.055242527,inf,inf,inf,inf,inf,1,1,1,1,4,2,4,1,1,1,1,1,0,2,0,0,3.847927275941199,1
1578840000,1578840000,5764000,47.3979711740181,8.54616359846853,1.4806287,13.589602,-2.945253,0.0,0.0,-0.2353796,-1.5977103,-3.5152767,0.15880272,0.13067861,-0.00081951654,-0.00039308443,4.1656196e-05,3.5986233,-3.8248558,0.28889623,-0.097779065,9.687439e-05,-1.7657503,1.6748626,3.006143e-05,0.23533261,2.958256,4.4448586,-0.2353796,0.15137978,0.16522469,0.095049724,0.05535097,inf,inf,inf,inf,inf,1,1,1,1,4,2,4,1,1,1,1,1,0,2,0,0,3.8645914123188208,1
1578848000,1578848000,5764000,47.3979711740181,8.54616359846853,1.470976,13.5592375,-2.9437222,0.0,0.0,-0.2353796,-1.566978,-3.5475173,0.16143014,0.13376653,-0.00081951654,-0.00039308443,4.1656196e-05,3.5607886,-3.7889736,0.26599875,-0.09864643,9.691075e-05,-1.7665995,1.6748626,3.010794e-05,0.23533261,2.9575386,4.4466968,-0.2353796,0.15179849,0.16530357,0.095531926,0.05543807,inf,inf,inf,inf,inf,1,1,1,1,4,2,4,1,1,1,1,1,0,2,0,0,3.8815407683526537,1
1578856000,1578856000,5764000,47.3979711740181,8.54616359846853,1.4614983,13.52866,-2.9421706,0.0,0.0,-0.2353796,-1.5367117,-3.5792842,0.16377342,0.13656323,-0.00081951654,-0.00039308443,4.1656196e-05,3.5101788,-3.7357585,0.23129441,-0.09941326,9.6947224e-05,-1.7673483,1.6748626,3.015455e-05,0.23533261,2.9566762,4.448597,-0.2353796,0.15222055,0.16556612,0.09601456,0.055546723,inf,inf,inf,inf,inf,1,1,1,1,4,2,4,1,1,1,1,1,0,2,0,0,3.898663869376921,1
1578864000,1578864000,5764000,47.3979711740181,8.54616359846853,1.4523882,13.497698,-2.9406033,0.0,0.0,-0.2353796,-1.5067658,-3.6108825,0.16602406,0.13925967,-0.00081951654,-0.00039308443,4.1656196e-05,3.4572349,-3.6985807,0.21735205,-0.10008328,9.596534e-05,-1.7680002,1.6748626,3.0020554e-05,0.23533261,2.9558609,4.4501805,-0.2353796,0.15090871,0.16486712,0.09487138,0.055312816,inf,inf,inf,inf,inf,1,1,1,1,4,2,4,1,1,1,1,1,0,2,0,0,3.9161689944836104,1
1578872000,1578872000,5764000,47.3979711740181,8.54616359846853,1.4434454,13.46653,-2.9390178,0.0,0.0,-0.2353796,-1.4771997,-3.6420245,0.16813226,0.14180686,-0.00081951654,-0.00039308443,4.1656196e-05,3.4175684,-3.6478186,0.20040524,-0.10067156,9.6001735e-05,-1.7685688,1.6748626,3.0067178e-05,0.23533261,2.9548953,4.4520826,-0.2353796,0.15132424,0.16512823,0.09534985,0.055421423,inf,inf,inf,inf,inf,1,1,1,1,4,2,4,1,1,1,1,1,0,2,0,0,3.9337933180497737,1
1578880000,1578880000,5764000,47.3979711740181,8.54616359846853,1.4346682,13.435157,-2.9374151,0.0,0.0,-0.2353796,-1.448084,-3.6727614,0.17005761,0.14416447,-0.00081951654,-0.00039308443,4.1656196e-05,3.36886,-3.6032896,0.17840554,-0.10116418,9.603826e-05,-1.7690417,1.6748626,3.0113872e-05,0.23533261,2.9538846,4.453986,-0.2353796,0.15174313,0.16539013,0.095829025,0.05553008,inf,inf,inf,inf,inf,1,1,1,1,4,2,4,1,1,1,1,1,0,2,0,0,3.951587423188923,1
1578888000,1578888000,5764000,47.3979711740181,8.54616359846853,1.4260542,13.403584,-2.9357977,0.0,0.0,-0.2353796,-1.4193851,-3.7031138,0.17178962,0.14632212,-0.00081951654,-0.00039308443,4.1656196e-05,3.3241332,-3.5611897,0.15509966,-0.101571284,9.60749e-05,-1.7694292,1.6748626,3.016063e-05,0.23533261,2.9528308,4.455892,-0.2353796,0.1521654,0.16565283,0.09630831,0.055638723,inf,inf,inf,inf,inf,1,1,1,1,4,2,4,1,1,1,1,1,0,2,0,0,3.969536188447234,1
1578896000,1578896000,5764000,47.3979711740181,8.54616359846853,1.417766,13.371668,-2.9341822,0.0,0.0,-0.2353796,-1.3909473,-3.733167,0.17331576,0.14825267,-0.00081951654,-0.00039308443,4.1656196e-05,3.2822893,-3.5111072,0.12828735,-0.10188219,9.506067e-05,-1.7697207,1.6748626,3.0028446e-05,0.23533261,2.9522407,4.4574804,-0.2353796,0.15085445,0.16495249,0.09514564,0.05540223,inf,inf,inf,inf,inf,1,1,1,1,4,2,4,1,1,1,1,1,0,2,0,0,3.9876444919188403,1
1578904000,1578904000,5764000,47.3979711740181,8.54616359846853,1.4096345,13.339559,-2.9325504,0.0,0.0,-0.2353796,-1.3629313,-3.7627635,0.17475772,0.15009744,-0.00081951654,-0.00039308443,4.1656196e-05,3.2370074,-3.4601965,0.1185392,-0.10209957,9.509722e-05,-1.7699169,1.6748626,3.0075184e-05,0.23533261,2.9509706,4.459328,-0.2353796,0.15127017,0.16503151,0.09561995,0.05548943,inf,inf,inf,inf,inf,1,1,1,1,4,2,4,1,1,1,1,1,0,2,0,0,4.005809674229611,1
1578912000,1578912000,5764000,47.3979711740181,8.54616359846853,1.4016576,13.307258,-2.9309063,0.0,0.0,-0.2353796,-1.3353877,-3.7919757,0.17603174,0.15176831,-0.00081951654,-0.00039308443,4.1656196e-05,3.1851761,-3.4181077,0.098431945,-0.1022288,9.5133924e-05,-1.7700253,1.6748626,3.012204e-05,0.23533261,2.9497945,4.4612374,-0.2353796,0.15168925,0.16529328,0.09609427,0.055597845,inf,inf,inf,inf,inf,1,1,1,1,4,2,4,1,1,1,1,1,0,2,0,0,4.024093337907212,1
1578920000,1578920000,5764000,47.3979711740181,8.54616359846853,1.3938333,13.274766,-2.9292521,0.0,0.0,-0.2353796,-1.3082881,-3.8207865,0.1771417,0.15326919,-0.00081951654,-0.00039308443,4.1656196e-05,3.136702,-3.3737926,0.078807116,-0.10226957,9.517075e-05,-1.7700454,1.6748626,3.0168965e-05,0.23533261,2.948583,4.463149,-0.2353796,0.15211174,0.16555586,0.09656892,0.055706263,inf,inf,inf,inf,inf,1,1,1,1,4,2,4,1,1,1,1,1,0,2,0,0,4.04245054553086,1
1578928000,1578928000,5764000,47.3979711740181,8.54616359846853,1.3862901,13.241955,-2.9276066,0.0,0.0,-0.2353796,-1.2814509,-3.849358,0.17814265,0.15463896,-0.00081951654,-0.00039308443,4.1656196e-05,3.0980456,-3.3322625,0.06419839,-0.10222966,9.413044e-05,-1.7699852,1.6748626,3.003857e-05,0.23533261,2.9478915,4.4647446,-0.2353796,0.1508016,0.16485706,0.09538731,0.05546771,inf,inf,inf,inf,inf,1,1,1,1,4,2,4,1,1,1,1,1,0,2,0,0,4.060961490216798,1
1578936000,1578936000,5764000,47.3979711740181,8.54616359846853,1.3788934,13.208961,-2.9259524,0.0,0.0,-0.2353796,-1.2549973,-3.877486,0.17898352,0.15584351,-0.00081951654,-0.00039308443,4.1656196e-05,3.057094,-3.2827747,0.045092773,-0.10209514,9.416716e-05,-1.7698281,1.6748626,3.0085515e-05,0.23533261,2.9466102,4.466659,-0.2353796,0.15121752,0.1651182,0.09585612,0.055575795,inf,inf,inf,inf,inf,1,1,1,1,4,2,4,1,1,1,1,1,0,2,0,0,4.0794547434228114,1
1578944000,1578944000,5764000,47.3979711740181,8.54616359846853,1.3716412,13.175786,-2.9242907,0.0,0.0,-0.2353796,-1.2290719,-3.905214,0.17968002,0.15689857,-0.00081951654,-0.00039308443,4.1656196e-05,2.9978998,-3.23864,0.027947592,-0.101877846,9.420406e-05,-1.7695886,1.6748626,3.0132545e-05,0.23533261,2.9452984,4.4685755,-0.2353796,0.15163682,0.16538016,0.0963247,0.055683788,inf,inf,inf,inf,inf,1,1,1,1,4,2,4,1,1,1,1,1,0,2,0,0,4.097999393698443,1
1578952000,1578952000,5764000,47.3979711740181,8.54616359846853,1.3645308,13.142433,-2.922606,0.0,0.0,-0.2353796,-1.2034711,-3.9324956,0.18031172,0.15790112,-0.00081951654,-0.00039308443,4.1656196e-05,2.9639535,-3.1884665,0.020327976,-0.10157299,9.4241084e-05,-1.7692618,1.6748626,3.0179606e-05,0.23533261,2.9434264,4.4704337,-0.2353796,0.15205956,0.16545925,0.09679281,0.05577013,inf,inf,inf,inf,inf,1,1,1,1,4,2,4,1,1,1,1,1,0,2,0,0,4.116476241753854,1
1578960000,1578960000,5764000,47.3979711740181,8.54616359846853,1.3576679,13.10878,-2.9209433,0.0,0.0,-0.2353796,-1.1783062,-3.9594984,0.1808323,0.15876089,-0.00081951654,-0.00039308443,4.1656196e-05,2.9060848,-3.1424963,0.00627106,-0.10118636,9.318098e-05,-1.7688537,1.6748626,3.005094e-05,0.23533261,2.9428983,4.4720373,-0.2353796,0.15075015,0.16476195,0.095592454,0.055529326,inf,inf,inf,inf,inf,1,1,1,1,4,2,4,1,1,1,1,1,0,2,0,0,4.13506147490993,1
1578968000,1578968000,5764000,47.3979711740181,8.54616359846853,1.3509408,13.074954,-2.9192758,0.0,0.0,-0.2353796,-1.1535777,-3.9861414,0.18121988,0.15948306,-0.00081951654,-0.00039308443,4.1656196e-05,2.8580937,-3.1033936,-0.009438022,-0.10073388,9.321789e-05,-1.768377,1.6748626,3.0098066e-05,0.23533261,2.9415023,4.47396,-0.2353796,0.15116629,0.16502298,0.0960546,0.055636786,inf,inf,inf,inf,inf,1,1,1,1,4,2,4,1,1,1,1,1,0,2,0,0,4.153661687672512,1
1578976000,1578976000,5764000,47.3979711740181,8.54616359846853,1.3443471,13.04096,-2.9176044,0.0,0.0,-0.2353796,-1.129272,-4.0123496,0.18150634,0.16009958,-0.00081951654,-0.00039308443,4.1656196e-05,2.8116202,-3.054715,-0.021161975,-0.10019951,9.3254974e-05,-1.7678188,1.6748626,3.0145278e-05,0.23533261,2.940083,4.4758844,-0.2353796,0.15158588,0.16528484,0.09651638,0.055744093,inf,inf,inf,inf,inf,1,1,1,1,4,2,4,1,1,1,1,1,0,2,0,0,4.172187569377048,1
1578984000,1578984000,5764000,47.3979711740181,8.54616359846853,1.3378854,13.006801,-2.9159303,0.0,0.0,-0.2353796,-1.1052905,-4.0381327,0.18174532,0.16066411,-0.00081951654,-0.00039308443,4.1656196e-05,2.7772708,-3.007144,-0.02618553,-0.099587485,9.329214e-05,-1.7671833,1.6748626,3.0192556e-05,0.23533261,2.9386423,4.4778113,-0.2353796,0.1520089,0.16554749,0.09697772,0.05585124,inf,inf,inf,inf,inf,1,1,1,1,4,2,4,1,1,1,1,1,0,2,0,0,4.190610236414435,1
1578992000,1578992000,5764000,47.3979711740181,8.54616359846853,1.3316567,12.972375,-2.914299,0.0,0.0,-0.2353796,-1.0816596,-4.063537,0.18182506,0.16101943,-0.00081951654,-0.00039308443,4.1656196e-05,2.7299092,-2.9521997,-0.044626646,-0.09889997,9.221859e-05,-1.7664727,1.6748626,3.0065572e-05,0.23533261,2.93859,4.4794226,-0.2353796,0.1507001,0.16484877,0.09575992,0.05560745,inf,inf,inf,inf,inf,1,1,1,1,4,2,4,1,1,1,1,1,0,2,0,0,4.208964337350124,1
1579000000,1579000000,5764000,47.3979711740181,8.54616359846853,1.3255538,12.93779,-2.9126601,0.0,0.0,-0.2353796,-1.0585084,-4.0885754,0.18177047,0.1612431,-0.00081951654,-0.00039308443,4.1656196e-05,2.6760793,-2.9120262,-0.060679853,-0.09813576,9.225568e-05,-1.765684,1.6748626,3.011285e-05,0.23533261,2.9369438,4.481293,-0.2353796,0.1511165,0.16492811,0.0962147,0.055692963,inf,inf,inf,inf,inf,1,1,1,1,4,2,4,1,1,1,1,1,0,2,0,0,4.227283919743236,1
1579008000,1579008000,5764000,47.3979711740181,8.54616359846853,1.3195746,12.903048,-2.9110203,0.0,0.0,-0.2353796,-1.0356926,-4.1131945,0.18168847,0.16143635,-0.00081951654,-0.00039308443,4.1656196e-05,2.6401186,-2.8651106,-0.06323354,-0.09730001,9.229293e-05,-1.7648242,1.6748626,3.0160252e-05,0.23533261,2.9354475,4.4832263,-0.2353796,0.15153636,0.16518986,0.0966686,0.05579937,inf,inf,inf,inf,inf,1,1,1,1,4,2,4,1,1,1,1,1,0,2,0,0,4.24547274831154,1
1579016000,1579016000,5764000,47.3979711740181,8.54616359846853,1.3137175,12.868152,-2.90938,0.0,0.0,-0.2353796,-1.0132749,-4.1374145,0.18150197,0.16152208,-0.00081951654,-0.00039308443,4.1656196e-05,2.5961604,-2.8206081,-0.07542688,-0.09639598,9.233033e-05,-1.7638965,1.6748626,3.0207735e-05,0.23533261,2.9339354,4.485162,-0.2353796,0.15195966,0.16545244,0.09712142,0.055905547,inf,inf,inf,inf,inf,1,1,1,1,4,2,4,1,1,1,1,1,0,2,0,0,4.263551070750078,1
1579024000,1579024000,5764000,47.3979711740181,8.54616359846853,1.308053,12.833022,-2.9077806,0.0,0.0,-0.2353796,-0.99121517,-4.1613693,0.18113156,0.16137995,-0.00081951654,-0.00039308443,4.1656196e-05,2.5509377,-2.78257,-0.09642122,-0.09543279,9.124954e-05,-1.76291,1.6748626,3.0082392e-05,0.23533261,2.9336612,4.486783,-0.2353796,0.15065144,0.16475518,0.09588751,0.05565938,inf,inf,inf,inf,inf,1,1,1,1,4,2,4,1,1,1,1,1,0,2,0,0,4.281624762429404,1
1579032000,1579032000,5764000,47.3979711740181,8.54616359846853,1.302505,12.797745,-2.9061823,0.0,0.0,-0.2353796,-0.9695523,-4.184904,0.18075407,0.16122918,-0.00081951654,-0.00039308443,4.1656196e-05,2.5069897,-2.7354577,-0.09648967,-0.09439148,9.1286805e-05,-1.7618442,1.6748626,3.0129908e-05,0.23533261,2.9321237,4.4887223,-0.2353796,0.15106814,0.16501632,0.096333526,0.055764947,inf,inf,inf,inf,inf,1,1,1,1,4,2,4,1,1,1,1,1,0,2,0,0,4.2995494165636545,1
1579040000,1579040000,5764000,47.3979711740181,8.54616359846853,1.2970718,12.7623205,-2.9045844,0.0,0.0,-0.2353796,-0.9482551,-4.2080755,0.18028635,0.1609866,-0.00081951654,-0.00039308443,4.1656196e-05,2.4668064,-2.6952655,-0.10694982,-0.09329988,9.132422e-05,-1.7607285,1.6748626,3.017751e-05,0.23533261,2.9305742,4.490665,-0.2353796,0.15148827,0.16527829,0.09677869,0.05587027,inf,inf,inf,inf,inf,1,1,1,1,4,2,4,1,1,1,1,1,0,2,0,0,4.317359183154973,1
1579048000,1579048000,5764000,47.3979711740181,8.54616359846853,1.2917511,12.726753,-2.9029741,0.0,0.0,-0.2353796,-0.9274005,-4.23083,0.17980921,0.16074799,-0.00081951654,-0.00039308443,4.1656196e-05,2.4168696,-2.648259,-0.10768184,-0.09214449,9.1361755e-05,-1.7595496,1.6748626,3.0225146e-05,0.23533261,2.9285538,4.492549,-0.2353796,0.15191185,0.16535772,0.09722291,0.055953905,inf,inf,inf,inf,inf,1,1,1,1,4,2,4,1,1,1,1,1,0,2,0,0,4.335011594944248,1
1579056000,1579056000,5764000,47.3979711740181,8.54616359846853,1.2865409,12.691043,-2.9013662,0.0,0.0,-0.2353796,-0.90691245,-4.253198,0.17927918,0.16045429,-0.00081951654,-0.00039308443,4.1656196e-05,2.3762913,-2.6048388,-0.11347467,-0.09092549,9.139944e-05,-1.7583076,1.6748626,3.0272911e-05,0.23533261,2.9269843,4.4944963,-0.2353796,0.15233895,0.16562101,0.0976658,0.056058668,inf,inf,inf,inf,inf,1,1,1,1,4,2,4,1,1,1,1,1,0,2,0,0,4.352507833829881,1
1579064000,1579064000,5764000,47.3979711740181,8.54616359846853,1.2814931,12.655152,-2.899797,0.0,0.0,-0.2353796,-0.88678426,-4.2752266,0.17865653,0.16002889,-0.00081951654,-0.00039308443,4.1656196e-05,2.3327117,-2.5614274,-0.12277252,-0.08964947,9.029792e-05,-1.7570089,1.6748626,3.0146806e-05,0.23533261,2.9265246,4.496127,-0.2353796,0.15101312,0.16492069,0.09639167,0.055807073,inf,inf,inf,inf,inf,1,1,1,1,4,2,4,1,1,1,1,1,0,2,0,0,4.369881801701615,1
1579072000,1579072000,5764000,47.3979711740181,8.54616359846853,1.2765507,12.619124,-2.8982315,0.0,0.0,-0.2353796,-0.8670364,-4.2968197,0.17794293,0.15951161,-0.00081951654,-0.00039308443,4.1656196e-05,2.2902389,-2.5118625,-0.13337563,-0.0883264,9.0335474e-05,-1.7556626,1.6748626,3.0194598e-05,0.23533261,2.9249434,4.4980783,-0.2353796,0.15143341,0.16518255,0.09682742,0.05591114,inf,inf,inf,inf,inf,1,1,1,1,4,2,4,1,1,1,1,1,0,2,0,0,4.387034914332234,1
1579080000,1579080000,5764000,47.3979711740181,8.54616359846853,1.2717118,12.582964,-2.8966694,0.0,0.0,-0.2353796,-0.84767157,-4.3180704,0.1772045,0.15896851,-0.00081951654,-0.00039308443,4.1656196e-05,2.2472947,-2.4738529,-0.13571976,-0.08694701,9.037318e-05,-1.7542604,1.6748626,3.0242481e-05,0.23533261,2.9233568,4.5000324,-0.2353796,0.15185715,0.16544522,0.097262196,0.056014944,inf,inf,inf,inf,inf,1,1,1,1,4,2,4,1,1,1,1,1,0,2,0,0,4.404052736373927,1
1579088000,1579088000,5764000,47.3979711740181,8.54616359846853,1.2669744,12.546672,-2.895112,0.0,0.0,-0.2353796,-0.82864136,-4.3389244,0.17640817,0.1583665,-0.00081951654,-0.00039308443,4.1656196e-05,2.2102745,-2.4289153,-0.14219898,-0.08552344,9.041101e-05,-1.7528147,1.6748626,3.0290452e-05,0.23533261,2.9217656,4.5019894,-0.2353796,0.1522844,0.1657087,0.097695835,0.056118432,inf,inf,inf,inf,inf,1,1,1,1,4,2,4,1,1,1,1,1,0,2,0,0,4.42086318436352,1
1579096000,1579096000,5764000,47.3979711740181,8.54616359846853,1.2623672,12.510215,-2.8935957,0.0,0.0,-0.2353796,-0.8099756,-4.359411,0.17555268,0.15766644,-0.00081951654,-0.00039308443,4.1656196e-05,2.1689346,-2.3819938,-0.14703022,-0.084053576,8.931636e-05,-1.7513231,1.6748626,3.0165997e-05,0.23533261,2.9213102,4.5036297,-0.2353796,0.15095958,0.16500697,0.096410446,0.055863917,inf,inf,inf,inf,inf,1,1,1,1,4,2,4,1,1,1,1,1,0,2,0,0,4.437492927653129,1
1579104000,1579104000,5764000,47.3979711740181,8.54616359846853,1.2578572,12.473631,-2.8920927,0.0,0.0,-0.2353796,-0.7916805,-4.3795357,0.17464,0.15690097,-0.00081951654,-0.00039308443,4.1656196e-05,2.127176,-2.3414667,-0.15327705,-0.08252775,8.935407e-05,-1.7497742,1.6748626,3.0213952e-05,0.23533261,2.919976,4.5055304,-0.2353796,0.15137999,0.1650866,0.09683669,0.05594543,inf,inf,inf,inf,inf,1,1,1,1,4,2,4,1,1,1,1,1,0,2,0,0,4.453940961806155,1
1579112000,1579112000,5764000,47.3979711740181,8.54616359846853,1.2534423,12.436924,-2.8905945,0.0,0.0,-0.2353796,-0.773747,-4.3993216,0.17364688,0.1560555,-0.00081951654,-0.00039308443,4.1656196e-05,2.0864224,-2.3035388,-0.16264337,-0.08095459,8.939192e-05,-1.7481786,1.6748626,3.0262032e-05,0.23533261,2.9183815,4.507494,-0.2353796,0.15180388,0.16534917,0.09726129,0.056047797,inf,inf,inf,inf,inf,1,1,1,1,4,2,4,1,1,1,1,1,0,2,0,0,4.470220151085324,1
1579120000,1579120000,5764000,47.3979711740181,8.54616359846853,1.2491205,12.400096,-2.8891015,0.0,0.0,-0.2353796,-0.75618476,-4.418752,0.17267248,0.15522909,-0.00081951654,-0.00039308443,4.1656196e-05,2.0443544,-2.2634645,-0.15961984,-0.07934682,8.94299e-05,-1.7465489,1.6748626,3.0310192e-05,0.23533261,2.9167862,4.5094604,-0.2353796,0.15223128,0.16561258,0.097684614,0.056149837,inf,inf,inf,inf,inf,1,1,1,1,4,2,4,1,1,1,1,1,0,2,0,0,4.4863125631312855,1
1579128000,1579128000,5764000,47.3979711740181,8.54616359846853,1.2449021,12.36313,-2.8876543,0.0,0.0,-0.2353796,-0.7389428,-4.43787,0.17164673,0.15431021,-0.00081951654,-0.00039308443,4.1656196e-05,2.0104976,-2.2256718,-0.16299541,-0.07769062,8.8347275e-05,-1.7448714,1.6748626,3.0187348e-05,0.23533261,2.916429,4.5111103,-0.2353796,0.15090746,0.16491231,0.09638968,0.055893105,inf,inf,inf,inf,inf,1,1,1,1,4,2,4,1,1,1,1,1,0,2,0,0,4.502242685428178,1
1579136000,1579136000,5764000,47.3979711740181,8.54616359846853,1.2407736,12.326046,-2.8862123,0.0,0.0,-0.2353796,-0.7219591,-4.456618,0.17057288,0.15334488,-0.00081951654,-0.00039308443,4.1656196e-05,1.9822886,-2.183607,-0.16839987,-0.076009475,8.8385146e-05,-1.7431679,1.6748626,3.0235551e-05,0.23533261,2.9148393,4.5130816,-0.2353796,0.15132803,0.16517428,0.09680588,0.0559944,inf,inf,inf,inf,inf,1,1,1,1,4,2,4,1,1,1,1,1,0,2,0,0,4.517938030494475,1
1579144000,1579144000,5764000,47.3979711740181,8.54616359846853,1.2367327,12.288848,-2.884776,0.0,0.0,-0.2353796,-0.7053679,-4.475075,0.1695176,0.15239967,-0.00081951654,-0.00039308443,4.1656196e-05,1.9371802,-2.1513686,-0.165469,-0.07428528,8.842314e-05,-1.7414219,1.6748626,3.0283836e-05,0.23533261,2.9132512,4.515055,-0.2353796,0.15175207,0.16543706,0.09722053,0.05609526,inf,inf,inf,inf,inf,1,1,1,1,4,2,4,1,1,1,1,1,0,2,0,0,4.533494937317695,1
1579152000,1579152000,5764000,47.3979711740181,8.54616359846853,1.232778,12.251537,-2.8833666,0.0,0.0,-0.2353796,-0.6890734,-4.4931464,0.16846927,0.15144193,-0.00081951654,-0.00039308443,4.1656196e-05,1.9039406,-2.1072667,-0.16348343,-0.07252955,8.846126e-05,-1.739645,1.6748626,3.0332154e-05,0.23533261,2.9123063,4.5169706,-0.2353796,0.15217957,0.16551682,0.097633615,0.05617423,inf,inf,inf,inf,inf,1,1,1,1,4,2,4,1,1,1,1,1,0,2,0,0,4.548798590546173,1
1579160000,1579160000,5764000,47.3979711740181,8.54616359846853,1.2289127,12.214105,-2.8820057,0.0,0.0,-0.2353796,-0.6731105,-4.510894,0.16732416,0.15034382,-0.00081951654,-0.00039308443,4.1656196e-05,1.869078,-2.0688949,-0.17195055,-0.070746675,8.739511e-05,-1.7378417,1.6748626,3.0210822e-05,0.23533261,2.912079,4.5186315,-0.2353796,0.15085676,0.164818,0.09633149,0.055915408,inf,inf,inf,inf,inf,1,1,1,1,4,2,4,1,1,1,1,1,0,2,0,0,4.563906199623954,1
1579168000,1579168000,5764000,47.3979711740181,8.54616359846853,1.2251297,12.176564,-2.8806496,0.0,0.0,-0.2353796,-0.6574552,-4.5282903,0.16616073,0.14923093,-0.00081951654,-0.00039308443,4.1656196e-05,1.8342217,-2.0289516,-0.17374101,-0.068943255,8.743313e-05,-1.736017,1.6748626,3.0259223e-05,0.23533261,2.910508,4.520612,-0.2353796,0.15127744,0.16507989,0.09673767,0.056015167,inf,inf,inf,inf,inf,1,1,1,1,4,2,4,1,1,1,1,1,0,2,0,0,4.578784748082756,1
1579176000,1579176000,5764000,47.3979711740181,8.54616359846853,1.2214271,12.138918,-2.8792996,0.0,0.0,-0.2353796,-0.6422111,-4.5453596,0.1649781,0.14810221,-0.00081951654,-0.00039308443,4.1656196e-05,1.7863218,-1.9918894,-0.17564324,-0.06710925,8.747128e-05,-1.7341622,1.6748626,3.0307714e-05,0.23533261,2.9089415,4.522595,-0.2353796,0.1517016,0.16534258,0.09714269,0.056114573,inf,inf,inf,inf,inf,1,1,1,1,4,2,4,1,1,1,1,1,0,2,0,0,4.593467836368834,1
1579184000,1579184000,5764000,47.3979711740181,8.54616359846853,1.2178031,12.101168,-2.877956,0.0,0.0,-0.2353796,-0.62721586,-4.56214,0.16374896,0.14693022,-0.00081951654,-0.00039308443,4.1656196e-05,1.7586195,-1.9594681,-0.18095644,-0.06524024,8.750955e-05,-1.7322731,1.6748626,3.0356283e-05,0.23533261,2.9073806,4.524581,-0.2353796,0.15212923,0.16560611,0.09754602,0.056213565,inf,inf,inf,inf,inf,1,1,1,1,4,2,4,1,1,1,1,1,0,2,0,0,4.607964283339946,1
1579192000,1579192000,5764000,47.3979711740181,8.54616359846853,1.2142437,12.063296,-2.8766618,0.0,0.0,-0.2353796,-0.6126008,-4.5785303,0.1624924,0.14568835,-0.00081951654,-0.00039308443,4.1656196e-05,1.7194479,-1.9118237,-0.18100487,-0.06335772,8.6463915e-05,-1.7303712,1.6748626,3.0236395e-05,0.23533261,2.9071789,4.526251,-0.2353796,0.15080744,0.16490585,0.09623905,0.055952225,inf,inf,inf,inf,inf,1,1,1,1,4,2,4,1,1,1,1,1,0,2,0,0,4.62218814288606,1
1579200000,1579200000,5764000,47.3979711740181,8.54616359846853,1.2107595,12.025327,-2.8753772,0.0,0.0,-0.2353796,-0.598275,-4.5946693,0.16124718,0.14445855,-0.00081951654,-0.00039308443,4.1656196e-05,1.6864011,-1.8839871,-0.17908075,-0.061451662,8.6502056e-05,-1.7284443,1.6748626,3.028494e-05,0.23533261,2.905753,4.5281806,-0.2353796,0.15122822,0.16498585,0.09663527,0.056029253,inf,inf,inf,inf,inf,1,1,1,1,4,2,4,1,1,1,1,1,0,2,0,0,4.6362613823042205,1
1579208000,1579208000,5764000,47.3979711740181,8.54616359846853,1.2073488,11.987259,-2.8740988,0.0,0.0,-0.2353796,-0.58427155,-4.610515,0.16000853,0.14323977,-0.00081951654,-0.00039308443,4.1656196e-05,1.6491346,-1.8507963,-0.17785001,-0.05952831,8.654034e-05,-1.7265007,1.6748626,3.033362e-05,0.23533261,2.904217,4.5301733,-0.2353796,0.15165249,0.16524847,0.09703008,0.0561271,inf,inf,inf,inf,inf,1,1,1,1,4,2,4,1,1,1,1,1,0,2,0,0,4.650142421371324,1
1579216000,1579216000,5764000,47.3979711740181,8.54616359846853,1.20401,11.949096,-2.872826,0.0,0.0,-0.2353796,-0.5705079,-4.6259828,0.15872808,0.14198346,-0.00081951654,-0.00039308443,4.1656196e-05,1.6221198,-1.8069726,-0.18266773,-0.057585068,8.657873e-05,-1.7245378,1.6748626,3.038238e-05,0.23533261,2.902688,4.5321684,-0.2353796,0.1520802,0.1655119,0.09742343,0.05622454,inf,inf,inf,inf,inf,1,1,1,1,4,2,4,1,1,1,1,1,0,2,0,0,4.663731417356572,1
1579224000,1579224000,5764000,47.3979711740181,8.54616359846853,1.2007192,11.910838,-2.871603,0.0,0.0,-0.2353796,-0.5570997,-4.6411786,0.15743396,0.14067197,-0.00081951654,-0.00039308443,4.1656196e-05,1.586643,-1.7765163,-0.18077669,-0.05563528,8.5557156e-05,-1.722569,1.6748626,3.0263884e-05,0.23533261,2.9025164,4.533848,-0.2353796,0.15075944,0.16481307,0.096113004,0.055961348,inf,inf,inf,inf,inf,1,1,1,1,4,2,4,1,1,1,1,1,0,2,0,0,4.6771448902721975,1
1579232000,1579232000,5764000,47.3979711740181,8.54616359846853,1.1974975,11.87249,-2.8703861,0.0,0.0,-0.2353796,-0.5439701,-4.6560636,0.15612927,0.13935542,-0.00081951654,-0.00039308443,4.1656196e-05,1.5544543,-1.7409321,-0.18178111,-0.053673808,8.559546e-05,-1.7205876,1.6748626,3.0312673e-05,0.23533261,2.9010098,4.5358467,-0.2353796,0.15118034,0.16507508,0.096499585,0.056057997,inf,inf,inf,inf,inf,1,1,1,1,4,2,4,1,1,1,1,1,0,2,0,0,4.690331338603885,1
1579240000,1579240000,5764000,47.3979711740181,8.54616359846853,1.1943427,11.834052,-2.869175,0.0,0.0,-0.2353796,-0.5311684,-4.6706295,0.15477909,0.1379987,-0.00081951654,-0.00039308443,4.1656196e-05,1.5160515,-1.7042048,-0.18714786,-0.051701512,8.563386e-05,-1.718596,1.6748626,3.0361538e-05,0.23533261,2.8995116,4.5378485,-0.2353796,0.15160465,0.1653379,0.0968848,0.05615425,inf,inf,inf,inf,inf,1,1,1,1,4,2,4,1,1,1,1,1,0,2,0,0,4.703283572370482,1
1579248000,1579248000,5764000,47.3979711740181,8.54616359846853,1.1912539,11.7955265,-2.8679786,0.0,0.0,-0.2353796,-0.5185987,-4.684938,0.15349054,0.13670067,-0.00081951654,-0.00039308443,4.1656196e-05,1.4895611,-1.6751698,-0.17892615,-0.049720112,8.567239e-05,-1.716596,1.6748626,3.041045e-05,0.23533261,2.89827,4.5397925,-0.2353796,0.15203242,0.16541804,0.09726841,0.056228608,inf,inf,inf,inf,inf,1,1,1,1,4,2,4,1,1,1,1,1,0,2,0,0,4.716052164825489,1
1579256000,1579256000,5764000,47.3979711740181,8.54616359846853,1.1881962,11.756939,-2.8668356,0.0,0.0,-0.2353796,-0.50634485,-4.698912,0.15212137,0.13527685,-0.00081951654,-0.00039308443,4.1656196e-05,1.4587218,-1.6405238,-0.184583,-0.047733836,8.467785e-05,-1.7145916,1.6748626,3.0293264e-05,0.23533261,2.8982646,4.5414815,-0.2353796,0.15071274,0.16472062,0.09595688,0.055963818,inf,inf,inf,inf,inf,1,1,1,1,4,2,4,1,1,1,1,1,0,2,0,0,4.728562149541466,1
1579264000,1579264000,5764000,47.3979711740181,8.54616359846853,1.1852018,11.718267,-2.8656983,0.0,0.0,-0.2353796,-0.49433807,-4.7125688,0.1507988,0.13390638,-0.00081951654,-0.00039308443,4.1656196e-05,1.4300694,-1.6035817,-0.17855595,-0.04573095,8.471632e-05,-1.7125714,1.6748626,3.0342257e-05,0.23533261,2.896803,4.5434895,-0.2353796,0.1511337,0.16498254,0.096334234,0.056058925,inf,inf,inf,inf,inf,1,1,1,1,4,2,4,1,1,1,1,1,0,2,0,0,4.740824305990067,1
1579272000,1579272000,5764000,47.3979711740181,8.54616359846853,1.1822693,11.679514,-2.8645663,0.0,0.0,-0.2353796,-0.48254946,-4.7259865,0.14952542,0.13259159,-0.00081951654,-0.00039308443,4.1656196e-05,1.4049712,-1.5765669,-0.1722062,-0.043735176,8.475487e-05,-1.7105588,1.6748626,3.0391315e-05,0.23533261,2.8953512,4.5455,-0.2353796,0.15155807,0.16524531,0.09671001,0.056153618,inf,inf,inf,inf,inf,1,1,1,1,4,2,4,1,1,1,1,1,0,2,0,0,4.752910711422499,1
1579280000,1579280000,5764000,47.3979711740181,8.54616359846853,1.1793976,11.640679,-2.86344,0.0,0.0,-0.2353796,-0.4710677,-4.739123,0.14820479,0.13123585,-0.00081951654,-0.00039308443,4.1656196e-05,1.368735,-1.5440791,-0.17790543,-0.04172357,8.479353e-05,-1.708531,1.6748626,3.0440453e-05,0.23533261,2.8939095,4.547513,-0.2353796,0.15198587,0.16550888,0.09708457,0.05624795,inf,inf,inf,inf,inf,1,1,1,1,4,2,4,1,1,1,1,1,0,2,0,0,4.764782917079354,1
1579288000,1579288000,5764000,47.3979711740181,8.54616359846853,1.1765409,11.601806,-2.8623667,0.0,0.0,-0.2353796,-0.45986083,-4.751955,0.1468252,0.12977746,-0.00081951654,-0.00039308443,4.1656196e-05,1.3438005,-1.514553,-0.18078926,-0.039716743,8.382842e-05,-1.7065086,1.6748626,3.0324489e-05,0.23533261,2.8939292,4.5492105,-0.2353796,0.1506673,0.16480997,0.09577423,0.055981208,inf,inf,inf,inf,inf,1,1,1,1,4,2,4,1,1,1,1,1,0,2,0,0,4.7764114086150835,1
1579296000,1579296000,5764000,47.3979711740181,8.54616359846853,1.1737424,11.562855,-2.8612986,0.0,0.0,-0.2353796,-0.4488569,-4.7644897,0.14544903,0.12833005,-0.00081951654,-0.00039308443,4.1656196e-05,1.3202623,-1.4798456,-0.18026818,-0.037723318,8.386704e-05,-1.7045006,1.6748626,3.0373663e-05,0.23533261,2.8925169,4.551227,-0.2353796,0.15108828,0.1650721,0.096142784,0.056074854,inf,inf,inf,inf,inf,1,1,1,1,4,2,4,1,1,1,1,1,0,2,0,0,4.787795947866998,1
1579304000,1579304000,5764000,47.3979711740181,8.54616359846853,1.1710082,11.523833,-2.8602295,0.0,0.0,-0.2353796,-0.4380367,-4.776797,0.14415954,0.12698403,-0.00081951654,-0.00039308443,4.1656196e-05,1.2975761,-1.4536772,-0.16989046,-0.03573377,8.388697e-05,-1.7024969,1.6748626,3.0415773e-05,0.23533261,2.8908958,4.5531855,-0.2353796,0.151512,0.16515242,0.09650559,0.05614655,inf,inf,inf,inf,inf,1,1,1,1,4,2,4,1,1,1,1,1,0,2,0,0,4.799004865878852,1
1579312000,1579312000,5764000,47.3979711740181,8.54616359846853,1.1683304,11.484737,-2.8591657,0.0,0.0,-0.2353796,-0.42746347,-4.788843,0.14287117,0.12564594,-0.00081951654,-0.00039308443,4.1656196e-05,1.2684666,-1.4234135,-0.16963853,-0.03375036,8.392578e-05,-1.7004951,1.6748626,3.0465095e-05,0.23533261,2.889503,4.5552073,-0.2353796,0.15193976,0.16541591,0.09687159,0.056239437,inf,inf,inf,inf,inf,1,1,1,1,4,2,4,1,1,1,1,1,0,2,0,0,4.810005661956191,1
1579320000,1579320000,5764000,47.3979711740181,8.54616359846853,1.1657077,11.445568,-2.858107,0.0,0.0,-0.2353796,-0.41711712,-4.8006372,0.1416207,0.124352284,-0.00081951654,-0.00039308443,4.1656196e-05,1.2418208,-1.3941405,-0.16478774,-0.03177682,8.396468e-05,-1.6985037,1.6748626,3.0514493e-05,0.23533261,2.888121,4.5572314,-0.2353796,0.15237097,0.16568024,0.09723628,0.056331925,inf,inf,inf,inf,inf,1,1,1,1,4,2,4,1,1,1,1,1,0,2,0,0,4.8208049784750076,1
1579328000,1579328000,5764000,47.3979711740181,8.54616359846853,1.163067,11.406397,-2.8571143,0.0,0.0,-0.2353796,-0.4069999,-4.8121376,0.1402925,0.12292344,-0.00081951654,-0.00039308443,4.1656196e-05,1.2250949,-1.368737,-0.16878125,-0.02980875,8.30219e-05,-1.6965184,1.6748626,3.0397445e-05,0.23533261,2.8886087,4.5589375,-0.2353796,0.15103535,0.16497815,0.09590691,0.05606111,inf,inf,inf,inf,inf,1,1,1,1,4,2,4,1,1,1,1,1,0,2,0,0,4.83135583304418,1
1579336000,1579336000,5764000,47.3979711740181,8.54616359846853,1.1604803,11.367155,-2.8561263,0.0,0.0,-0.2353796,-0.39714968,-4.8234105,0.13898432,0.121522926,-0.00081951654,-0.00039308443,4.1656196e-05,1.1930714,-1.342152,-0.16631138,-0.027851176,8.306072e-05,-1.6945449,1.6748626,3.044685e-05,0.23533261,2.88726,4.5609646,-0.2353796,0.15145959,0.16524099,0.09626589,0.056152925,inf,inf,inf,inf,inf,1,1,1,1,4,2,4,1,1,1,1,1,0,2,0,0,4.841728344407626,1
1579344000,1579344000,5764000,47.3979711740181,8.54616359846853,1.157946,11.327844,-2.855143,0.0,0.0,-0.2353796,-0.38753203,-4.8344555,0.13771881,0.120173104,-0.00081951654,-0.00039308443,4.1656196e-05,1.1653271,-1.3155127,-0.16100565,-0.02591323,8.309965e-05,-1.6925917,1.6748626,3.0496347e-05,0.23533261,2.8859227,4.562994,-0.2353796,0.15188721,0.16550468,0.09662332,0.056244265,inf,inf,inf,inf,inf,1,1,1,1,4,2,4,1,1,1,1,1,0,2,0,0,4.851917922469833,1
1579352000,1579352000,5764000,47.3979711740181,8.54616359846853,1.155463,11.2884655,-2.8541532,0.0,0.0,-0.2353796,-0.3780867,-4.8452296,0.13643862,0.11882834,-0.00081951654,-0.00039308443,4.1656196e-05,1.1450925,-1.2835122,-0.16315746,-0.023987215,8.313868e-05,-1.6906508,1.6748626,3.0545856e-05,0.23533261,2.8842292,4.564965,-0.2353796,0.15231821,0.1655851,0.096979596,0.056313656,inf,inf,inf,inf,inf,1,1,1,1,4,2,4,1,1,1,1,1,0,2,0,0,4.861873602476781,1
1579360000,1579360000,5764000,47.3979711740181,8.54616359846853,1.1529311,11.249103,-2.8532252,0.0,0.0,-0.2353796,-0.36896494,-4.8557196,0.13513121,0.11740265,-0.00081951654,-0.00039308443,4.1656196e-05,1.1187905,-1.260593,-0.16064057,-0.02207394,8.2230385e-05,-1.6887233,1.6748626,3.0430005e-05,0.23533261,2.8846705,4.566679,-0.2353796,0.15098433,0.16488446,0.09565593,0.05604201,inf,inf,inf,inf,inf,1,1,1,1,4,2,4,1,1,1,1,1,0,2,0,0,4.871591978469607,1
1579368000,1579368000,5764000,47.3979711740181,8.54616359846853,1.1504561,11.209678,-2.852304,0.0,0.0,-0.2353796,-0.35997885,-4.8660054,0.13385884,0.11601904,-0.00081951654,-0.00039308443,4.1656196e-05,1.1012701,-1.2364743,-0.1567304,-0.020177208,8.2250976e-05,-1.6868138,1.6748626,3.0472478e-05,0.23533261,2.8834448,4.5687137,-0.2353796,0.15140778,0.16514722,0.09600287,0.05613214,inf,inf,inf,inf,inf,1,1,1,1,4,2,4,1,1,1,1,1,0,2,0,0,4.881138342059424,1
1579376000,1579376000,5764000,47.3979711740181,8.54616359846853,1.1480305,11.170189,-2.8513875,0.0,0.0,-0.2353796,-0.35119703,-4.8760705,0.1326115,0.11466915,-0.00081951654,-0.00039308443,4.1656196e-05,1.0766339,-1.2104249,-0.15375297,-0.018297758,8.2290084e-05,-1.6849179,1.6748626,3.0522133e-05,0.23533261,2.8821635,4.5707507,-0.2353796,0.15183519,0.1654108,0.09635262,0.05622214,inf,inf,inf,inf,inf,1,1,1,1,4,2,4,1,1,1,1,1,0,2,0,0,4.890499839973755,1
1579384000,1579384000,5764000,47.3979711740181,8.54616359846853,1.1456534,11.130638,-2.8504753,0.0,0.0,-0.2353796,-0.34264565,-4.885892,0.1313362,0.11329973,-0.00081951654,-0.00039308443,4.1656196e-05,1.0487006,-1.1812642,-0.15738931,-0.016443383,8.232924e-05,-1.6830477,1.6748626,3.057185e-05,0.23533261,2.8808937,4.5727897,-0.2353796,0.15226598,0.16567521,0.09670124,0.056311764,inf,inf,inf,inf,inf,1,1,1,1,4,2,4,1,1,1,1,1,0,2,0,0,4.899652627948064,1
1579392000,1579392000,5764000,47.3979711740181,8.54616359846853,1.1432233,11.091116,-2.8496156,0.0,0.0,-0.2353796,-0.3343898,-4.8953366,0.13009338,0.11191923,-0.00081951654,-0.00039308443,4.1656196e-05,1.0257726,-1.1473477,-0.14791311,-0.014605626,8.1456594e-05,-1.6811947,1.6748626,3.0457155e-05,0.23533261,2.8811183,4.574511,-0.2353796,0.15093394,0.16497311,0.09538465,0.05603874,inf,inf,inf,inf,inf,1,1,1,1,4,2,4,1,1,1,1,1,0,2,0,0,4.9084683204807815,1
1579400000,1579400000,5764000,47.3979711740181,8.54616359846853,1.1408408,11.051535,-2.8487535,0.0,0.0,-0.2353796,-0.3262453,-4.9045672,0.12891981,0.11062336,-0.00081951654,-0.00039308443,4.1656196e-05,1.0123416,-1.1215895,-0.13967416,-0.012787783,8.1495695e-05,-1.6793631,1.6748626,3.0506833e-05,0.23533261,2.8797073,4.576493,-0.2353796,0.15135778,0.16505374,0.09572813,0.056106467,inf,inf,inf,inf,inf,1,1,1,1,4,2,4,1,1,1,1,1,0,2,0,0,4.917096270411874,1
1579408000,1579408000,5764000,47.3979711740181,8.54616359846853,1.1385047,11.011894,-2.8478951,0.0,0.0,-0.2353796,-0.31831914,-4.913649,0.1277281,0.10931849,-0.00081951654,-0.00039308443,4.1656196e-05,0.9855234,-1.1040549,-0.14220457,-0.010993585,8.153488e-05,-1.6775558,1.6748626,3.0556635e-05,0.23533261,2.8784833,4.5785365,-0.2353796,0.15178499,0.16531721,0.096070684,0.056195144,inf,inf,inf,inf,inf,1,1,1,1,4,2,4,1,1,1,1,1,0,2,0,0,4.925605347327469,1
1579416000,1579416000,5764000,47.3979711740181,8.54616359846853,1.1362144,10.972198,-2.8470411,0.0,0.0,-0.2353796,-0.31052032,-4.9225583,0.12658224,0.108068295,-0.00081951654,-0.00039308443,4.1656196e-05,0.9700667,-1.0835234,-0.13672793,-0.009226258,8.1574195e-05,-1.6757759,1.6748626,3.0606512e-05,0.23533261,2.8772707,4.580582,-0.2353796,0.15221553,0.16558151,0.09641209,0.056283437,inf,inf,inf,inf,inf,1,1,1,1,4,2,4,1,1,1,1,1,0,2,0,0,4.93396657361146,1
1579424000,1579424000,5764000,47.3979711740181,8.54616359846853,1.1338625,10.932537,-2.8462386,0.0,0.0,-0.2353796,-0.30298913,-4.931124,0.12539588,0.106733955,-0.00081951654,-0.00039308443,4.1656196e-05,0.9508569,-1.0537812,-0.13649043,-0.007476841,8.073737e-05,-1.6740143,1.6748626,3.0492822e-05,0.23533261,2.877568,4.582311,-0.2353796,0.15088528,0.16488084,0.0951038,0.05601001,inf,inf,inf,inf,inf,1,1,1,1,4,2,4,1,1,1,1,1,0,2,0,0,4.942014816144842,1
1579432000,1579432000,5764000,47.3979711740181,8.54616359846853,1.1315558,10.89282,-2.8454394,0.0,0.0,-0.2353796,-0.29560882,-4.939559,0.12425144,0.105451606,-0.00081951654,-0.00039308443,4.1656196e-05,0.9320722,-1.038055,-0.13163406,-0.005757389,8.077662e-05,-1.6722846,1.6748626,3.0542702e-05,0.23533261,2.8763888,4.584359,-0.2353796,0.15130894,0.16514367,0.09544056,0.05609777,inf,inf,inf,inf,inf,1,1,1,1,4,2,4,1,1,1,1,1,0,2,0,0,4.949956172461011,1
1579440000,1579440000,5764000,47.3979711740181,8.54616359846853,1.1292996,10.853051,-2.8446455,0.0,0.0,-0.2353796,-0.2883863,-4.947832,0.12312719,0.10419773,-0.00081951654,-0.00039308443,4.1656196e-05,0.9109085,-1.0183065,-0.12979889,-0.0040624426,8.0797465e-05,-1.6705798,1.6748626,3.0585426e-05,0.23533261,2.875275,4.5864096,-0.2353796,0.15173529,0.16540733,0.09577282,0.05618494,inf,inf,inf,inf,inf,1,1,1,1,4,2,4,1,1,1,1,1,0,2,0,0,4.957758411133905,1
1579448000,1579448000,5764000,47.3979711740181,8.54616359846853,1.1270864,10.813229,-2.843851,0.0,0.0,-0.2353796,-0.28134787,-4.9558597,0.12195384,0.1029075,-0.00081951654,-0.00039308443,4.1656196e-05,0.88799936,-0.9882029,-0.13637123,-0.002405109,8.08369e-05,-1.6689094,1.6748626,3.063539e-05,0.23533261,2.874018,4.5884013,-0.2353796,0.15216553,0.16548806,0.09610792,0.05625042,inf,inf,inf,inf,inf,1,1,1,1,4,2,4,1,1,1,1,1,0,2,0,0,4.965337322793727,1
1579456000,1579456000,5764000,47.3979711740181,8.54616359846853,1.1247952,10.773441,-2.8431044,0.0,0.0,-0.2353796,-0.27457312,-4.963676,0.120771565,0.10156931,-0.00081951654,-0.00039308443,4.1656196e-05,0.8700059,-0.9750082,-0.1322748,-0.00077775505,8.00364e-05,-1.6672695,1.6748626,3.052267e-05,0.23533261,2.8742428,4.590137,-0.2353796,0.1508372,0.16478881,0.09480913,0.055976737,inf,inf,inf,inf,inf,1,1,1,1,4,2,4,1,1,1,1,1,0,2,0,0,4.972731201474205,1
1579464000,1579464000,5764000,47.3979711740181,8.54616359846853,1.1225467,10.733603,-2.842361,0.0,0.0,-0.2353796,-0.2679592,-4.9712477,0.119639724,0.10029199,-0.00081951654,-0.00039308443,4.1656196e-05,0.8496148,-0.94464004,-0.12644799,0.00082584127,8.007583e-05,-1.665655,1.6748626,3.0572694e-05,0.23533261,2.8731186,4.592191,-0.2353796,0.15126058,0.16505153,0.09513997,0.05606338,inf,inf,inf,inf,inf,1,1,1,1,4,2,4,1,1,1,1,1,0,2,0,0,4.979901554366183,1
1579472000,1579472000,5764000,47.3979711740181,8.54616359846853,1.12034,10.693714,-2.84162,0.0,0.0,-0.2353796,-0.26143113,-4.978676,0.1185329,0.09904979,-0.00081951654,-0.00039308443,4.1656196e-05,0.8386019,-0.92697245,-0.12378394,0.0023962008,8.0115286e-05,-1.6640743,1.6748626,3.0622774e-05,0.23533261,2.8720052,4.5942473,-0.2353796,0.15168726,0.16531508,0.09546992,0.05614968,inf,inf,inf,inf,inf,1,1,1,1,4,2,4,1,1,1,1,1,0,2,0,0,4.986944053936387,1
1579480000,1579480000,5764000,47.3979711740181,8.54616359846853,1.1181747,10.653775,-2.8408823,0.0,0.0,-0.2353796,-0.25504786,-4.9859195,0.11748513,0.09787645,-0.00081951654,-0.00039308443,4.1656196e-05,0.82022446,-0.9042398,-0.116852105,0.0039485646,8.0154845e-05,-1.6625121,1.6748626,3.067292e-05,0.23533261,2.8709025,4.596306,-0.2353796,0.15211722,0.16557945,0.09579947,0.056235716,inf,inf,inf,inf,inf,1,1,1,1,4,2,4,1,1,1,1,1,0,2,0,0,4.993820724369463,1
1579488000,1579488000,5764000,47.3979711740181,8.54616359846853,1.1159158,10.61389,-2.8401957,0.0,0.0,-0.2353796,-0.2488936,-4.992897,0.11641202,0.09663386,-0.00081951654,-0.00039308443,4.1656196e-05,0.8073968,-0.8853798,-0.11434545,0.005455403,7.93902e-05,-1.660996,1.6748626,3.0561045e-05,0.23533261,2.871332,4.5980463,-0.2353796,0.15079075,0.1648787,0.094510786,0.05596129,inf,inf,inf,inf,inf,1,1,1,1,4,2,4,1,1,1,1,1,0,2,0,0,5.000452003082366,1
1579496000,1579496000,5764000,47.3979711740181,8.54616359846853,1.1136985,10.573956,-2.839511,0.0,0.0,-0.2353796,-0.24286751,-4.9997478,0.11527551,0.09533887,-0.00081951654,-0.00039308443,4.1656196e-05,0.7907,-0.8693403,-0.122858666,0.0069406102,7.942972e-05,-1.6595036,1.6748626,3.0611183e-05,0.23533261,2.8702626,4.6001062,-0.2353796,0.15121388,0.1651416,0.094836086,0.056046836,inf,inf,inf,inf,inf,1,1,1,1,4,2,4,1,1,1,1,1,0,2,0,0,5.0069702549769755,1
1579504000,1579504000,5764000,47.3979711740181,8.54616359846853,1.1115222,10.533975,-2.8388386,0.0,0.0,-0.2353796,-0.23694113,-5.0064077,0.11420266,0.09410857,-0.00081951654,-0.00039308443,4.1656196e-05,0.77757525,-0.8454252,-0.11523626,0.008386155,7.946934e-05,-1.6580514,1.6748626,3.066134e-05,0.23533261,2.8694994,4.602108,-0.2353796,0.15164025,0.16522245,0.09516074,0.0561106,inf,inf,inf,inf,inf,1,1,1,1,4,2,4,1,1,1,1,1,0,2,0,0,5.0133124184770335,1
1579512000,1579512000,5764000,47.3979711740181,8.54616359846853,1.1093922,10.49395,-2.838169,0.0,0.0,-0.2353796,-0.23115356,-5.0129285,0.11321056,0.092968576,-0.00081951654,-0.00039308443,4.1656196e-05,0.75798905,-0.82779056,-0.10602502,0.009801211,7.949019e-05,-1.6566302,1.6748626,3.070422e-05,0.23533261,2.8684936,4.6041718,-0.2353796,0.1520693,0.16548668,0.09548115,0.05619528,inf,inf,inf,inf,inf,1,1,1,1,4,2,4,1,1,1,1,1,0,2,0,0,5.019531924921729,1
1579520000,1579520000,5764000,47.3979711740181,8.54616359846853,1.1071585,10.453995,-2.8375397,0.0,0.0,-0.2353796,-0.2256003,-5.019216,0.112179436,0.09175733,-0.00081951654,-0.00039308443,4.1656196e-05,0.7454791,-0.81441456,-0.10548811,0.011176206,7.87613e-05,-1.6552463,1.6748626,3.059314e-05,0.23533261,2.8686438,4.605919,-0.2353796,0.15074478,0.16478737,0.094203435,0.055920947,inf,inf,inf,inf,inf,1,1,1,1,4,2,4,1,1,1,1,1,0,2,0,0,5.025535690439117,1
1579528000,1579528000,5764000,47.3979711740181,8.54616359846853,1.1049652,10.413996,-2.8369112,0.0,0.0,-0.2353796,-0.22019154,-5.025305,0.11118449,0.09059377,-0.00081951654,-0.00039308443,4.1656196e-05,0.72638565,-0.78899014,-0.10164826,0.012522076,7.8800986e-05,-1.653894,1.6748626,3.0643405e-05,0.23533261,2.867627,4.607984,-0.2353796,0.15116762,0.16505013,0.094523884,0.056005523,inf,inf,inf,inf,inf,1,1,1,1,4,2,4,1,1,1,1,1,0,2,0,0,5.031355349021687,1
1579536000,1579536000,5764000,47.3979711740181,8.54616359846853,1.1028111,10.373953,-2.8362842,0.0,0.0,-0.2353796,-0.21490455,-5.031248,0.11021803,0.08946984,-0.00081951654,-0.00039308443,4.1656196e-05,0.710164,-0.7703263,-0.09875418,0.013826615,7.8840756e-05,-1.6525835,1.6748626,3.0693736e-05,0.23533261,2.86662,4.6100507,-0.2353796,0.15159367,0.16531374,0.094843626,0.056089748,inf,inf,inf,inf,inf,1,1,1,1,4,2,4,1,1,1,1,1,0,2,0,0,5.0370416334642085,1
1579544000,1579544000,5764000,47.3979711740181,8.54616359846853,1.1006957,10.333867,-2.8356576,0.0,0.0,-0.2353796,-0.20968412,-5.0370836,0.10932384,0.08842899,-0.00081951654,-0.00039308443,4.1656196e-05,0.70086795,-0.75635403,-0.090368085,0.015101957,7.88806e-05,-1.6513026,1.6748626,3.0744137e-05,0.23533261,2.865623,4.6121197,-0.2353796,0.15202296,0.16557814,0.09516251,0.056173623,inf,inf,inf,inf,inf,1,1,1,1,4,2,4,1,1,1,1,1,0,2,0,0,5.042631289868562,1
1579552000,1579552000,5764000,47.3979711740181,8.54616359846853,1.0984519,10.293843,-2.8350968,0.0,0.0,-0.2353796,-0.20470186,-5.0427003,0.10836328,0.08726313,-0.00081951654,-0.00039308443,4.1656196e-05,0.690413,-0.74332595,-0.09291013,0.016330818,7.8186764e-05,-1.6500686,1.6748626,3.0633648e-05,0.23533261,2.866641,4.613811,-0.2353796,0.15070035,0.16469622,0.09389567,0.055877622,inf,inf,inf,inf,inf,1,1,1,1,4,2,4,1,1,1,1,1,0,2,0,0,5.048016617203227,1
1579560000,1579560000,5764000,47.3979711740181,8.54616359846853,1.0962478,10.253778,-2.8345356,0.0,0.0,-0.2353796,-0.19979262,-5.0481496,0.10747887,0.08618595,-0.00081951654,-0.00039308443,4.1656196e-05,0.6798291,-0.7214859,-0.08417805,0.017533394,7.822658e-05,-1.6488627,1.6748626,3.068403e-05,0.23533261,2.865675,4.6158814,-0.2353796,0.15112287,0.16495888,0.09421137,0.055961214,inf,inf,inf,inf,inf,1,1,1,1,4,2,4,1,1,1,1,1,0,2,0,0,5.053244817192524,1
1579568000,1579568000,5764000,47.3979711740181,8.54616359846853,1.0940828,10.213674,-2.833974,0.0,0.0,-0.2353796,-0.19499482,-5.053461,0.10659824,0.085124694,-0.00081951654,-0.00039308443,4.1656196e-05,0.66448075,-0.7034528,-0.08447002,0.018699942,7.826648e-05,-1.6476932,1.6748626,3.0734474e-05,0.23533261,2.864718,4.617953,-0.2353796,0.15154858,0.16522235,0.09452668,0.056044556,inf,inf,inf,inf,inf,1,1,1,1,4,2,4,1,1,1,1,1,0,2,0,0,5.058345010289328,1
1579576000,1579576000,5764000,47.3979711740181,8.54616359846853,1.0919561,10.173528,-2.8334122,0.0,0.0,-0.2353796,-0.19032452,-5.0586863,0.105740815,0.08409841,-0.00081951654,-0.00039308443,4.1656196e-05,0.6471692,-0.6918542,-0.082313076,0.019830236,7.830646e-05,-1.6465603,1.6748626,3.0784977e-05,0.23533261,2.8637695,4.620026,-0.2353796,0.15197751,0.16548663,0.09484148,0.056127585,inf,inf,inf,inf,inf,1,1,1,1,4,2,4,1,1,1,1,1,0,2,0,0,5.063369591949395,1
1579584000,1579584000,5764000,47.3979711740181,8.54616359846853,1.0898728,10.133344,-2.832851,0.0,0.0,-0.2353796,-0.18576303,-5.063853,0.104934216,0.083133616,-0.00081951654,-0.00039308443,4.1656196e-05,0.63054967,-0.68371063,-0.0770078,0.02092438,7.832715e-05,-1.645464,1.6748626,3.0827952e-05,0.23533261,2.8628614,4.6221013,-0.2353796,0.15240905,0.16575173,0.09515246,0.056210104,inf,inf,inf,inf,inf,1,1,1,1,4,2,4,1,1,1,1,1,0,2,0,0,5.068345518866222,1
1579592000,1579592000,5764000,47.3979711740181,8.54616359846853,1.087648,10.0932455,-2.8323326,0.0,0.0,-0.2353796,-0.18145832,-5.068753,0.104055546,0.08205995,-0.00081951654,-0.00039308443,4.1656196e-05,0.6185268,-0.666389,-0.080679536,0.021973014,7.766449e-05,-1.6444108,1.6748626,3.0715855e-05,0.23533261,2.8632805,4.623857,-0.2353796,0.15107062,0.16504772,0.093880504,0.055933263,inf,inf,inf,inf,inf,1,1,1,1,4,2,4,1,1,1,1,1,0,2,0,0,5.073067282577631,1
1579600000,1579600000,5764000,47.3979711740181,8.54616359846853,1.0854613,10.053109,-2.8318205,0.0,0.0,-0.2353796,-0.17724384,-5.0735526,0.10321163,0.08102662,-0.00081951654,-0.00039308443,4.1656196e-05,0.6054455,-0.6526231,-0.07700826,0.022990098,7.770455e-05,-1.6433913,1.6748626,3.076634e-05,0.23533261,2.8625774,4.6258726,-0.2353796,0.15149583,0.16512878,0.094191834,0.055994228,inf,inf,inf,inf,inf,1,1,1,1,4,2,4,1,1,1,1,1,0,2,0,0,5.077696722368516,1
1579608000,1579608000,5764000,47.3979711740181,8.54616359846853,1.0833118,10.012934,-2.8313074,0.0,0.0,-0.2353796,-0.1731097,-5.078202,0.1023914,0.08002923,-0.00081951654,-0.00039308443,4.1656196e-05,0.59365046,-0.6327378,-0.074869014,0.023970217,7.7744706e-05,-1.642409,1.6748626,3.081695e-05,0.23533261,2.861675,4.62795,-0.2353796,0.15192422,0.16539292,0.094502926,0.056076463,inf,inf,inf,inf,inf,1,1,1,1,4,2,4,1,1,1,1,1,0,2,0,0,5.082183243433087,1
1579616000,1579616000,5764000,47.3979711740181,8.54616359846853,1.0811992,9.972722,-2.8307934,0.0,0.0,-0.2353796,-0.16903028,-5.082726,0.101619236,0.07909176,-0.00081951654,-0.00039308443,4.1656196e-05,0.58510536,-0.6159447,-0.06966153,0.024903873,7.778494e-05,-1.6414734,1.6748626,3.0867624e-05,0.23533261,2.860781,4.630029,-0.2353796,0.1523558,0.16565786,0.09481341,0.056158375,inf,inf,inf,inf,inf,1,1,1,1,4,2,4,1,1,1,1,1,0,2,0,0,5.086551021641099,1
1579624000,1579624000,5764000,47.3979711740181,8.54616359846853,1.0789326,9.932602,-2.8303118,0.0,0.0,-0.2353796,-0.16519415,-5.0870514,0.10083045,0.078111716,-0.00081951654,-0.00039308443,4.1656196e-05,0.57553774,-0.607091,-0.06706267,0.02580363,7.715657e-05,-1.6405722,1.6748626,3.075612e-05,0.23533261,2.8609338,4.6317897,-0.2353796,0.1510199,0.16495533,0.093554534,0.05588209,inf,inf,inf,inf,inf,1,1,1,1,4,2,4,1,1,1,1,1,0,2,0,0,5.090731561679852,1
1579632000,1579632000,5764000,47.3979711740181,8.54616359846853,1.0767043,9.892446,-2.8298287,0.0,0.0,-0.2353796,-0.16141674,-5.0912833,0.10004051,0.07714293,-0.00081951654,-0.00039308443,4.1656196e-05,0.5659897,-0.59391296,-0.0681132,0.026658913,7.7196746e-05,-1.6397173,1.6748626,3.0806747e-05,0.23533261,2.8600664,4.6338696,-0.2353796,0.15144464,0.1652188,0.09386238,0.055963777,inf,inf,inf,inf,inf,1,1,1,1,4,2,4,1,1,1,1,1,0,2,0,0,5.094823756368043,1
1579640000,1579640000,5764000,47.3979711740181,8.54616359846853,1.0745138,9.852252,-2.8293443,0.0,0.0,-0.2353796,-0.15766896,-5.0953937,0.099290006,0.0762256,-0.00081951654,-0.00039308443,4.1656196e-05,0.5601355,-0.57720155,-0.06406614,0.02748988,7.7237e-05,-1.6388872,1.6748626,3.085743e-05,0.23533261,2.8592064,4.6359515,-0.2353796,0.15187255,0.16548309,0.09417004,0.056045238,inf,inf,inf,inf,inf,1,1,1,1,4,2,4,1,1,1,1,1,0,2,0,0,5.0987993649719785,1
1579648000,1579648000,5764000,47.3979711740181,8.54616359846853,1.072367,9.812024,-2.8288665,0.0,0.0,-0.2353796,-0.15400842,-5.0994687,0.098584294,0.07535687,-0.00081951654,-0.00039308443,4.1656196e-05,0.54542637,-0.5714003,-0.059461217,0.02828784,7.725748e-05,-1.6380903,1.6748626,3.090035e-05,0.23533261,2.8586032,4.6379733,-0.2353796,0.15230301,0.16556415,0.0944743,0.056104414,inf,inf,inf,inf,inf,1,1,1,1,4,2,4,1,1,1,1,1,0,2,0,0,5.102746170321827,1
1579656000,1579656000,5764000,47.3979711740181,8.54616359846853,1.070056,9.771878,-2.828432,0.0,0.0,-0.2353796,-0.15063612,-5.103306,0.09789591,0.07446746,-0.00081951654,-0.00039308443,4.1656196e-05,0.5315286,-0.5554848,-0.0520735,0.029039107,7.666252e-05,-1.6373382,1.6748626,3.0789408e-05,0.23533261,2.8591623,4.6397376,-0.2353796,0.15096965,0.16486308,0.09322885,0.055828854,inf,inf,inf,inf,inf,1,1,1,1,4,2,4,1,1,1,1,1,0,2,0,0,5.106467172074974,1
1579664000,1579664000,5764000,47.3979711740181,8.54616359846853,1.0677834,9.731698,-2.8279948,0.0,0.0,-0.2353796,-0.14729765,-5.1070232,0.09719962,0.07358305,-0.00081951654,-0.00039308443,4.1656196e-05,0.5247103,-0.53870654,-0.054040454,0.029754605,7.670285e-05,-1.6366228,1.6748626,3.0840114e-05,0.23533261,2.8583364,4.641821,-0.2353796,0.15139389,0.16512638,0.09353375,0.055909876,inf,inf,inf,inf,inf,1,1,1,1,4,2,4,1,1,1,1,1,0,2,0,0,5.1100714602793875,1
1579672000,1579672000,5764000,47.3979711740181,8.54616359846853,1.0655481,9.691483,-2.8275557,0.0,0.0,-0.2353796,-0.14407185,-5.1107044,0.09646511,0.07267296,-0.00081951654,-0.00039308443,4.1656196e-05,0.5081101,-0.5324918,-0.05976576,0.03043272,7.674324e-05,-1.635945,1.6748626,3.0890882e-05,0.23533261,2.8575175,4.643906,-0.2353796,0.15182126,0.1653905,0.0938386,0.055990692,inf,inf,inf,inf,inf,1,1,1,1,4,2,4,1,1,1,1,1,0,2,0,0,5.113644657149057,1
1579680000,1579680000,5764000,47.3979711740181,8.54616359846853,1.0633495,9.651234,-2.827114,0.0,0.0,-0.2353796,-0.14085516,-5.114348,0.095781535,0.07182595,-0.00081951654,-0.00039308443,4.1656196e-05,0.5045234,-0.526091,-0.05432311,0.031080637,7.6783756e-05,-1.6352977,1.6748626,3.094172e-05,0.23533261,2.8567052,4.645992,-0.2353796,0.15225174,0.16565543,0.094143055,0.056071218,inf,inf,inf,inf,inf,1,1,1,1,4,2,4,1,1,1,1,1,0,2,0,0,5.117183770752187,1
1579688000,1579688000,5764000,47.3979711740181,8.54616359846853,1.0609782,9.61106,-2.8267112,0.0,0.0,-0.2353796,-0.13788314,-5.117779,0.09510369,0.07095137,-0.00081951654,-0.00039308443,4.1656196e-05,0.49704543,-0.5116082,-0.048768237,0.031684145,7.6220924e-05,-1.6346949,1.6748626,3.0831186e-05,0.23533261,2.8571694,4.647759,-0.2353796,0.15092088,0.1649529,0.092910506,0.055795763,inf,inf,inf,inf,inf,1,1,1,1,4,2,4,1,1,1,1,1,0,2,0,0,5.120519345241152,1
1579696000,1579696000,5764000,47.3979711740181,8.54616359846853,1.0586455,9.570852,-2.8263059,0.0,0.0,-0.2353796,-0.13495705,-5.121172,0.094436325,0.07010022,-0.00081951654,-0.00039308443,4.1656196e-05,0.48830962,-0.504958,-0.04849117,0.032258026,7.6261415e-05,-1.6341221,1.6748626,3.088199e-05,0.23533261,2.8563812,4.649846,-0.2353796,0.15134463,0.16521636,0.09321275,0.055876143,inf,inf,inf,inf,inf,1,1,1,1,4,2,4,1,1,1,1,1,0,2,0,0,5.123820281626611,1
1579704000,1579704000,5764000,47.3979711740181,8.54616359846853,1.0563507,9.530611,-2.8258977,0.0,0.0,-0.2353796,-0.13205168,-5.1244597,0.09379403,0.06928627,-0.00081951654,-0.00039308443,4.1656196e-05,0.48280185,-0.48987505,-0.046353783,0.032791685,7.630195e-05,-1.6335897,1.6748626,3.0932766e-05,0.23533261,2.8556113,4.6518736,-0.2353796,0.15177144,0.1652975,0.09351504,0.055934697,inf,inf,inf,inf,inf,1,1,1,1,4,2,4,1,1,1,1,1,0,2,0,0,5.127018839752645,1
1579712000,1579712000,5764000,47.3979711740181,8.54616359846853,1.0540934,9.490338,-2.8254876,0.0,0.0,-0.2353796,-0.1291739,-5.1276326,0.09311834,0.06845111,-0.00081951654,-0.00039308443,4.1656196e-05,0.47651362,-0.473681,-0.05150819,0.033285815,7.634256e-05,-1.633097,1.6748626,3.0983672e-05,0.23533261,2.8548348,4.653963,-0.2353796,0.15220135,0.16556226,0.093817174,0.05601468,inf,inf,inf,inf,inf,1,1,1,1,4,2,4,1,1,1,1,1,0,2,0,0,5.130104580051787,1
1579720000,1579720000,5764000,47.3979711740181,8.54616359846853,1.05167,9.450132,-2.8251143,0.0,0.0,-0.2353796,-0.12655567,-5.130661,0.09240309,0.06754499,-0.00081951654,-0.00039308443,4.1656196e-05,0.46487853,-0.46729302,-0.052085143,0.03374062,7.5790405e-05,-1.6326438,1.6748626,3.0865587e-05,0.23533261,2.8552856,4.655734,-0.2353796,0.15087253,0.16486117,0.09259479,0.055739913,inf,inf,inf,inf,inf,1,1,1,1,4,2,4,1,1,1,1,1,0,2,0,0,5.13305337645847,1
1579728000,1579728000,5764000,47.3979711740181,8.54616359846853,1.0492853,9.409895,-2.824738,0.0,0.0,-0.2353796,-0.1240197,-5.1336374,0.09177653,0.06674046,-0.00081951654,-0.00039308443,4.1656196e-05,0.45126978,-0.45877016,-0.04207715,0.034170084,7.583103e-05,-1.6322147,1.6748626,3.0916446e-05,0.23533261,2.8545306,4.6578236,-0.2353796,0.15129574,0.16512446,0.09289486,0.055819746,inf,inf,inf,inf,inf,1,1,1,1,4,2,4,1,1,1,1,1,0,2,0,0,5.135955293041956,1
1579736000,1579736000,5764000,47.3979711740181,8.54616359846853,1.0469387,9.369625,-2.8243585,0.0,0.0,-0.2353796,-0.12149744,-5.1365113,0.091148674,0.065947175,-0.00081951654,-0.00039308443,4.1656196e-05,0.44631845,-0.44381028,-0.043283213,0.034562398,7.587173e-05,-1.6318227,1.6748626,3.096736e-05,0.23533261,2.8537805,4.6599145,-0.2353796,0.151722,0.16538855,0.09319482,0.055899378,inf,inf,inf,inf,inf,1,1,1,1,4,2,4,1,1,1,1,1,0,2,0,0,5.138756468614386,1
1579744000,1579744000,5764000,47.3979711740181,8.54616359846853,1.0446295,9.329325,-2.823976,0.0,0.0,-0.2353796,-0.11899076,-5.1393228,0.09055579,0.065201,-0.00081951654,-0.00039308443,4.1656196e-05,0.441223,-0.4339877,-0.039929986,0.034909245,7.5912496e-05,-1.6314763,1.6748626,3.1018328e-05,0.23533261,2.8530354,4.662007,-0.2353796,0.15215135,0.16565345,0.09349483,0.05597879,inf,inf,inf,inf,inf,1,1,1,1,4,2,4,1,1,1,1,1,0,2,0,0,5.141497641219701,1
1579752000,1579752000,5764000,47.3979711740181,8.54616359846853,1.042148,9.289106,-2.8236532,0.0,0.0,-0.2353796,-0.11675468,-5.1420016,0.089859806,0.06429657,-0.00081951654,-0.00039308443,4.1656196e-05,0.42934814,-0.43081585,-0.04741549,0.03522095,7.5410564e-05,-1.6311651,1.6748626,3.0908406e-05,0.23533261,2.8542328,4.6637206,-0.2353796,0.15082552,0.16476955,0.09228858,0.055683285,inf,inf,inf,inf,inf,1,1,1,1,4,2,4,1,1,1,1,1,0,2,0,0,5.144111866439029,1
1579760000,1579760000,5764000,47.3979711740181,8.54616359846853,1.0397056,9.248857,-2.823327,0.0,0.0,-0.2353796,-0.11446738,-5.1446443,0.08924054,0.06348256,-0.00081951654,-0.00039308443,4.1656196e-05,0.4321081,-0.42393318,-0.03896793,0.035505697,7.545134e-05,-1.6308821,1.6748626,3.095933e-05,0.23533261,2.8535106,4.665813,-0.2353796,0.1512482,0.16503267,0.09258672,0.055762604,inf,inf,inf,inf,inf,1,1,1,1,4,2,4,1,1,1,1,1,0,2,0,0,5.146691328279369,1
1579768000,1579768000,5764000,47.3979711740181,8.54616359846853,1.0373024,9.208576,-2.8229961,0.0,0.0,-0.2353796,-0.11219364,-5.1471486,0.0887068,0.06276735,-0.00081951654,-0.00039308443,4.1656196e-05,0.4268669,-0.4043668,-0.029388348,0.035764582,7.549214e-05,-1.630625,1.6748626,3.10103e-05,0.23533261,2.8527932,4.6679063,-0.2353796,0.15167393,0.16529658,0.09288486,0.05584172,inf,inf,inf,inf,inf,1,1,1,1,4,2,4,1,1,1,1,1,0,2,0,0,5.149135366224572,1
1579776000,1579776000,5764000,47.3979711740181,8.54616359846853,1.034937,9.168266,-2.8226619,0.0,0.0,-0.2353796,-0.11001522,-5.1495905,0.088075355,0.061967332,-0.00081951654,-0.00039308443,4.1656196e-05,0.41149846,-0.3943453,-0.042680647,0.035991948,7.553304e-05,-1.6303995,1.6748626,3.1061325e-05,0.23533261,2.85208,4.670001,-0.2353796,0.1521027,0.16556132,0.09318312,0.05592067,inf,inf,inf,inf,inf,1,1,1,1,4,2,4,1,1,1,1,1,0,2,0,0,5.15151850763251,1
1579784000,1579784000,5764000,47.3979711740181,8.54616359846853,1.032409,9.128035,-2.8223605,0.0,0.0,-0.2353796,-0.108027235,-5.151889,0.08748739,0.061182596,-0.00081951654,-0.00039308443,4.1656196e-05,0.40864068,-0.38899708,-0.032981854,0.036174685,7.505972e-05,-1.6302186,1.6748626,3.095166e-05,0.23533261,2.8525145,4.6717772,-0.2353796,0.15077938,0.16486025,0.09198985,0.055647556,inf,inf,inf,inf,inf,1,1,1,1,4,2,4,1,1,1,1,1,0,2,0,0,5.153764080284599,1
1579792000,1579792000,5764000,47.3979711740181,8.54616359846853,1.0299265,9.087773,-2.8220549,0.0,0.0,-0.2353796,-0.1061165,-5.154181,0.08693519,0.060447168,-0.00081951654,-0.00039308443,4.1656196e-05,0.39328453,-0.38578874,-0.029997898,0.03632854,7.507973e-05,-1.6300677,1.6748626,3.099452e-05,0.23533261,2.8518267,4.673872,-0.2353796,0.15120104,0.16512348,0.09228357,0.0557262,inf,inf,inf,inf,inf,1,1,1,1,4,2,4,1,1,1,1,1,0,2,0,0,5.156006227652716,1
1579800000,1579800000,5764000,47.3979711740181,8.54616359846853,1.0274826,9.0474825,-2.8217483,0.0,0.0,-0.2353796,-0.10417496,-5.156409,0.08640531,0.059743855,-0.00081951654,-0.00039308443,4.1656196e-05,0.39336133,-0.37534153,-0.028259585,0.03644453,7.5120704e-05,-1.6299534,1.6748626,3.1045474e-05,0.23533261,2.8512366,4.675908,-0.2353796,0.15162617,0.1652047,0.0925803,0.05578328,inf,inf,inf,inf,inf,1,1,1,1,4,2,4,1,1,1,1,1,0,2,0,0,5.158184959379432,1
1579808000,1579808000,5764000,47.3979711740181,8.54616359846853,1.0250769,9.007163,-2.8214374,0.0,0.0,-0.2353796,-0.10224246,-5.1586843,0.08583876,0.059016667,-0.00081951654,-0.00039308443,4.1656196e-05,0.3885547,-0.37893713,-0.03394484,0.03653764,7.5161755e-05,-1.6298618,1.6748626,3.1096548e-05,0.23533261,2.85055,4.6780047,-0.2353796,0.15205435,0.16546926,0.09287698,0.055861805,inf,inf,inf,inf,inf,1,1,1,1,4,2,4,1,1,1,1,1,0,2,0,0,5.160411371238894,1
1579816000,1579816000,5764000,47.3979711740181,8.54616359846853,1.0225072,8.966939,-2.8211622,0.0,0.0,-0.2353796,-0.100549005,-5.160678,0.08531258,0.058297914,-0.00081951654,-0.00039308443,4.1656196e-05,0.3791236,-0.3583727,-0.024102626,0.03659581,7.471589e-05,-1.6298053,1.6748626,3.0987067e-05,0.23533261,2.8511112,4.6797843,-0.2353796,0.15073355,0.16476962,0.091696255,0.05558978,inf,inf,inf,inf,inf,1,1,1,1,4,2,4,1,1,1,1,1,0,2,0,0,5.162362420287512,1
1579824000,1579824000,5764000,47.3979711740181,8.54616359846853,1.0199771,8.926686,-2.8208823,0.0,0.0,-0.2353796,-0.09885156,-5.162625,0.08473916,0.057545424,-0.00081951654,-0.00039308443,4.1656196e-05,0.3755072,-0.34980237,-0.031216534,0.036620915,7.4756936e-05,-1.6297839,1.6748626,3.1038086e-05,0.23533261,2.8504434,4.6818814,-0.2353796,0.15115516,0.16503268,0.091991626,0.055668257,inf,inf,inf,inf,inf,1,1,1,1,4,2,4,1,1,1,1,1,0,2,0,0,5.164266573946096,1
1579832000,1579832000,5764000,47.3979711740181,8.54616359846853,1.0174859,8.886405,-2.8205981,0.0,0.0,-0.2353796,-0.09722447,-5.1645994,0.084190056,0.056830358,-0.00081951654,-0.00039308443,4.1656196e-05,0.36270848,-0.3506191,-0.02935156,0.03662571,7.479807e-05,-1.6297827,1.6748626,3.1089166e-05,0.23533261,2.8497791,4.683979,-0.2353796,0.15157977,0.16529655,0.092287235,0.0557466,inf,inf,inf,inf,inf,1,1,1,1,4,2,4,1,1,1,1,1,0,2,0,0,5.166200492196991,1
1579840000,1579840000,5764000,47.3979711740181,8.54616359846853,1.0150328,8.846095,-2.8203096,0.0,0.0,-0.2353796,-0.095544234,-5.1664557,0.08368006,0.05616711,-0.00081951654,-0.00039308443,4.1656196e-05,0.3654498,-0.3333988,-0.02560485,0.036597945,7.483926e-05,-1.6298141,1.6748626,3.11403e-05,0.23533261,2.8491182,4.686078,-0.2353796,0.15200737,0.16556121,0.09258295,0.05582476,inf,inf,inf,inf,inf,1,1,1,1,4,2,4,1,1,1,1,1,0,2,0,0,5.168016597608288,1
1579848000,1579848000,5764000,47.3979711740181,8.54616359846853,1.0126177,8.805758,-2.8200226,0.0,0.0,-0.2353796,-0.09388143,-5.1682835,0.08315072,0.055490665,-0.00081951654,-0.00039308443,4.1656196e-05,0.3594744,-0.3272709,-0.028980894,0.036545884,7.488052e-05,-1.6298698,1.6748626,3.119141e-05,0.23533261,2.84865,4.688117,-0.2353796,0.15243796,0.1656424,0.09287885,0.055880822,inf,inf,inf,inf,inf,1,1,1,1,4,2,4,1,1,1,1,1,0,2,0,0,5.169804841723488,1
1579856000,1579856000,5764000,47.3979711740181,8.54616359846853,1.010049,8.765553,-2.8197727,0.0,0.0,-0.2353796,-0.09237799,-5.169976,0.082624,0.05478305,-0.00081951654,-0.00039308443,4.1656196e-05,0.35841236,-0.32840535,-0.023655592,0.036463793,7.445984e-05,-1.6299554,1.6748626,3.107962e-05,0.23533261,2.849285,4.6898975,-0.2353796,0.15110227,0.16493964,0.09169565,0.055607878,inf,inf,inf,inf,inf,1,1,1,1,4,2,4,1,1,1,1,1,0,2,0,0,5.171461327225453,1
1579864000,1579864000,5764000,47.3979711740181,8.54616359846853,1.0075268,8.725319,-2.819518,0.0,0.0,-0.2353796,-0.09084018,-5.1716127,0.08212731,0.054119084,-0.00081951654,-0.00039308443,4.1656196e-05,0.35668966,-0.31850198,-0.021441372,0.03636283,7.4479656e-05,-1.6300632,1.6748626,3.112242e-05,0.23533261,2.8486447,4.691997,-0.2353796,0.15152572,0.1652033,0.09198741,0.055685636,inf,inf,inf,inf,inf,1,1,1,1,4,2,4,1,1,1,1,1,0,2,0,0,5.173062415257673,1
1579872000,1579872000,5764000,47.3979711740181,8.54616359846853,1.005044,8.685056,-2.8192582,0.0,0.0,-0.2353796,-0.089304954,-5.1732206,0.08164678,0.053484205,-0.00081951654,-0.00039308443,4.1656196e-05,0.3523209,-0.31207332,-0.020605044,0.03622954,7.452099e-05,-1.6302022,1.6748626,3.1173586e-05,0.23533261,2.8480084,4.6940975,-0.2353796,0.15195262,0.16546777,0.0922824,0.05576348,inf,inf,inf,inf,inf,1,1,1,1,4,2,4,1,1,1,1,1,0,2,0,0,5.174635537673901,1
1579880000,1579880000,5764000,47.3979711740181,8.54616359846853,1.0025998,8.644766,-2.8189936,0.0,0.0,-0.2353796,-0.087778725,-5.174803,0.08113444,0.052830044,-0.00081951654,-0.00039308443,4.1656196e-05,0.3472565,-0.30611005,-0.02573244,0.03606916,7.456239e-05,-1.6303682,1.6748626,3.12248e-05,0.23533261,2.8473752,4.696199,-0.2353796,0.15238251,0.16573302,0.092577346,0.05584114,inf,inf,inf,inf,inf,1,1,1,1,4,2,4,1,1,1,1,1,0,2,0,0,5.176183342070268,1
1579888000,1579888000,5764000,47.3979711740181,8.54616359846853,0.9999983,8.6046095,-2.818759,0.0,0.0,-0.2353796,-0.08643682,-5.176184,0.08065009,0.052176688,-0.00081951654,-0.00039308443,4.1656196e-05,0.3433549,-0.29887483,-0.017631331,0.03588182,7.416704e-05,-1.6305614,1.6748626,3.1113148e-05,0.23533261,2.8478353,4.6979804,-0.2353796,0.15104982,0.16502886,0.09140695,0.05556879,inf,inf,inf,inf,inf,1,1,1,1,4,2,4,1,1,1,1,1,0,2,0,0,5.177533830186406,1
1579896000,1579896000,5764000,47.3979711740181,8.54616359846853,0.9974369,8.5644245,-2.8185196,0.0,0.0,-0.2353796,-0.08517629,-5.1775737,0.08022347,0.051594153,-0.00081951654,-0.00039308443,4.1656196e-05,0.3288448,-0.29672274,-0.011663883,0.03566846,7.420844e-05,-1.6307838,1.6748626,3.1164298e-05,0.23533261,2.847219,4.7000813,-0.2353796,0.1514731,0.16529262,0.09170081,0.055646468,inf,inf,inf,inf,inf,1,1,1,1,4,2,4,1,1,1,1,1,0,2,0,0,5.178895656841205,1
1579904000,1579904000,5764000,47.3979711740181,8.54616359846853,0.9949147,8.524211,-2.818275,0.0,0.0,-0.2353796,-0.0839064,-5.17894,0.07977797,0.051004607,-0.00081951654,-0.00039308443,4.1656196e-05,0.3257875,-0.2906781,-0.015218741,0.035436314,7.424994e-05,-1.6310251,1.6748626,3.1215444e-05,0.23533261,2.8466306,4.7021227,-0.2353796,0.15189931,0.1653738,0.09199499,0.055702195,inf,inf,inf,inf,inf,1,1,1,1,4,2,4,1,1,1,1,1,0,2,0,0,5.180234003600444,1
1579912000,1579912000,5764000,47.3979711740181,8.54616359846853,0.9924314,8.48397,-2.8180256,0.0,0.0,-0.2353796,-0.082605034,-5.180263,0.07934176,0.05043668,-0.00081951654,-0.00039308443,4.1656196e-05,0.3256062,-0.2823946,-0.015238765,0.035190053,7.429149e-05,-1.6312803,1.6748626,3.12667e-05,0.23533261,2.84602,4.7042255,-0.2353796,0.1523285,0.16563886,0.0922896,0.055779647,inf,inf,inf,inf,inf,1,1,1,1,4,2,4,1,1,1,1,1,0,2,0,0,5.181529065410233,1
1579920000,1579920000,5764000,47.3979711740181,8.54616359846853,0.9897728,8.443871,-2.8178082,0.0,0.0,-0.2353796,-0.08151924,-5.1813793,0.07890751,0.04984095,-0.00081951654,-0.00039308443,4.1656196e-05,0.31909537,-0.27519757,-0.010174698,0.03492094,7.3920164e-05,-1.6315584,1.6748626,3.1155054e-05,0.23533261,2.8465705,4.706009,-0.2353796,0.15099873,0.1649362,0.0911316,0.055508643,inf,inf,inf,inf,inf,1,1,1,1,4,2,4,1,1,1,1,1,0,2,0,0,5.182621270370146,1
1579928000,1579928000,5764000,47.3979711740181,8.54616359846853,0.9871619,8.403742,-2.817585,0.0,0.0,-0.2353796,-0.08041911,-5.1824727,0.078515165,0.049300574,-0.00081951654,-0.00039308443,4.1656196e-05,0.31450328,-0.2689391,-0.0065327617,0.034636244,7.3939955e-05,-1.6318556,1.6748626,3.1197782e-05,0.23533261,2.8459692,4.708111,-0.2353796,0.15142085,0.16519974,0.091422014,0.05558581,inf,inf,inf,inf,inf,1,1,1,1,4,2,4,1,1,1,1,1,0,2,0,0,5.183691266909466,1
1579936000,1579936000,5764000,47.3979711740181,8.54616359846853,0.98459125,8.3635845,-2.8173556,0.0,0.0,-0.2353796,-0.079301246,-5.183625,0.078145646,0.048795596,-0.00081951654,-0.00039308443,4.1656196e-05,0.31233013,-0.27303576,-0.0049220393,0.03431929,7.39816e-05,-1.6321844,1.6748626,3.124902e-05,0.23533261,2.8453767,4.710214,-0.2353796,0.15184641,0.1654641,0.09171566,0.055663098,inf,inf,inf,inf,inf,1,1,1,1,4,2,4,1,1,1,1,1,0,2,0,0,5.184820495468567,1
1579944000,1579944000,5764000,47.3979711740181,8.54616359846853,0.98206055,8.3234,-2.8171206,0.0,0.0,-0.2353796,-0.0781531,-5.184717,0.07779481,0.04832148,-0.00081951654,-0.00039308443,4.1656196e-05,0.31183937,-0.262131,-0.0037946736,0.033985056,7.402331e-05,-1.6325303,1.6748626,3.13003e-05,0.23533261,2.8447864,4.712318,-0.2353796,0.15227489,0.16572925,0.09200945,0.055740222,inf,inf,inf,inf,inf,1,1,1,1,4,2,4,1,1,1,1,1,0,2,0,0,5.185889538892199,1
1579952000,1579952000,5764000,47.3979711740181,8.54616359846853,0.97934765,8.283361,-2.8168821,0.0,0.0,-0.2353796,-0.07719959,-5.185649,0.07736946,0.04777856,-0.00081951654,-0.00039308443,4.1656196e-05,0.3088788,-0.26125365,-0.009150709,0.033624757,7.367493e-05,-1.6329023,1.6748626,3.118858e-05,0.23533261,2.844264,4.7140417,-0.2353796,0.15094797,0.16484356,0.09086343,0.055448405,inf,inf,inf,inf,inf,1,1,1,1,4,2,4,1,1,1,1,1,0,2,0,0,5.18680068647696,1
1579960000,1579960000,5764000,47.3979711740181,8.54616359846853,0.976677,8.243294,-2.816639,0.0,0.0,-0.2353796,-0.076200314,-5.1865325,0.07698494,0.04728807,-0.00081951654,-0.00039308443,4.1656196e-05,0.30987492,-0.25155243,-0.0053304243,0.033256937,7.371664e-05,-1.6332854,1.6748626,3.1239797e-05,0.23533261,2.8436878,4.7161446,-0.2353796,0.15136996,0.16510691,0.091156594,0.055525687,inf,inf,inf,inf,inf,1,1,1,1,4,2,4,1,1,1,1,1,0,2,0,0,5.187663495485878,1
1579968000,1579968000,5764000,47.3979711740181,8.54616359846853,0.97404796,8.203198,-2.816391,0.0,0.0,-0.2353796,-0.07525225,-5.1874166,0.07662156,0.046829946,-0.00081951654,-0.00039308443,4.1656196e-05,0.29887065,-0.24802755,-0.0039390284,0.032866713,7.3758434e-05,-1.6336908,1.6748626,3.1291063e-05,0.23533261,2.8431134,4.7182484,-0.2353796,0.15179484,0.16537106,0.09144975,0.055602748,inf,inf,inf,inf,inf,1,1,1,1,4,2,4,1,1,1,1,1,0,2,0,0,5.188528186927623,1
1579976000,1579976000,5764000,47.3979711740181,8.54616359846853,0.9714598,8.163074,-2.8161378,0.0,0.0,-0.2353796,-0.07425153,-5.188298,0.07622998,0.046354488,-0.00081951654,-0.00039308443,4.1656196e-05,0.3009706,-0.24421546,-0.008680857,0.032458916,7.380031e-05,-1.6341139,1.6748626,3.1342377e-05,0.23533261,2.842541,4.720353,-0.2353796,0.15222265,0.165636,0.09174343,0.05567967,inf,inf,inf,inf,inf,1,1,1,1,4,2,4,1,1,1,1,1,0,2,0,0,5.189389216118033,1
1579984000,1579984000,5764000,47.3979711740181,8.54616359846853,0.96869814,8.123083,-2.815907,0.0,0.0,-0.2353796,-0.073455706,-5.1890187,0.07584015,0.045860715,-0.00081951654,-0.00039308443,4.1656196e-05,0.2952266,-0.2418124,-0.0044885087,0.032041833,7.3473624e-05,-1.6345462,1.6748626,3.123062e-05,0.23533261,2.842802,4.7221384,-0.2353796,0.15089855,0.16493344,0.090609,0.05541067,inf,inf,inf,inf,inf,1,1,1,1,4,2,4,1,1,1,1,1,0,2,0,0,5.190092729233811,1
1579992000,1579992000,5764000,47.3979711740181,8.54616359846853,0.9659791,8.083062,-2.815671,0.0,0.0,-0.2353796,-0.07269602,-5.189738,0.07542841,0.045356248,-0.00081951654,-0.00039308443,4.1656196e-05,0.2858199,-0.23776929,-0.008522532,0.031603497,7.35155e-05,-1.6350031,1.6748626,3.128186e-05,0.23533261,2.8422437,4.724242,-0.2353796,0.15131989,0.16519688,0.090901755,0.05548767,inf,inf,inf,inf,inf,1,1,1,1,4,2,4,1,1,1,1,1,0,2,0,0,5.190795186192861,1
1580000000,1580000000,5764000,47.3979711740181,8.54616359846853,0.96330917,8.043013,-2.8154364,0.0,0.0,-0.2353796,-0.0718269,-5.190438,0.07507998,0.04492073,-0.00081951654,-0.00039308443,4.1656196e-05,0.292899,-0.2316611,-0.0020270234,0.031153556,7.353529e-05,-1.6354716,1.6748626,3.132445e-05,0.23533261,2.841854,4.726287,-0.2353796,0.1517436,0.16527803,0.091191895,0.05554251,inf,inf,inf,inf,inf,1,1,1,1,4,2,4,1,1,1,1,1,0,2,0,0,5.191477895436368,1
1580008000,1580008000,5764000,47.3979711740181,8.54616359846853,0.9606814,8.002934,-2.815196,0.0,0.0,-0.2353796,-0.0709434,-5.191105,0.07471537,0.044479754,-0.00081951654,-0.00039308443,4.1656196e-05,0.29009715,-0.22387475,-0.0052684913,0.03068953,7.357729e-05,-1.6359535,1.6748626,3.1375777e-05,0.23533261,2.8412988,4.728392,-0.2353796,0.15217072,0.16554277,0.09148549,0.05561931,inf,inf,inf,inf,inf,1,1,1,1,4,2,4,1,1,1,1,1,0,2,0,0,5.192127355289236,1
1580016000,1580016000,5764000,47.3979711740181,8.54616359846853,0.9578912,7.9629784,-2.8149772,0.0,0.0,-0.2353796,-0.07026059,-5.19162,0.074385226,0.044054117,-0.00081951654,-0.00039308443,4.1656196e-05,0.2835123,-0.22121477,0.0028149222,0.030209748,7.327125e-05,-1.6364512,1.6748626,3.126391e-05,0.23533261,2.8415473,4.730179,-0.2353796,0.15084942,0.1648417,0.09036243,0.05535173,inf,inf,inf,inf,inf,1,1,1,1,4,2,4,1,1,1,1,1,0,2,0,0,5.192628230169595,1
1580024000,1580024000,5764000,47.3979711740181,8.54616359846853,0.95514464,7.922993,-2.8147526,0.0,0.0,-0.2353796,-0.06954829,-5.192166,0.07403345,0.04361787,-0.00081951654,-0.00039308443,4.1656196e-05,0.28223497,-0.22107102,-0.0011823139,0.029720273,7.331327e-05,-1.6369619,1.6748626,3.131517e-05,0.23533261,2.8410048,4.732284,-0.2353796,0.15127012,0.16510493,0.09065527,0.055428628,inf,inf,inf,inf,inf,1,1,1,1,4,2,4,1,1,1,1,1,0,2,0,0,5.193159509192533,1
1580032000,1580032000,5764000,47.3979711740181,8.54616359846853,0.9524409,7.88298,-2.8145227,0.0,0.0,-0.2353796,-0.06887705,-5.192716,0.07370489,0.043215517,-0.00081951654,-0.00039308443,4.1656196e-05,0.27226737,-0.21766625,0.00046193597,0.029211879,7.335536e-05,-1.6374913,1.6748626,3.136648e-05,0.23533261,2.8404639,4.73439,-0.2353796,0.15169369,0.16536896,0.09094859,0.05550539,inf,inf,inf,inf,inf,1,1,1,1,4,2,4,1,1,1,1,1,0,2,0,0,5.193695785804422,1
1580040000,1580040000,5764000,47.3979711740181,8.54616359846853,0.94977933,7.842938,-2.8142881,0.0,0.0,-0.2353796,-0.06815651,-5.193237,0.07341025,0.042857435,-0.00081951654,-0.00039308443,4.1656196e-05,0.27371925,-0.21017382,0.003480818,0.028697494,7.339752e-05,-1.6380266,1.6748626,3.141783e-05,0.23533261,2.8399243,4.7364955,-0.2353796,0.15212016,0.16563377,0.09124217,0.055582024,inf,inf,inf,inf,inf,1,1,1,1,4,2,4,1,1,1,1,1,0,2,0,0,5.194203010359669,1
1580048000,1580048000,5764000,47.3979711740181,8.54616359846853,0.9469512,7.8030114,-2.8140721,0.0,0.0,-0.2353796,-0.06765976,-5.193617,0.0730674,0.042434003,-0.00081951654,-0.00039308443,4.1656196e-05,0.26435775,-0.2076332,0.0010090879,0.028174901,7.3110925e-05,-1.63857,1.6748626,3.1305648e-05,0.23533261,2.8401196,4.7382226,-0.2353796,0.15080154,0.16474998,0.09012943,0.055293664,inf,inf,inf,inf,inf,1,1,1,1,4,2,4,1,1,1,1,1,0,2,0,0,5.194571611861272,1
1580056000,1580056000,5764000,47.3979711740181,8.54616359846853,0.9441671,7.763056,-2.8138509,0.0,0.0,-0.2353796,-0.06709787,-5.1940227,0.072717495,0.042014126,-0.00081951654,-0.00039308443,4.1656196e-05,0.26742235,-0.20667784,-0.0011618248,0.027643278,7.315311e-05,-1.6391252,1.6748626,3.1356925e-05,0.23533261,2.8395913,4.740328,-0.2353796,0.15122162,0.16501302,0.09042214,0.055370405,inf,inf,inf,inf,inf,1,1,1,1,4,2,4,1,1,1,1,1,0,2,0,0,5.19496503995483,1
1580064000,1580064000,5764000,47.3979711740181,8.54616359846853,0.9414261,7.723072,-2.8136244,0.0,0.0,-0.2353796,-0.0665476,-5.194432,0.07240899,0.041645896,-0.00081951654,-0.00039308443,4.1656196e-05,0.26102513,-0.20303148,0.0027581116,0.027103785,7.319535e-05,-1.6396881,1.6748626,3.1408246e-05,0.23533261,2.8390641,4.742434,-0.2353796,0.15164457,0.16527683,0.090715334,0.055447027,inf,inf,inf,inf,inf,1,1,1,1,4,2,4,1,1,1,1,1,0,2,0,0,5.195362879291742,1
1580072000,1580072000,5764000,47.3979711740181,8.54616359846853,0.93873495,7.6830587,-2.8133926,0.0,0.0,-0.2353796,-0.06594127,-5.1948586,0.07212029,0.04130821,-0.00081951654,-0.00039308443,4.1656196e-05,0.2613647,-0.20144118,0.0037187708,0.026549837,7.3215146e-05,-1.6402652,1.6748626,3.145082e-05,0.23533261,2.8385203,4.7445407,-0.2353796,0.15206987,0.16554141,0.091005795,0.055523273,inf,inf,inf,inf,inf,1,1,1,1,4,2,4,1,1,1,1,1,0,2,0,0,5.195777657031992,1
1580080000,1580080000,5764000,47.3979711740181,8.54616359846853,0.93587714,7.6431546,-2.8131762,0.0,0.0,-0.2353796,-0.06550284,-5.1951675,0.07182272,0.04094713,-0.00081951654,-0.00039308443,4.1656196e-05,0.25897354,-0.20073394,0.005906913,0.025987325,7.294704e-05,-1.6408504,1.6748626,3.133851e-05,0.23533261,2.8386395,4.746329,-0.2353796,0.15075397,0.16484043,0.089903414,0.055257734,inf,inf,inf,inf,inf,1,1,1,1,4,2,4,1,1,1,1,1,0,2,0,0,5.196076835287611,1
1580088000,1580088000,5764000,47.3979711740181,8.54616359846853,0.933064,7.6032214,-2.812955,0.0,0.0,-0.2353796,-0.06505669,-5.1954627,0.0714993,0.040570293,-0.00081951654,-0.00039308443,4.1656196e-05,0.25479564,-0.19479227,0.0014053656,0.025421739,7.298936e-05,-1.6414412,1.6748626,3.1389784e-05,0.23533261,2.8381224,4.748435,-0.2353796,0.15117343,0.16510354,0.0901962,0.055334367,inf,inf,inf,inf,inf,1,1,1,1,4,2,4,1,1,1,1,1,0,2,0,0,5.196361918679793,1
1580096000,1580096000,5764000,47.3979711740181,8.54616359846853,0.93029463,7.5632596,-2.812729,0.0,0.0,-0.2353796,-0.064596385,-5.195755,0.07113873,0.040166058,-0.00081951654,-0.00039308443,4.1656196e-05,0.25155622,-0.19035831,-0.004474539,0.024846463,7.3031755e-05,-1.6420414,1.6748626,3.1441108e-05,0.23533261,2.8376055,4.7505417,-0.2353796,0.15159574,0.16536742,0.09048943,0.05541087,inf,inf,inf,inf,inf,1,1,1,1,4,2,4,1,1,1,1,1,0,2,0,0,5.1966434774656305,1
1580104000,1580104000,5764000,47.3979711740181,8.54616359846853,0.92756855,7.5232697,-2.812502,0.0,0.0,-0.2353796,-0.06406517,-5.1960707,0.070802055,0.039791703,-0.00081951654,-0.00039308443,4.1656196e-05,0.2555408,-0.18932061,-0.002603512,0.024259785,7.307422e-05,-1.6426528,1.6748626,3.1492422e-05,0.23533261,2.8371952,4.7525883,-0.2353796,0.15202087,0.16544847,0.09078317,0.05546534,inf,inf,inf,inf,inf,1,1,1,1,4,2,4,1,1,1,1,1,0,2,0,0,5.196947950133601,1
1580112000,1580112000,5764000,47.3979711740181,8.54616359846853,0.92488545,7.483252,-2.8122702,0.0,0.0,-0.2353796,-0.06354005,-5.196389,0.070478074,0.03943931,-0.00081951654,-0.00039308443,4.1656196e-05,0.2500274,-0.18574564,-0.0021862795,0.023668842,7.311675e-05,-1.6432681,1.6748626,3.1543845e-05,0.23533261,2.8366795,4.7546964,-0.2353796,0.1524489,0.16571364,0.0910774,0.05554165,inf,inf,inf,inf,inf,1,1,1,1,4,2,4,1,1,1,1,1,0,2,0,0,5.197255346448714,1
1580120000,1580120000,5764000,47.3979711740181,8.54616359846853,0.9220271,7.443355,-2.8120513,0.0,0.0,-0.2353796,-0.06318155,-5.1965714,0.0701416,0.039062142,-0.00081951654,-0.00039308443,4.1656196e-05,0.24863957,-0.18324368,-0.00042701137,0.0230752,7.2865834e-05,-1.6438857,1.6748626,3.1428768e-05,0.23533261,2.8367207,4.756484,-0.2353796,0.15111877,0.16500959,0.08997081,0.055275556,inf,inf,inf,inf,inf,1,1,1,1,4,2,4,1,1,1,1,1,0,2,0,0,5.197428793895008,1
1580128000,1580128000,5764000,47.3979711740181,8.54616359846853,0.9192137,7.403429,-2.8118281,0.0,0.0,-0.2353796,-0.062780686,-5.196767,0.06987175,0.03876097,-0.00081951654,-0.00039308443,4.1656196e-05,0.24879041,-0.18080218,0.006669666,0.022473574,7.290838e-05,-1.6445138,1.6748626,3.1480104e-05,0.23533261,2.8362145,4.7585907,-0.2353796,0.15154037,0.16527323,0.09026447,0.055351995,inf,inf,inf,inf,inf,1,1,1,1,4,2,4,1,1,1,1,1,0,2,0,0,5.197615869634047,1
1580136000,1580136000,5764000,47.3979711740181,8.54616359846853,0.9164448,7.3634744,-2.8116002,0.0,0.0,-0.2353796,-0.06233316,-5.1969953,0.069582984,0.038449936,-0.00081951654,-0.00039308443,4.1656196e-05,0.2496115,-0.18079449,0.0031059606,0.021875432,7.2950985e-05,-1.6451381,1.6748626,3.1531494e-05,0.23533261,2.8357089,4.760699,-0.2353796,0.1519648,0.16553767,0.09055847,0.05542831,inf,inf,inf,inf,inf,1,1,1,1,4,2,4,1,1,1,1,1,0,2,0,0,5.197834872590704,1
1580144000,1580144000,5764000,47.3979711740181,8.54616359846853,0.91372687,7.32349,-2.811366,0.0,0.0,-0.2353796,-0.061876528,-5.197193,0.06933248,0.038186874,-0.00081951654,-0.00039308443,4.1656196e-05,0.24401441,-0.17306784,0.0064354385,0.021273918,7.297091e-05,-1.6457654,1.6748626,3.1573996e-05,0.23533261,2.8351817,4.7628074,-0.2353796,0.15239154,0.16580288,0.09084988,0.055504262,inf,inf,inf,inf,inf,1,1,1,1,4,2,4,1,1,1,1,1,0,2,0,0,5.198023737609255,1
1580152000,1580152000,5764000,47.3979711740181,8.54616359846853,0.9108326,7.2836256,-2.811172,0.0,0.0,-0.2353796,-0.06151514,-5.1973176,0.06899886,0.037801314,-0.00081951654,-0.00039308443,4.1656196e-05,0.25141487,-0.17821234,2.3748724e-05,0.020667516,7.2736555e-05,-1.6463969,1.6748626,3.1458625e-05,0.23533261,2.8360481,4.764535,-0.2353796,0.15106447,0.16491562,0.08975344,0.05521739,inf,inf,inf,inf,inf,1,1,1,1,4,2,4,1,1,1,1,1,0,2,0,0,5.198139589353126,1
1580160000,1580160000,5764000,47.3979711740181,8.54616359846853,0.9079845,7.243731,-2.8109722,0.0,0.0,-0.2353796,-0.061180267,-5.1974254,0.06868354,0.037443865,-0.00081951654,-0.00039308443,4.1656196e-05,0.24287562,-0.17190045,0.0010752118,0.020057313,7.277928e-05,-1.6470346,1.6748626,3.1509975e-05,0.23533261,2.8355532,4.766642,-0.2353796,0.15148537,0.16517904,0.09004736,0.055293757,inf,inf,inf,inf,inf,1,1,1,1,4,2,4,1,1,1,1,1,0,2,0,0,5.198239244427125,1
1580168000,1580168000,5764000,47.3979711740181,8.54616359846853,0.90518177,7.2038083,-2.8107677,0.0,0.0,-0.2353796,-0.060814112,-5.19751,0.06846995,0.03719763,-0.00081951654,-0.00039308443,4.1656196e-05,0.24169545,-0.16484918,0.012587755,0.019444155,7.282203e-05,-1.6476749,1.6748626,3.156135e-05,0.23533261,2.8350582,4.76875,-0.2353796,0.15190908,0.16544326,0.09034154,0.055370003,inf,inf,inf,inf,inf,1,1,1,1,4,2,4,1,1,1,1,1,0,2,0,0,5.198316717012474,1
1580176000,1580176000,5764000,47.3979711740181,8.54616359846853,0.9024237,7.1638565,-2.810557,0.0,0.0,-0.2353796,-0.060440548,-5.1976833,0.068254605,0.03695883,-0.00081951654,-0.00039308443,4.1656196e-05,0.23766305,-0.17192455,0.011199619,0.01883173,7.2864874e-05,-1.648314,1.6748626,3.161279e-05,0.23533261,2.8345633,4.770859,-0.2353796,0.15233561,0.16570823,0.090636306,0.05544615,inf,inf,inf,inf,inf,1,1,1,1,4,2,4,1,1,1,1,1,0,2,0,0,5.19848280155327,1
1580184000,1580184000,5764000,47.3979711740181,8.54616359846853,0.8994987,7.1240177,-2.8103652,0.0,0.0,-0.2353796,-0.06022614,-5.197712,0.068007745,0.03666969,-0.00081951654,-0.00039308443,4.1656196e-05,0.23580323,-0.16729856,0.010421033,0.018216362,7.264618e-05,-1.6489555,1.6748626,3.1497184e-05,0.23533261,2.8348305,4.7726474,-0.2353796,0.15101157,0.16500439,0.08954931,0.05518226,inf,inf,inf,inf,inf,1,1,1,1,4,2,4,1,1,1,1,1,0,2,0,0,5.198505773418289,1
1580192000,1580192000,5764000,47.3979711740181,8.54616359846853,0.89662033,7.084149,-2.8101673,0.0,0.0,-0.2353796,-0.059977595,-5.197756,0.067788824,0.036418013,-0.00081951654,-0.00039308443,4.1656196e-05,0.23476218,-0.16497418,0.0126874065,0.017602092,7.268904e-05,-1.6495984,1.6748626,3.154853e-05,0.23533261,2.8343441,4.774755,-0.2353796,0.15143177,0.16526787,0.08984338,0.05525853,inf,inf,inf,inf,inf,1,1,1,1,4,2,4,1,1,1,1,1,0,2,0,0,5.198544033871146,1
1580200000,1580200000,5764000,47.3979711740181,8.54616359846853,0.89378816,7.044251,-2.80997,0.0,0.0,-0.2353796,-0.059621885,-5.1978297,0.06751962,0.03611974,-0.00081951654,-0.00039308443,4.1656196e-05,0.24298862,-0.16452135,0.0053453255,0.01698385,7.273197e-05,-1.6502446,1.6748626,3.1599848e-05,0.23533261,2.834027,4.7768035,-0.2353796,0.15185477,0.16534884,0.09013779,0.05531278,inf,inf,inf,inf,inf,1,1,1,1,4,2,4,1,1,1,1,1,0,2,0,0,5.198610127568521,1
1580208000,1580208000,5764000,47.3979711740181,8.54616359846853,0.8910091,7.0043225,-2.8097658,0.0,0.0,-0.2353796,-0.059250195,-5.1978927,0.06727496,0.035856135,-0.00081951654,-0.00039308443,4.1656196e-05,0.23811157,-0.1591159,0.0069686207,0.01636714,7.275207e-05,-1.6508888,1.6748626,3.164226e-05,0.23533261,2.8335161,4.778912,-0.2353796,0.15228008,0.16561358,0.09042988,0.055388656,inf,inf,inf,inf,inf,1,1,1,1,4,2,4,1,1,1,1,1,0,2,0,0,5.198665696749872,1
1580216000,1580216000,5764000,47.3979711740181,8.54616359846853,0.88805413,6.9644976,-2.8095932,0.0,0.0,-0.2353796,-0.059050407,-5.1978793,0.06698808,0.03551869,-0.00081951654,-0.00039308443,4.1656196e-05,0.23563161,-0.16216569,0.0057332213,0.01575308,7.254816e-05,-1.6515296,1.6748626,3.1526368e-05,0.23533261,2.834167,4.780702,-0.2353796,0.15095899,0.16491129,0.089352064,0.05512617,inf,inf,inf,inf,inf,1,1,1,1,4,2,4,1,1,1,1,1,0,2,0,0,5.19864632099525,1
1580224000,1580224000,5764000,47.3979711740181,8.54616359846853,0.88514715,6.924643,-2.8094144,0.0,0.0,-0.2353796,-0.058793023,-5.197839,0.06673668,0.03522659,-0.00081951654,-0.00039308443,4.1656196e-05,0.23746015,-0.15443146,0.008930451,0.015145725,7.2591196e-05,-1.6521659,1.6748626,3.1577714e-05,0.23533261,2.8336902,4.78281,-0.2353796,0.1513785,0.16517453,0.089646526,0.055202417,inf,inf,inf,inf,inf,1,1,1,1,4,2,4,1,1,1,1,1,0,2,0,0,5.198599876306302,1
1580232000,1580232000,5764000,47.3979711740181,8.54616359846853,0.88228744,6.884759,-2.8092303,0.0,0.0,-0.2353796,-0.058499895,-5.1979113,0.06642571,0.03488446,-0.00081951654,-0.00039308443,4.1656196e-05,0.23669586,-0.16437402,0.0002812594,0.014533839,7.2634284e-05,-1.652806,1.6748626,3.1629104e-05,0.23533261,2.833213,4.784919,-0.2353796,0.15180083,0.16543856,0.089941435,0.055278566,inf,inf,inf,inf,inf,1,1,1,1,4,2,4,1,1,1,1,1,0,2,0,0,5.1986648762284835,1
1580240000,1580240000,5764000,47.3979711740181,8.54616359846853,0.8794739,6.844845,-2.809041,0.0,0.0,-0.2353796,-0.05825154,-5.197992,0.066136494,0.034573317,-0.00081951654,-0.00039308443,4.1656196e-05,0.22600357,-0.16135168,0.0018309801,0.013919758,7.267742e-05,-1.6534479,1.6748626,3.168053e-05,0.23533261,2.8327358,4.7870283,-0.2353796,0.15222596,0.16570337,0.09023687,0.055354588,inf,inf,inf,inf,inf,1,1,1,1,4,2,4,1,1,1,1,1,0,2,0,0,5.198739088453563,1
1580248000,1580248000,5764000,47.3979711740181,8.54616359846853,0.8764841,6.8050246,-2.808865,0.0,0.0,-0.2353796,-0.05812657,-5.1978946,0.06588059,0.03428189,-0.00081951654,-0.00039308443,4.1656196e-05,0.22988008,-0.15098333,0.009271315,0.013309732,7.2487426e-05,-1.6540849,1.6748626,3.1564156e-05,0.23533261,2.8328557,4.7887573,-0.2353796,0.1509077,0.16481818,0.08916782,0.055071276,inf,inf,inf,inf,inf,1,1,1,1,4,2,4,1,1,1,1,1,0,2,0,0,5.198637054362217,1
1580256000,1580256000,5764000,47.3979711740181,8.54616359846853,0.87354255,6.7651744,-2.8086839,0.0,0.0,-0.2353796,-0.05800266,-5.1978426,0.06560397,0.033979148,-0.00081951654,-0.00039308443,4.1656196e-05,0.22427247,-0.15233281,0.0054538245,0.012705633,7.2530616e-05,-1.6547182,1.6748626,3.16155e-05,0.23533261,2.8323874,4.7908654,-0.2353796,0.15132657,0.1650812,0.08946292,0.055147506,inf,inf,inf,inf,inf,1,1,1,1,4,2,4,1,1,1,1,1,0,2,0,0,5.198580179608813,1
1580264000,1580264000,5764000,47.3979711740181,8.54616359846853,0.8706484,6.725294,-2.808497,0.0,0.0,-0.2353796,-0.057831742,-5.1978264,0.06538386,0.033741977,-0.00081951654,-0.00039308443,4.1656196e-05,0.22481444,-0.15266427,0.011320691,0.01210363,7.2573865e-05,-1.6553487,1.6748626,3.166689e-05,0.23533261,2.8319194,4.7929745,-0.2353796,0.15174824,0.165345,0.08975845,0.055223618,inf,inf,inf,inf,inf,1,1,1,1,4,2,4,1,1,1,1,1,0,2,0,0,5.198559304660111,1
1580272000,1580272000,5764000,47.3979711740181,8.54616359846853,0.86780125,6.685385,-2.8083043,0.0,0.0,-0.2353796,-0.05757915,-5.197818,0.06516964,0.033519484,-0.00081951654,-0.00039308443,4.1656196e-05,0.22982734,-0.14954513,0.010895542,0.011513731,7.261716e-05,-1.6559664,1.6748626,3.1718315e-05,0.23533261,2.8314514,4.795084,-0.2353796,0.1521727,0.16560957,0.090054445,0.055299632,inf,inf,inf,inf,inf,1,1,1,1,4,2,4,1,1,1,1,1,0,2,0,0,5.198545412095238,1
1580280000,1580280000,5764000,47.3979711740181,8.54616359846853,0.8647958,6.645573,-2.8081555,0.0,0.0,-0.2353796,-0.057429284,-5.1977053,0.064837,0.033134073,-0.00081951654,-0.00039308443,4.1656196e-05,0.23371807,-0.14905494,0.00046333295,0.010919944,7.241726e-05,-1.6565874,1.6748626,3.1592535e-05,0.23533261,2.8325067,4.796874,-0.2353796,0.15085675,0.16490744,0.088990636,0.055039074,inf,inf,inf,inf,inf,1,1,1,1,4,2,4,1,1,1,1,1,0,2,0,0,5.198426910602653,1
1580288000,1580288000,5764000,47.3979711740181,8.54616359846853,0.8618397,6.605731,-2.8080006,0.0,0.0,-0.2353796,-0.057275485,-5.1976132,0.06456682,0.03282114,-0.00081951654,-0.00039308443,4.1656196e-05,0.2286994,-0.14728095,0.0070156525,0.010334372,7.246061e-05,-1.6572025,1.6748626,3.164387e-05,0.23533261,2.8320491,4.7989826,-0.2353796,0.15127498,0.16517052,0.089286156,0.055115286,inf,inf,inf,inf,inf,1,1,1,1,4,2,4,1,1,1,1,1,0,2,0,0,5.1983297637069095,1
1580296000,1580296000,5764000,47.3979711740181,8.54616359846853,0.85893214,6.5658593,-2.8078399,0.0,0.0,-0.2353796,-0.057066668,-5.1975813,0.06431362,0.032534886,-0.00081951654,-0.00039308443,4.1656196e-05,0.23020904,-0.15064433,0.007918569,0.009758331,7.250401e-05,-1.6578074,1.6748626,3.1695243e-05,0.23533261,2.8315914,4.8010917,-0.2353796,0.151696,0.16543438,0.08958202,0.055191357,inf,inf,inf,inf,inf,1,1,1,1,4,2,4,1,1,1,1,1,0,2,0,0,5.198292432753647,1
1580304000,1580304000,5764000,47.3979711740181,8.54616359846853,0.85607195,6.5259585,-2.8076682,0.0,0.0,-0.2353796,-0.05694816,-5.197498,0.06410516,0.032308146,-0.00081951654,-0.00039308443,4.1656196e-05,0.21369089,-0.14007236,0.012194737,0.009179611,7.254747e-05,-1.6584142,1.6748626,3.1746593e-05,0.23533261,2.8309681,4.8031406,-0.2353796,0.15211977,0.16551514,0.08987861,0.055245362,inf,inf,inf,inf,inf,1,1,1,1,4,2,4,1,1,1,1,1,0,2,0,0,5.198205269558909,1
1580312000,1580312000,5764000,47.3979711740181,8.54616359846853,0.8530464,6.4861526,-2.807537,0.0,0.0,-0.2353796,-0.05690948,-5.197353,0.06379833,0.031941045,-0.00081951654,-0.00039308443,4.1656196e-05,0.22247209,-0.14405164,0.004138797,0.008603693,7.238288e-05,-1.6590177,1.6748626,3.162946e-05,0.23533261,2.8319695,4.8049316,-0.2353796,0.15080705,0.16481458,0.0888258,0.05498638,inf,inf,inf,inf,inf,1,1,1,1,4,2,4,1,1,1,1,1,0,2,0,0,5.198056090735618,1
1580320000,1580320000,5764000,47.3979711740181,8.54616359846853,0.8500701,6.446317,-2.8074002,0.0,0.0,-0.2353796,-0.056872807,-5.197142,0.06353983,0.031632613,-0.00081951654,-0.00039308443,4.1656196e-05,0.21663406,-0.13153702,0.008911825,0.008049575,7.242639e-05,-1.6596014,1.6748626,3.16808e-05,0.23533261,2.8315215,4.80704,-0.2353796,0.15122467,0.16507742,0.089121625,0.05506256,inf,inf,inf,inf,inf,1,1,1,1,4,2,4,1,1,1,1,1,0,2,0,0,5.197841551484279,1
1580328000,1580328000,5764000,47.3979711740181,8.54616359846853,0.8471422,6.4064527,-2.8072567,0.0,0.0,-0.2353796,-0.056759737,-5.197021,0.06326562,0.031318475,-0.00081951654,-0.00039308443,4.1656196e-05,0.22074063,-0.13859192,0.0057150605,0.0074934415,7.246997e-05,-1.6601865,1.6748626,3.1732183e-05,0.23533261,2.8310728,4.8091493,-0.2353796,0.15164505,0.16534105,0.089417964,0.05513865,inf,inf,inf,inf,inf,1,1,1,1,4,2,4,1,1,1,1,1,0,2,0,0,5.1977159869368865,1
1580336000,1580336000,5764000,47.3979711740181,8.54616359846853,0.8442621,6.3665586,-2.8071074,0.0,0.0,-0.2353796,-0.05662814,-5.1970096,0.06307595,0.031098556,-0.00081951654,-0.00039308443,4.1656196e-05,0.21775429,-0.14824413,0.015084165,0.0069506527,7.251358e-05,-1.6607575,1.6748626,3.1783602e-05,0.23533261,2.8306234,4.8112593,-0.2353796,0.15206821,0.16560543,0.089714795,0.055214636,inf,inf,inf,inf,inf,1,1,1,1,4,2,4,1,1,1,1,1,0,2,0,0,5.197700847894232,1
1580344000,1580344000,5764000,47.3979711740181,8.54616359846853,0.8412276,6.326767,-2.806994,0.0,0.0,-0.2353796,-0.056579933,-5.196845,0.06278043,0.030736204,-0.00081951654,-0.00039308443,4.1656196e-05,0.22499844,-0.14159985,0.005577225,0.0064013177,7.2360526e-05,-1.6613345,1.6748626,3.166595e-05,0.23533261,2.8314908,4.81305,-0.2353796,0.15075815,0.1649035,0.0886692,0.05495633,inf,inf,inf,inf,inf,1,1,1,1,4,2,4,1,1,1,1,1,0,2,0,0,5.197532166830165,1
1580352000,1580352000,5764000,47.3979711740181,8.54616359846853,0.83824974,6.2869434,-2.8068423,0.0,0.0,-0.2353796,-0.056539603,-5.196699,0.06250952,0.030441504,-0.00081951654,-0.00039308443,4.1656196e-05,0.21658935,-0.13956892,0.0063530165,0.0058638467,7.2381e-05,-1.661902,1.6748626,3.1708052e-05,0.23533261,2.8300617,4.815099,-0.2353796,0.15117465,0.16498432,0.08896279,0.055010658,inf,inf,inf,inf,inf,1,1,1,1,4,2,4,1,1,1,1,1,0,2,0,0,5.197382481922898,1
1580360000,1580360000,5764000,47.3979711740181,8.54616359846853,0.8353207,6.2470903,-2.806685,0.0,0.0,-0.2353796,-0.056431476,-5.196533,0.062243097,0.030160435,-0.00081951654,-0.00039308443,4.1656196e-05,0.21961863,-0.13282545,0.0057071443,0.005335163,7.242473e-05,-1.6624599,1.6748626,3.175943e-05,0.23533261,2.8296182,4.8172083,-0.2353796,0.15159442,0.16524771,0.08925982,0.055086765,inf,inf,inf,inf,inf,1,1,1,1,4,2,4,1,1,1,1,1,0,2,0,0,5.197212131007997,1
1580368000,1580368000,5764000,47.3979711740181,8.54616359846853,0.8324397,6.2072077,-2.806522,0.0,0.0,-0.2353796,-0.056348074,-5.196493,0.062012974,0.029924512,-0.00081951654,-0.00039308443,4.1656196e-05,0.21122478,-0.14457498,0.009073409,0.004820725,7.24685e-05,-1.6630028,1.6748626,3.181085e-05,0.23533261,2.8291745,4.819318,-0.2353796,0.15201697,0.16551185,0.08955735,0.055162787,inf,inf,inf,inf,inf,1,1,1,1,4,2,4,1,1,1,1,1,0,2,0,0,5.197168480378218,1
1580376000,1580376000,5764000,47.3979711740181,8.54616359846853,0.82960606,6.1672955,-2.8063536,0.0,0.0,-0.2353796,-0.056152035,-5.196456,0.06177709,0.029691376,-0.00081951654,-0.00039308443,4.1656196e-05,0.22013842,-0.14093453,0.007214024,0.0043070386,7.2512325e-05,-1.6635444,1.6748626,3.186231e-05,0.23533261,2.8287303,4.8214283,-0.2353796,0.15244228,0.16577677,0.08985536,0.055238705,inf,inf,inf,inf,inf,1,1,1,1,4,2,4,1,1,1,1,1,0,2,0,0,5.197126554146966,1
1580384000,1580384000,5764000,47.3979711740181,8.54616359846853,0.8266449,6.127513,-2.8062267,0.0,0.0,-0.2353796,-0.056132432,-5.196262,0.061545294,0.02941963,-0.00081951654,-0.00039308443,4.1656196e-05,0.21272583,-0.13622896,0.011723953,0.0038070574,7.236998e-05,-1.6640716,1.6748626,3.1741663e-05,0.23533261,2.8297553,4.823218,-0.2353796,0.15111831,0.16507183,0.08880352,0.05497992,inf,inf,inf,inf,inf,1,1,1,1,4,2,4,1,1,1,1,1,0,2,0,0,5.196929617166253,1
1580392000,1580392000,5764000,47.3979711740181,8.54616359846853,0.8237322,6.0876994,-2.8060932,0.0,0.0,-0.2353796,-0.05609204,-5.1961007,0.061311193,0.029155314,-0.00081951654,-0.00039308443,4.1656196e-05,0.20990829,-0.13604453,0.010214279,0.0033135125,7.241386e-05,-1.6645954,1.6748626,3.179303e-05,0.23533261,2.829321,4.825327,-0.2353796,0.15153739,0.16533525,0.0891011,0.055056017,inf,inf,inf,inf,inf,1,1,1,1,4,2,4,1,1,1,1,1,0,2,0,0,5.196765134569671,1
1580400000,1580400000,5764000,47.3979711740181,8.54616359846853,0.8208671,6.0478554,-2.8059611,0.0,0.0,-0.2353796,-0.056014337,-5.1960044,0.061099745,0.028915431,-0.00081951654,-0.00039308443,4.1656196e-05,0.20929821,-0.14005257,0.012047122,0.0028320719,7.245777e-05,-1.6651063,1.6748626,3.1844356e-05,0.23533261,2.8291204,4.827376,-0.2353796,0.1519592,0.16541593,0.08939902,0.055110026,inf,inf,inf,inf,inf,1,1,1,1,4,2,4,1,1,1,1,1,0,2,0,0,5.1966655183500094,1
1580408000,1580408000,5764000,47.3979711740181,8.54616359846853,0.8180495,6.007982,-2.8058228,0.0,0.0,-0.2353796,-0.05584863,-5.195868,0.060891494,0.028688122,-0.00081951654,-0.00039308443,4.1656196e-05,0.21515834,-0.1309138,0.011287163,0.0023541506,7.2501774e-05,-1.665613,1.6748626,3.189582e-05,0.23533261,2.8286855,4.8294864,-0.2353796,0.1523838,0.1656806,0.08969751,0.05518594,inf,inf,inf,inf,inf,1,1,1,1,4,2,4,1,1,1,1,1,0,2,0,0,5.196524907756955,1
1580416000,1580416000,5764000,47.3979711740181,8.54616359846853,0.81510913,5.9682283,-2.805719,0.0,0.0,-0.2353796,-0.05579409,-5.19564,0.060629033,0.028371053,-0.00081951654,-0.00039308443,4.1656196e-05,0.21532293,-0.1331002,0.00814069,0.0018896513,7.236967e-05,-1.6661056,1.6748626,3.1774707e-05,0.23533261,2.8295298,4.8312764,-0.2353796,0.15106283,0.16497727,0.08865261,0.054928463,inf,inf,inf,inf,inf,1,1,1,1,4,2,4,1,1,1,1,1,0,2,0,0,5.196293281727028,1
1580424000,1580424000,5764000,47.3979711740181,8.54616359846853,0.8122249,5.928442,-2.8056078,0.0,0.0,-0.2353796,-0.05563948,-5.1955132,0.06036178,0.028060671,-0.00081951654,-0.00039308443,4.1656196e-05,0.22067848,-0.1414254,0.0060573216,0.0014409244,7.239047e-05,-1.6665852,1.6748626,3.181684e-05,0.23533261,2.8290722,4.8333855,-0.2353796,0.15148075,0.16524042,0.088947624,0.055004414,inf,inf,inf,inf,inf,1,1,1,1,4,2,4,1,1,1,1,1,0,2,0,0,5.196161728390839,1
1580432000,1580432000,5764000,47.3979711740181,8.54616359846853,0.8093889,5.8886247,-2.80549,0.0,0.0,-0.2353796,-0.055520277,-5.195334,0.06017406,0.027839744,-0.00081951654,-0.00039308443,4.1656196e-05,0.21105327,-0.13065302,0.014811288,0.0009927533,7.243457e-05,-1.6670636,1.6748626,3.1868236e-05,0.23533261,2.8286448,4.8354955,-0.2353796,0.1519019,0.16550437,0.08924642,0.05508047,inf,inf,inf,inf,inf,1,1,1,1,4,2,4,1,1,1,1,1,0,2,0,0,5.195979098323149,1
1580440000,1580440000,5764000,47.3979711740181,8.54616359846853,0.8066002,5.848777,-2.805365,0.0,0.0,-0.2353796,-0.055331815,-5.1952286,0.05994821,0.027590286,-0.00081951654,-0.00039308443,4.1656196e-05,0.21464688,-0.13588336,0.008890404,0.0005582832,7.247874e-05,-1.6675277,1.6748626,3.1919684e-05,0.23533261,2.828217,4.8376055,-0.2353796,0.15232581,0.16576907,0.08954553,0.05515641,inf,inf,inf,inf,inf,1,1,1,1,4,2,4,1,1,1,1,1,0,2,0,0,5.1958690903342974,1
1580448000,1580448000,5764000,47.3979711740181,8.54616359846853,0.8036917,5.8090444,-2.805256,0.0,0.0,-0.2353796,-0.055286326,-5.1950064,0.0596542,0.027256822,-0.00081951654,-0.00039308443,4.1656196e-05,0.21051265,-0.13429403,0.0038910655,0.00012906844,7.235622e-05,-1.6679857,1.6748626,3.1798096e-05,0.23533261,2.8284621,4.8393354,-0.2353796,0.15100776,0.16488267,0.08850776,0.054878008,inf,inf,inf,inf,inf,1,1,1,1,4,2,4,1,1,1,1,1,0,2,0,0,5.195643049465693,1
1580456000,1580456000,5764000,47.3979711740181,8.54616359846853,0.8008318,5.76928,-2.8051405,0.0,0.0,-0.2353796,-0.055153176,-5.1948023,0.059383035,0.02695602,-0.00081951654,-0.00039308443,4.1656196e-05,0.21617302,-0.13223255,0.0055236737,-0.00028566452,7.240046e-05,-1.668432,1.6748626,3.184945e-05,0.23533261,2.8280425,4.8414445,-0.2353796,0.15142551,0.1651456,0.08880612,0.054954108,inf,inf,inf,inf,inf,1,1,1,1,4,2,4,1,1,1,1,1,0,2,0,0,5.195434452839723,1
1580464000,1580464000,5764000,47.3979711740181,8.54616359846853,0.7980201,5.729484,-2.805019,0.0,0.0,-0.2353796,-0.054991275,-5.1945996,0.0591462,0.026699034,-0.00081951654,-0.00039308443,4.1656196e-05,0.21460767,-0.12817763,0.008626374,-0.0006876672,7.244473e-05,-1.6688648,1.6748626,3.1900847e-05,0.23533261,2.8276224,4.843554,-0.2353796,0.151846,0.1654093,0.08910529,0.05503016,inf,inf,inf,inf,inf,1,1,1,1,4,2,4,1,1,1,1,1,0,2,0,0,5.19522735956962,1
1580472000,1580472000,5764000,47.3979711740181,8.54616359846853,0.7952559,5.689657,-2.804891,0.0,0.0,-0.2353796,-0.05478374,-5.194498,0.058923054,0.026464924,-0.00081951654,-0.00039308443,4.1656196e-05,0.21528699,-0.13675676,0.009182374,-0.0010843942,7.248905e-05,-1.6692917,1.6748626,3.195228e-05,0.23533261,2.8272018,4.845664,-0.2353796,0.15226926,0.16567375,0.089404784,0.05510607,inf,inf,inf,inf,inf,1,1,1,1,4,2,4,1,1,1,1,1,0,2,0,0,5.195121043485424,1
1580480000,1580480000,5764000,47.3979711740181,8.54616359846853,0.79238373,5.6499457,-2.804811,0.0,0.0,-0.2353796,-0.054698832,-5.1942115,0.05868745,0.026169414,-0.00081951654,-0.00039308443,4.1656196e-05,0.21244235,-0.12697081,0.01185201,-0.0014739995,7.237555e-05,-1.6697108,1.6748626,3.183024e-05,0.23533261,2.8284585,4.8474545,-0.2353796,0.15095407,0.16497068,0.08837355,0.05485057,inf,inf,inf,inf,inf,1,1,1,1,4,2,4,1,1,1,1,1,0,2,0,0,5.194831016091083,1
1580488000,1580488000,5764000,47.3979711740181,8.54616359846853,0.78956705,5.610201,-2.8047223,0.0,0.0,-0.2353796,-0.05458433,-5.1939073,0.058454186,0.025888035,-0.00081951654,-0.00039308443,4.1656196e-05,0.20915964,-0.12038272,0.010655261,-0.0018470128,7.2396586e-05,-1.6701161,1.6748626,3.1872303e-05,0.23533261,2.8280153,4.8495636,-0.2353796,0.15137069,0.16523364,0.088669494,0.05492656,inf,inf,inf,inf,inf,1,1,1,1,4,2,4,1,1,1,1,1,0,2,0,0,5.194523017750115,1
1580496000,1580496000,5764000,47.3979711740181,8.54616359846853,0.78679824,5.5704246,-2.8046274,0.0,0.0,-0.2353796,-0.054352287,-5.193708,0.058225583,0.025621505,-0.00081951654,-0.00039308443,4.1656196e-05,0.21880005,-0.12932472,0.010036862,-0.002218696,7.2441035e-05,-1.6705194,1.6748626,3.1923693e-05,0.23533261,2.827603,4.851673,-0.2353796,0.15179054,0.16549738,0.088969246,0.055002645,inf,inf,inf,inf,inf,1,1,1,1,4,2,4,1,1,1,1,1,0,2,0,0,5.1943187405935936,1
1580504000,1580504000,5764000,47.3979711740181,8.54616359846853,0.7840768,5.530617,-2.804532,0.0,0.0,-0.2353796,-0.05414629,-5.1934705,0.058008607,0.025369495,-0.00081951654,-0.00039308443,4.1656196e-05,0.21062528,-0.12033577,0.010493676,-0.0025702443,7.248551e-05,-1.6709019,1.6748626,3.1975032e-05,0.23533261,2.827404,4.8537226,-0.2353796,0.15221311,0.16557781,0.08926931,0.055056505,inf,inf,inf,inf,inf,1,1,1,1,4,2,4,1,1,1,1,1,0,2,0,0,5.194076689227557,1
1580512000,1580512000,5764000,47.3979711740181,8.54616359846853,0.78124535,5.4909167,-2.8044772,0.0,0.0,-0.2353796,-0.054077916,-5.193156,0.057802774,0.025087418,-0.00081951654,-0.00039308443,4.1656196e-05,0.20649262,-0.123260066,0.01550326,-0.002914038,7.238044e-05,-1.6712759,1.6748626,3.185254e-05,0.23533261,2.82847,4.855513,-0.2353796,0.15090072,0.16487636,0.088244386,0.0548023,inf,inf,inf,inf,inf,1,1,1,1,4,2,4,1,1,1,1,1,0,2,0,0,5.193759218717883,1
1580520000,1580520000,5764000,47.3979711740181,8.54616359846853,0.778462,5.451184,-2.8044143,0.0,0.0,-0.2353796,-0.05391472,-5.1928153,0.057546396,0.024766004,-0.00081951654,-0.00039308443,4.1656196e-05,0.21320502,-0.115689814,0.007942318,-0.0032491582,7.242501e-05,-1.671644,1.6748626,3.190388e-05,0.23533261,2.8280663,4.857622,-0.2353796,0.15131722,0.16513908,0.088543974,0.054878477,inf,inf,inf,inf,inf,1,1,1,1,4,2,4,1,1,1,1,1,0,2,0,0,5.193414014368521,1
1580528000,1580528000,5764000,47.3979711740181,8.54616359846853,0.77572614,5.41142,-2.8043442,0.0,0.0,-0.2353796,-0.053759333,-5.1925793,0.057315074,0.024480492,-0.00081951654,-0.00039308443,4.1656196e-05,0.2072199,-0.12448327,0.009867362,-0.0035698093,7.2469615e-05,-1.6719968,1.6748626,3.1955264e-05,0.23533261,2.8276622,4.8597317,-0.2353796,0.15173647,0.16540258,0.088844225,0.054954592,inf,inf,inf,inf,inf,1,1,1,1,4,2,4,1,1,1,1,1,0,2,0,0,5.193173872535053,1
1580536000,1580536000,5764000,47.3979711740181,8.54616359846853,0.7730372,5.3716245,-2.804267,0.0,0.0,-0.2353796,-0.0535238,-5.192387,0.057091396,0.024213115,-0.00081951654,-0.00039308443,4.1656196e-05,0.21235894,-0.12584825,0.009649432,-0.0038819017,7.251427e-05,-1.6723405,1.6748626,3.2006683e-05,0.23533261,2.8272576,4.8618417,-0.2353796,0.15215845,0.16566682,0.08914479,0.055030577,inf,inf,inf,inf,inf,1,1,1,1,4,2,4,1,1,1,1,1,0,2,0,0,5.192976697659318,1
1580544000,1580544000,5764000,47.3979711740181,8.54616359846853,0.7702406,5.3319483,-2.8042326,0.0,0.0,-0.2353796,-0.0533941,-5.192125,0.056840975,0.02387549,-0.00081951654,-0.00039308443,4.1656196e-05,0.21185477,-0.13135378,0.009989365,-0.004188862,7.2417046e-05,-1.6726784,1.6748626,3.1883596e-05,0.23533261,2.8284128,4.863632,-0.2353796,0.15084873,0.16496404,0.08812555,0.05477695,inf,inf,inf,inf,inf,1,1,1,1,4,2,4,1,1,1,1,1,0,2,0,0,5.192710644930908,1
1580552000,1580552000,5764000,47.3979711740181,8.54616359846853,0.7674919,5.2922387,-2.8041658,0.0,0.0,-0.2353796,-0.05326678,-5.1918545,0.056601796,0.023585377,-0.00081951654,-0.00039308443,4.1656196e-05,0.20646024,-0.12585784,0.009546055,-0.0044703665,7.246177e-05,-1.6729939,1.6748626,3.1934862e-05,0.23533261,2.827262,4.865681,-0.2353796,0.15126464,0.16504453,0.08842558,0.054831382,inf,inf,inf,inf,inf,1,1,1,1,4,2,4,1,1,1,1,1,0,2,0,0,5.192436255009034,1
1580560000,1580560000,5764000,47.3979711740181,8.54616359846853,0.76479733,5.2524953,-2.8040905,0.0,0.0,-0.2353796,-0.053141277,-5.191588,0.05646387,0.023408212,-0.00081951654,-0.00039308443,4.1656196e-05,0.1995298,-0.12210724,0.020771286,-0.004742054,7.248306e-05,-1.6732988,1.6748626,3.1976855e-05,0.23533261,2.8268297,4.86779,-0.2353796,0.15168276,0.16530775,0.088723145,0.05490734,inf,inf,inf,inf,inf,1,1,1,1,4,2,4,1,1,1,1,1,0,2,0,0,5.192166997090961,1
1580568000,1580568000,5764000,47.3979711740181,8.54616359846853,0.7621491,5.212721,-2.804008,0.0,0.0,-0.2353796,-0.05289471,-5.191387,0.056263555,0.023178702,-0.00081951654,-0.00039308443,4.1656196e-05,0.20987374,-0.12609571,0.0118198795,-0.00500704,7.252791e-05,-1.6735965,1.6748626,3.2028285e-05,0.23533261,2.82643,4.8698997,-0.2353796,0.15210414,0.16557175,0.08902437,0.054983377,inf,inf,inf,inf,inf,1,1,1,1,4,2,4,1,1,1,1,1,0,2,0,0,5.191961327064775,1
1580576000,1580576000,5764000,47.3979711740181,8.54616359846853,0.7593795,5.1730714,-2.8039575,0.0,0.0,-0.2353796,-0.052780695,-5.1910877,0.05607474,0.022927186,-0.00081951654,-0.00039308443,4.1656196e-05,0.20763676,-0.12887844,0.01666229,-0.0052581993,7.243801e-05,-1.6738796,1.6748626,3.1904696e-05,0.23533261,2.8272717,4.8716908,-0.2353796,0.15079708,0.16487056,0.08801101,0.054731056,inf,inf,inf,inf,inf,1,1,1,1,4,2,4,1,1,1,1,1,0,2,0,0,5.191658856986082,1
1580584000,1580584000,5764000,47.3979711740181,8.54616359846853,0.756658,5.133389,-2.8038998,0.0,0.0,-0.2353796,-0.05259039,-5.190759,0.05588628,0.022686902,-0.00081951654,-0.00039308443,4.1656196e-05,0.21213087,-0.120740086,0.015489756,-0.0055034165,7.24829e-05,-1.6741601,1.6748626,3.1956028e-05,0.23533261,2.82688,4.8738,-0.2353796,0.15121242,0.16513309,0.08831162,0.054807276,inf,inf,inf,inf,inf,1,1,1,1,4,2,4,1,1,1,1,1,0,2,0,0,5.19132622953842,1
1580592000,1580592000,5764000,47.3979711740181,8.54616359846853,0.75398386,5.093674,-2.803834,0.0,0.0,-0.2353796,-0.052372906,-5.1904955,0.055642568,0.022401888,-0.00081951654,-0.00039308443,4.1656196e-05,0.2106159,-0.124500446,0.0074007544,-0.0057342174,7.252785e-05,-1.6744254,1.6748626,3.200741e-05,0.23533261,2.8264875,4.8759093,-0.2353796,0.15163049,0.16539638,0.08861289,0.054883428,inf,inf,inf,inf,inf,1,1,1,1,4,2,4,1,1,1,1,1,0,2,0,0,5.191057941516042,1
1580600000,1580600000,5764000,47.3979711740181,8.54616359846853,0.7513566,5.053927,-2.8037658,0.0,0.0,-0.2353796,-0.0521215,-5.190256,0.05547037,0.022193756,-0.00081951654,-0.00039308443,4.1656196e-05,0.21007335,-0.12327663,0.01530908,-0.005953919,7.257286e-05,-1.6746788,1.6748626,3.2058764e-05,0.23533261,2.8262422,4.877958,-0.2353796,0.15205127,0.1654767,0.08891465,0.054937433,inf,inf,inf,inf,inf,1,1,1,1,4,2,4,1,1,1,1,1,0,2,0,0,5.190814093978533,1
1580608000,1580608000,5764000,47.3979711740181,8.54616359846853,0.74861676,5.01429,-2.8037362,0.0,0.0,-0.2353796,-0.0520444,-5.189916,0.05527099,0.02191884,-0.00081951654,-0.00039308443,4.1656196e-05,0.20209834,-0.12377259,0.015417113,-0.006167139,7.248982e-05,-1.674925,1.6748626,3.193457e-05,0.23533261,2.8272882,4.87975,-0.2353796,0.15074675,0.1647771,0.087906495,0.05468628,inf,inf,inf,inf,inf,1,1,1,1,4,2,4,1,1,1,1,1,0,2,0,0,5.190471229952339,1
1580616000,1580616000,5764000,47.3979711740181,8.54616359846853,0.74592423,4.9746194,-2.8036985,0.0,0.0,-0.2353796,-0.051886626,-5.1896343,0.055040628,0.021624334,-0.00081951654,-0.00039308443,4.1656196e-05,0.20715776,-0.12658064,0.010324641,-0.0063742367,7.253492e-05,-1.675168,1.6748626,3.1985917e-05,0.23533261,2.826904,4.881858,-0.2353796,0.15116155,0.16503938,0.08820784,0.054762557,inf,inf,inf,inf,inf,1,1,1,1,4,2,4,1,1,1,1,1,0,2,0,0,5.190185532370185,1
1580624000,1580624000,5764000,47.3979711740181,8.54616359846853,0.7432789,4.9349165,-2.8036532,0.0,0.0,-0.2353796,-0.05166839,-5.1893487,0.05476761,0.021298187,-0.00081951654,-0.00039308443,4.1656196e-05,0.20982036,-0.12163433,0.0038072465,-0.006570371,7.258004e-05,-1.6753993,1.6748626,3.20373e-05,0.23533261,2.8265195,4.883967,-0.2353796,0.15157907,0.16530243,0.08850968,0.054838765,inf,inf,inf,inf,inf,1,1,1,1,4,2,4,1,1,1,1,1,0,2,0,0,5.189894897184527,1
1580632000,1580632000,5764000,47.3979711740181,8.54616359846853,0.74068725,4.8951797,-2.8035994,0.0,0.0,-0.2353796,-0.051442157,-5.189129,0.054553956,0.021043358,-0.00081951654,-0.00039308443,4.1656196e-05,0.20430785,-0.12567332,0.009843613,-0.0067523434,7.2601564e-05,-1.6756155,1.6748626,3.207923e-05,0.23533261,2.8260994,4.8860765,-0.2353796,0.15199879,0.1655662,0.08880875,0.05491469,inf,inf,inf,inf,inf,1,1,1,1,4,2,4,1,1,1,1,1,0,2,0,0,5.189670722528845,1
1580640000,1580640000,5764000,47.3979711740181,8.54616359846853,0.7381413,4.855411,-2.8035378,0.0,0.0,-0.2353796,-0.05115146,-5.188943,0.05439526,0.020853756,-0.00081951654,-0.00039308443,4.1656196e-05,0.20776047,-0.12572409,0.0155991865,-0.0069236155,7.264679e-05,-1.6758205,1.6748626,3.2130694e-05,0.23533261,2.825713,4.8881865,-0.2353796,0.15242174,0.16583076,0.08911146,0.054990657,inf,inf,inf,inf,inf,1,1,1,1,4,2,4,1,1,1,1,1,0,2,0,0,5.189480202623342,1
1580648000,1580648000,5764000,47.3979711740181,8.54616359846853,0.73547995,4.8157706,-2.803535,0.0,0.0,-0.2353796,-0.050989714,-5.1887026,0.054152552,0.020520177,-0.00081951654,-0.00039308443,4.1656196e-05,0.2057834,-0.13371347,0.00930298,-0.0070867054,7.25699e-05,-1.6760163,1.6748626,3.2003263e-05,0.23533261,2.8273826,4.889916,-0.2353796,0.1511034,0.16494334,0.088094495,0.05471655,inf,inf,inf,inf,inf,1,1,1,1,4,2,4,1,1,1,1,1,0,2,0,0,5.1892356971974865,1
1580656000,1580656000,5764000,47.3979711740181,8.54616359846853,0.7328653,4.7760963,-2.8035235,0.0,0.0,-0.2353796,-0.05078536,-5.188441,0.053883772,0.020172542,-0.00081951654,-0.00039308443,4.1656196e-05,0.20625043,-0.12657224,0.0048419456,-0.0072394377,7.26152e-05,-1.6762052,1.6748626,3.205463e-05,0.23533261,2.8270054,4.8920245,-0.2353796,0.15152028,0.16520612,0.08839676,0.054792754,inf,inf,inf,inf,inf,1,1,1,1,4,2,4,1,1,1,1,1,0,2,0,0,5.188969321951737,1
1580664000,1580664000,5764000,47.3979711740181,8.54616359846853,0.7302969,4.7363896,-2.8035035,0.0,0.0,-0.2353796,-0.050553087,-5.1881423,0.05366986,0.019891407,-0.00081951654,-0.00039308443,4.1656196e-05,0.20500687,-0.1176526,0.010532326,-0.0073859314,7.266054e-05,-1.676387,1.6748626,3.210605e-05,0.23533261,2.8266273,4.8941336,-0.2353796,0.15193988,0.16546966,0.08869937,0.054868862,inf,inf,inf,inf,inf,1,1,1,1,4,2,4,1,1,1,1,1,0,2,0,0,5.188666167092168,1
1580672000,1580672000,5764000,47.3979711740181,8.54616359846853,0.72777396,4.6966505,-2.8034759,0.0,0.0,-0.2353796,-0.050325572,-5.1878834,0.05345855,0.019624133,-0.00081951654,-0.00039308443,4.1656196e-05,0.19980322,-0.118366376,0.009722541,-0.0075207786,7.2705916e-05,-1.6765563,1.6748626,3.21575e-05,0.23533261,2.8262484,4.8962436,-0.2353796,0.1523622,0.16573396,0.08900271,0.054944884,inf,inf,inf,inf,inf,1,1,1,1,4,2,4,1,1,1,1,1,0,2,0,0,5.188402899906751,1
1580680000,1580680000,5764000,47.3979711740181,8.54616359846853,0.7251361,4.6570287,-2.803483,0.0,0.0,-0.2353796,-0.05019778,-5.1875753,0.053188622,0.019262383,-0.00081951654,-0.00039308443,4.1656196e-05,0.20110075,-0.12572348,0.005860347,-0.0076378672,7.2635004e-05,-1.6767071,1.6748626,3.2029588e-05,0.23533261,2.8272197,4.898033,-0.2353796,0.15104675,0.1650301,0.087990925,0.05469363,inf,inf,inf,inf,inf,1,1,1,1,4,2,4,1,1,1,1,1,0,2,0,0,5.188090818383703,1
1580688000,1580688000,5764000,47.3979711740181,8.54616359846853,0.72254515,4.6173735,-2.8034816,0.0,0.0,-0.2353796,-0.049944825,-5.1872644,0.05296272,0.018956797,-0.00081951654,-0.00039308443,4.1656196e-05,0.21189243,-0.1209187,0.010162125,-0.0077492506,7.268046e-05,-1.6768552,1.6748626,3.208094e-05,0.23533261,2.8268487,4.9001417,-0.2353796,0.151463,0.16529293,0.088293746,0.054769877,inf,inf,inf,inf,inf,1,1,1,1,4,2,4,1,1,1,1,1,0,2,0,0,5.18777519662923,1
1580696000,1580696000,5764000,47.3979711740181,8.54616359846853,0.7200006,4.577685,-2.8034725,0.0,0.0,-0.2353796,-0.049666673,-5.186986,0.05268596,0.018612105,-0.00081951654,-0.00039308443,4.1656196e-05,0.2103136,-0.12061395,0.002637971,-0.007859813,7.272597e-05,-1.6770016,1.6748626,3.2132346e-05,0.23533261,2.826477,4.902251,-0.2353796,0.15188198,0.1655565,0.088597044,0.05484604,inf,inf,inf,inf,inf,1,1,1,1,4,2,4,1,1,1,1,1,0,2,0,0,5.1874913352201375,1
1580704000,1580704000,5764000,47.3979711740181,8.54616359846853,0.7175089,4.5379624,-2.8034687,0.0,0.0,-0.2353796,-0.0494331,-5.1867747,0.052476805,0.018332185,-0.00081951654,-0.00039308443,4.1656196e-05,0.19841659,-0.12482067,0.010110437,-0.00795303,7.274775e-05,-1.6771299,1.6748626,3.2174168e-05,0.23533261,2.8265448,4.9042993,-0.2353796,0.15230313,0.16563657,0.08889747,0.054899793,inf,inf,inf,inf,inf,1,1,1,1,4,2,4,1,1,1,1,1,0,2,0,0,5.187275704548458,1
1580712000,1580712000,5764000,47.3979711740181,8.54616359846853,0.7148917,4.4983535,-2.8034978,0.0,0.0,-0.2353796,-0.04928753,-5.1864176,0.05230008,0.018051859,-0.00081951654,-0.00039308443,4.1656196e-05,0.20241259,-0.1194564,0.017095821,-0.008038049,7.268238e-05,-1.6772492,1.6748626,3.2045795e-05,0.23533261,2.82746,4.90609,-0.2353796,0.1509905,0.16493437,0.087890424,0.0546497,inf,inf,inf,inf,inf,1,1,1,1,4,2,4,1,1,1,1,1,0,2,0,0,5.186915468809114,1
1580720000,1580720000,5764000,47.3979711740181,8.54616359846853,0.71232116,4.4587107,-2.8035173,0.0,0.0,-0.2353796,-0.049058035,-5.1861053,0.052102175,0.017763006,-0.00081951654,-0.00039308443,4.1656196e-05,0.2080621,-0.12066697,0.013257842,-0.008114428,7.272804e-05,-1.6773628,1.6748626,3.209716e-05,0.23533261,2.827094,4.908198,-0.2353796,0.15140617,0.16519694,0.088193655,0.054725986,inf,inf,inf,inf,inf,1,1,1,1,4,2,4,1,1,1,1,1,0,2,0,0,5.186599031169258,1
1580728000,1580728000,5764000,47.3979711740181,8.54616359846853,0.70979685,4.4190345,-2.8035278,0.0,0.0,-0.2353796,-0.048850294,-5.1858153,0.051819477,0.0174016,-0.00081951654,-0.00039308443,4.1656196e-05,0.20062552,-0.119076625,0.0015022232,-0.008186022,7.277371e-05,-1.6774707,1.6748626,3.214855e-05,0.23533261,2.8267274,4.910307,-0.2353796,0.15182455,0.16546026,0.08849725,0.05480218,inf,inf,inf,inf,inf,1,1,1,1,4,2,4,1,1,1,1,1,0,2,0,0,5.186304265576262,1
1580736000,1580736000,5764000,47.3979711740181,8.54616359846853,0.70731765,4.3793254,-2.8035302,0.0,0.0,-0.2353796,-0.048606526,-5.1855903,0.05157807,0.017093338,-0.00081951654,-0.00039308443,4.1656196e-05,0.20053571,-0.12296103,0.005539506,-0.008248084,7.281945e-05,-1.6775683,1.6748626,3.219999e-05,0.23533261,2.8263595,4.912416,-0.2353796,0.15224564,0.16572434,0.08880142,0.054878283,inf,inf,inf,inf,inf,1,1,1,1,4,2,4,1,1,1,1,1,0,2,0,0,5.186074589815385,1
1580744000,1580744000,5764000,47.3979711740181,8.54616359846853,0.70472485,4.3397217,-2.8035655,0.0,0.0,-0.2353796,-0.048427798,-5.1852646,0.051356014,0.01677128,-0.00081951654,-0.00039308443,4.1656196e-05,0.20571803,-0.122492835,0.0105509525,-0.008302688,7.275925e-05,-1.6776576,1.6748626,3.2071042e-05,0.23533261,2.8272963,4.9142056,-0.2353796,0.15093571,0.16502084,0.087799445,0.054628745,inf,inf,inf,inf,inf,1,1,1,1,4,2,4,1,1,1,1,1,0,2,0,0,5.185745044234845,1
1580752000,1580752000,5764000,47.3979711740181,8.54616359846853,0.7021788,4.300083,-2.8035784,0.0,0.0,-0.2353796,-0.048228625,-5.1849475,0.051134795,0.01647651,-0.00081951654,-0.00039308443,4.1656196e-05,0.20344132,-0.11912154,0.009151175,-0.008348176,7.2805036e-05,-1.6777403,1.6748626,3.212232e-05,0.23533261,2.8265104,4.916254,-0.2353796,0.15135078,0.16510098,0.088103056,0.054683246,inf,inf,inf,inf,inf,1,1,1,1,4,2,4,1,1,1,1,1,0,2,0,0,5.185423931105858,1
1580760000,1580760000,5764000,47.3979711740181,8.54616359846853,0.6996786,4.2604117,-2.8035822,0.0,0.0,-0.2353796,-0.047990277,-5.184681,0.05087914,0.016159043,-0.00081951654,-0.00039308443,4.1656196e-05,0.20363803,-0.12110414,0.0037234274,-0.0083734915,7.2850904e-05,-1.6778021,1.6748626,3.2173724e-05,0.23533261,2.8261468,4.9183626,-0.2353796,0.1517686,0.16536404,0.08840712,0.054759465,inf,inf,inf,inf,inf,1,1,1,1,4,2,4,1,1,1,1,1,0,2,0,0,5.185152729219717,1
1580768000,1580768000,5764000,47.3979711740181,8.54616359846853,0.697231,4.220706,-2.803577,0.0,0.0,-0.2353796,-0.04768983,-5.184469,0.050710715,0.015941484,-0.00081951654,-0.00039308443,4.1656196e-05,0.20511328,-0.12374104,0.013319309,-0.008393787,7.2872936e-05,-1.6778579,1.6748626,3.2215583e-05,0.23533261,2.8257463,4.9204717,-0.2353796,0.15218857,0.16562784,0.08870856,0.05483547,inf,inf,inf,inf,inf,1,1,1,1,4,2,4,1,1,1,1,1,0,2,0,0,5.184936326365276,1
1580776000,1580776000,5764000,47.3979711740181,8.54616359846853,0.6946681,4.1810884,-2.8036137,0.0,0.0,-0.2353796,-0.047458854,-5.1841526,0.05046184,0.015600099,-0.00081951654,-0.00039308443,4.1656196e-05,0.21000579,-0.12141803,0.00639772,-0.00841268,7.281749e-05,-1.6779114,1.6748626,3.208613e-05,0.23533261,2.8269773,4.922262,-0.2353796,0.1508813,0.16492598,0.087711155,0.05458705,inf,inf,inf,inf,inf,1,1,1,1,4,2,4,1,1,1,1,1,0,2,0,0,5.184615407164348,1
1580784000,1580784000,5764000,47.3979711740181,8.54616359846853,0.692152,4.141437,-2.8036423,0.0,0.0,-0.2353796,-0.047217432,-5.183832,0.050231725,0.015289932,-0.00081951654,-0.00039308443,4.1656196e-05,0.20653418,-0.11658933,0.0075986604,-0.00842245,7.2863484e-05,-1.6779584,1.6748626,3.2137486e-05,0.23533261,2.8266199,4.9243703,-0.2353796,0.15129584,0.16518833,0.08801534,0.05466339,inf,inf,inf,inf,inf,1,1,1,1,4,2,4,1,1,1,1,1,0,2,0,0,5.184290396602523,1
1580792000,1580792000,5764000,47.3979711740181,8.54616359846853,0.6896819,4.1017523,-2.8036609,0.0,0.0,-0.2353796,-0.046960287,-5.183567,0.050038617,0.015028819,-0.00081951654,-0.00039308443,4.1656196e-05,0.20384653,-0.11920902,0.011113471,-0.00842369,7.2909526e-05,-1.6779958,1.6748626,3.2188887e-05,0.23533261,2.8262618,4.9264793,-0.2353796,0.15171309,0.16545144,0.08831993,0.05473965,inf,inf,inf,inf,inf,1,1,1,1,4,2,4,1,1,1,1,1,0,2,0,0,5.184021216703824,1
1580800000,1580800000,5764000,47.3979711740181,8.54616359846853,0.6872568,4.0620346,-2.8036604,0.0,0.0,-0.2353796,-0.04670724,-5.1833353,0.049885914,0.0148307625,-0.00081951654,-0.00039308443,4.1656196e-05,0.19879471,-0.119232476,0.014815013,-0.0084121125,7.295558e-05,-1.6780196,1.6748626,3.224024e-05,0.23533261,2.8255658,4.9285274,-0.2353796,0.15213303,0.16553138,0.08862502,0.05479375,inf,inf,inf,inf,inf,1,1,1,1,4,2,4,1,1,1,1,1,0,2,0,0,5.183785779033517,1
1580808000,1580808000,5764000,47.3979711740181,8.54616359846853,0.68472165,4.022418,-2.8037047,0.0,0.0,-0.2353796,-0.04647339,-5.183054,0.04966626,0.01451933,-0.00081951654,-0.00039308443,4.1656196e-05,0.2093515,-0.12505749,0.009700655,-0.008395597,7.290458e-05,-1.6780378,1.6748626,3.2110172e-05,0.23533261,2.8268933,4.9303184,-0.2353796,0.1508283,0.16483115,0.0876317,0.054546434,inf,inf,inf,inf,inf,1,1,1,1,4,2,4,1,1,1,1,1,0,2,0,0,5.183500292300222,1
1580816000,1580816000,5764000,47.3979711740181,8.54616359846853,0.6822331,3.9827673,-2.80374,0.0,0.0,-0.2353796,-0.04622672,-5.18273,0.049471032,0.014244838,-0.00081951654,-0.00039308443,4.1656196e-05,0.20620091,-0.115366295,0.0116191795,-0.008361887,7.295075e-05,-1.6780412,1.6748626,3.2161533e-05,0.23533261,2.8265414,4.932427,-0.2353796,0.15124233,0.16509324,0.08793639,0.054622807,inf,inf,inf,inf,inf,1,1,1,1,4,2,4,1,1,1,1,1,0,2,0,0,5.183172247335516,1
1580824000,1580824000,5764000,47.3979711740181,8.54616359846853,0.67979026,3.9430835,-2.8037658,0.0,0.0,-0.2353796,-0.045973267,-5.182448,0.049327858,0.014034511,-0.00081951654,-0.00039308443,4.1656196e-05,0.20241916,-0.11631211,0.017023178,-0.008324774,7.2996976e-05,-1.6780404,1.6748626,3.2212938e-05,0.23533261,2.8261888,4.9345355,-0.2353796,0.15165906,0.1653561,0.08824151,0.05469907,inf,inf,inf,inf,inf,1,1,1,1,4,2,4,1,1,1,1,1,0,2,0,0,5.182886652393386,1
1580832000,1580832000,5764000,47.3979711740181,8.54616359846853,0.6773923,3.903367,-2.803782,0.0,0.0,-0.2353796,-0.045708127,-5.1822076,0.049153112,0.013804329,-0.00081951654,-0.00039308443,4.1656196e-05,0.19937034,-0.117408626,0.012005678,-0.008280125,7.3043244e-05,-1.6780311,1.6748626,3.226439e-05,0.23533261,2.8258357,4.9366446,-0.2353796,0.15207848,0.16561972,0.0885472,0.05477526,inf,inf,inf,inf,inf,1,1,1,1,4,2,4,1,1,1,1,1,0,2,0,0,5.1826422672986885,1
1580840000,1580840000,5764000,47.3979711740181,8.54616359846853,0.67488533,3.8637393,-2.8038244,0.0,0.0,-0.2353796,-0.04559736,-5.181885,0.048974566,0.013544139,-0.00081951654,-0.00039308443,4.1656196e-05,0.19196841,-0.11748177,0.013702082,-0.008228039,7.297227e-05,-1.6780134,1.6748626,3.2124124e-05,0.23533261,2.8265777,4.938434,-0.2353796,0.15077575,0.16491817,0.08755454,0.054528244,inf,inf,inf,inf,inf,1,1,1,1,4,2,4,1,1,1,1,1,0,2,0,0,5.182317028181397,1
1580848000,1580848000,5764000,47.3979711740181,8.54616359846853,0.67242414,3.824078,-2.8038473,0.0,0.0,-0.2353796,-0.045381583,-5.1815324,0.048750456,0.013261152,-0.00081951654,-0.00039308443,4.1656196e-05,0.20037696,-0.109479934,0.0066468487,-0.0081675295,7.301858e-05,-1.6779898,1.6748626,3.217539e-05,0.23533261,2.8259077,4.9404826,-0.2353796,0.15118924,0.16499819,0.08785982,0.054582924,inf,inf,inf,inf,inf,1,1,1,1,4,2,4,1,1,1,1,1,0,2,0,0,5.181960450185389,1
1580856000,1580856000,5764000,47.3979711740181,8.54616359846853,0.67000836,3.784384,-2.8038611,0.0,0.0,-0.2353796,-0.045125056,-5.1812177,0.048590098,0.0130534,-0.00081951654,-0.00039308443,4.1656196e-05,0.20088229,-0.10996387,0.013551208,-0.008107409,7.3064955e-05,-1.6779658,1.6748626,3.2226788e-05,0.23533261,2.8255591,4.942591,-0.2353796,0.15160544,0.16526079,0.08816536,0.054659244,inf,inf,inf,inf,inf,1,1,1,1,4,2,4,1,1,1,1,1,0,2,0,0,5.181642029617247,1
1580864000,1580864000,5764000,47.3979711740181,8.54616359846853,0.66763735,3.744658,-2.8038664,0.0,0.0,-0.2353796,-0.04483421,-5.180959,0.04839107,0.012818091,-0.00081951654,-0.00039308443,4.1656196e-05,0.20070136,-0.11296104,0.0076838764,-0.008038818,7.311138e-05,-1.6779323,1.6748626,3.2278225e-05,0.23533261,2.8252096,4.9447,-0.2353796,0.15202436,0.16552415,0.088471286,0.054735474,inf,inf,inf,inf,inf,1,1,1,1,4,2,4,1,1,1,1,1,0,2,0,0,5.181378963338145,1
1580872000,1580872000,5764000,47.3979711740181,8.54616359846853,0.6651461,3.7050261,-2.8039079,0.0,0.0,-0.2353796,-0.044674464,-5.1805882,0.048196547,0.012550109,-0.00081951654,-0.00039308443,4.1656196e-05,0.19812958,-0.109782614,0.0109826205,-0.007971132,7.306826e-05,-1.6778988,1.6748626,3.2146974e-05,0.23533261,2.8262663,4.9464903,-0.2353796,0.15072455,0.16482422,0.08748554,0.054489642,inf,inf,inf,inf,inf,1,1,1,1,4,2,4,1,1,1,1,1,0,2,0,0,5.181005000273176,1
1580880000,1580880000,5764000,47.3979711740181,8.54616359846853,0.662701,3.6653614,-2.8039403,0.0,0.0,-0.2353796,-0.04444482,-5.1802588,0.048015643,0.012307778,-0.00081951654,-0.00039308443,4.1656196e-05,0.20215063,-0.11068591,0.01160195,-0.007886604,7.311478e-05,-1.6778508,1.6748626,3.2198335e-05,0.23533261,2.825923,4.948599,-0.2353796,0.15113756,0.16508612,0.08779129,0.05456607,inf,inf,inf,inf,inf,1,1,1,1,4,2,4,1,1,1,1,1,0,2,0,0,5.180671971759549,1
1580888000,1580888000,5764000,47.3979711740181,8.54616359846853,0.6603012,3.6256633,-2.8039632,0.0,0.0,-0.2353796,-0.044233598,-5.180061,0.047863968,0.012106315,-0.00081951654,-0.00039308443,4.1656196e-05,0.19525287,-0.12292194,0.0142036,-0.0078058764,7.316135e-05,-1.6778058,1.6748626,3.2249736e-05,0.23533261,2.8255794,4.9507074,-0.2353796,0.15155327,0.16534878,0.088097416,0.054642413,inf,inf,inf,inf,inf,1,1,1,1,4,2,4,1,1,1,1,1,0,2,0,0,5.180470976112668,1
1580896000,1580896000,5764000,47.3979711740181,8.54616359846853,0.6579458,3.5859323,-2.803977,0.0,0.0,-0.2353796,-0.043985367,-5.17987,0.047722686,0.011926509,-0.00081951654,-0.00039308443,4.1656196e-05,0.19540416,-0.1197812,0.014481134,-0.007721015,7.320797e-05,-1.6777556,1.6748626,3.2301185e-05,0.23533261,2.8252351,4.952816,-0.2353796,0.15197171,0.16561219,0.08840397,0.05471868,inf,inf,inf,inf,inf,1,1,1,1,4,2,4,1,1,1,1,1,0,2,0,0,5.180276574099995,1
1580904000,1580904000,5764000,47.3979711740181,8.54616359846853,0.65563434,3.546169,-2.8040009,0.0,0.0,-0.2353796,-0.04367874,-5.1796894,0.047477767,0.011635101,-0.00081951654,-0.00039308443,4.1656196e-05,0.19835837,-0.11722906,0.0009955837,-0.007624956,7.325462e-05,-1.6776934,1.6748626,3.2352604e-05,0.23533261,2.8254683,4.9548645,-0.2353796,0.15239283,0.1656919,0.08871094,0.05477266,inf,inf,inf,inf,inf,1,1,1,1,4,2,4,1,1,1,1,1,0,2,0,0,5.180091143132488,1
1580912000,1580912000,5764000,47.3979711740181,8.54616359846853,0.65321314,3.5065017,-2.8040633,0.0,0.0,-0.2353796,-0.043432426,-5.179393,0.04724204,0.0113138985,-0.00081951654,-0.00039308443,4.1656196e-05,0.20234963,-0.11319355,0.004985835,-0.0075222147,7.319035e-05,-1.6776236,1.6748626,3.2208365e-05,0.23533261,2.8265998,4.956654,-0.2353796,0.1510787,0.16498904,0.087711744,0.054525964,inf,inf,inf,inf,inf,1,1,1,1,4,2,4,1,1,1,1,1,0,2,0,0,5.179790539628085,1
1580920000,1580920000,5764000,47.3979711740181,8.54616359846853,0.6508375,3.466801,-2.8041158,0.0,0.0,-0.2353796,-0.04319033,-5.1791964,0.047087327,0.01108625,-0.00081951654,-0.00039308443,4.1656196e-05,0.19726738,-0.12160415,0.01405226,-0.0074193557,7.323709e-05,-1.6775562,1.6748626,3.225976e-05,0.23533261,2.8262627,4.9587626,-0.2353796,0.15149385,0.16525143,0.08801816,0.05460237,inf,inf,inf,inf,inf,1,1,1,1,4,2,4,1,1,1,1,1,0,2,0,0,5.17959052153184,1
1580928000,1580928000,5764000,47.3979711740181,8.54616359846853,0.64850694,3.4270658,-2.8041902,0.0,0.0,-0.2353796,-0.042714193,-5.179411,0.03666668,0.0006048109,-0.00081951654,-0.00039308443,4.1656196e-05,0.22208539,-0.1689898,-1.2702178,-0.0073155295,7.328388e-05,-1.6774868,1.6748626,3.23112e-05,0.23533261,2.8259249,4.9608717,-0.2353796,0.15191169,0.16551457,0.08832524,0.054678693,inf,inf,inf,inf,inf,1,1,1,1,4,2,4,1,1,1,1,1,0,2,0,0,5.179716908734189,1
1580936000,1580936000,5764000,47.3979711740181,8.54616359846853,0.6462239,3.3872921,-2.8043995,0.0,0.0,-0.2353796,-0.04176623,-5.180297,0.011721923,-0.024388997,-0.00081951654,-0.00039308443,4.1656196e-05,0.2767427,-0.24895784,-3.0867321,-0.007205494,7.333072e-05,-1.6774104,1.6748626,3.236269e-05,0.23533261,2.8255866,4.9629807,-0.2353796,0.15233226,0.16577847,0.08863275,0.05475491,inf,inf,inf,inf,inf,1,1,1,1,4,2,4,1,1,1,1,1,0,2,0,0,5.180478629398662,1
1580944000,1580944000,5764000,47.3979711740181,8.54616359846853,0.64381796,3.3475857,-2.8048687,0.0,0.0,-0.2353796,-0.04081823,-5.1814322,-0.019595021,-0.05578813,-0.00081951654,-0.00039308443,4.1656196e-05,0.29110476,-0.28783247,-3.8808405,-0.007086792,7.329392e-05,-1.6773242,1.6748626,3.2227606e-05,0.23533261,2.8265562,4.96477,-0.2353796,0.15102136,0.16507438,0.087640606,0.05450875,inf,inf,inf,inf,inf,1,1,1,1,4,2,4,1,1,1,1,1,0,2,0,0,5.1816300269263875,1
1580952000,1580952000,5764000,47.3979711740181,8.54616359846853,0.6414635,3.307835,-2.805626,0.0,0.0,-0.2353796,-0.039821196,-5.182695,-0.052277733,-0.088582985,-0.00081951654,-0.00039308443,4.1656196e-05,0.29267135,-0.29982767,-4.0515633,-0.006956129,7.334085e-05,-1.6772281,1.6748626,3.2278946e-05,0.23533261,2.8275259,4.9668183,-0.2353796,0.15143594,0.16515417,0.087947294,0.054563314,inf,inf,inf,inf,inf,1,1,1,1,4,2,4,1,1,1,1,1,0,2,0,0,5.183111628360273,1
1580960000,1580960000,5764000,47.3979711740181,8.54616359846853,0.63916016,3.268041,-2.806632,0.0,0.0,-0.2353796,-0.038757462,-5.1836486,-0.084809996,-0.1212138,-0.00081951654,-0.00039308443,4.1656196e-05,0.29653826,-0.2572898,-4.033798,-0.006824835,7.338785e-05,-1.6771306,1.6748626,3.2330405e-05,0.23533261,2.8271942,4.968927,-0.2353796,0.15185325,0.16541706,0.08825471,0.05463969,inf,inf,inf,inf,inf,1,1,1,1,4,2,4,1,1,1,1,1,0,2,0,0,5.184487215199219,1
1580968000,1580968000,5764000,47.3979711740181,8.54616359846853,0.6369074,3.2282076,-2.8078852,0.0,0.0,-0.2353796,-0.037672076,-5.184084,-0.117151976,-0.15364116,-0.00081951654,-0.00039308443,4.1656196e-05,0.2948916,-0.18870224,-4.0110245,-0.0066887136,7.343488e-05,-1.6770277,1.6748626,3.2381904e-05,0.23533261,2.8268619,4.9710364,-0.2353796,0.15227327,0.16568069,0.088562556,0.05471595,inf,inf,inf,inf,inf,1,1,1,1,4,2,4,1,1,1,1,1,0,2,0,0,5.185544396671083,1
1580976000,1580976000,5764000,47.3979711740181,8.54616359846853,0.6345328,3.188442,-2.8094316,0.0,0.0,-0.2353796,-0.03660716,-5.1835227,-0.15016645,-0.18677506,-0.00081951654,-0.00039308443,4.1656196e-05,0.3065512,-0.07109751,-4.092485,-0.0065485574,7.340103e-05,-1.67692,1.6748626,3.2246262e-05,0.23533261,2.827903,4.9728265,-0.2353796,0.150965,0.16497827,0.08757389,0.054470815,inf,inf,inf,inf,inf,1,1,1,1,4,2,4,1,1,1,1,1,0,2,0,0,5.185826609932516,1
1580984000,1580984000,5764000,47.3979711740181,8.54616359846853,0.632218,3.1486497,-2.8112311,0.0,0.0,-0.2353796,-0.03551196,-5.181803,-0.18377869,-0.22049144,-0.00081951654,-0.00039308443,4.1656196e-05,0.30405042,0.077615954,-4.1684585,-0.006397526,7.342364e-05,-1.6768037,1.6748626,3.228797e-05,0.23533261,2.8275392,4.9749346,-0.2353796,0.15137856,0.16524042,0.08787776,0.05454713,inf,inf,inf,inf,inf,1,1,1,1,4,2,4,1,1,1,1,1,0,2,0,0,5.185182546160758,1
1580992000,1580992000,5764000,47.3979711740181,8.54616359846853,0.6299548,3.1088433,-2.8132868,0.0,0.0,-0.2353796,-0.034448717,-5.178575,-0.21707949,-0.25388294,-0.00081951654,-0.00039308443,4.1656196e-05,0.29559782,0.2699669,-4.13055,-0.006244369,7.347078e-05,-1.6766849,1.6748626,3.2339412e-05,0.23533261,2.827211,4.977044,-0.2353796,0.15179534,0.16550335,0.08818534,0.054623462,inf,inf,inf,inf,inf,1,1,1,1,4,2,4,1,1,1,1,1,0,2,0,0,5.1832373329519275,1
1581000000,1581000000,5764000,47.3979711740181,8.54616359846853,0.6277423,3.069036,-2.8155942,0.0,0.0,-0.2353796,-0.033366118,-5.1736507,-0.24927348,-0.28615582,-0.00081951654,-0.00039308443,4.1656196e-05,0.2936763,0.4856633,-3.993165,-0.0060852976,7.351798e-05,-1.6765598,1.6748626,3.239084e-05,0.23533261,2.8269181,4.9790926,-0.2353796,0.1522148,0.16558295,0.08849358,0.054677606,inf,inf,inf,inf,inf,1,1,1,1,4,2,4,1,1,1,1,1,0,2,0,0,5.179759852664232,1
1581008000,1581008000,5764000,47.3979711740181,8.54616359846853,0.6254207,3.029338,-2.8182569,0.0,0.0,-0.2353796,-0.03247418,-5.1667905,-0.279734,-0.3168049,-0.00081951654,-0.00039308443,4.1656196e-05,0.28225243,0.7214759,-3.769372,-0.005927624,7.348684e-05,-1.6764357,1.6748626,3.2254728e-05,0.23533261,2.8302145,4.980883,-0.2353796,0.15090911,0.16488217,0.08750849,0.054433472,inf,inf,inf,inf,inf,1,1,1,1,4,2,4,1,1,1,1,1,0,2,0,0,5.174459368283118,1
1581016000,1581016000,5764000,47.3979711740181,8.54616359846853,0.62315035,2.989668,-2.8211403,0.0,0.0,-0.2353796,-0.031522866,-5.158064,-0.3079973,-0.3452403,-0.00081951654,-0.00039308443,4.1656196e-05,0.28511807,0.95847946,-3.49589,-0.0057607656,7.35341e-05,-1.6763049,1.6748626,3.2306125e-05,0.23533261,2.8299003,4.982992,-0.2353796,0.15132268,0.1651441,0.08781623,0.054509956,inf,inf,inf,inf,inf,1,1,1,1,4,2,4,1,1,1,1,1,0,2,0,0,5.167347506795353,1
1581024000,1581024000,5764000,47.3979711740181,8.54616359846853,0.6209304,2.9500418,-2.824226,0.0,0.0,-0.2353796,-0.030630432,-5.147468,-0.33373928,-0.37113845,-0.00081951654,-0.00039308443,4.1656196e-05,0.27332133,1.1957523,-3.1818614,-0.0055858367,7.3581396e-05,-1.6761657,1.6748626,3.235756e-05,0.23533261,2.8295856,4.985101,-0.2353796,0.15173896,0.16540676,0.088124365,0.05458634,inf,inf,inf,inf,inf,1,1,1,1,4,2,4,1,1,1,1,1,0,2,0,0,5.158366693189175,1
1581032000,1581032000,5764000,47.3979711740181,8.54616359846853,0.61875945,2.9104748,-2.8274937,0.0,0.0,-0.2353796,-0.029775014,-5.1350183,-0.35695192,-0.39449182,-0.00081951654,-0.00039308443,4.1656196e-05,0.26437238,1.4311379,-2.8667984,-0.0053948504,7.362876e-05,-1.67601,1.6748626,3.2409058e-05,0.23533261,2.8292701,4.9872108,-0.2353796,0.15215793,0.16567019,0.08843299,0.054662645,inf,inf,inf,inf,inf,1,1,1,1,4,2,4,1,1,1,1,1,0,2,0,0,5.147495912187329,1
1581040000,1581040000,5764000,47.3979711740181,8.54616359846853,0.6164887,2.8710885,-2.8311095,0.0,0.0,-0.2353796,-0.029033933,-5.120657,-0.37761018,-0.41547123,-0.00081951654,-0.00039308443,4.1656196e-05,0.26149452,1.6613375,-2.5357807,-0.0052106464,7.3600095e-05,-1.6758606,1.6748626,3.2272346e-05,0.23533261,2.8347485,4.989001,-0.2353796,0.15085472,0.16496815,0.08745098,0.05441886,inf,inf,inf,inf,inf,1,1,1,1,4,2,4,1,1,1,1,1,0,2,0,0,5.134643174452736,1
1581048000,1581048000,5764000,47.3979711740181,8.54616359846853,0.61427414,2.8317888,-2.8348475,0.0,0.0,-0.2353796,-0.02839086,-5.1046195,-0.39566112,-0.43380648,-0.00081951654,-0.00039308443,4.1656196e-05,0.24305332,1.8745955,-2.2118132,-0.0050162943,7.362288e-05,-1.6757042,1.6748626,3.231396e-05,0.23533261,2.8339832,4.9910493,-0.2353796,0.15126728,0.16504778,0.087755434,0.05447348,inf,inf,inf,inf,inf,1,1,1,1,4,2,4,1,1,1,1,1,0,2,0,0,5.1200091799323415,1
1581056000,1581056000,5764000,47.3979711740181,8.54616359846853,0.6121074,2.7925906,-2.8387032,0.0,0.0,-0.2353796,-0.027723411,-5.0870075,-0.4112195,-0.44962916,-0.00081951654,-0.00039308443,4.1656196e-05,0.24174665,2.0750983,-1.9015981,-0.004816527,7.367039e-05,-1.675542,1.6748626,3.236541e-05,0.23533261,2.83369,4.9931583,-0.2353796,0.15168306,0.16531022,0.08806412,0.054549918,inf,inf,inf,inf,inf,1,1,1,1,4,2,4,1,1,1,1,1,0,2,0,0,5.103676652155187,1
1581064000,1581064000,5764000,47.3979711740181,8.54616359846853,0.6099877,2.7535064,-2.842657,0.0,0.0,-0.2353796,-0.027067697,-5.067871,-0.42434868,-0.46300322,-0.00081951654,-0.00039308443,4.1656196e-05,0.23603898,2.2691226,-1.5992647,-0.0046091755,7.371792e-05,-1.6753716,1.6748626,3.2416894e-05,0.23533261,2.8333964,4.9952674,-0.2353796,0.15210155,0.16557339,0.08837324,0.054626275,inf,inf,inf,inf,inf,1,1,1,1,4,2,4,1,1,1,1,1,0,2,0,0,5.085678021176688,1
1581072000,1581072000,5764000,47.3979711740181,8.54616359846853,0.6077668,2.7146788,-2.8469234,0.0,0.0,-0.2353796,-0.026562516,-5.047198,-0.43523255,-0.47435722,-0.00081951654,-0.00039308443,4.1656196e-05,0.2294907,2.4491405,-1.3036638,-0.0044001862,7.369148e-05,-1.6751993,1.6748626,3.2279677e-05,0.23533261,2.8403387,4.997059,-0.2353796,0.15080078,0.16487297,0.08739436,0.05438346,inf,inf,inf,inf,inf,1,1,1,1,4,2,4,1,1,1,1,1,0,2,0,0,5.065998479178586,1
1581080000,1581080000,5764000,47.3979711740181,8.54616359846853,0.605593,2.6759875,-2.8512468,0.0,0.0,-0.2353796,-0.02613141,-5.0251956,-0.4439248,-0.48349294,-0.00081951654,-0.00039308443,4.1656196e-05,0.21583754,2.619027,-1.0314178,-0.0041864756,7.37391e-05,-1.6750262,1.6748626,3.2331074e-05,0.23533261,2.840117,4.9991674,-0.2353796,0.1512134,0.16513468,0.08772981,0.05446014,inf,inf,inf,inf,inf,1,1,1,1,4,2,4,1,1,1,1,1,0,2,0,0,5.044833287325062,1
1581088000,1581088000,5764000,47.3979711740181,8.54616359846853,0.6034647,2.6374438,-2.8556108,0.0,0.0,-0.2353796,-0.025729073,-5.0019107,-0.4504984,-0.4904841,-0.00081951654,-0.00039308443,4.1656196e-05,0.20803586,2.7829478,-0.76824373,-0.0039687343,7.3786774e-05,-1.6748484,1.6748626,3.238252e-05,0.23533261,2.8400347,5.0012765,-0.2353796,0.15162879,0.16539715,0.088104635,0.054537002,inf,inf,inf,inf,inf,1,1,1,1,4,2,4,1,1,1,1,1,0,2,0,0,5.022222759334206,1
1581096000,1581096000,5764000,47.3979711740181,8.54616359846853,0.6013808,2.5990584,-2.8599997,0.0,0.0,-0.2353796,-0.025378484,-4.9774284,-0.45510775,-0.49548593,-0.00081951654,-0.00039308443,4.1656196e-05,0.19750014,2.9362404,-0.52431965,-0.0037489298,7.3834504e-05,-1.6746681,1.6748626,3.2434014e-05,0.23533261,2.8401754,5.0033865,-0.2353796,0.15204707,0.16566038,0.088497385,0.054613885,inf,inf,inf,inf,inf,1,1,1,1,4,2,4,1,1,1,1,1,0,2,0,0,4.998255756630183,1
1581104000,1581104000,5764000,47.3979711740181,8.54616359846853,0.59918773,2.5610073,-2.8646374,0.0,0.0,-0.2353796,-0.025179662,-4.9516463,-0.45808795,-0.49908474,-0.00081951654,-0.00039308443,4.1656196e-05,0.19152296,3.0823226,-0.30616856,-0.0035340015,7.3810384e-05,-1.6744919,1.6748626,3.229159e-05,0.23533261,2.84801,5.0051174,-0.2353796,0.15074699,0.16477725,0.087599546,0.05435023,inf,inf,inf,inf,inf,1,1,1,1,4,2,4,1,1,1,1,1,0,2,0,0,4.972854277536928,1
1581112000,1581112000,5764000,47.3979711740181,8.54616359846853,0.59703946,2.5231314,-2.8692675,0.0,0.0,-0.2353796,-0.024947492,-4.924828,-0.45945367,-0.50103676,-0.00081951654,-0.00039308443,4.1656196e-05,0.19141175,3.2162097,-0.1063412,-0.0033088971,7.3858275e-05,-1.6743103,1.6748626,3.2342978e-05,0.23533261,2.8486955,5.0072265,-0.2353796,0.15115982,0.16503872,0.08799544,0.054427356,inf,inf,inf,inf,inf,1,1,1,1,4,2,4,1,1,1,1,1,0,2,0,0,4.9462764663752425,1
1581120000,1581120000,5764000,47.3979711740181,8.54616359846853,0.5949376,2.4854388,-2.8738775,0.0,0.0,-0.2353796,-0.0247244,-4.8970017,-0.4592679,-0.5014055,-0.00081951654,-0.00039308443,4.1656196e-05,0.18559745,3.3468537,0.08561182,-0.003078324,7.388001e-05,-1.6741225,1.6748626,3.2384312e-05,0.23533261,2.8496242,5.0093355,-0.2353796,0.15157504,0.16530094,0.088388585,0.054504186,inf,inf,inf,inf,inf,1,1,1,1,4,2,4,1,1,1,1,1,0,2,0,0,4.9185530341482195,1
1581128000,1581128000,5764000,47.3979711740181,8.54616359846853,0.59287876,2.447939,-2.878456,0.0,0.0,-0.2353796,-0.024480011,-4.868252,-0.45761704,-0.5002787,-0.00081951654,-0.00039308443,4.1656196e-05,0.18421088,3.466948,0.26688212,-0.0028511868,7.392816e-05,-1.6739376,1.6748626,3.2435746e-05,0.23533261,2.8508263,5.011446,-0.2353796,0.15199375,0.16556391,0.08878884,0.054580923,inf,inf,inf,inf,inf,1,1,1,1,4,2,4,1,1,1,1,1,0,2,0,0,4.8897740399471346,1
1581136000,1581136000,5764000,47.3979711740181,8.54616359846853,0.59070355,2.4108913,-2.8831773,0.0,0.0,-0.2353796,-0.024481617,-4.8383846,-0.45477977,-0.4981291,-0.00081951654,-0.00039308443,4.1656196e-05,0.16745132,3.5810502,0.42649075,-0.0026287974,7.390634e-05,-1.6737564,1.6748626,3.228682e-05,0.23533261,2.8580084,5.013238,-0.2353796,0.15069419,0.16486375,0.087887086,0.054339178,inf,inf,inf,inf,inf,1,1,1,1,4,2,4,1,1,1,1,1,0,2,0,0,4.859772579688205,1
1581144000,1581144000,5764000,47.3979711740181,8.54616359846853,0.58857125,2.3740475,-2.8878436,0.0,0.0,-0.2353796,-0.024428664,-4.807718,-0.4507195,-0.4947212,-0.00081951654,-0.00039308443,4.1656196e-05,0.16999689,3.6866732,0.5772528,-0.0024014115,7.395486e-05,-1.6735762,1.6748626,3.233808e-05,0.23533261,2.8597665,5.015346,-0.2353796,0.15110743,0.16512528,0.0882895,0.05441555,inf,inf,inf,inf,inf,1,1,1,1,4,2,4,1,1,1,1,1,0,2,0,0,4.828860858922017,1
1581152000,1581152000,5764000,47.3979711740181,8.54616359846853,0.5864814,2.3374147,-2.892424,0.0,0.0,-0.2353796,-0.024354,-4.776306,-0.44557875,-0.4901753,-0.00081951654,-0.00039308443,4.1656196e-05,0.16852748,3.7855546,0.70971435,-0.0021806255,7.4003605e-05,-1.6734016,1.6748626,3.2389267e-05,0.23533261,2.8610697,5.017394,-0.2353796,0.1515236,0.16520475,0.08869123,0.054469615,inf,inf,inf,inf,inf,1,1,1,1,4,2,4,1,1,1,1,1,0,2,0,0,4.797106684805286,1
1581160000,1581160000,5764000,47.3979711740181,8.54616359846853,0.5844328,2.3009994,-2.8969345,0.0,0.0,-0.2353796,-0.024345407,-4.7441206,-0.43941945,-0.48457852,-0.00081951654,-0.00039308443,4.1656196e-05,0.15620425,3.888019,0.8351146,-0.0019580135,7.405261e-05,-1.673224,1.6748626,3.2440512e-05,0.23533261,2.8633354,5.0195017,-0.2353796,0.15194277,0.16546749,0.08909059,0.05454504,inf,inf,inf,inf,inf,1,1,1,1,4,2,4,1,1,1,1,1,0,2,0,0,4.7644897333528435,1
1581168000,1581168000,5764000,47.3979711740181,8.54616359846853,0.5824243,2.2648084,-2.9013672,0.0,0.0,-0.2353796,-0.024340952,-4.711259,-0.43235555,-0.4780458,-0.00081951654,-0.00039308443,4.1656196e-05,0.15172143,3.9781785,0.9463541,-0.0017453844,7.410184e-05,-1.673055,1.6748626,3.2491727e-05,0.23533261,2.8658338,5.0216093,-0.2353796,0.15236491,0.16573097,0.08948656,0.054619968,inf,inf,inf,inf,inf,1,1,1,1,4,2,4,1,1,1,1,1,0,2,0,0,4.731118807284496,1
1581176000,1581176000,5764000,47.3979711740181,8.54616359846853,0.5802925,2.2291758,-2.9058356,0.0,0.0,-0.2353796,-0.024482042,-4.6774225,-0.42455825,-0.4708742,-0.00081951654,-0.00039308443,4.1656196e-05,0.1479775,4.066602,1.0451148,-0.0015438034,7.4080555e-05,-1.6728959,1.6748626,3.2331685e-05,0.23533261,2.8722363,5.0233955,-0.2353796,0.15104932,0.16502792,0.08854499,0.05437543,inf,inf,inf,inf,inf,1,1,1,1,4,2,4,1,1,1,1,1,0,2,0,0,4.6967148435400885,1
1581184000,1581184000,5764000,47.3979711740181,8.54616359846853,0.5782016,2.1937745,-2.910212,0.0,0.0,-0.2353796,-0.024600903,-4.642907,-0.4159683,-0.46287617,-0.00081951654,-0.00039308443,4.1656196e-05,0.14652567,4.1578755,1.1422722,-0.0013313015,7.4130236e-05,-1.6727324,1.6748626,3.238263e-05,0.23533261,2.87516,5.0254984,-0.2353796,0.15146571,0.16528992,0.08892967,0.05444968,inf,inf,inf,inf,inf,1,1,1,1,4,2,4,1,1,1,1,1,0,2,0,0,4.6615684315134,1
1581192000,1581192000,5764000,47.3979711740181,8.54616359846853,0.5761446,2.15861,-2.9144926,0.0,0.0,-0.2353796,-0.024696928,-4.6078424,-0.4066885,-0.45415628,-0.00081951654,-0.00039308443,4.1656196e-05,0.14817908,4.2336764,1.2269559,-0.0011324772,7.414029e-05,-1.6725811,1.6748626,3.2420863e-05,0.23533261,2.878271,5.0275993,-0.2353796,0.15188447,0.16555265,0.08930525,0.05452329,inf,inf,inf,inf,inf,1,1,1,1,4,2,4,1,1,1,1,1,0,2,0,0,4.625820690161114,1
1581200000,1581200000,5764000,47.3979711740181,8.54616359846853,0.57412696,2.123688,-2.9186745,0.0,0.0,-0.2353796,-0.024799658,-4.572239,-0.39697704,-0.44497544,-0.00081951654,-0.00039308443,4.1656196e-05,0.14326918,4.3070145,1.2792237,-0.0009283993,7.419037e-05,-1.6724286,1.6748626,3.247163e-05,0.23533261,2.8815985,5.0296373,-0.2353796,0.15230663,0.16563189,0.08968031,0.05457437,inf,inf,inf,inf,inf,1,1,1,1,4,2,4,1,1,1,1,1,0,2,0,0,4.589507083167546,1
1581208000,1581208000,5764000,47.3979711740181,8.54616359846853,0.57199055,2.0894005,-2.9228206,0.0,0.0,-0.2353796,-0.025001641,-4.53571,-0.38681343,-0.43538278,-0.00081951654,-0.00039308443,4.1656196e-05,0.14506571,4.3822775,1.3393484,-0.0007302164,7.416793e-05,-1.6722806,1.6748626,3.2306747e-05,0.23533261,2.8870766,5.031415,-0.2353796,0.15099286,0.16493052,0.08871228,0.054329418,inf,inf,inf,inf,inf,1,1,1,1,4,2,4,1,1,1,1,1,0,2,0,0,4.552242844552678,1
1581216000,1581216000,5764000,47.3979711740181,8.54616359846853,0.5698944,2.0553606,-2.926858,0.0,0.0,-0.2353796,-0.02519231,-4.4986005,-0.37614033,-0.42524827,-0.00081951654,-0.00039308443,4.1656196e-05,0.14215685,4.461591,1.4012483,-0.0005379946,7.4218406e-05,-1.6721455,1.6748626,3.2357268e-05,0.23533261,2.890582,5.0335064,-0.2353796,0.15140913,0.16519225,0.08907647,0.054402206,inf,inf,inf,inf,inf,1,1,1,1,4,2,4,1,1,1,1,1,0,2,0,0,4.514368467342458,1
1581224000,1581224000,5764000,47.3979711740181,8.54616359846853,0.5678374,2.0215733,-2.9307842,0.0,0.0,-0.2353796,-0.025423402,-4.4610376,-0.36515474,-0.41476986,-0.00081951654,-0.00039308443,4.1656196e-05,0.13288495,4.524839,1.4385934,-0.00036122242,7.4269046e-05,-1.6720245,1.6748626,3.240772e-05,0.23533261,2.894181,5.0355954,-0.2353796,0.15182826,0.16545469,0.089436434,0.054474577,inf,inf,inf,inf,inf,1,1,1,1,4,2,4,1,1,1,1,1,0,2,0,0,4.47602958012204,1
1581232000,1581232000,5764000,47.3979711740181,8.54616359846853,0.565819,1.9880434,-2.934598,0.0,0.0,-0.2353796,-0.025555193,-4.4229627,-0.35389486,-0.40398672,-0.00081951654,-0.00039308443,4.1656196e-05,0.14118595,4.5951605,1.4712218,-0.00019410273,7.4319825e-05,-1.6719117,1.6748626,3.2458105e-05,0.23533261,2.8978553,5.037682,-0.2353796,0.15225023,0.16571786,0.08979261,0.05454654,inf,inf,inf,inf,inf,1,1,1,1,4,2,4,1,1,1,1,1,0,2,0,0,4.437171811572657,1
1581240000,1581240000,5764000,47.3979711740181,8.54616359846853,0.56368697,1.9551888,-2.9383302,0.0,0.0,-0.2353796,-0.025817536,-4.3839817,-0.3424502,-0.39302397,-0.00081951654,-0.00039308443,4.1656196e-05,0.1385162,4.665028,1.4954423,-2.5299878e-05,7.42938e-05,-1.6717957,1.6748626,3.2289674e-05,0.23533261,2.9026048,5.039446,-0.2353796,0.15093875,0.16501531,0.08880388,0.054301094,inf,inf,inf,inf,inf,1,1,1,1,4,2,4,1,1,1,1,1,0,2,0,0,4.397412219769718,1
1581248000,1581248000,5764000,47.3979711740181,8.54616359846853,0.5615944,1.9225955,-2.9419436,0.0,0.0,-0.2353796,-0.026065338,-4.3446174,-0.33077568,-0.3817985,-0.00081951654,-0.00039308443,4.1656196e-05,0.13599335,4.720099,1.5224437,0.00015421664,7.4344796e-05,-1.6716759,1.6748626,3.2339674e-05,0.23533261,2.9062922,5.041462,-0.2353796,0.15135464,0.16509454,0.08915122,0.05435103,inf,inf,inf,inf,inf,1,1,1,1,4,2,4,1,1,1,1,1,0,2,0,0,4.3572689043375865,1
1581256000,1581256000,5764000,47.3979711740181,8.54616359846853,0.5595408,1.8902677,-2.9454403,0.0,0.0,-0.2353796,-0.02626854,-4.3048496,-0.31895515,-0.37039825,-0.00081951654,-0.00039308443,4.1656196e-05,0.13733849,4.777385,1.5390915,0.00033321403,7.439592e-05,-1.6715553,1.6748626,3.2389675e-05,0.23533261,2.910099,5.0435357,-0.2353796,0.15177333,0.16535667,0.08949605,0.05442247,inf,inf,inf,inf,inf,1,1,1,1,4,2,4,1,1,1,1,1,0,2,0,0,4.316729375641402,1
1581264000,1581264000,5764000,47.3979711740181,8.54616359846853,0.55752546,1.8582098,-2.9488196,0.0,0.0,-0.2353796,-0.026473336,-4.2646832,-0.30701467,-0.35885012,-0.00081951654,-0.00039308443,4.1656196e-05,0.13301893,4.83383,1.5525309,0.0004939509,7.444708e-05,-1.6714512,1.6748626,3.2439577e-05,0.23533261,2.9139197,5.045606,-0.2353796,0.15219478,0.1656195,0.08983867,0.054493643,inf,inf,inf,inf,inf,1,1,1,1,4,2,4,1,1,1,1,1,0,2,0,0,4.275801871167141,1
1581272000,1581272000,5764000,47.3979711740181,8.54616359846853,0.5554115,1.8268626,-2.9520783,0.0,0.0,-0.2353796,-0.026854398,-4.22371,-0.29493374,-0.3471315,-0.00081951654,-0.00039308443,4.1656196e-05,0.123044014,4.888739,1.568788,0.0006263606,7.441496e-05,-1.6713738,1.6748626,3.2268785e-05,0.23533261,2.9176424,5.0473533,-0.2353796,0.15088606,0.1649187,0.08883757,0.054248944,inf,inf,inf,inf,inf,1,1,1,1,4,2,4,1,1,1,1,1,0,2,0,0,4.234079974892105,1
1581280000,1581280000,5764000,47.3979711740181,8.54616359846853,0.553336,1.7957873,-2.9552193,0.0,0.0,-0.2353796,-0.027106775,-4.182383,-0.2827773,-0.3353112,-0.00081951654,-0.00039308443,4.1656196e-05,0.13482967,4.9405355,1.5766988,0.00076003175,7.446625e-05,-1.671302,1.6748626,3.2318374e-05,0.23533261,2.921454,5.0494123,-0.2353796,0.15130137,0.16518006,0.08917449,0.05432014,inf,inf,inf,inf,inf,1,1,1,1,4,2,4,1,1,1,1,1,0,2,0,0,4.192019243435697,1
1581288000,1581288000,5764000,47.3979711740181,8.54616359846853,0.55129874,1.7649884,-2.958242,0.0,0.0,-0.2353796,-0.027354471,-4.1407557,-0.27057725,-0.32342196,-0.00081951654,-0.00039308443,4.1656196e-05,0.13122538,4.9853344,1.5806596,0.000900885,7.451757e-05,-1.6712213,1.6748626,3.2367898e-05,0.23533261,2.9252439,5.051467,-0.2353796,0.15171942,0.16544214,0.08950999,0.05439111,inf,inf,inf,inf,inf,1,1,1,1,4,2,4,1,1,1,1,1,0,2,0,0,4.149676864815349,1
1581296000,1581296000,5764000,47.3979711740181,8.54616359846853,0.5492991,1.734469,-2.9611468,0.0,0.0,-0.2353796,-0.02752405,-4.09884,-0.258376,-0.31150693,-0.00081951654,-0.00039308443,4.1656196e-05,0.13691291,5.0283055,1.5793558,0.0010331937,7.456895e-05,-1.6711476,1.6748626,3.241736e-05,0.23533261,2.929002,5.0535183,-0.2353796,0.1521402,0.16570492,0.08984434,0.054461926,inf,inf,inf,inf,inf,1,1,1,1,4,2,4,1,1,1,1,1,0,2,0,0,4.107067698042535,1
1581304000,1581304000,5764000,47.3979711740181,8.54616359846853,0.5472117,1.7046847,-2.9639106,0.0,0.0,-0.2353796,-0.027790304,-4.056258,-0.2461626,-0.2995308,-0.00081951654,-0.00039308443,4.1656196e-05,0.1353847,5.063698,1.5779561,0.0011704861,7.4528274e-05,-1.6710672,1.6748626,3.224502e-05,0.23533261,2.9319692,5.055186,-0.2353796,0.15083443,0.16482143,0.088837184,0.05419624,inf,inf,inf,inf,inf,1,1,1,1,4,2,4,1,1,1,1,1,0,2,0,0,4.06381560718485,1
1581312000,1581312000,5764000,47.3979711740181,8.54616359846853,0.54516256,1.6751806,-2.966558,0.0,0.0,-0.2353796,-0.02801845,-4.013384,-0.2339193,-0.2875026,-0.00081951654,-0.00039308443,4.1656196e-05,0.13593146,5.1081986,1.5802853,0.0012926328,7.457962e-05,-1.6710083,1.6748626,3.2294163e-05,0.23533261,2.9356346,5.057225,-0.2353796,0.151249,0.16508244,0.08916843,0.054267302,inf,inf,inf,inf,inf,1,1,1,1,4,2,4,1,1,1,1,1,0,2,0,0,4.020292825642045,1
1581320000,1581320000,5764000,47.3979711740181,8.54616359846853,0.54315114,1.6459601,-2.96909,0.0,0.0,-0.2353796,-0.028224556,-3.970279,-0.22184533,-0.27562216,-0.00081951654,-0.00039308443,4.1656196e-05,0.13457876,5.1447964,1.557737,0.0014062263,7.4630996e-05,-1.6709563,1.6748626,3.234326e-05,0.23533261,2.9392433,5.05926,-0.2353796,0.15166628,0.16534416,0.08949939,0.05433826,inf,inf,inf,inf,inf,1,1,1,1,4,2,4,1,1,1,1,1,0,2,0,0,3.976572307131508,1
1581328000,1581328000,5764000,47.3979711740181,8.54616359846853,0.541177,1.6170264,-2.971507,0.0,0.0,-0.2353796,-0.028352197,-3.9269526,-0.20973897,-0.2636885,-0.00081951654,-0.00039308443,4.1656196e-05,0.14038529,5.1798763,1.5604267,0.0015167415,7.4682386e-05,-1.6709056,1.6748626,3.2392316e-05,0.23533261,2.9427886,5.0612907,-0.2353796,0.15208627,0.1656066,0.08983037,0.05440914,inf,inf,inf,inf,inf,1,1,1,1,4,2,4,1,1,1,1,1,0,2,0,0,3.932651904918378,1
1581336000,1581336000,5764000,47.3979711740181,8.54616359846853,0.53912604,1.5888681,-2.9737787,0.0,0.0,-0.2353796,-0.028608123,-3.8829732,-0.19768561,-0.25175413,-0.00081951654,-0.00039308443,4.1656196e-05,0.13334589,5.210416,1.5503633,0.0016277647,7.463084e-05,-1.6708529,1.6748626,3.2219148e-05,0.23533261,2.945267,5.062998,-0.2353796,0.15078369,0.16490641,0.08882237,0.054166596,inf,inf,inf,inf,inf,1,1,1,1,4,2,4,1,1,1,1,1,0,2,0,0,3.8881073669615778,1
1581344000,1581344000,5764000,47.3979711740181,8.54616359846853,0.5371128,1.5609955,-2.9759378,0.0,0.0,-0.2353796,-0.028787944,-3.838893,-0.18577655,-0.23994558,-0.00081951654,-0.00039308443,4.1656196e-05,0.13876763,5.2315164,1.5310225,0.0017474229,7.468214e-05,-1.6707977,1.6748626,3.226792e-05,0.23533261,2.9486625,5.0650163,-0.2353796,0.15119743,0.16516736,0.08915214,0.054237902,inf,inf,inf,inf,inf,1,1,1,1,4,2,4,1,1,1,1,1,0,2,0,0,3.843493350807134,1
1581352000,1581352000,5764000,47.3979711740181,8.54616359846853,0.5351367,1.5334107,-2.9779792,0.0,0.0,-0.2353796,-0.02899826,-3.794706,-0.17394027,-0.22818469,-0.00081951654,-0.00039308443,4.1656196e-05,0.13096452,5.2531004,1.5204599,0.0018505573,7.473345e-05,-1.6707573,1.6748626,3.2316602e-05,0.23533261,2.9517536,5.066969,-0.2353796,0.15161385,0.16524607,0.089482896,0.05428735,inf,inf,inf,inf,inf,1,1,1,1,4,2,4,1,1,1,1,1,0,2,0,0,3.7988010928510985,1
1581360000,1581360000,5764000,47.3979711740181,8.54616359846853,0.53319645,1.5061169,-2.9799113,0.0,0.0,-0.2353796,-0.029210523,-3.7503028,-0.16225892,-0.21656172,-0.00081951654,-0.00039308443,4.1656196e-05,0.12683707,5.2881126,1.4998316,0.0019441948,7.4784744e-05,-1.6707245,1.6748626,3.236531e-05,0.23533261,2.954985,5.068978,-0.2353796,0.15203296,0.16550815,0.08981469,0.05435868,inf,inf,inf,inf,inf,1,1,1,1,4,2,4,1,1,1,1,1,0,2,0,0,3.7539249197954585,1
1581368000,1581368000,5764000,47.3979711740181,8.54616359846853,0.5311941,1.4796015,-2.9816985,0.0,0.0,-0.2353796,-0.02944448,-3.7053893,-0.15075637,-0.2050621,-0.00081951654,-0.00039308443,4.1656196e-05,0.1318989,5.301899,1.473396,0.0020329002,7.4719974e-05,-1.670695,1.6748626,3.2191623e-05,0.23533261,2.9569786,5.070664,-0.2353796,0.15073359,0.16480975,0.088809825,0.054118026,inf,inf,inf,inf,inf,1,1,1,1,4,2,4,1,1,1,1,1,0,2,0,0,3.7085717365385475,1
1581376000,1581376000,5764000,47.3979711740181,8.54616359846853,0.5292283,1.4533746,-2.9833803,0.0,0.0,-0.2353796,-0.029613495,-3.660407,-0.13934548,-0.19363953,-0.00081951654,-0.00039308443,4.1656196e-05,0.13607271,5.319486,1.4607402,0.002122734,7.477117e-05,-1.6706697,1.6748626,3.22401e-05,0.23533261,2.9600255,5.0726604,-0.2353796,0.15114646,0.16507034,0.08914229,0.05418989,inf,inf,inf,inf,inf,1,1,1,1,4,2,4,1,1,1,1,1,0,2,0,0,3.6631780638581506,1
1581384000,1581384000,5764000,47.3979711740181,8.54616359846853,0.52729875,1.4274385,-2.9849577,0.0,0.0,-0.2353796,-0.029783897,-3.6153588,-0.12810418,-0.18237242,-0.00081951654,-0.00039308443,4.1656196e-05,0.13205765,5.3364754,1.4383582,0.0022132224,7.482237e-05,-1.6706418,1.6748626,3.2288568e-05,0.23533261,2.962979,5.0746517,-0.2353796,0.151562,0.16533165,0.08947648,0.054261837,inf,inf,inf,inf,inf,1,1,1,1,4,2,4,1,1,1,1,1,0,2,0,0,3.617750269738283,1
1581392000,1581392000,5764000,47.3979711740181,8.54616359846853,0.5254045,1.4017951,-2.9864326,0.0,0.0,-0.2353796,-0.029934336,-3.5703065,-0.117085345,-0.17131412,-0.00081951654,-0.00039308443,4.1656196e-05,0.1308081,5.345435,1.4093839,0.0022970203,7.487357e-05,-1.6706188,1.6748626,3.2337022e-05,0.23533261,2.9658375,5.076638,-0.2353796,0.15198022,0.16559365,0.08981254,0.054333854,inf,inf,inf,inf,inf,1,1,1,1,4,2,4,1,1,1,1,1,0,2,0,0,3.5723512630238057,1
1581400000,1581400000,5764000,47.3979711740181,8.54616359846853,0.5234587,1.3769417,-2.9877725,0.0,0.0,-0.2353796,-0.030139938,-3.5247486,-0.1061804,-0.16031985,-0.00081951654,-0.00039308443,4.1656196e-05,0.13043463,5.3580074,1.3908012,0.0023630294,7.479334e-05,-1.6706117,1.6748626,3.216294e-05,0.23533261,2.9675303,5.0782413,-0.2353796,0.15068403,0.16471295,0.088813394,0.054073147,inf,inf,inf,inf,inf,1,1,1,1,4,2,4,1,1,1,1,1,0,2,0,0,3.5264763413935967,1
1581408000,1581408000,5764000,47.3979711740181,8.54616359846853,0.52154845,1.3523769,-2.9890137,0.0,0.0,-0.2353796,-0.030313777,-3.4792707,-0.09541672,-0.14945532,-0.00081951654,-0.00039308443,4.1656196e-05,0.13062455,5.357523,1.3720406,0.0024410796,7.484442e-05,-1.6705978,1.6748626,3.2211196e-05,0.23533261,2.9701872,5.0802145,-0.2353796,0.15109602,0.16497318,0.0891514,0.054145884,inf,inf,inf,inf,inf,1,1,1,1,4,2,4,1,1,1,1,1,0,2,0,0,3.480710829616567,1
1581416000,1581416000,5764000,47.3979711740181,8.54616359846853,0.5196732,1.3281024,-2.9901576,0.0,0.0,-0.2353796,-0.030427808,-3.433865,-0.084899336,-0.138826,-0.00081951654,-0.00039308443,4.1656196e-05,0.13441513,5.357715,1.3401661,0.0025103586,7.489548e-05,-1.6705906,1.6748626,3.225945e-05,0.23533261,2.9727447,5.082183,-0.2353796,0.15151067,0.16523413,0.089491494,0.054218728,inf,inf,inf,inf,inf,1,1,1,1,4,2,4,1,1,1,1,1,0,2,0,0,3.4350491389466216,1
1581424000,1581424000,5764000,47.3979711740181,8.54616359846853,0.51783276,1.3041191,-2.9912066,0.0,0.0,-0.2353796,-0.030506887,-3.3884568,-0.07452951,-0.1283335,-0.00081951654,-0.00039308443,4.1656196e-05,0.1351931,5.367007,1.3206493,0.0025789351,7.494654e-05,-1.6705823,1.6748626,3.2307704e-05,0.23533261,2.9752018,5.084147,-0.2353796,0.15192801,0.16549578,0.08983359,0.054291684,inf,inf,inf,inf,inf,1,1,1,1,4,2,4,1,1,1,1,1,0,2,0,0,3.389413637118006,1
1581432000,1581432000,5764000,47.3979711740181,8.54616359846853,0.51602685,1.2804284,-2.9921622,0.0,0.0,-0.2353796,-0.030469162,-3.3431425,-0.064430125,-0.1181011,-0.00081951654,-0.00039308443,4.1656196e-05,0.14629912,5.363917,1.2857974,0.0026406322,7.499764e-05,-1.6705791,1.6748626,3.2355983e-05,0.23533261,2.977558,5.086106,-0.2353796,0.15234803,0.16575815,0.09017799,0.05436481,inf,inf,inf,inf,inf,1,1,1,1,4,2,4,1,1,1,1,1,0,2,0,0,3.343902119701883,1
1581440000,1581440000,5764000,47.3979711740181,8.54616359846853,0.51417017,1.2575129,-2.9929962,0.0,0.0,-0.2353796,-0.030466087,-3.2974417,-0.05448851,-0.10798386,-0.00081951654,-0.00039308443,4.1656196e-05,0.14806138,5.3647485,1.2618363,0.0027046655,7.489316e-05,-1.6705716,1.6748626,3.2178432e-05,0.23533261,2.9788687,5.0877404,-0.2353796,0.15103896,0.16505599,0.08917161,0.05412644,inf,inf,inf,inf,inf,1,1,1,1,4,2,4,1,1,1,1,1,0,2,0,0,3.2980325870248763,1
1581448000,1581448000,5764000,47.3979711740181,8.54616359846853,0.5123487,1.234885,-2.993741,0.0,0.0,-0.2353796,-0.03047409,-3.2518682,-0.044734947,-0.09804656,-0.00081951654,-0.00039308443,4.1656196e-05,0.14313598,5.3584766,1.2373495,0.002769216,7.494411e-05,-1.670568,1.6748626,3.222649e-05,0.23533261,2.981028,5.089626,-0.2353796,0.15145263,0.16513427,0.089518726,0.054178666,inf,inf,inf,inf,inf,1,1,1,1,4,2,4,1,1,1,1,1,0,2,0,0,3.2523186614807074,1
1581456000,1581456000,5764000,47.3979711740181,8.54616359846853,0.5105617,1.2125452,-2.994399,0.0,0.0,-0.2353796,-0.030455414,-3.2064445,-0.035272937,-0.088392615,-0.00081951654,-0.00039308443,4.1656196e-05,0.14301507,5.349146,1.1999303,0.0028315766,7.499508e-05,-1.6705647,1.6748626,3.2274627e-05,0.23533261,2.9830725,5.0915666,-0.2353796,0.151869,0.16539554,0.08986822,0.054252815,inf,inf,inf,inf,inf,1,1,1,1,4,2,4,1,1,1,1,1,0,2,0,0,3.2067831301643657,1
1581464000,1581464000,5764000,47.3979711740181,8.54616359846853,0.5088087,1.1904943,-2.9949722,0.0,0.0,-0.2353796,-0.030420471,-3.161114,-0.025999222,-0.07891906,-0.00081951654,-0.00039308443,4.1656196e-05,0.14168651,5.3466034,1.1754408,0.002890689,7.504604e-05,-1.6705627,1.6748626,3.232278e-05,0.23533261,2.9850152,5.0935025,-0.2353796,0.15228808,0.16565754,0.090220094,0.05432715,inf,inf,inf,inf,inf,1,1,1,1,4,2,4,1,1,1,1,1,0,2,0,0,3.161367281034658,1
1581472000,1581472000,5764000,47.3979711740181,8.54616359846853,0.5070049,1.1692157,-2.995428,0.0,0.0,-0.2353796,-0.030409764,-3.1155498,-0.016975105,-0.069651216,-0.00081951654,-0.00039308443,4.1656196e-05,0.14464882,5.32868,1.1398615,0.0029468944,7.492132e-05,-1.6705619,1.6748626,3.2145075e-05,0.23533261,2.985805,5.095115,-0.2353796,0.15098244,0.1649572,0.089220755,0.054091085,inf,inf,inf,inf,inf,1,1,1,1,4,2,4,1,1,1,1,1,0,2,0,0,3.115744447835274,1
1581480000,1581480000,5764000,47.3979711740181,8.54616359846853,0.50523555,1.1482195,-2.9958043,0.0,0.0,-0.2353796,-0.030382426,-3.070179,-0.008214268,-0.06064056,-0.00081951654,-0.00039308443,4.1656196e-05,0.14331421,5.314578,1.1060632,0.0030083442,7.497216e-05,-1.6705599,1.6748626,3.2193107e-05,0.23533261,2.987539,5.0970387,-0.2353796,0.1513952,0.1652177,0.089575805,0.054166302,inf,inf,inf,inf,inf,1,1,1,1,4,2,4,1,1,1,1,1,0,2,0,0,3.0703403163247915,1
1581488000,1581488000,5764000,47.3979711740181,8.54616359846853,0.5035003,1.1275061,-2.9961019,0.0,0.0,-0.2353796,-0.030273266,-3.0249882,0.00033390496,-0.05183674,-0.00081951654,-0.00039308443,4.1656196e-05,0.15020789,5.3018064,1.0786074,0.0030600622,7.502303e-05,-1.6705658,1.6748626,3.2241172e-05,0.23533261,2.9891725,5.0989575,-0.2353796,0.15181068,0.1654789,0.089933366,0.054241713,inf,inf,inf,inf,inf,1,1,1,1,4,2,4,1,1,1,1,1,0,2,0,0,3.025139697975297,1
