time_sec,x,y,z,vx,vy,vz,ax,ay,az,roll,pitch,yaw,angular_x,angular_y,angular_z,voltage_v,current_a,remaining,motor_1,motor_2,motor_3,motor_4
0.0,0.6175445,0.18469323,0.023776606,-0.003071032,0.0005175042,0.006095849,0.00031150738,-0.0010720723,0.0017378478,0.0013682797861845801,-0.005957944426022349,0.05746696389119292,0.00028430123,-0.0004141988,0.00072663615,16.2,-1.0,0.9999466,0.0019999999,0.0,0.0019999999,0.0
0.1,0.6187621,0.1855486,0.024121836,-0.0019852389,0.001684426,0.006235856,0.0006089776,0.0046785264,0.006556976,0.001399841600290669,-0.006019380258557999,0.057470019761143486,0.0005106225,-0.00025184697,0.00065353425,16.2,-1.0,0.9999466,0.002,0.0,0.002,0.0
0.2,0.6200987,0.18618184,0.024255529,-0.00042654763,0.0024526953,0.0064310036,0.004814126,0.0052990606,0.0016549601,0.0014225577368385503,-0.006061041990362416,0.057475558297196847,-0.00044079078,-8.780942e-05,0.0002834411,16.19436,-1.0,0.99966145,0.0019999994,0.0,0.0019999999,0.0
0.30000000000000004,0.6216963,0.18674694,0.024211854,0.0011669493,0.0030528035,0.006506731,0.0038331999,-0.0036901808,-0.007824506,0.0014199429019348799,-0.006150404684915181,0.05749420061515166,-0.0010326799,-0.0013716252,-2.3911974e-05,16.188362,-1.0,0.9988289,0.0019999999,0.0,0.0019999999,0.0
0.4,0.62342924,0.18738964,0.0240964,0.003004082,0.003919274,0.0068362993,0.0035510291,0.0023424753,-0.0010798684,0.0014505053751275167,-0.006181106384508744,0.05747861931128131,0.00023512432,-0.0004711971,0.0006169312,16.188362,-1.0,0.9988289,0.002,0.0,0.002,0.0
0.5,0.625084,0.18800843,0.0240556,0.0045115147,0.0047037946,0.0070320847,0.0009005252,-0.005517429,0.0001285225,0.001474752773016766,-0.006262175296580696,0.05748354403721007,6.714194e-05,-0.0011251034,-9.613125e-05,16.188362,-1.0,0.9988289,0.0019999999,0.0,0.0019999999,0.0
0.6000000000000001,0.6262764,0.18861888,0.023660362,0.005710911,0.005647173,0.007316549,0.0017665005,0.00039541553,-0.003297813,0.0014909245933358189,-0.0062903007535851955,0.057484530636539,-0.0005242029,0.00057294755,-0.0006792057,16.182362,-1.0,0.99754715,0.0019999996,0.0,0.0019999996,0.0
0.7000000000000001,0.62725186,0.18960187,0.023150831,0.0065318253,0.0068719243,0.0072904467,0.00974836,0.008990776,0.0075693238,0.001512316444990815,-0.006304799290233426,0.0574809615983882,0.00010113714,-0.0005627838,-0.0007652117,16.176363,-1.0,0.9958916,0.0020000006,1.1641532e-10,0.0019999996,0.0
0.8,0.6280025,0.19041069,0.02294211,0.007212642,0.007773883,0.0073753125,0.006570082,-0.0053364644,-0.0041089947,0.0015421166666892555,-0.0063138290763625005,0.05747044042585112,-0.00087066356,0.0005019432,-0.00026017334,16.176363,-1.0,0.9958916,0.0019999999,0.0,0.0019999999,0.0
0.9,0.62847596,0.19074698,0.022935212,0.0074715186,0.008266591,0.0076471562,0.00653903,0.001523836,-0.0029420478,0.0015477415380090015,-0.006307598214279928,0.057477333186586814,-0.00013635361,0.0004504727,-0.00050723256,16.176363,-1.0,0.9958916,0.002,0.0,0.002,0.0
1.0,0.6289468,0.19085144,0.02316399,0.007925149,0.0084820185,0.007714139,0.009116616,0.009229957,0.0004963949,0.0015787205165907505,-0.00632610635076132,0.05747826718657736,0.00027037394,0.00022962011,-9.004989e-05,16.170362,-1.0,0.9939337,0.0019999996,0.0,0.0019999996,0.0
1.1,0.62956434,0.19088139,0.023657575,0.008469881,0.0086421985,0.0076542664,0.0064793234,-0.005323361,0.00013923271,0.0015612980537040417,-0.006341566098839286,0.057473004527830114,-0.00012218957,5.4691824e-05,-0.00020218355,16.164364,-1.0,0.99172497,0.022640333,0.015750345,0.021109726,0.017257497
1.2000000000000002,0.63067037,0.19134398,0.024216518,0.009302381,0.008843888,0.007676455,0.0017446271,-0.004773389,-0.006328802,0.001569889986771312,-0.006360516256019498,0.05749815804560897,0.0006228522,-0.00025526513,0.00030531883,16.164364,-1.0,0.99172497,0.041437443,0.033845145,0.039640117,0.03577548
1.3,0.6322944,0.19203354,0.024951622,0.010479324,0.009210847,0.00788175,0.002801842,0.0001705266,-0.003755558,0.001606951039326467,-0.006373306300748182,0.0575082385943892,-0.00019747745,-5.5669385e-05,-0.00072076387,16.158363,-1.0,0.9893179,0.060487907,0.053292345,0.059257433,0.05463966
1.4000000000000001,0.6342005,0.19293821,0.02593711,0.011988038,0.009572688,0.007915149,0.00861923,0.0021243484,0.0015655531,0.0015906567255277394,-0.00639162237077668,0.05747109989625706,1.0813925e-05,0.00045968316,-0.00030897418,16.158363,-1.0,0.9893179,0.08374254,0.076415114,0.08195308,0.078029215
1.5,0.63562626,0.19391279,0.027265385,0.013056294,0.010157212,0.008054376,0.004179228,-0.0019197031,0.00032782552,0.0015760872009048744,-0.0063867361773218305,0.057471078662028795,-0.00024405225,0.00042709953,0.00072025147,16.158363,-1.0,0.9893179,0.10727592,0.09983693,0.10569884,0.101330444
1.6,0.6359454,0.19520517,0.029372096,0.012964088,0.01064785,0.008094635,0.0038608394,0.006126073,-0.0045397314,0.0015798591548680154,-0.006371891518017174,0.057454163114045366,-0.00025656557,-0.0006063995,0.00023815289,16.152365,-1.0,0.986742,0.13492763,0.12770587,0.13348117,0.12900677
1.7000000000000002,0.6346413,0.19609466,0.031374514,0.011456054,0.0109981485,0.0081468,0.0011295687,0.0037019637,0.0048419456,0.0015822578328111422,-0.006325738747013722,0.057477947999446936,-1.37633215e-05,-0.0001300121,0.000179103,16.146364,-1.0,0.98402977,0.1623224,0.15568957,0.16098759,0.15708113
1.8,0.63238186,0.19668444,0.033031136,0.009354624,0.011449511,0.008090991,0.0059125065,0.0063401978,0.00052200624,0.0016070033672428978,-0.006213433447232485,0.05746949959096537,-9.1405294e-05,4.2064767e-05,-0.0013249317,16.146364,-1.0,0.98402977,0.19486302,0.18792015,0.19324021,0.18948312
1.9000000000000001,0.6289478,0.1977741,0.03477128,0.0065483213,0.01203611,0.008043326,0.00028277462,0.0004034109,-0.00149291,0.0016031716826879975,-0.006114827157394938,0.05747230976104516,-0.0009241331,-0.0001358375,-0.00090687873,16.140366,-1.0,0.98120594,0.22716036,0.21960586,0.22561382,0.22109585
2.0,0.6251241,0.19872801,0.03633055,0.0033893203,0.01254087,0.008275983,-0.00050320517,0.0018888366,0.0020931473,0.0016179257927040353,-0.006001359056888412,0.05746593489677415,-0.00022159463,0.0008279048,-0.00097654085,16.140366,-1.0,0.98120594,0.2643909,0.25649863,0.26232186,0.2584432
2.1,0.6212933,0.19914311,0.037598163,0.0006399758,0.0123751005,0.008417004,-0.003581417,0.00028423162,-0.004390254,0.0016306081145293907,-0.0059270612802055376,0.05747555147097454,-0.0005820615,0.0001980758,-0.00020457729,16.140366,-1.0,0.98120594,0.3011805,0.2922764,0.29913557,0.29431742
2.2,0.6175348,0.19949618,0.03838992,-0.0020980302,0.012228145,0.008325983,-0.0053536147,0.009578823,-0.0033476388,0.0016279864820511565,-0.00583729842008753,0.05749524164725054,0.00017321421,-6.836915e-05,0.0011828522,16.134365,-1.0,0.9782896,0.34321374,0.33335513,0.34065253,0.3360619
2.3000000000000003,0.614337,0.19920589,0.038481653,-0.004144296,0.01131664,0.0078087635,0.0018878854,0.0071614394,0.0018794088,0.001591657681569261,-0.0057817375965448226,0.05749510231379526,-0.0006426336,-8.8881934e-05,0.00042879814,16.128366,-1.0,0.9752989,0.3836977,0.37375784,0.381473,0.37603664
2.4000000000000004,0.6114959,0.19812985,0.03855881,-0.005917938,0.00959954,0.007859818,-0.0033205212,-0.0044370578,-0.0012964009,0.0015317473428469418,-0.005736419161378531,0.05751071171372873,0.00047737494,-0.0003231534,0.00020313963,16.128366,-1.0,0.9752989,0.39628974,0.38532552,0.39381504,0.38796747
2.5,0.60881203,0.19675924,0.03894162,-0.007364586,0.007786043,0.007942381,0.0019814505,0.0019248322,0.00039394942,0.0014573206570526126,-0.005723233154120089,0.05748234546645876,-0.00090321456,-0.00083382515,-0.00088970334,16.128366,-1.0,0.9752989,0.4093624,0.39805695,0.407205,0.40017468
2.6,0.60664034,0.19525349,0.039629772,-0.008122498,0.0057229907,0.007970667,-0.0011427837,-0.0016894218,0.0010114162,0.0014219564243939514,-0.0057079733021115344,0.057441083755879384,0.0010908144,-4.797653e-05,-0.00072880805,16.122366,-1.0,0.97224617,0.42260996,0.4098905,0.41945538,0.41281155
2.7,0.6056014,0.19414957,0.040122494,-0.008152018,0.004529543,0.007866194,0.0076830797,0.0007392209,0.00018719582,0.0013742084471210498,-0.005743554946309561,0.05742621239763766,0.00059505564,-0.0007000243,-0.00051758817,16.116367,-1.0,0.9691429,0.43731204,0.42350045,0.43409896,0.42655712
2.8000000000000003,0.6056611,0.19367705,0.04068692,-0.007325988,0.0036856192,0.007816973,-0.00063121296,-0.0026444085,0.003853347,0.0013622124966895218,-0.005796015861157967,0.0574265674728581,2.0372172e-05,-0.00020323585,0.00034999684,16.116367,-1.0,0.9691429,0.45107844,0.43681654,0.4482323,0.4396075
2.9000000000000004,0.60616416,0.19409427,0.04053712,-0.006327902,0.0038487897,0.0075582373,-0.0037333446,0.0017614329,0.0031883826,0.0013978273189498055,-0.005843561065790633,0.05743037008882003,0.0004552208,0.00018538,0.0005959006,16.110367,-1.0,0.96599865,0.46696788,0.45194578,0.4638313,0.45506614
3.0,0.606402,0.19489422,0.039779425,-0.005054407,0.0045948313,0.007118896,-0.001219485,-0.000746319,0.0036461276,0.0014042155349005437,-0.005870153544695558,0.057438321647685524,-0.00086187664,0.0006826482,0.0005364936,16.110367,-1.0,0.96599865,0.4817595,0.46616858,0.47855046,0.4694353
3.1,0.60630363,0.19588345,0.038275316,-0.004481365,0.0052047814,0.0065538776,-0.0037010103,0.0016010662,-0.00021141021,0.0014436695108504427,-0.005896569125017631,0.05745928522751629,0.00029684708,0.00032878213,-0.00015914757,16.110367,-1.0,0.96599865,0.49929667,0.48233324,0.4952787,0.48642918
3.2,0.60596055,0.19678503,0.03614746,-0.0040665376,0.005723212,0.0058219912,-0.0035438333,0.00041918608,0.0013872049,0.0014770177870863307,-0.005925907415445802,0.05747489079668827,-0.00051488634,-0.0012002755,-1.145323e-06,16.104368,-1.0,0.9628191,0.5153626,0.4973429,0.51162124,0.501142
3.3000000000000003,0.60510373,0.19747178,0.034231454,-0.0038972558,0.00614861,0.0052084248,-0.0022437815,0.0006593145,-0.0010370276,0.0015130768211381862,-0.005904185519012164,0.05751448086355492,0.00025895858,0.00047443708,0.00039084576,16.098368,-1.0,0.9596119,0.53398347,0.5151907,0.5295888,0.519783
3.4000000000000004,0.6039963,0.19812004,0.032707646,-0.0042522424,0.006621526,0.0048083067,-0.0017721485,0.0033274463,-0.010738614,0.0015352336751779435,-0.005888377901932479,0.05751867342364685,-0.00039123918,-0.0002094552,0.0006035616,16.098368,-1.0,0.9596119,0.551958,0.5325797,0.5476179,0.536988
3.5,0.60282946,0.19898815,0.031311095,-0.0048706857,0.007257683,0.0043735923,-0.008244383,0.005717838,-0.0055362466,0.001556247741505988,-0.005922825613315855,0.057538346591269274,-0.00063694257,-0.0008658577,0.00054875115,16.098368,-1.0,0.9596119,0.5710539,0.5509426,0.5667282,0.55536276
3.6,0.6015453,0.20006873,0.029881254,-0.0053316522,0.008018725,0.003979045,0.0022812854,0.0063193655,-5.587935e-05,0.0015962781408966798,-0.00590875968562977,0.05753687328929594,0.0004284666,0.00028636263,-0.0001830669,16.09237,-1.0,0.9563818,0.5894751,0.5681476,0.58419335,0.57349753
3.7,0.6005058,0.20121142,0.028029054,-0.00567238,0.008677814,0.003348094,0.000385211,0.00777521,-1.6298143e-05,0.0016079097877188529,-0.005874634651023741,0.05753700503087116,7.775888e-05,0.00038925032,1.6055415e-05,16.086369,-1.0,0.9531355,0.6109402,0.5886959,0.60541636,0.5942169
3.8000000000000003,0.59910625,0.20248902,0.025658771,-0.006488449,0.009545994,0.002954674,-0.00018050012,0.002493707,-0.0017080455,0.001657787749346914,-0.0058074442839066215,0.05757503002279722,-0.0006044774,-0.00020422554,0.0010170846,16.086369,-1.0,0.9531355,0.6301157,0.60711926,0.624643,0.6128692
3.9000000000000004,0.59702605,0.20370132,0.023556605,-0.007703433,0.010593327,0.0027053845,0.0047929967,-0.0004737112,0.0045420597,0.001715848216139253,-0.005765734269676816,0.05758410111174957,-5.9080885e-05,2.2315458e-05,-9.401876e-05,16.08037,-1.0,0.949872,0.6530544,0.62926275,0.6469768,0.63548267
4.0,0.5948477,0.20478006,0.022138283,-0.008960355,0.011597696,0.0025308104,0.00090973295,0.0062687765,-0.0019171274,0.0017542324281669265,-0.005739717994336688,0.05759008040540207,0.00015870183,-0.00033366555,-0.00013554197,16.08037,-1.0,0.949872,0.6738388,0.648642,0.66687953,0.6556208
4.1000000000000005,0.59262323,0.20553043,0.020414948,-0.010222774,0.012412595,0.0022794148,-0.0029137516,0.002121409,0.00965828,0.0017923536192690894,-0.005728891970654328,0.05759242160748631,0.000103327155,-0.00091128284,-0.00094111415,16.07437,-1.0,0.94659424,0.72786796,0.70196426,0.7206319,0.7092282
4.2,0.5912721,0.20594321,0.018870234,-0.015007107,0.0117107015,-0.0011124378,-0.09176925,-0.0465745,-0.082785256,0.0017792962382326782,-0.0049960046218299635,0.05746789249831374,-0.002182761,0.025281828,-0.0058923396,16.07437,-1.0,0.94659424,0.74408144,0.7284619,0.7371073,0.73454607
4.3,0.5902265,0.20577468,0.016139701,-0.018495604,0.009662004,-0.030031675,-0.050082937,-0.012345328,-0.44090438,-0.00029789598754910185,0.0006625089573470415,0.056688503280973544,-0.02621852,0.058649573,-0.006859659,16.07437,-1.0,0.94659424,0.7547514,0.75602597,0.75267464,0.7528644
4.4,0.58921635,0.20508015,0.007894248,-0.026712356,0.005536739,-0.09347989,-0.10989647,-0.04871333,-0.7055606,-0.0024123020828344228,0.005233808983346904,0.05613559981694128,-0.014538262,0.032398764,-0.0050941464,16.06837,-1.0,0.94330883,0.75975275,0.76240957,0.7577792,0.7591024
4.5,0.58820873,0.2032621,-0.007336214,-0.036729142,-0.0004985434,-0.1681323,-0.11870627,-0.049422607,-0.79833573,-0.0032881937174154053,0.006812954717905699,0.055815053067920194,-0.0036279494,0.0039736484,-0.0021697022,16.06837,-1.0,0.94330883,0.7671728,0.7682419,0.76574594,0.7656185
4.6000000000000005,0.5866065,0.2002132,-0.033374995,-0.047920126,-0.008023375,-0.2575754,-0.11692581,-0.04881442,-0.8778446,-0.003216530007372112,0.006263147967925477,0.055715884906519235,0.006045864,-0.012114788,-0.00045828102,16.06237,-1.0,0.94001484,0.7651136,0.76570165,0.7640693,0.7642044
4.7,0.58328426,0.19634275,-0.06965417,-0.0582554,-0.014905272,-0.35042194,-0.10067448,-0.0503565,-0.8743209,-0.0022736130293802338,0.004543464890809987,0.05579994258198086,0.012688311,-0.02182213,0.0006289873,16.056372,-1.0,0.93670845,0.76915824,0.7689109,0.76845855,0.76846546
4.800000000000001,0.5786032,0.19224176,-0.1116811,-0.06614483,-0.01977822,-0.43701836,-0.074584164,-0.024570825,-0.8972105,-0.0009032845433653361,0.0021083992682763945,0.05594373893474796,0.015144321,-0.027038755,0.001072281,16.056372,-1.0,0.93670845,0.7640157,0.76481915,0.7638083,0.76450866
4.9,0.572051,0.1875971,-0.16633129,-0.072050124,-0.0228413,-0.5294543,-0.03393108,-0.002428589,-0.861803,0.0006711244268665564,-0.0011638729659615816,0.056077068300078546,0.017688604,-0.036738485,0.0006188317,16.050371,-1.0,0.933403,0.76808643,0.76825666,0.7672008,0.7685858
5.0,0.56495804,0.18341012,-0.22536999,-0.074097954,-0.023522198,-0.6141133,0.004011066,0.01732827,-0.86849874,0.0023589999098878704,-0.005672123020664651,0.05626363128396165,0.018881327,-0.05394606,0.0014256868,16.050371,-1.0,0.933403,0.7621296,0.7634136,0.76166815,0.763676
5.1000000000000005,0.5570301,0.17900464,-0.29835558,-0.070485994,-0.02163784,-0.7048581,0.076992676,0.036004968,-0.852168,0.0042962321209053375,-0.013121077520021375,0.05644655610050089,0.021579167,-0.10123934,0.0012216525,16.044373,-1.0,0.9300947,0.76448905,0.77105737,0.76447934,0.7709655
5.2,0.5503823,0.17541917,-0.37425607,-0.056616906,-0.017309409,-0.78537065,0.21931832,0.06295052,-0.67762,0.006385929786987228,-0.02848275730423531,0.056498919953687624,0.019248674,-0.18801783,0.0013414342,16.044373,-1.0,0.9300947,0.7489695,0.74526876,0.74777293,0.7457291
5.300000000000001,0.545982,0.17274544,-0.46322972,-0.023677005,-0.009729444,-0.8219803,0.3811878,0.08393716,-0.049918886,0.007893596533171518,-0.045190992578392555,0.05655696885055722,0.011574644,-0.12759234,0.0020928602,16.038372,-1.0,0.92677784,0.727783,0.722006,0.7276899,0.72185427
5.4,0.54591095,0.17148282,-0.5454246,0.016526949,-0.0010272233,-0.80214465,0.4252538,0.09386466,0.434251,0.008962936321346936,-0.05200037406684117,0.056640218922849185,0.011586173,-0.013043822,0.0021766268,16.038372,-1.0,0.92677784,0.7064036,0.69544995,0.7065022,0.69589067
5.5,0.5502913,0.17103583,-0.62279004,0.05702887,0.00819886,-0.75478387,0.3798438,0.1031673,0.48747844,0.010114735551696273,-0.04601299040995644,0.056690166540465436,0.010719804,0.111957304,0.0013104792,16.038372,-1.0,0.92677784,0.7148141,0.70463556,0.7122308,0.7082033
5.6000000000000005,0.5602256,0.17130293,-0.7008141,0.09144565,0.017972592,-0.72321945,0.22765797,0.09045779,0.16019027,0.008818867027875049,-0.028427004132655635,0.05664365933643056,-0.028781729,0.22552986,-0.00012636032,16.032373,-1.0,0.9234581,0.72247034,0.7157983,0.72209483,0.71700114
5.7,0.5737105,0.17217153,-0.7762456,0.104164734,0.023509564,-0.71877724,-0.036554568,0.0392123,-0.020365695,0.005374788144271305,-0.0015193663224949477,0.05650382312111641,-0.034037724,0.29900825,0.00039941425,16.026373,-1.0,0.9201307,0.7294825,0.73051554,0.7302891,0.73011994
5.800000000000001,0.5863013,0.17279989,-0.84570384,0.08868168,0.023378216,-0.7198259,-0.3197594,-0.0056315013,0.00028870997,0.002277235832597889,0.02729304843960677,0.05621730042918872,-0.025409004,0.25509804,0.00062318513,16.026373,-1.0,0.9201307,0.7207979,0.7298459,0.7210459,0.7294565
5.9,0.5959653,0.1731951,-0.9208462,0.046223655,0.018836293,-0.71648335,-0.50464594,-0.04243213,0.05407538,5.468047035567599e-05,0.04537350065060845,0.055982390772239043,-0.017863551,0.11624879,0.0004891607,16.020374,-1.0,0.91680336,0.72290885,0.7316253,0.7226149,0.7317314
6.0,0.59891987,0.17344119,-0.989218,-0.0041433834,0.012952123,-0.7103174,-0.5365643,-0.055817336,0.06464729,-0.0019793895837185017,0.0486617874207235,0.055944827531892484,-0.025201147,-0.03637543,0.0007830045,16.020374,-1.0,0.91680336,0.71825784,0.72863966,0.71824443,0.728721
6.1000000000000005,0.59535474,0.17323415,-1.061695,-0.055337436,0.004557709,-0.7017374,-0.41144794,-0.08237107,0.1032818,-0.004853578316866472,0.03638857362065614,0.056211810985200734,-0.028940475,-0.19345531,0.0007230852,16.014374,-1.0,0.913476,0.7213735,0.7303063,0.72605425,0.7263072
6.2,0.5872457,0.17197755,-1.1276715,-0.08556589,-0.00428047,-0.69359815,-0.19603862,-0.063637964,0.056153625,-0.003922847789896487,0.013570549724779337,0.05668426881814039,0.04247909,-0.22230363,-0.000847848,16.014374,-1.0,0.913476,0.7255278,0.71767086,0.727206,0.71608305
6.300000000000001,0.57566065,0.16945036,-1.1981428,-0.097612195,-0.00901628,-0.684477,-0.025402302,-0.008393632,0.091749705,0.001046890525857293,-0.002091058906799405,0.057190417132317595,0.04449924,-0.11202576,-0.0014085782,16.008375,-1.0,0.9101486,0.7286176,0.7237187,0.7272729,0.72486025
6.4,0.5641961,0.1670209,-1.26187,-0.09812645,-0.008621853,-0.67543185,0.049270213,0.02953409,0.08654361,0.00441683966166743,-0.010455776871674241,0.05764671427690044,0.026073977,-0.06816769,-0.0003067555,16.008375,-1.0,0.9101486,0.7220682,0.7190517,0.7210499,0.7198907
6.5,0.5532193,0.16515122,-1.3243974,-0.092626736,-0.005469213,-0.6645179,0.093335055,0.053627197,0.12528244,0.006227159542746895,-0.015665541996104586,0.05802548651498948,0.012146199,-0.04162927,0.001029345,16.008375,-1.0,0.9101486,0.7256811,0.7236505,0.72541124,0.724068
6.6000000000000005,0.5427822,0.1641576,-1.3906091,-0.08211181,-0.0004105618,-0.6512576,0.12312168,0.058736145,0.11485582,0.007002933170111504,-0.01872594304661527,0.05821554375934546,0.003972668,-0.024161879,-0.00054375647,16.002375,-1.0,0.90682125,0.7201922,0.71877944,0.7198676,0.7191045
6.7,0.5341078,0.16453545,-1.4552339,-0.0687115,0.00582325,-0.63649666,0.14392841,0.06109888,0.14052725,0.007090807000229526,-0.020332193082749098,0.058272063817065324,-0.00078695145,-0.0110461395,0.00031867408,15.996375,-1.0,0.90349483,0.7244511,0.7229548,0.7237148,0.72354376
6.800000000000001,0.52773374,0.16608123,-1.5135409,-0.055209156,0.011747501,-0.6220997,0.14846148,0.060234405,0.13591348,0.006721090686869936,-0.020992024535365326,0.05822486456920591,-0.0052699624,-0.0022330522,-0.00012480663,15.996375,-1.0,0.90349483,0.7191834,0.718278,0.7187135,0.71849966
6.9,0.5227034,0.16904251,-1.5759138,-0.039758064,0.018156607,-0.6052573,0.14529137,0.056002684,0.16180797,0.00599580346671753,-0.0208686047684084,0.05811788910585418,-0.009979811,0.0041559683,0.00037140946,15.9903755,-1.0,0.90016747,0.7225887,0.72266716,0.72300947,0.7219043
7.0,0.5199977,0.17275773,-1.6325059,-0.025684444,0.023499578,-0.5890232,0.13716327,0.043119673,0.15973718,0.005038854692386082,-0.02020742724294441,0.05802815887792889,-0.009599867,0.009578397,-0.00022950892,15.9903755,-1.0,0.90016747,0.71808773,0.71681875,0.71718484,0.71746224
7.1000000000000005,0.5190206,0.17792402,-1.6921216,-0.010727538,0.028594302,-0.56929445,0.1280254,0.027246352,0.19163823,0.0038787620812109637,-0.01909153770267125,0.05800872728408259,-0.01315286,0.012612689,-7.285958e-05,15.984376,-1.0,0.8968401,0.72132397,0.721141,0.7213702,0.7211865
7.2,0.51948476,0.18304229,-1.7456553,0.0013345893,0.0320652,-0.54455775,0.115626276,0.016920421,0.4115356,0.002459669823158165,-0.01788758514052549,0.057967865584505854,-0.018982664,0.010469906,0.00015874564,15.984376,-1.0,0.8968401,0.7022899,0.7030279,0.70184696,0.70338905
7.300000000000001,0.5210123,0.18820676,-1.7988619,0.0127557665,0.033120196,-0.4753995,0.09226841,-0.009295248,0.8697211,0.00019970612009835548,-0.017411929585995873,0.05797749284163058,-0.022768067,0.0030842184,0.00023682545,15.978376,-1.0,0.8935127,0.6811036,0.6808046,0.68152654,0.6804346
7.4,0.52352756,0.19244516,-1.8386785,0.022375077,0.031837344,-0.3703498,0.08735137,-0.0247265,1.2607108,-0.0018430396356642449,-0.01686291573748242,0.058015140066171506,-0.01814286,0.006904765,0.00048598336,15.978376,-1.0,0.8935127,0.6647961,0.6653329,0.66526324,0.665062
7.5,0.5271213,0.19590113,-1.8663427,0.031394683,0.028719125,-0.25175238,0.08708638,-0.04077211,1.0340348,-0.003355050792790061,-0.01609590879905258,0.058029261656716104,-0.012348753,0.009138617,0.00041255166,15.978376,-1.0,0.8935127,0.6865483,0.6867444,0.6866553,0.6866579
7.6000000000000005,0.5322501,0.19880797,-1.8844994,0.041396197,0.023825385,-0.17140333,0.078929424,-0.046175946,0.52185076,-0.0043753212332763676,-0.015083191383880302,0.05801693898952344,-0.007493393,0.010637116,0.00030814513,15.972377,-1.0,0.89018536,0.7094415,0.70860654,0.7097033,0.708148
7.7,0.5381754,0.20084716,-1.8960546,0.050392766,0.017377911,-0.13770361,0.07241762,-0.059982613,0.12364377,-0.0048350505059121035,-0.013271080112353142,0.05800571630781637,0.0003010572,0.023386976,-0.00034768897,15.966377,-1.0,0.8868551,0.7251682,0.7262348,0.7261799,0.72495085
7.800000000000001,0.54395616,0.20210928,-1.9055206,0.056932632,0.011391699,-0.13879523,0.048834406,-0.05431847,-0.15285471,-0.004079590721032891,-0.010736333927423685,0.058027220055833766,0.011623138,0.025429195,0.00023947442,15.966377,-1.0,0.8868551,0.73659027,0.7370926,0.7370941,0.7366105
7.9,0.5502004,0.20304637,-1.9182898,0.06079025,0.006144847,-0.1628534,0.018209197,-0.04364749,-0.29936337,-0.002818613313582576,-0.008196529543662408,0.0580757121316767,0.012260766,0.025221372,-0.000113896596,15.960378,-1.0,0.88352203,0.7418964,0.7430656,0.7423546,0.74281555
8.0,0.55555147,0.20380981,-1.9340276,0.061428152,0.0028762885,-0.19074008,0.0015747681,-0.033033837,-0.27717182,-0.001603427293924628,-0.0060060780862492575,0.05806756613877377,0.0116106095,0.018471928,-0.00032096182,15.960378,-1.0,0.88352203,0.7381427,0.7378862,0.73770124,0.73821896
8.1,0.56063455,0.20422696,-1.9531075,0.059875034,0.00040429737,-0.20987077,-0.01846971,-0.022377903,-0.14957319,-0.0008411163677544123,-0.004495834668797048,0.05811452658410729,0.0033705125,0.009909989,0.00083872804,15.960378,-1.0,0.88352203,0.73253447,0.733439,0.7329154,0.7331494
8.200000000000001,0.5662815,0.2034925,-1.9761676,0.0577152,-0.0023750337,-0.21900053,-0.02538415,-0.023405874,-0.035804227,-0.0005690638797668892,-0.003869197083813538,0.05817934866958282,0.0030599425,0.0061477115,0.0014374728,15.954378,-1.0,0.8801899,0.7281605,0.7287543,0.72864914,0.728701
8.3,0.5720204,0.20211509,-2.0004416,0.055017363,-0.0052392455,-0.21967483,-0.026311463,-0.01706201,0.028911976,-0.00021667765798284372,-0.003321546619652742,0.05820108019956851,0.004288846,0.004291576,0.00040214718,15.948379,-1.0,0.8768568,0.72629595,0.7263694,0.726664,0.7263554
8.4,0.5768158,0.2009604,-2.0226898,0.05153703,-0.007135167,-0.21478198,-0.04516099,-0.008260613,0.06965501,0.0002753021886622729,-0.0028469222302138775,0.05821239178983278,0.0054003755,0.0047032684,-0.00019221347,15.948379,-1.0,0.8768568,0.7237853,0.7244737,0.7239849,0.7245464
8.5,0.5813197,0.1999651,-2.0441842,0.047899462,-0.008558229,-0.20691685,-0.028609082,-0.009273832,0.103374936,0.0007171817530311694,-0.002549901032193732,0.05820526741857839,0.0035735096,0.00045857223,0.00034284982,15.948379,-1.0,0.8768568,0.7238898,0.7240039,0.72414374,0.7238556
8.6,0.5861549,0.19856036,-2.0663166,0.044187594,-0.009707475,-0.19703072,-0.03912852,-0.0074197818,0.10452,0.0010485215139894272,-0.002470076377039986,0.05820427246430644,0.0030121177,0.00038913087,0.00053839636,15.942379,-1.0,0.87352467,0.7232191,0.7233798,0.7236189,0.7231085
8.700000000000001,0.59068555,0.19730291,-2.0866055,0.040568355,-0.010368546,-0.1863569,-0.042235285,-0.0027045647,0.101360954,0.0013925502999951374,-0.0023303276328544287,0.05823972050296651,0.0029648787,0.0024335803,0.0003278082,15.936379,-1.0,0.8701925,0.72387534,0.7243913,0.7241265,0.72448367
8.8,0.59398186,0.19680598,-2.1039457,0.036703836,-0.009975026,-0.17737804,-0.033601817,0.0026647751,0.08451985,0.0017659100294928774,-0.0021680983940037366,0.05820185805884829,0.004319859,0.0016039419,-0.0011777267,15.936379,-1.0,0.8701925,0.7244952,0.72393405,0.7234687,0.72498816
8.9,0.5968127,0.19711412,-2.1203566,0.032696575,-0.008844455,-0.16977106,-0.03448242,0.0031719217,0.06824452,0.0019502858474439576,-0.0022164430312756594,0.058152783171429204,-0.00019043367,-0.0007628497,-0.0002865881,15.936379,-1.0,0.8701925,0.7247719,0.72526735,0.72465587,0.72510064
9.0,0.5997009,0.1979168,-2.1376805,0.028745752,-0.007280313,-0.1615963,-0.035972007,-0.0013433545,0.077249944,0.0018226162457468337,-0.0022826272363747637,0.058134273525541846,-0.002604664,-0.0006640812,-0.00020341692,15.93038,-1.0,0.86685944,0.72458166,0.7247539,0.7246097,0.72448653
9.1,0.6022276,0.19892532,-2.1530309,0.025029937,-0.005965378,-0.15471512,-0.03693145,0.003082403,0.06740726,0.0016014670766145752,-0.0023992168350797424,0.0581057864397455,-0.0027517942,-0.0016896382,-0.0005497424,15.93038,-1.0,0.86685944,0.7254908,0.7251328,0.7250648,0.7252646
9.200000000000001,0.60476565,0.20044364,-2.1687512,0.021176595,-0.004546846,-0.14728177,-0.035057105,-0.0066859988,0.066455446,0.0012591875508722386,-0.0025650457046145743,0.05810300426354799,-0.0038888473,-0.0010758066,-0.0005617497,15.92438,-1.0,0.8635273,0.7248574,0.7249339,0.7245472,0.72502047
9.3,0.60724825,0.20188643,-2.1834226,0.017910315,-0.0035567482,-0.14021702,-0.041296687,-0.009378805,0.05906913,0.0008012518155989118,-0.0027627127762243353,0.0581423532474812,-0.005657372,-0.002341858,-0.00048039766,15.918381,-1.0,0.8601942,0.725685,0.72574806,0.7259956,0.7255104
9.4,0.6097079,0.20306201,-2.196229,0.015527604,-0.003459943,-0.13426018,-0.03556792,-0.006411524,0.058489382,0.00033232503415922424,-0.0028849285777359326,0.058165208800467855,-0.0040118108,-0.0006872811,8.7544766e-05,15.918381,-1.0,0.8601942,0.7252141,0.7252964,0.72520596,0.72545403
9.5,0.6119491,0.20400698,-2.2084236,0.013216093,-0.003362243,-0.12841977,-0.029304449,-0.013335082,0.060105693,-3.666798766385882e-05,-0.0029477376341501722,0.05817616761855255,-0.004359288,-0.0013662693,0.0004879264,15.918381,-1.0,0.8601942,0.7261995,0.72622335,0.7265682,0.7260394
9.600000000000001,0.6141228,0.2046164,-2.2213259,0.010455988,-0.0041031335,-0.12288466,-0.029679134,-0.01575694,0.041423827,-0.0003641230341909926,-0.003021938529466334,0.05818278599124555,-0.0030823476,-0.00025151897,-0.00045459505,15.912381,-1.0,0.85686207,0.72533506,0.72567004,0.7256395,0.7255418
9.700000000000001,0.6158907,0.20458902,-2.2340837,0.007429083,-0.005515016,-0.117468044,-0.032999802,-0.027855722,0.059660055,-0.0005552587013713962,-0.0030645766331332627,0.05817624323213274,0.00024162364,-0.0005539034,-0.0001451608,15.906382,-1.0,0.853529,0.7263321,0.72612065,0.72605014,0.7265204
9.8,0.61725825,0.20372234,-2.2451658,0.0049277535,-0.007536782,-0.11248837,-0.02350787,-0.01912477,0.045585908,-0.0005886874897981263,-0.003213104170940366,0.058168733724759406,0.00018408353,-0.0027523753,-0.00038556612,15.906382,-1.0,0.853529,0.7253112,0.7255488,0.7258447,0.7250692
9.9,0.6181093,0.2023169,-2.2554178,0.0024161814,-0.009900767,-0.107335664,-0.02795313,-0.020627841,0.051761042,-0.00043885176586051534,-0.0033826857211298237,0.058131694537134036,0.00291855,-0.0011608567,-0.00123009,15.906382,-1.0,0.853529,0.7265166,0.72681344,0.7263658,0.7267673
10.0,0.61820996,0.20001024,-2.2659383,-0.0005044616,-0.012391202,-0.10233647,-0.022072224,-0.015456665,0.04150625,-5.528676357993345e-05,-0.0036046734488875205,0.05811185312056842,0.004807617,-0.003755147,-0.00065437483,15.900382,-1.0,0.85019684,0.72606844,0.72564965,0.72592753,0.72558695
10.100000000000001,0.6173096,0.19698212,-2.2757554,-0.0033935565,-0.01466964,-0.097535856,-0.022352627,-0.008834995,0.04114676,0.0004628035420713473,-0.003969526771289463,0.05811956129271613,0.005940994,-0.0038055032,-0.00010666168,15.894382,-1.0,0.84686375,0.7269453,0.72730577,0.7270072,0.7272417
10.200000000000001,0.6161171,0.19428284,-2.2842312,-0.0056993393,-0.016024414,-0.09389038,-0.017971965,0.00069091807,0.034379303,0.001119235516386033,-0.004427211685829082,0.058151697161409575,0.007342031,-0.0050439886,-0.0010171101,15.894382,-1.0,0.84686375,0.7260561,0.7259613,0.72577226,0.72645307
10.3,0.6145519,0.1918428,-2.292963,-0.00740113,-0.016322283,-0.09001448,-0.008197308,0.00111387,0.03422424,0.001759768089008368,-0.00501045858119578,0.05816468078000576,0.004326982,-0.0073549747,-0.00043395252,15.888383,-1.0,0.8435316,0.7273934,0.727453,0.72801536,0.7270363
10.4,0.61262286,0.19034086,-2.3008971,-0.008755978,-0.015283789,-0.086856626,-0.006170816,0.013916077,0.022787133,0.002286226087862225,-0.005544582033477355,0.05815941066925235,0.0042055277,-0.0043786494,-0.0006628274,15.888383,-1.0,0.8435316,0.7257821,0.7262415,0.7256238,0.7264947
10.5,0.6102474,0.18924098,-2.3091908,-0.009651253,-0.013848575,-0.08358559,0.0109027475,0.01090632,0.044598706,0.0025793308173456125,-0.0060711269699587145,0.05811594033377231,0.0013187465,-0.0054552183,-0.00026658885,15.888383,-1.0,0.8435316,0.7273376,0.72753906,0.7272043,0.72755957
10.600000000000001,0.6071345,0.18895206,-2.3180652,-0.010787848,-0.011700453,-0.08024772,0.006898355,0.013446962,0.03789877,0.0026384479386987168,-0.006699462064575486,0.058088816557448915,-0.000557489,-0.0065247566,8.650386e-05,15.882383,-1.0,0.8401995,0.7252919,0.7255208,0.72521526,0.72541267
10.700000000000001,0.6035848,0.18946762,-2.32684,-0.01131032,-0.009015018,-0.07588966,0.017170882,0.019612907,0.047046687,0.00253115338503079,-0.007334934158818958,0.058118171915837534,-0.002346557,-0.0062462394,-0.0005009787,15.876384,-1.0,0.8368664,0.7271388,0.72700983,0.72699773,0.7272446
10.8,0.6003679,0.19052294,-2.3350468,-0.011147526,-0.0063888347,-0.0716557,0.022719692,0.017481247,0.046398487,0.0022150364512021885,-0.007974212663675947,0.05807794077029054,-0.0039921356,-0.006556525,-0.0003856453,15.876384,-1.0,0.8368664,0.72552335,0.725106,0.7249157,0.7255258
10.9,0.5972568,0.19195643,-2.3431926,-0.010040991,-0.004222768,-0.06751359,0.022288255,0.0054933303,0.05224626,0.0017279014302917014,-0.008579042199488275,0.058051303348794984,-0.0058606155,-0.0065692845,-0.0007468758,15.876384,-1.0,0.8368664,0.7270485,0.7264769,0.72680414,0.7264018
11.0,0.59338385,0.19401607,-2.3519096,-0.00902067,-0.0020546122,-0.062666744,0.032994334,0.0020409524,0.04958454,0.0011876314278686268,-0.009064381729112,0.058047524208004075,-0.00682728,-0.0051087514,0.00018610635,15.870384,-1.0,0.83353424,0.72503895,0.72541565,0.72513986,0.72510755
11.100000000000001,0.58990115,0.19630346,-2.3599448,-0.0072454596,-0.00015433214,-0.05759765,0.036857087,0.00056611537,0.057348046,0.0005681737011460134,-0.00953254357343269,0.058039673458594475,-0.0069104927,-0.0054368917,-6.7216155e-05,15.864385,-1.0,0.83020115,0.7265404,0.7266373,0.7266116,0.72636724
11.200000000000001,0.5873471,0.1982199,-2.3666682,-0.0050158394,0.00055810506,-0.053243265,0.03619676,-0.013379513,0.042603347,-6.763686499406563e-05,-0.0099496109675835,0.05805809330313171,-0.005825851,-0.0048812553,0.00011572988,15.864385,-1.0,0.83020115,0.7258884,0.725361,0.72565037,0.7256109
11.3,0.5853422,0.1999007,-2.3732982,-0.0020585838,0.00050826796,-0.048481323,0.04596804,-0.013076079,0.046907455,-0.0006319707828221611,-0.010240019702589745,0.058070272845562584,-0.0051060244,-0.0036109725,0.000308496,15.858385,-1.0,0.826869,0.7272564,0.7266216,0.72716767,0.7267521
11.4,0.58470863,0.20070708,-2.3786225,0.0012830703,-0.0004733442,-0.045097936,0.045830056,-0.015838278,0.03812322,-0.0010801220931787466,-0.010392562578978973,0.058076400352347055,-0.0034602399,0.0003417846,-5.1757568e-05,15.858385,-1.0,0.826869,0.7261423,0.72662723,0.72631776,0.726462
11.5,0.58537227,0.20051026,-2.3834028,0.0055483524,-0.0025114089,-0.04222596,0.045066435,-0.026075974,0.033002343,-0.00131858144038729,-0.010309913418365383,0.05809499688965569,-0.0010081228,0.0016135494,-0.00023922372,15.858385,-1.0,0.826869,0.72739047,0.7271851,0.7276713,0.7270289
11.600000000000001,0.5878725,0.19895639,-2.3879418,0.010665666,-0.0054529696,-0.039194837,0.03579124,-0.020380223,0.025496816,-0.0012862885001398738,-0.009949127915713625,0.05810391193771114,0.0016657481,0.005923924,9.41559e-05,15.8523855,-1.0,0.8235359,0.7268654,0.72737324,0.72718143,0.727139
11.700000000000001,0.5915208,0.19639882,-2.391838,0.01591615,-0.0086632455,-0.0368639,0.027955668,-0.018357519,0.017255543,-0.0009500303932933475,-0.009286301217853775,0.05806556517575604,0.0048793303,0.009146572,-0.00022576058,15.846386,-1.0,0.8202038,0.7276694,0.7281962,0.72791326,0.7277461
11.8,0.59536713,0.19345126,-2.3947139,0.019935321,-0.011701029,-0.035118543,0.020681165,-0.01629609,0.012446194,-0.00030927955194445865,-0.008313542878913983,0.05807756058631308,0.0072698006,0.011332201,-0.00031170424,15.846386,-1.0,0.8202038,0.72771555,0.72828835,0.72807306,0.72789437
11.9,0.59984684,0.19017614,-2.397335,0.023590326,-0.013818114,-0.034315776,0.011783819,-0.010631729,-0.00039348376,0.0005487414311877993,-0.007217914521311713,0.05810252545841491,0.009286859,0.011573565,0.00037715404,15.846386,-1.0,0.8202038,0.7285203,0.7280953,0.7285456,0.72822636
12.0,0.60509163,0.18635853,-2.4003286,0.026140606,-0.015588349,-0.033807214,0.0033692247,-0.0005662691,0.005258247,0.0014782774871701875,-0.0060769383125706565,0.058081351905430574,0.010101421,0.011667223,-0.00023241695,15.840386,-1.0,0.8168707,0.72853446,0.72798645,0.72827137,0.728179
12.100000000000001,0.6102443,0.18229912,-2.4035988,0.027030425,-0.01644007,-0.033948105,-0.015258433,0.011260486,-0.047319565,0.0023435766463515972,-0.005832744617624578,0.05809452873040903,0.0068978677,-0.0510033,-0.0003839492,15.834387,-1.0,0.81353855,0.6909097,0.7533483,0.6971245,0.7651186
12.200000000000001,0.61480963,0.17806017,-2.4074507,0.040694606,-0.016683225,-0.035501048,0.34743243,0.028718939,0.016305594,0.0014157295859897185,-0.04837719605579021,0.057134737321250975,-0.013001014,-0.5907858,-0.019750867,15.834387,-1.0,0.81353855,0.70829463,0.6986675,0.7493752,0.7442008
12.3,0.6237807,0.17329237,-2.411603,0.11004245,-0.015427264,-0.028206477,0.8851211,0.03331189,0.11173216,-4.591608256085903e-05,-0.10088694779011351,0.05320338846280653,-0.018759586,-0.4281441,-0.05470022,15.828387,-1.0,0.8102064,0.70864224,0.6928221,0.7558669,0.74020576
12.4,0.6417197,0.16965248,-2.4143481,0.21351865,-0.013417137,-0.016068999,1.1629659,0.036301658,0.13789487,-0.0007865110060690178,-0.12953512778949675,0.045740861866777116,-0.012321974,-0.17624046,-0.08866836,15.828387,-1.0,0.8102064,0.71336305,0.70192957,0.74872196,0.7369859
12.5,0.6723025,0.16643699,-2.4160466,0.33424565,-0.011398313,-0.004441153,1.2438229,0.035325624,0.11632079,-0.00029979828325800217,-0.13678323483114085,0.03555166777015761,-0.0064343065,0.0020368034,-0.10959233,15.828387,-1.0,0.8102064,0.719986,0.7152893,0.7382128,0.7325864
12.600000000000001,0.7206094,0.16339126,-2.4167671,0.4663293,-0.0090825,0.005447447,1.1830248,0.027568165,0.07881177,0.0007739940960239774,-0.1306233497193497,0.024111109198628765,-0.0037888058,0.10352288,-0.11414142,15.822388,-1.0,0.8068733,0.7280298,0.72679025,0.7290085,0.727469
12.700000000000001,0.78408426,0.1604591,-2.416082,0.5889431,-0.00790541,0.011700368,1.0406244,0.020245172,0.050607134,0.00183481252440061,-0.11774037583869221,0.012862976668964821,-0.0030499434,0.1484153,-0.106223874,15.816388,-1.0,0.8035412,0.73423177,0.736067,0.72156507,0.7225997
12.8,0.8538484,0.15757836,-2.4149122,0.68821985,-0.0074135824,0.014609114,0.8889578,0.010546881,0.030786263,0.0026426314725251847,-0.10229150259332184,0.0029379706369309744,-0.002081402,0.15980531,-0.09031064,15.816388,-1.0,0.8035412,0.7390293,0.7416142,0.7167774,0.7186963
12.9,0.931944,0.15383466,-2.4136348,0.77205515,-0.008121771,0.015581536,0.73333067,0.01584781,-0.0011334195,0.0031204173262489687,-0.08678290031612154,-0.004901147507614248,-0.0008682514,0.15278964,-0.066319324,15.816388,-1.0,0.8035412,0.74073136,0.74483407,0.7133295,0.7174075
13.0,1.0228148,0.1485652,-2.4117723,0.84480584,-0.00998812,0.015797898,0.5660229,0.013285644,-0.008739064,0.0033917597929386035,-0.07255782344509451,-0.010399318385605887,0.0011777155,0.13367121,-0.041999348,15.810389,-1.0,0.8002081,0.7413755,0.7450449,0.71325386,0.71663654
13.100000000000001,1.1180222,0.14258334,-2.4091024,0.9005472,-0.012042827,0.015563124,0.43537647,0.017456753,-0.011644791,0.00356911153191734,-0.06037863155930297,-0.013559703020717186,0.0015682426,0.112409234,-0.018830167,15.804389,-1.0,0.79687595,0.7393402,0.74476194,0.7139453,0.71823615
13.200000000000001,1.208979,0.136761,-2.4063945,0.93949175,-0.014022004,0.015091663,0.33835423,0.017913397,-0.015249475,0.0037785754499229155,-0.05046381717353656,-0.014617262096068664,0.0029808385,0.0887837,0.00043789155,15.804389,-1.0,0.79687595,0.73730487,0.7423344,0.7164212,0.7200789
13.3,1.3095448,0.12995511,-2.4034667,0.97073185,-0.016092489,0.01426151,0.25616586,0.018726273,-0.013113487,0.003970329568830067,-0.042643011793611775,-0.013909840174975449,0.004212507,0.069038086,0.017052554,15.798389,-1.0,0.79354286,0.7343662,0.73928356,0.7188357,0.7233006
13.4,1.4037614,0.12306106,-2.4010787,0.99203676,-0.017839452,0.01340669,0.20046537,0.024775395,-0.0088806255,0.004207689987417289,-0.03668231026389368,-0.011941910078028454,0.0049612494,0.05237929,0.02733538,15.798389,-1.0,0.79354286,0.73110753,0.7362147,0.72197914,0.7260493
13.5,1.4982911,0.11579018,-2.3991027,1.0074191,-0.019517692,0.012530423,0.14766005,0.027516572,-0.0090524545,0.004442894442731684,-0.03215240631192101,-0.00921617097695069,0.0046200566,0.03824666,0.03352007,15.798389,-1.0,0.79354286,0.7284151,0.73307985,0.7251299,0.7283129
13.600000000000001,1.6005131,0.1078688,-2.3969646,1.0181416,-0.020470705,0.011777619,0.11078132,0.025084881,-0.012172851,0.004722051680319968,-0.028954430677632703,-0.006324792154646348,0.005463788,0.027566263,0.032947186,15.79239,-1.0,0.7902107,0.72640777,0.730515,0.7269981,0.73085713
13.700000000000001,1.7018201,0.099464335,-2.3947902,1.024537,-0.02147907,0.011202608,0.08701574,0.035649672,-0.01599267,0.004962105199473294,-0.026507416253056665,-0.003274185698227712,0.003913936,0.018192919,0.031017656,15.78639,-1.0,0.7868786,0.7241024,0.72912085,0.72933435,0.7322464
13.8,1.7950122,0.09149241,-2.3927784,1.0278456,-0.022289792,0.010684042,0.07315541,0.03771613,0.0019036232,0.005173113872528639,-0.024948401765729596,-0.0007146239761023965,0.004066057,0.01004113,0.024934666,15.78639,-1.0,0.7868786,0.7232583,0.7276265,0.7305802,0.7332655
13.9,1.8879011,0.083652616,-2.3910627,1.0297031,-0.022788808,0.010234951,0.06549175,0.04077979,-0.002338085,0.005419712380054907,-0.023952588511327158,0.0012904297675623768,0.0032808813,0.0070707006,0.018877337,15.78639,-1.0,0.7868786,0.72235644,0.72747743,0.7309877,0.7339609
14.0,1.9879941,0.07511044,-2.3897777,1.0303234,-0.02302567,0.009498265,0.0580515,0.04068495,-0.0009713694,0.005609741776934138,-0.023368727447922424,0.002687804661737811,0.0026458981,0.0033292053,0.013061215,15.780391,-1.0,0.7835455,0.722348,0.72723174,0.73106086,0.7338859
14.100000000000001,2.0883546,0.06673299,-2.3893895,1.0306395,-0.023212254,0.008651316,0.04623635,0.03897941,-0.011269468,0.005803055821155036,-0.023062192525054093,0.003414512335906108,0.0028631948,-0.00033254374,0.0056836065,15.774391,-1.0,0.78021336,0.72300136,0.72725785,0.73087645,0.73304534
14.200000000000001,2.1820118,0.05956577,-2.3893604,1.031347,-0.022365427,0.007929292,0.040641364,0.04264958,-0.0028107313,0.005958745462677604,-0.02288851005820426,0.0035935994980482136,0.0018612377,0.0006998599,0.0005014873,15.774391,-1.0,0.78021336,0.7233431,0.72802526,0.729728,0.73256946
14.3,2.2845213,0.05278063,-2.3894305,1.0325377,-0.020645741,0.007367619,0.04569884,0.042363286,-0.009738839,0.006042328482179164,-0.022732661127308425,0.003351745425893403,0.00030531833,0.0015567839,-0.0034455198,15.768392,-1.0,0.77688026,0.7239202,0.7289951,0.72878784,0.73181885
14.4,2.3798692,0.047466975,-2.389411,1.0335286,-0.018498942,0.007056659,0.04448042,0.040972125,0.00048056242,0.0059807533521207875,-0.022503439671919694,0.002832251484567676,-0.0015769105,0.0017853437,-0.0056691966,15.768392,-1.0,0.77688026,0.7247426,0.7297084,0.7282283,0.730776
14.5,2.475872,0.042864136,-2.388702,1.034792,-0.016148627,0.0070865937,0.03696708,0.046919707,-0.0013969837,0.005787826729883648,-0.022222167286602437,0.002134248148130407,-0.0016083623,0.0026647954,-0.0073730345,15.768392,-1.0,0.77688026,0.7258316,0.7302735,0.72724134,0.7305096
14.600000000000001,2.5806503,0.03844556,-2.3869395,1.0365577,-0.014128734,0.007138606,0.03647863,0.03486423,0.0041727903,0.005517364345642295,-0.02191956331740454,0.0014126104371986878,-0.0031602497,0.0026975728,-0.0074489363,15.762392,-1.0,0.7735472,0.7263218,0.7311019,0.727221,0.72966766
14.700000000000001,2.6861978,0.034038275,-2.385232,1.038407,-0.012546897,0.007187975,0.03286934,0.029095178,-0.0012093222,0.005247123463018151,-0.021585036715463277,0.0006744104586033958,-0.0025307522,0.002701282,-0.0068408703,15.7563925,-1.0,0.7702141,0.72693735,0.73164004,0.7268181,0.7293124
14.8,2.7843409,0.029726325,-2.3832254,1.0401193,-0.011971283,0.007058588,0.029150024,0.024483554,-0.0044680196,0.00501751538102528,-0.021159158816431295,8.620034185184674e-05,-0.0010212534,0.0050307703,-0.0050061787,15.7563925,-1.0,0.7702141,0.72688484,0.73225236,0.7262569,0.7296154
14.9,2.8830552,0.025590153,-2.3812723,1.0414364,-0.011513893,0.006728659,0.024440551,0.01827982,-0.008542555,0.0049009248557954094,-0.02074427350997794,-0.0004230539275189238,-0.00041804393,0.004445846,-0.004776768,15.7563925,-1.0,0.7702141,0.72722214,0.7322965,0.7263351,0.7291371
15.0,2.9907148,0.021409305,-2.37889,1.0428904,-0.010980003,0.0064743385,0.024488246,0.021311868,-0.0119670285,0.004848896096834788,-0.02037369497219642,-0.0007285548070234343,-0.000398234,0.0034606364,-0.0016407053,15.750393,-1.0,0.766881,0.72722477,0.73226255,0.726751,0.72883314
15.100000000000001,3.0985868,0.017600654,-2.3767223,1.0440149,-0.010467808,0.006197547,0.011816933,0.024367457,-0.013277865,0.004804334027524866,-0.01997523087469996,-0.0008699422276009248,0.0005741489,0.0031676928,-0.00061738375,15.744393,-1.0,0.7635479,0.72746295,0.73182386,0.726838,0.72903585
15.200000000000001,3.1977222,0.014751247,-2.3745866,1.0442976,-0.009615027,0.005908843,0.017685138,0.016076107,-0.012244563,0.004781563872581779,-0.019599787197110294,-0.0008324463896340891,-0.0004739447,0.0023998672,0.000857331,15.744393,-1.0,0.7635479,0.72709984,0.73174137,0.7269484,0.72932506
15.3,3.3047001,0.012883289,-2.3719726,1.0439938,-0.008000523,0.005734679,0.022461928,0.027946046,-0.003423076,0.0047315772102716975,-0.019310172304044127,-0.000686528541919844,-0.00070762,0.0014448699,0.0010666768,15.738394,-1.0,0.7602148,0.72686,0.7315509,0.72718734,0.72960275
15.4,3.4029918,0.011884622,-2.3695488,1.0429511,-0.0062676165,0.0054737646,0.0055013075,0.014577486,-0.010746065,0.00459728266847569,-0.019141488031342118,-0.0005018395411676528,-0.0019299182,0.001058703,0.002258771,15.738394,-1.0,0.7602148,0.7265302,0.73155177,0.7270485,0.73014414
15.5,3.5005498,0.01152527,-2.3671227,1.0418264,-0.004284316,0.005211379,0.0066531426,0.020509765,-0.0015846452,0.004380748555520464,-0.019065315355022323,-0.0002812893726782879,-0.002515884,-0.00023879547,0.0015129171,15.738394,-1.0,0.7602148,0.7264051,0.7312934,0.72742885,0.7301356
15.600000000000001,3.6053498,0.01144323,-2.3643665,1.0399599,-0.0024411525,0.0045617376,0.008149138,0.016232042,-0.0086496575,0.004083923080630112,-0.019065805288408257,-4.3910397522264826e-05,-0.0025653017,-0.00065025245,0.0016285642,15.732394,-1.0,0.7568817,0.7261405,0.7309891,0.7273111,0.73036665
15.700000000000001,3.7099373,0.011514179,-2.3623443,1.0384827,-0.001039713,0.0039293105,0.0045332196,0.011520101,-0.002485234,0.003793178061627474,-0.01916562372583104,0.00011473258433741132,-0.0019194286,-0.0023648695,0.0011604761,15.726395,-1.0,0.7535486,0.72638816,0.730472,0.72760683,0.7298508
15.8,3.8065557,0.011368848,-2.3613129,1.0373394,-0.00045343826,0.003335501,0.0020968143,0.005505779,0.00037532297,0.0035105692777890984,-0.019289279596943,0.0002554101865693103,-0.002181044,-0.0013467493,0.00086351804,15.726395,-1.0,0.7535486,0.7257913,0.73070675,0.72736746,0.729955
15.9,3.9034338,0.01094687,-2.3607063,1.036806,-0.00047371618,0.0027423035,0.0060568703,0.008204819,-0.004103407,0.003354972022998375,-0.019391849178447194,0.00037146321033588135,-0.00076473475,-0.00060102774,0.0010693626,15.726395,-1.0,0.7535486,0.7255996,0.7305457,0.72740865,0.7297287
16.0,4.0078855,0.01010599,-2.3599386,1.0359735,-0.0010823759,0.0026290962,0.007374583,0.00699561,0.00048521903,0.0032616423036948236,-0.01938551772731369,0.00045940499623309744,0.00037199372,0.00068613247,6.132348e-05,15.720395,-1.0,0.75021553,0.7252494,0.7309053,0.72722954,0.7299146
16.1,4.11225,0.009688425,-2.358469,1.0352408,-0.0015864454,0.0026725093,0.008303308,0.005225758,0.00018160789,0.0033231356723649806,-0.019392537836461696,0.0004936262082707636,0.00091949024,0.0005725772,-0.0007723094,15.7143955,-1.0,0.74688244,0.72541577,0.73089534,0.72705644,0.7301287
16.2,4.209008,0.009715596,-2.3570747,1.0348423,-0.0014627051,0.0026195333,0.01110461,0.0017944111,0.0026342457,0.003400324440297593,-0.019379888946971645,0.0004991066921328885,-0.0006569822,-0.0009223646,-0.00028097944,15.7143955,-1.0,0.74688244,0.7256781,0.7307347,0.72783124,0.72936237
16.3,4.314507,0.01017844,-2.3557673,1.0349538,-0.0009649738,0.002621491,0.00884888,0.0026330715,-0.0029769724,0.0034496707711319874,-0.019358075916710342,0.0004036670022008876,0.0008950964,0.00053332816,-0.0011010492,15.708396,-1.0,0.74354935,0.72608346,0.73069435,0.7269575,0.73001987
16.400000000000002,4.413005,0.011008442,-2.3543005,1.0356416,-0.0002173123,0.0026052692,0.008577626,0.0055097677,-0.0024051403,0.003430294324290191,-0.019260199630748463,0.0003208589649426821,-0.0011343854,0.0017495097,-0.00084014406,15.708396,-1.0,0.74354935,0.7260032,0.73095137,0.7272179,0.72969544
16.5,4.512216,0.012455213,-2.353003,1.0365514,0.0010427919,0.0024944085,0.007099792,-0.0025684384,-0.0052996906,0.0033720528918935386,-0.01909741028782238,0.00022770136626805012,-0.0008980804,0.0013014439,-0.0009862253,15.708396,-1.0,0.74354935,0.7263807,0.73066556,0.72732764,0.7294871
16.6,4.6205893,0.015155585,-2.3516774,1.0378845,0.0030714367,0.0024136847,0.0047516804,0.0012766058,-0.012097414,0.003226603454179571,-0.018849996945409165,0.00011093232608637103,-0.0007234765,0.0029964943,-0.0006139278,15.702396,-1.0,0.74021626,0.7265547,0.73059756,0.72675765,0.72998095
16.7,4.721149,0.01848579,-2.3509688,1.0389646,0.00527327,0.0023115359,0.0045322883,-0.0046612583,0.0023576429,0.0029785490319002316,-0.01854070137216426,-3.371134005410145e-05,-0.0033709619,0.0035296339,-0.00083906285,15.702396,-1.0,0.74021626,0.7261905,0.7311236,0.7270436,0.7295226
16.8,4.8306513,0.022946615,-2.3502831,1.0403302,0.007683547,0.0022540945,0.0024360414,0.00070770597,-0.010394025,0.0026466356955422593,-0.01821475329775708,-0.0001421637824348392,-0.0046067294,0.0033969786,-0.0011100591,15.696397,-1.0,0.73688316,0.72622347,0.7311065,0.72727793,0.72932106
16.900000000000002,4.9405885,0.027826093,-2.3495011,1.0413463,0.010107499,0.0019440341,-0.0069826995,-0.005235558,0.0017420388,0.002252914628561311,-0.017867743386492083,-0.000213079379425739,-0.0065478575,0.004067351,-0.00038849367,15.690397,-1.0,0.7335501,0.7257413,0.7314177,0.7273575,0.72912705
17.0,5.0420303,0.032338507,-2.3489203,1.0421398,0.011715511,0.0017301558,-0.015112992,-0.012676695,-0.0073537226,0.0018195100653396348,-0.017522615277806013,-0.00025095283738616657,-0.0042410744,0.004532428,7.9875106e-05,15.690397,-1.0,0.7335501,0.72603655,0.73102283,0.7267999,0.7296596
17.1,5.151498,0.03725205,-2.349101,1.0404931,0.012742141,-0.014879155,-0.1194836,-0.017534193,-0.2163155,0.0014601687356246512,-0.0014519843451002085,-0.00026117486966606397,-0.0037291949,0.46190372,0.00020609164,15.684398,-1.0,0.730217,0.7372406,0.73134,0.7380927,0.7299643
17.2,5.250524,0.04158716,-2.350874,1.0002697,0.013426508,-0.026490288,-0.68618584,-0.011275105,-0.017921438,0.0011679631184138136,0.05701359985234925,-0.00020998476855495817,-0.0052829147,0.56401926,1.2679666e-06,15.684398,-1.0,0.730217,0.7167659,0.74006855,0.71919775,0.73719156
17.3,5.349714,0.04595478,-2.3532405,0.90205336,0.013165202,-0.02158754,-1.1303829,-0.023471091,0.09589595,0.0009837997661564046,0.09954296568254883,-0.00012351200758772403,-0.0022616938,0.30270377,0.0012591402,15.678398,-1.0,0.7268839,0.7175536,0.73628604,0.71868616,0.73493415
17.400000000000002,5.4284334,0.04953307,-2.3549075,0.7829623,0.01262504,-0.011714673,-1.2790962,-0.021382656,0.11241901,0.0009479871217179181,0.11672980855341966,2.7783174561410575e-05,0.0005740576,0.07626061,0.0011513319,15.678398,-1.0,0.7268839,0.7208939,0.73409146,0.72176313,0.7334285
17.5,5.4932923,0.052814852,-2.3561692,0.6561086,0.011714648,-0.0027342811,-1.2848749,-0.023702139,0.082692124,0.0009747536507290639,0.11619418617730042,0.00024612150206495474,-0.000111926645,-0.06245811,0.001092055,15.678398,-1.0,0.7268839,0.72430044,0.7327059,0.72575647,0.7315863
17.6,5.548009,0.05627081,-2.357041,0.5236246,0.010510964,0.004013308,-1.1752099,-0.025377233,0.0516423,0.0011133636232000294,0.10570195818235784,0.0005138813438002758,0.0021862632,-0.13343108,0.00048286933,15.672399,-1.0,0.7235508,0.7269261,0.7316277,0.72779614,0.7315101
17.7,5.585565,0.05950224,-2.3578463,0.4130414,0.009587323,0.0072209686,-1.0291314,-0.02021515,0.023042316,0.0013051638907035003,0.09070144890512494,0.0007807474246039638,0.002709831,-0.16097125,-5.5924305e-05,15.672399,-1.0,0.7235508,0.7283986,0.7306058,0.72958356,0.7307071
17.8,5.614978,0.06376174,-2.358439,0.31052244,0.009252034,0.008222124,-0.8547999,-0.013923377,0.005136709,0.0015015606792438655,0.07454662343904998,0.0009148725913483057,0.0015419225,-0.16079016,-0.0010179057,15.666399,-1.0,0.7202177,0.72851306,0.73027426,0.7302183,0.7302208
17.900000000000002,5.6354613,0.06906646,-2.358756,0.2267422,0.010136696,0.0077990578,-0.6794447,-0.016223207,-0.003754161,0.0016032906621856313,0.05919604565951713,0.0007570342761185933,-3.277765e-05,-0.14711416,-0.00119376,15.660399,-1.0,0.7168846,0.7292128,0.729436,0.7303824,0.72930855
18.0,5.648522,0.074710175,-2.3592653,0.16533864,0.011496149,0.0069918674,-0.54795074,-0.022309715,-0.006907619,0.0015698225645618255,0.04568495694741198,0.00042016077118933,-0.0018280181,-0.12627885,-0.0015068313,15.660399,-1.0,0.7168846,0.72939545,0.72907645,0.7300742,0.7286969
18.1,5.6580863,0.08181184,-2.360289,0.113206275,0.013693764,0.005583946,-0.41976514,-0.01427177,-0.010514631,0.0013787012724079475,0.03436769595507567,-5.4815418340248506e-05,-0.0027353214,-0.10296802,-0.0015242508,15.6544,-1.0,0.7135515,0.729525,0.7286635,0.7290977,0.72855365
18.2,5.6640854,0.08919049,-2.3617048,0.076861426,0.015897982,0.0045341905,-0.32642883,-0.021861304,-0.0048573124,0.0010780640707636,0.02517522005776364,-0.0006158568103270707,-0.002933108,-0.08158362,-0.0005690057,15.6544,-1.0,0.7135515,0.72954285,0.7285168,0.7283086,0.7282335
18.3,5.668891,0.09779331,-2.3629475,0.04746851,0.01853688,0.004112123,-0.24722102,-0.02690267,0.009969342,0.0006723376259704279,0.01795563833596679,-0.0011446284386232239,-0.005360736,-0.06355107,-0.00021061102,15.6484,-1.0,0.7102184,0.72944427,0.7287663,0.7286693,0.72735333
18.400000000000002,5.6727014,0.10637518,-2.3637767,0.027859116,0.020746369,0.0034160065,-0.19124265,-0.032180388,-0.006956048,0.0002006405096675728,0.012452704807619498,-0.0016118106463338601,-0.0057847714,-0.047218315,-3.346192e-05,15.6484,-1.0,0.7102184,0.72918767,0.729037,0.7282406,0.72719693
18.5,5.675816,0.11544087,-2.3642688,0.013221664,0.022808483,0.003263282,-0.14795685,-0.03035631,0.0090776,-0.0003042807691066967,0.008341359652540554,-0.0019943497630720594,-0.006372384,-0.03476404,0.001374779,15.6484,-1.0,0.7102184,0.72925013,0.72924286,0.7281719,0.7269923
18.6,5.6780744,0.1256176,-2.364963,0.001187717,0.024751408,0.0032039315,-0.11547297,-0.0325634,0.0073430124,-0.0007880321694706781,0.0053276501050695995,-0.0022097836480813684,-0.005597532,-0.025593566,0.00260142,15.642401,-1.0,0.70688534,0.72919655,0.72931373,0.727979,0.72728974
18.7,5.679472,0.13609143,-2.3653502,-0.0072155218,0.026656454,0.0029676405,-0.093085654,-0.038470045,-0.005691312,-0.0012004255945044454,0.0030494742165637794,-0.0023466786901619923,-0.0050319196,-0.019762505,0.0043818965,15.642401,-1.0,0.70688534,0.7293108,0.72902983,0.72796416,0.7273767
18.8,5.6806617,0.14842905,-2.365696,-0.013904159,0.029203054,0.0028844934,-0.06960258,-0.04063555,0.0039171423,-0.0016398713277757885,0.0013188490714503007,-0.00236865576367307,-0.007701584,-0.015818961,0.005237478,15.636401,-1.0,0.70355225,0.7288532,0.729236,0.7287367,0.7269462
18.900000000000002,5.6819816,0.1612517,-2.3659267,-0.018397717,0.03101525,0.0027524228,-0.06226887,-0.049407307,-0.0017615965,-0.002134644872108955,2.2091646072117737e-05,-0.0022691381884124783,-0.006508464,-0.011173698,0.005938923,15.630402,-1.0,0.70021915,0.7288921,0.7288395,0.7286412,0.7274329
19.0,5.6831594,0.1728373,-2.3663483,-0.020982048,0.031973504,0.0024225565,-0.047490176,-0.053240933,-0.00078789884,-0.0026065457701756147,-0.0009439347409370623,-0.002074995257048267,-0.006091106,-0.0067213587,0.0058410913,15.630402,-1.0,0.70021915,0.7282632,0.7290427,0.7283979,0.7278504
19.1,5.6839867,0.18453485,-2.3671446,-0.023203302,0.03175383,0.0021057052,-0.04722376,-0.054049775,0.010105315,-0.0029966477668408116,-0.0015973183580932312,-0.001754373503490897,-0.0037094997,-0.004735011,0.006665504,15.624402,-1.0,0.69688606,0.7281704,0.72855794,0.7283769,0.7281328
19.200000000000003,5.6840835,0.19460028,-2.3678222,-0.025044471,0.030685533,0.0020565023,-0.04119586,-0.06459857,0.0038589349,-0.0032162055118209803,-0.0020777811272582975,-0.0013787847725070144,-0.0021934411,-0.0035778305,0.006647635,15.624402,-1.0,0.69688606,0.72798645,0.7284527,0.7286012,0.72833335
19.3,5.683883,0.20467718,-2.3691077,-0.026606832,0.028986504,0.001682846,-0.02983772,-0.05825943,0.007237773,-0.003289119930881898,-0.002488541769155907,-0.0009877496870917123,-0.0007140343,-0.003505647,0.004846407,15.6184025,-1.0,0.693553,0.7278415,0.72813165,0.7288619,0.7281841
19.400000000000002,5.6837044,0.2134787,-2.370636,-0.027591528,0.02734472,0.0013924856,-0.030682886,-0.0555261,0.005337409,-0.0032218339916248746,-0.0028386312963926954,-0.0006231570213489977,-9.097038e-05,-0.0024767043,0.004956549,15.6184025,-1.0,0.693553,0.72753716,0.72805226,0.7289431,0.7282556
19.5,5.6839848,0.2220531,-2.372128,-0.0274353,0.025999522,0.0011912412,-0.020004742,-0.057072658,0.001318287,-0.0030856370623351436,-0.003143372109128191,-0.00035525567003286704,-0.00041192543,-0.0021020574,0.0039564115,15.6184025,-1.0,0.693553,0.72763157,0.72778153,0.7292523,0.72795254
19.6,5.6849337,0.23092905,-2.373632,-0.0268689,0.024394054,0.0012282253,-0.025443317,-0.05981848,0.0051008533,-0.0029469111047087395,-0.0033367036526805293,-0.00017401238617671712,0.0009577813,7.79919e-07,0.0022449703,15.612403,-1.0,0.6902199,0.72765625,0.7278938,0.72849953,0.7286823
19.700000000000003,5.685676,0.23865865,-2.3743806,-0.026533527,0.022363175,0.0016065633,-0.027218806,-0.04604408,0.0015026889,-0.002817600917615022,-0.0033822685864409335,-3.0338936806696585e-05,0.0006102247,0.0005813845,0.0018838587,15.606403,-1.0,0.6868868,0.7278151,0.72801,0.72885203,0.72855663
19.8,5.685694,0.24495782,-2.3741498,-0.026413888,0.020311117,0.0019059245,-0.018609036,-0.0491859,-0.0008847564,-0.002618810187900064,-0.0034008323941693065,0.00010899319313869897,0.0019300837,0.0006892528,0.0017760949,15.606403,-1.0,0.6868868,0.7278915,0.7281465,0.7288447,0.72883624
19.900000000000002,5.6850204,0.25119302,-2.3736334,-0.026365269,0.018160427,0.002180458,-0.013371116,-0.04659578,0.003925524,-0.002370698957167416,-0.0034417189817257947,0.0001522495143912885,0.0024746167,0.0002743787,0.00053445814,15.600404,-1.0,0.6835537,0.72820705,0.72824293,0.7289293,0.72871137
20.0,5.683907,0.2562545,-2.3730898,-0.026345413,0.016224945,0.002054261,-0.014382104,-0.036757015,-0.0017639248,-0.002120340187365276,-0.003505775684465778,0.00015888728444770364,0.002119607,-0.00073560025,0.00019302676,15.600404,-1.0,0.6835537,0.7283544,0.72830766,0.72914046,0.72833437
20.1,5.682508,0.2614629,-2.3725214,-0.026341233,0.014438752,0.0018608514,-0.021021016,-0.041704614,0.00031432134,-0.0018875878264300037,-0.0035637750775344935,0.0001817580630217649,0.0013805586,-0.0011929668,0.0009822554,15.594404,-1.0,0.6802206,0.72849387,0.72811836,0.72917247,0.72822535
20.200000000000003,5.681056,0.26611206,-2.3723607,-0.026534948,0.013128166,0.0015751288,-0.02489389,-0.040456295,-0.0045588235,-0.0016274687808673952,-0.0036487298658352445,0.00014001058725273457,0.002357804,-0.0015451856,-0.0006391635,15.594404,-1.0,0.6802206,0.72874725,0.72794175,0.7288202,0.72828364
20.3,5.6796355,0.271004,-2.3728437,-0.026381427,0.011828203,0.0011227693,-0.014031784,-0.033294927,-0.009653158,-0.0014199166801159453,-0.003753482496104982,0.00010970917496988984,0.0019607756,0.0002618258,0.0010257047,15.588405,-1.0,0.6768875,0.7281501,0.7284075,0.7282664,0.7286381
20.400000000000002,5.677943,0.2749587,-2.3736682,-0.02649735,0.010552364,0.00072972866,-0.020981647,-0.03284485,0.0060079615,-0.0012378527086506447,-0.003828566785359891,4.165094440671203e-05,0.0009727083,0.00045397258,-2.7821356e-05,15.588405,-1.0,0.6768875,0.7279909,0.7284829,0.728501,0.7279585
20.5,5.6752367,0.27850392,-2.3739724,-0.027360544,0.009222698,0.00084787817,-0.014033231,-0.027439892,0.008203088,-0.0010606092942593414,-0.0039085557374827695,1.3129944602647482e-06,0.0023839837,-0.0010809846,0.00025351084,15.588405,-1.0,0.6768875,0.72863734,0.7279675,0.72818464,0.7283289
20.6,5.670604,0.28228396,-2.3734303,-0.029680802,0.008137341,0.00104079,-0.01048363,-0.024067245,0.0043413597,-0.0008783173336524736,-0.004071876636386434,-2.5851352043488437e-05,0.0011617177,-0.0027465739,-0.0005156909,15.582405,-1.0,0.6735544,0.7282831,0.72843677,0.72842366,0.7282714
20.700000000000003,5.664496,0.2863757,-2.372623,-0.03275139,0.0079531595,0.0011124889,-0.014473718,-0.025398763,-0.0089542,-0.0007193510008315525,-0.0043808238904124676,-0.0001073535481010305,0.0009977899,-0.0046728053,-0.00095949275,15.576406,-1.0,0.6702213,0.7287126,0.72830504,0.72824395,0.72837985
20.8,5.6579466,0.29020518,-2.3718414,-0.035592273,0.0075405356,0.0013761782,-0.0057971445,-0.022832487,0.0071818936,-0.0006407039966789541,-0.004893878567846265,-0.00017035190829081047,0.0004838502,-0.0065975846,-0.00049088465,15.576406,-1.0,0.6702213,0.72890145,0.72836643,0.72824776,0.7284677
20.900000000000002,5.6501894,0.293881,-2.371056,-0.038084373,0.006930987,0.0013082373,0.007032291,-0.027041884,-0.0021834855,-0.000614505389592878,-0.005476856736941404,-0.00021600520309453873,-0.00049985724,-0.0065780217,-0.0010255689,15.570406,-1.0,0.66688824,0.72849625,0.7288427,0.72849965,0.7281524
21.0,5.6434054,0.296659,-2.3704405,-0.039342526,0.0059898244,0.0013873355,0.006697908,-0.02007267,0.00070221716,-0.0005765559936550661,-0.006062491614056393,-0.00021573032947929473,0.0005109909,-0.005614874,0.00086845533,15.570406,-1.0,0.66688824,0.728816,0.72849005,0.7281625,0.7286998
21.1,5.636788,0.29908413,-2.3702745,-0.039563492,0.0049665957,0.0009368879,0.013794812,-0.026460346,-0.006928574,-0.0004672906221325636,-0.006528257284779999,-0.0001904528176426534,0.0019659381,-0.004156318,-0.00022595402,15.564406,-1.0,0.66355515,0.72884315,0.7281882,0.72814155,0.72860277
21.200000000000003,5.63158,0.30105415,-2.3705716,-0.038530707,0.004001885,0.00080083765,0.01581294,-0.018751495,0.0067381184,-0.0003650039122524016,-0.006845658243736912,-0.00012875400774126875,0.0009684726,-0.0031019228,0.0010783569,15.564406,-1.0,0.66355515,0.7287659,0.72805387,0.72885513,0.7279122
21.3,5.626783,0.30315524,-2.371758,-0.036907107,0.0032680407,7.528456e-05,0.013835829,-0.014143084,-0.0077071595,-0.00022574846571586592,-0.006962440316833791,-4.845056676783239e-05,0.0005233354,0.00025109004,0.0006576888,15.558407,-1.0,0.66022205,0.7282064,0.7281319,0.728508,0.72803843
21.400000000000002,5.6231456,0.30477074,-2.373425,-0.0349848,0.0025687432,-0.00014367561,0.018639121,-0.022377202,0.0055707055,-0.00011917423161498339,-0.006964339941118097,-1.17681888154026e-05,0.0006324185,0.0011128844,-0.00033396573,15.558407,-1.0,0.66022205,0.7283287,0.72786367,0.7283991,0.7278915
21.5,5.619909,0.30578193,-2.374879,-0.032947417,0.0012987384,-0.00012400527,0.009215105,-0.009831022,0.007865484,-5.358301912920017e-06,-0.006843971988233305,2.716879748122368e-05,0.00033038165,0.0018605136,0.0003985545,15.558407,-1.0,0.66022205,0.7279423,0.7281957,0.72855896,0.7277941
21.6,5.6165824,0.30610448,-2.3756685,-0.031057239,-0.00022746864,4.2639418e-05,0.0076622507,-0.014972556,0.005798414,0.00013782167051919517,-0.006625598087004351,2.9302303885928267e-05,0.0010121997,0.0024932988,0.00019307715,15.552407,-1.0,0.65688896,0.7278732,0.7284025,0.7284505,0.7279549
21.700000000000003,5.613313,0.3053318,-2.3755822,-0.029612835,-0.0022999581,0.0001976326,0.011400847,-0.01225774,0.005371868,0.000346355159246167,-0.006376779295242368,1.3907442335792986e-05,0.0026212311,0.0015554574,-0.0002771856,15.546408,-1.0,0.65355587,0.72846454,0.72790414,0.72861046,0.7278541
21.8,5.610658,0.30400026,-2.3753314,-0.028314712,-0.0042193313,0.00048393177,0.01504038,-0.011033988,0.0041299495,0.000618564949018592,-0.006237709550777544,-1.8533616260243875e-05,0.0025150524,0.0011473903,-0.0001375243,15.546408,-1.0,0.65355587,0.72817403,0.72845834,0.7287263,0.72787076
21.900000000000002,5.607636,0.30225122,-2.3753328,-0.027484482,-0.005734213,0.00035394216,0.0060323724,-0.00020386367,0.010455026,0.0009442845174224179,-0.006087874478361001,-4.146556208693826e-05,0.003888783,0.0020401303,-0.00048087578,15.540408,-1.0,0.6502228,0.728463,0.7280738,0.7279799,0.7285092
22.0,5.604431,0.30056405,-2.3756733,-0.027167406,-0.007122234,9.83201e-05,0.007205315,-0.0007853391,0.0017099081,0.0012511945151996242,-0.006015953818749579,-0.00010368545423969555,0.0041115144,0.000865095,-5.6347584e-05,15.540408,-1.0,0.6502228,0.7282934,0.72831357,0.72781026,0.7283981
22.1,5.600382,0.2990973,-2.3761964,-0.027271736,-0.007974008,8.012377e-05,0.002181272,-0.004252497,-0.00053877005,0.0015251819425582528,-0.006005126752691889,-0.00010333602667102787,0.0030031332,-9.219939e-05,-0.0003365059,15.534409,-1.0,0.6468897,0.7282964,0.7282183,0.7278923,0.72842836
22.200000000000003,5.5962815,0.29861632,-2.3769608,-0.027769847,-0.007775454,0.00019039017,0.00801002,0.0071560894,0.004059169,0.0017427292848938903,-0.006056660724554301,-0.00010402304163082062,0.00172302,-0.0009941156,0.00041149344,15.534409,-1.0,0.6468897,0.7282912,0.72828573,0.72804207,0.72832865
22.3,5.5919023,0.29857966,-2.3781586,-0.027852902,-0.0070578456,0.00018849054,0.009885454,-0.0025362896,0.0034812836,0.001861654049735777,-0.006203614974557923,-5.868696188503805e-05,0.0006662911,-0.0011110875,0.00051605154,15.528409,-1.0,0.6435566,0.7282422,0.72821635,0.7280169,0.7284846
22.400000000000002,5.5876093,0.29873413,-2.37923,-0.027897121,-0.006392733,0.0003024565,0.0077776383,0.0017064858,0.0079004085,0.0018370775791579695,-0.00634870860461389,-2.6001621136562473e-05,0.00059429684,-0.001288982,-0.00016827032,15.528409,-1.0,0.6435566,0.7285661,0.7279621,0.72780836,0.7287699
22.5,5.583475,0.29896697,-2.3797922,-0.027905852,-0.005630441,0.00011506184,0.019110015,0.007308944,0.0024442559,0.0017439092346196467,-0.006473078408715923,-1.6835384246164127e-06,-0.00078963506,-0.0018455848,0.0004054395,15.528409,-1.0,0.6435566,0.7284156,0.728035,0.72808456,0.72836196
22.6,5.579543,0.2995757,-2.380364,-0.027605318,-0.0043591433,0.00017005057,0.011180765,0.00830083,0.0020554287,0.0016900601342975945,-0.006590844000936218,3.63812445602554e-05,-0.0009606407,-0.0010562045,-0.0010843357,15.522409,-1.0,0.6402235,0.72828615,0.7281401,0.72814786,0.72839713
22.700000000000003,5.576414,0.30076125,-2.3811383,-0.026609287,-0.003146225,0.00030935465,0.01515808,0.0034525923,0.007247086,0.0015550958687748607,-0.0066913472409857785,4.41598490583957e-05,-0.0011295623,-0.0015601518,-0.0005380285,15.51641,-1.0,0.6368904,0.7289424,0.7276745,0.728357,0.7281204
22.8,5.5738335,0.30181253,-2.3814979,-0.025336329,-0.0025042053,0.00053322694,0.016211933,0.003362615,0.00012107193,0.0013512840093254355,-0.006695509882526077,0.00011289957877137821,-0.0024948306,-0.00031525813,-0.00032408527,15.51641,-1.0,0.6368904,0.72834617,0.72821766,0.72898394,0.7278829
22.900000000000002,5.571505,0.3021826,-2.3812575,-0.023857689,-0.002583845,0.0006438035,0.011652671,0.0009479217,0.0046552154,0.0012027759977845012,-0.006629250678542251,0.00012042888923715554,-0.000653699,0.001557383,-0.0001991783,15.51041,-1.0,0.6335573,0.7284457,0.7281789,0.7282613,0.72863966
23.0,5.569429,0.301858,-2.3806996,-0.022655472,-0.0035417385,0.0011016395,0.0071441913,-0.003949315,-0.0023539176,0.0011305369731494162,-0.006504445962740364,6.948095407444124e-05,0.00096614234,0.0014531991,0.00017637563,15.51041,-1.0,0.6335573,0.72869056,0.728362,0.7285557,0.7285818
23.1,5.5671,0.3010774,-2.3801723,-0.021665992,-0.0044609695,0.0007789129,0.015207182,-0.0021601408,-0.0012912786,0.0011771297703642813,-0.006376281343694931,-5.430708031891962e-06,0.0013332693,0.00044112577,0.0002408994,15.504411,-1.0,0.6302242,0.7286846,0.7283146,0.7286582,0.7282132
23.200000000000003,5.5649486,0.29995233,-2.3798552,-0.020990407,-0.0053917747,0.00073213916,0.012129935,0.007563044,-0.00444008,0.0013337725136512877,-0.0062742773834268,-2.545438065981832e-05,0.002071187,0.0003491551,9.7881144e-05,15.504411,-1.0,0.6302242,0.7286649,0.7282196,0.7287362,0.72823197
23.3,5.562215,0.2990244,-2.379694,-0.020614805,-0.0058696857,0.00074120174,0.012089443,0.0045928834,0.010611023,0.0014824719652624212,-0.006211146334585927,-5.040495781169354e-05,0.0015856997,-0.00083759456,1.3669072e-05,15.498411,-1.0,0.62689114,0.7286857,0.7282552,0.72874635,0.7281075
23.400000000000002,5.5593705,0.29845548,-2.3795228,-0.020691784,-0.0059481314,0.00071705546,0.004132267,0.0072136275,0.0040223817,0.0016339425084715932,-0.00615569203485013,-5.382721460099719e-05,0.00025661022,-0.00056328706,0.0003152787,15.498411,-1.0,0.62689114,0.7285234,0.72849476,0.7287934,0.7281091
23.5,5.55648,0.2977737,-2.3790774,-0.020802937,-0.0058144177,0.0008005347,0.013517295,0.0031853877,0.005585141,0.0016998932332012496,-0.006202108193373293,-2.6377111881426922e-05,8.690625e-05,-0.0005599371,0.00018970783,15.498411,-1.0,0.62689114,0.7284825,0.728534,0.72854537,0.72849804
23.6,5.553558,0.29689273,-2.3779817,-0.020916164,-0.0057345564,0.0011840347,-0.0013682,0.008018999,-0.0033299436,0.0017424427757887606,-0.006307287318410283,-1.455593092958466e-05,0.0014160728,-0.001839534,4.112495e-06,15.492412,-1.0,0.62355804,0.7292776,0.72796476,0.72858083,0.7287557
23.700000000000003,5.550294,0.2958457,-2.376851,-0.020892588,-0.0057750223,0.0010627839,0.007931235,0.008884709,-0.011644325,0.0017552571599560739,-0.006383960822516803,-1.1788535335927632e-05,0.0010051633,-0.0017682093,0.00025229284,15.486412,-1.0,0.62022495,0.72898984,0.7282578,0.728591,0.72871476
23.8,5.5472417,0.29511428,-2.3755012,-0.020807674,-0.005505915,0.0010365066,0.00961403,0.00096240407,-0.006665941,0.0017926990424376064,-0.006492977060484426,-3.4383824100052575e-05,0.0012024962,-0.00023900012,3.1272313e-05,15.486412,-1.0,0.62022495,0.7286019,0.72870606,0.7280536,0.72917515
23.900000000000002,5.543401,0.2938578,-2.3743029,-0.021240314,-0.005636003,0.0010138375,0.011158329,0.006640339,-0.0044684852,0.0017710855288504872,-0.006560442968777848,-3.82173237166267e-05,-0.00031658373,-0.0017401917,-0.00011655465,15.4804125,-1.0,0.61689186,0.7285723,0.72875565,0.72872746,0.7285135
24.0,5.5393066,0.29230827,-2.3732405,-0.021883843,-0.005964132,0.00084292726,0.008570313,0.0052978387,-0.0047255303,0.0017633048437445912,-0.006664351462021458,-3.2587997059412204e-05,0.0021143386,-0.0021218234,0.00035454004,15.4804125,-1.0,0.61689186,0.72893393,0.7282598,0.72825736,0.7289874
24.1,5.5349064,0.29041365,-2.3720212,-0.022590892,-0.006393856,0.00078978774,0.0134780845,0.006642299,-0.0027911735,0.001830184860530415,-0.006813216366464671,-3.978926578053266e-05,0.0011000355,-0.0032091911,0.00018321394,15.474413,-1.0,0.61355877,0.72876793,0.7283984,0.7287777,0.7284537
24.200000000000003,5.5315623,0.28786647,-2.3707461,-0.022190394,-0.007691579,0.0010158794,0.014163568,0.0053715976,-0.00012479721,0.0018872119382563016,-0.007015767806822389,-6.631755515740726e-05,0.0019310692,-0.002123685,-4.3517088e-05,15.474413,-1.0,0.61355877,0.72882587,0.7285475,0.7285526,0.72881746
24.3,5.528567,0.28424156,-2.369166,-0.021478247,-0.009244526,0.00091593707,0.012508102,0.007810882,-0.0052973623,0.0020478918133177014,-0.00712596636003725,-9.197541650316457e-05,0.0026422248,-0.001967707,0.0011395321,15.468413,-1.0,0.6102257,0.7290314,0.72829276,0.72894347,0.72839165
24.400000000000002,5.5261607,0.28037935,-2.3674812,-0.02059087,-0.010565341,0.0012407883,0.017071426,0.019554883,-0.0024121252,0.0022773291075769385,-0.0071504752095294735,-0.00017510006830039423,0.0027360977,-0.0006631916,-0.00033882156,15.468413,-1.0,0.6102257,0.72901917,0.72872686,0.728976,0.72841215
24.5,5.5242867,0.2761495,-2.3660998,-0.019164216,-0.012255597,0.0010657834,0.015869025,0.008095215,-0.0085891215,0.00255326755731263,-0.007119609114882883,-0.00022137614655967346,0.0037336214,0.000669944,-0.00013338347,15.468413,-1.0,0.6102257,0.7288672,0.7288021,0.7286598,0.728664
24.6,5.522429,0.27086738,-2.3649893,-0.017721474,-0.014060751,0.0008228867,0.013451058,0.012954647,-0.00895746,0.0028443886675263296,-0.007018269491813092,-0.00032648327004913607,0.0043290686,0.0012153735,-0.00048695266,15.462414,-1.0,0.6068926,0.72900295,0.72874224,0.7285076,0.7285133
24.700000000000003,5.52093,0.26566568,-2.3638759,-0.015976414,-0.015042643,0.000893764,0.011910591,0.021842085,-0.006618909,0.0031751104760291363,-0.006876175153764724,-0.0003054733417209004,0.0038236277,0.002515768,0.0003354484,15.456414,-1.0,0.6035595,0.728784,0.72880846,0.7284057,0.72890615
24.8,5.520071,0.2612368,-2.3631883,-0.014134705,-0.015448026,0.00080845976,0.010442325,0.019895855,-0.00067474315,0.0034696535413527743,-0.006695669617193731,-0.0002909990316099574,0.0032299522,0.0030625912,0.00044228244,15.456414,-1.0,0.6035595,0.72857314,0.72897214,0.7283259,0.72896785
24.900000000000002,5.5191526,0.2570255,-2.3630247,-0.012682372,-0.015227719,0.00051435776,0.011595369,0.01897352,-0.010102055,0.0036657988511694653,-0.006457276195787808,-0.00027420018508178805,0.0030715591,0.0025568923,0.0001480669,15.450415,-1.0,0.6002264,0.7290837,0.7283847,0.72830033,0.72883093
25.0,5.518801,0.25414628,-2.3629365,-0.011281266,-0.013896929,0.00010257626,0.006403479,0.022806905,-0.008867121,0.003776578650125259,-0.0062318089701730315,-0.00022283710725528328,0.0009438009,0.0022820134,0.0012787026,15.450415,-1.0,0.6002264,0.72872144,0.7284462,0.7282068,0.7286809
25.1,5.518554,0.25209674,-2.3630576,-0.010215001,-0.011968108,-0.0052112807,0.0058218916,0.02121585,-0.28074625,0.00371491540058171,-0.005998817051608053,-0.00015517238206894744,-0.0017164559,0.0037593362,9.521349e-05,15.444415,-1.0,0.5968933,0.750879,0.7506215,0.7563485,0.75692225
25.200000000000003,5.5181184,0.25050208,-2.3671207,-0.009407919,-0.010047074,-0.100286886,0.011325893,0.021086305,-1.5773227,0.0033388082708809886,-0.005669239916636091,-0.0006198687339478762,-0.0036060307,0.0009465535,-0.013118863,15.444415,-1.0,0.5968933,0.7863997,0.78715944,0.81771463,0.817414
25.3,5.5172276,0.24914542,-2.389987,-0.00856354,-0.007396576,-0.3267617,0.011341918,0.027021863,-2.6106708,0.003404801938342846,-0.005872601937600297,-0.0034790311043096578,0.0033683586,-0.003958226,-0.042002887,15.438416,-1.0,0.5935602,0.83439577,0.83526397,0.8629585,0.8636885
25.400000000000002,5.5165663,0.24841316,-2.4396677,-0.0066459426,-0.0043573654,-0.6294123,0.03622856,0.035997543,-3.557632,0.003980501353403181,-0.006509909106419501,-0.008713759702352815,0.0058874423,-0.0074126273,-0.05785824,15.438416,-1.0,0.5935602,0.87092054,0.87032235,0.8762219,0.8761704
25.5,5.5161586,0.24755926,-2.5253196,-0.0034350853,-0.0008640854,-1.0112976,0.04389147,0.04782084,-4.230871,0.004365248229302818,-0.0068514572794708215,-0.014494876426695138,-0.00035538423,0.00038288007,-0.055161223,15.438416,-1.0,0.5935602,0.90972185,0.9085344,0.8976154,0.89780706
25.6,5.515433,0.24696214,-2.6643414,-0.0006116264,0.0026241792,-1.3944823,0.027792111,0.032207746,-2.7017214,0.0035882170823887225,-0.006139235363411259,-0.019193310043671283,-0.011780181,0.011030633,-0.039979283,15.432416,-1.0,0.5902271,0.82002527,0.8202395,0.8025647,0.802797
25.700000000000003,5.514774,0.24638689,-2.836821,-0.0007467696,0.0037342322,-1.5822314,0.0039700004,0.016528912,-1.0275482,0.0023584762015061386,-0.00516849085325617,-0.022301072746042323,-0.01051646,0.0071173045,-0.022355156,15.426416,-1.0,0.58689404,0.7647143,0.7655831,0.7491855,0.7488732
25.8,5.5137534,0.24563593,-3.0071645,-0.0023800195,0.003073694,-1.6326222,-0.009426928,0.0005368488,-0.012470408,0.0016046194386427181,-0.004720107362418373,-0.02395601643468177,-0.0048985225,0.0015909511,-0.011107041,15.426416,-1.0,0.58689404,0.7210394,0.72190416,0.709419,0.70921826
25.900000000000002,5.512107,0.24507295,-3.1892638,-0.0046821693,0.0018851976,-1.5916141,-0.014128494,-0.00049068284,0.8166376,0.0014066046662624232,-0.004776236920609091,-0.024505562048378483,0.00020303234,-0.00333173,-0.0005257722,15.420417,-1.0,0.58356094,0.6829255,0.6830905,0.6738683,0.6736605
26.0,5.510121,0.24499674,-3.3462358,-0.0071598846,0.0011486928,-1.4960501,-0.011625998,-0.001483513,0.94239545,0.0015039165738414606,-0.005118323446830296,-0.02431503153766171,0.0014388209,-0.0042189024,0.0051257648,15.420417,-1.0,0.58356094,0.694828,0.69539684,0.6882928,0.68859273
26.1,5.508141,0.24522825,-3.5031662,-0.0082721105,0.0012382978,-1.4291109,0.0040556714,0.006787489,0.4547848,0.001650291239265885,-0.0057127064546481175,-0.023546215344458415,-0.00015735999,-0.006398368,0.009571505,15.414417,-1.0,0.58022785,0.7125758,0.7130401,0.7087698,0.708501
26.200000000000003,5.5070686,0.24536288,-3.640687,-0.008067127,0.0014517568,-1.4001256,0.0051821093,0.0042801904,0.19568157,0.0017211994133419035,-0.0063045326723022025,-0.022479564301737153,-2.4161302e-05,-0.0038709042,0.011844593,15.414417,-1.0,0.58022785,0.72319824,0.72346514,0.720722,0.72137994
26.3,5.5061393,0.2451132,-3.7860384,-0.0068601095,0.0009909284,-1.3891702,0.01071221,0.0039003433,0.038191672,0.0017024793027312817,-0.006702284520080104,-0.02128672452890342,0.0017687309,-0.003229041,0.01193084,15.408418,-1.0,0.57689476,0.7287585,0.72761816,0.7269425,0.7272431
26.400000000000002,5.505197,0.24405858,-3.919067,-0.0056505576,-0.000357949,-1.3889356,0.013345117,0.008452317,-0.034904104,0.0017128550547864992,-0.006875988713308567,-0.020052811536069772,0.001451992,-0.0009117648,0.0113746105,15.408418,-1.0,0.57689476,0.7308136,0.73061967,0.7302985,0.7302023
26.5,5.505255,0.24238104,-4.0521636,-0.0034880082,-0.001716648,-1.3934124,0.01699068,0.0013664507,-0.06945012,0.0018860605439282093,-0.006929921477054303,-0.018864879350411787,0.003909145,0.001090099,0.0116450265,15.408418,-1.0,0.57689476,0.73132646,0.7310884,0.73168945,0.731912
26.6,5.5055685,0.24055919,-4.1966467,-0.0015479517,-0.0029641783,-1.4001511,0.00567292,0.0029445281,-0.08233124,0.002228263926172081,-0.006804407966211468,-0.017748750301572174,0.005135576,0.0021811998,0.010857628,15.402418,-1.0,0.57356167,0.7308791,0.7304501,0.73325044,0.73316544
26.700000000000003,5.505581,0.23900878,-4.342051,-0.00045329393,-0.003196816,-1.40768,0.008201273,0.013380789,-0.08031073,0.0026481829053077483,-0.006578381056806602,-0.016833453783411938,0.005068468,0.0028806776,0.008399331,15.396419,-1.0,0.5702286,0.7301554,0.73027855,0.73327726,0.73383814
26.8,5.505811,0.23798925,-4.476693,0.00048198827,-0.0028214813,-1.4142599,0.008168446,0.011598702,-0.07192464,0.0030087810821751216,-0.006398924604006902,-0.016182296557437383,0.0043626106,0.0019957635,0.0049871765,15.396419,-1.0,0.5702286,0.73028445,0.7302437,0.7327372,0.7340094
26.900000000000002,5.5064645,0.23689441,-4.623144,0.0014322004,-0.0021024235,-1.4212904,0.005499336,0.020952873,-0.07475353,0.0032624567880212385,-0.006227312939605403,-0.015795768821990786,0.002535437,0.0019802463,0.0026322696,15.390419,-1.0,0.5668955,0.7304802,0.73054504,0.73263276,0.733034
27.0,5.50725,0.23584892,-4.7590733,0.0022920775,-0.0015013524,-1.4275457,-0.0014025626,0.018637186,-0.07154885,0.0034636240429221365,-0.006048662451377156,-0.015639943302600125,0.0016549067,0.0012306252,0.0011937474,15.390419,-1.0,0.5668955,0.7307402,0.7306546,0.73217225,0.7319224
27.1,5.5079193,0.23519094,-4.9072685,0.0026716858,-0.00022790462,-1.4338984,-0.0029057409,0.022782616,-0.06586406,0.003582962072644374,-0.005822615499297913,-0.015610766850406821,0.00029728477,0.002533521,-0.0007680368,15.384419,-1.0,0.5635624,0.7303965,0.7310474,0.7314021,0.7312029
27.200000000000003,5.5081935,0.23516512,-5.044692,0.0025751102,0.0017244775,-1.4392558,0.0009662453,0.019622937,-0.097952776,0.0036540375459390576,-0.00565732767303622,-0.015601467244232881,-0.0002825722,0.00030082816,-0.00020295664,15.384419,-1.0,0.5635624,0.7405202,0.7400519,0.74062055,0.7402696
27.3,5.507852,0.23568608,-5.1966763,0.002138744,0.004128751,-1.5002527,0.0011163355,0.019270062,-0.7411916,0.0035197669492506877,-0.0055684971320433254,-0.015607665854294087,-0.0021944009,-0.00013210112,-0.00046083602,15.37842,-1.0,0.5602293,0.7557942,0.75591487,0.75571334,0.755847
27.400000000000002,5.5071096,0.23594545,-5.344838,0.001171892,0.005768209,-1.5632013,-0.009152995,0.01451322,-0.58524305,0.0032409887496571144,-0.005581427120138082,-0.015599879204974508,-0.0030606207,-0.0015139513,0.0004539058,15.37842,-1.0,0.5602293,0.7545558,0.75457776,0.75442755,0.7544626
27.5,5.506357,0.23591226,-5.500001,0.0005895675,0.006839324,-1.6183892,0.0012160817,0.012436131,-0.5538943,0.002937115754604386,-0.0056984240756076335,-0.015609337800724227,-0.0009469666,-0.0016225124,-0.00085743074,15.37842,-1.0,0.5602293,0.74879473,0.7483316,0.7477176,0.7490351
27.6,5.506321,0.23543994,-5.6748285,0.0008604982,0.007262186,-1.6746074,0.005332349,0.0064330394,-0.50775194,0.002763739057612272,-0.005952235896520098,-0.01560813506928888,-0.0002881661,-0.0023160959,-6.83391e-05,15.37242,-1.0,0.5568962,0.7519791,0.7516686,0.75165576,0.75164026
27.700000000000003,5.5071692,0.23488377,-5.855806,0.0017664738,0.0077143814,-1.729882,0.0042666686,0.012434336,-0.51625675,0.0026146582784386907,-0.006098579128384609,-0.015567479153897775,2.6417543e-05,-3.1778814e-05,0.00049271947,15.366421,-1.0,0.5535631,0.7475061,0.7474906,0.7474339,0.74754894
27.8,5.5088882,0.23444049,-6.0273247,0.0035065042,0.0077131656,-1.7797382,0.003795998,0.008935272,-0.5038711,0.002584848020483205,-0.00607028129455788,-0.015546703641314736,-0.00011859204,0.0016489689,-0.0015178014,15.366421,-1.0,0.5535631,0.7520146,0.75219434,0.7523747,0.7518416
27.900000000000002,5.511594,0.23426268,-6.2183676,0.0055548106,0.008197647,-1.8356216,0.0043323925,0.019102488,-0.5342611,0.002623893465505405,-0.0057633822812848436,-0.015569281596495226,0.0007432044,0.0054522245,0.00018481474,15.360421,-1.0,0.55023,0.7485956,0.7489902,0.7485778,0.7487808
28.0,5.514423,0.23482867,-6.400028,0.0072551044,0.009354045,-1.8879297,0.007221673,0.017101305,-0.539991,0.0026907239940496663,-0.005258025488951849,-0.015560022860174489,8.196215e-05,0.0070310454,0.00056025037,15.360421,-1.0,0.55023,0.7535896,0.753702,0.7533693,0.75376254
28.1,5.516739,0.23618762,-6.6024957,0.007854683,0.0112344865,-1.9475098,-0.01079001,0.008712884,-0.57058406,0.0025897915838903854,-0.004621174576315219,-0.015509721034654339,-0.0031619372,0.0072836974,-0.00064674945,15.354422,-1.0,0.54689693,0.7499791,0.7507836,0.7504406,0.7504206
28.200000000000003,5.518176,0.23787773,-6.794983,0.0074142907,0.012876462,-2.0038095,-0.016603865,0.010283508,-0.58225864,0.0022531171963796246,-0.004054740704501243,-0.015470220450876574,-0.004890301,0.005173258,-5.1242332e-05,15.354422,-1.0,0.54689693,0.75467896,0.75519514,0.75493175,0.75510925
28.3,5.519244,0.24013945,-7.0103216,0.006153252,0.014509182,-2.0669794,-0.010406278,0.0017094539,-0.6080186,0.001847091434806525,-0.0036872940850469814,-0.015406483198637622,-0.0059132203,0.0029417477,0.0006404389,15.348422,-1.0,0.54356384,0.7514788,0.7520907,0.7519915,0.75193346
28.400000000000002,5.51936,0.24215588,-7.215277,0.0041079405,0.015284207,-2.1267776,-0.025218925,-0.00041639167,-0.62418306,0.0012944358200738346,-0.0034503314057174337,-0.015388700864507813,-0.0066299476,0.0017362323,-0.00084298576,15.348422,-1.0,0.54356384,0.75570065,0.75671095,0.7563119,0.7563822
28.5,5.5187745,0.24383444,-7.4260573,0.0018403137,0.015033257,-2.1883402,-0.019706342,-0.0027732416,-0.6452584,0.000765719997884714,-0.0035166659340509776,-0.015387681252267717,-0.005329074,-0.0021658163,0.0005789311,15.348422,-1.0,0.54356384,0.75301313,0.75352395,0.75351536,0.7532568
28.6,5.5174127,0.24541579,-7.6614523,-0.00105107,0.013968902,-2.2563062,-0.018638711,-0.012045662,-0.6446158,0.0003817461629197712,-0.003799868287817643,-0.01540971706787841,-0.0025002854,-0.0049088667,-0.001636897,15.3424225,-1.0,0.54023075,0.75779843,0.7577449,0.757928,0.75766087
28.700000000000003,5.5152416,0.24681598,-7.9041576,-0.0033630044,0.012492471,-2.3270574,-0.012893824,-0.016701845,-0.66752446,0.00015613392188953997,-0.004220125990340246,-0.015398893568501099,-0.0016844816,-0.005763668,-0.0003746041,15.336423,-1.0,0.53689766,0.7550849,0.7547703,0.7552601,0.7547462
28.8,5.5127583,0.24777521,-8.134776,-0.005739688,0.010456592,-2.3935971,-0.0128601,-0.01948215,-0.68807507,6.0717396282298244e-05,-0.004781970108555035,-0.015426316298962779,-0.00087015156,-0.0064621484,-0.00031412716,15.336423,-1.0,0.53689766,0.7590703,0.75978136,0.7596278,0.75921977
28.900000000000002,5.5094156,0.24829869,-8.391741,-0.0077653164,0.00793507,-2.468405,-0.0031895668,-0.011717107,-0.7083392,8.203809168922956e-05,-0.005450313032337887,-0.015439807366444205,0.0010122432,-0.0078494605,-0.0005290816,15.330423,-1.0,0.53356457,0.7566496,0.75706625,0.75690806,0.7568493
29.0,5.505906,0.24833506,-8.635505,-0.008837893,0.0055864695,-2.53917,0.011658505,-0.016589306,-0.7316004,0.00023493986788189925,-0.006210768263487992,-0.015458124020668727,0.0018142475,-0.007487681,-0.00041603023,15.330423,-1.0,0.53356457,0.7608831,0.7618091,0.76123554,0.76145715
29.1,5.5022826,0.2485176,-8.906535,-0.008871122,0.0037093842,-2.618742,0.023191758,-0.010394783,-0.7562688,0.0005131544780996191,-0.006998458316549093,-0.01549376183094299,0.0023192351,-0.008267977,-0.0008034991,15.324424,-1.0,0.5302315,0.7590802,0.7592051,0.7594675,0.7587081
29.200000000000003,5.4993067,0.24917692,-9.163318,-0.007671479,0.0028501186,-2.6939633,0.020868434,-0.010590297,-0.7803761,0.0007812876666064623,-0.007681799350324022,-0.015544767524877288,0.0019915167,-0.0064189103,-0.0011875861,15.324424,-1.0,0.5302315,0.76394,0.7637242,0.76386154,0.7634915
29.3,5.496614,0.24986753,-9.449442,-0.005213815,0.0022692238,-2.7788544,0.029671185,-0.005185294,-0.8173743,0.0009817590271887406,-0.008200232619146212,-0.015564338385623327,0.0015581377,-0.003081341,-0.0005573777,15.318424,-1.0,0.5268984,0.76177514,0.76177895,0.7611734,0.7621394
29.400000000000002,5.4946456,0.24988204,-9.721461,-0.0026884598,0.0015346524,-2.8596413,0.031157544,-0.006795767,-0.83894557,0.001027807725305752,-0.00848541763172964,-0.015546355858122515,-7.2721887e-06,-0.0015224417,0.00011785041,15.318424,-1.0,0.5268984,0.7658835,0.7661255,0.7659154,0.7661141
29.5,5.4932914,0.2496142,-10.001241,0.00034922446,0.0007582601,-2.943165,0.042844728,-0.009285105,-0.8910037,0.0010447526205651621,-0.008606830153362355,-0.01555387507176553,0.0016240346,0.0008032044,-0.00054411346,15.318424,-1.0,0.5268984,0.7640197,0.76392555,0.7634518,0.7645247
29.6,5.4921823,0.24944271,-10.313408,0.0030911167,6.826648e-05,-3.0111666,0.026240539,-0.0005195261,-0.15686917,0.0011547198228258984,-0.008598159870800108,-0.01558567724947833,0.0011480812,0.00094871724,-0.0013725237,15.312425,-1.0,0.5235653,0.7159805,0.7162062,0.71582013,0.716204
29.700000000000003,5.4912624,0.24992381,-10.626987,0.005147817,-0.00016807498,-2.9775891,0.023664815,-0.0044199,0.42145652,0.0012690817110873932,-0.00848386426074123,-0.015618115625198888,0.00082696247,-0.00049959566,-0.00056224683,15.306425,-1.0,0.5202322,0.7118888,0.71095157,0.7115456,0.7110084
29.8,5.4902387,0.2504782,-10.911774,0.0066752345,-7.7410645e-05,-2.949466,0.018021982,-0.010407777,0.1988639,0.0013162079665718061,-0.008393316068365651,-0.015621181932625641,9.995776e-05,0.0003305023,0.0006358144,15.306425,-1.0,0.5202322,0.72171193,0.72119385,0.72123015,0.72150445
29.900000000000002,5.4893956,0.2512032,-11.216623,0.008531679,-5.0516617e-05,-2.936319,0.026364798,0.0015718278,0.05779089,0.0012889916760848391,-0.008335677082637289,-0.01564402177168707,-0.00052796805,-0.0003252037,-0.0012318059,15.300426,-1.0,0.5168991,0.7268976,0.72633994,0.7267035,0.7262927
30.0,5.4890876,0.25263032,-11.496068,0.01044414,0.0003970025,-2.9331274,0.017109362,-0.0022964221,-0.006489921,0.001219673483096848,-0.008288254998032372,-0.015616924443607481,-0.00060105405,-0.00023353205,0.0002367537,15.300426,-1.0,0.5168991,0.7300272,0.72926366,0.7295705,0.72967887
30.1,5.4894705,0.25503427,-11.797852,0.012849466,0.0012901486,-2.9348419,0.024227163,-0.0071703354,-0.051573846,0.0010397173296218753,-0.008150595843579312,-0.015595303639756494,-0.0027163643,0.0023205273,-0.0005673881,15.3,-1.0,0.51384926,0.7310383,0.7313481,0.73107374,0.73136437
30.200000000000003,5.490392,0.25728393,-12.076745,0.01505129,0.0020872236,-2.9392135,0.020069705,-0.004358625,-0.06338907,0.0007105109863632254,-0.007925753201133312,-0.015590066491193644,-0.0041267034,0.0027345438,0.00058272853,15.3,-1.0,0.51384926,0.7320206,0.73172915,0.731788,0.73189694
30.3,5.4920654,0.2591811,-12.379336,0.017395746,0.0021066244,-2.9451969,0.014822977,-0.017775042,-0.07209228,0.00023296522916646398,-0.007579926566742532,-0.0155879442752954,-0.005117974,0.0047125113,-0.00076156633,15.3,-1.0,0.5113497,0.73171514,0.7322114,0.73180807,0.7320367
30.400000000000002,5.494346,0.26051328,-12.65927,0.019797137,0.0015228516,-2.9510434,0.01066532,-0.018986892,-0.077087425,-0.0002106784405237288,-0.007137543180823654,-0.015580846803497646,-0.0032015264,0.0062197177,-0.00014402886,15.3,-1.0,0.5113497,0.7316417,0.7319135,0.7315101,0.73203605
30.5,5.4974713,0.2613955,-12.9402275,0.021775724,-3.8584236e-05,-2.9568713,0.006043219,-0.023604728,-0.07158285,-0.0005017055069365225,-0.006554897830261631,-0.015554129331625857,-0.0010012521,0.0069159134,-0.00040162593,15.3,-1.0,0.5113497,0.731681,0.7309376,0.73121697,0.731502
30.6,5.50145,0.26178157,-13.245389,0.023660176,-0.0019497587,-2.9622505,-0.003719913,-0.01877682,-0.059781592,-0.0006467191881332914,-0.0058500014931061484,-0.015519633272741478,-0.0006408342,0.0072369943,0.000751596,15.3,-1.0,0.5093012,0.7310313,0.73071814,0.7312758,0.730775
30.700000000000003,5.5058675,0.26136068,-13.551499,0.024379617,-0.004541326,-2.9669137,-0.010962921,-0.016630664,-0.046641562,-0.0005966586637096783,-0.00503591584454414,-0.015488625206725292,0.0016786364,0.009283598,0.00043781678,15.3,-1.0,0.5076227,0.7301092,0.7308079,0.7303981,0.7309305
30.8,5.5099277,0.26017687,-13.834341,0.023947783,-0.007014117,-2.9703362,-0.02110791,-0.015801659,-0.044067387,-0.00037429012371297964,-0.004255278925108833,-0.015509859244563814,0.0034420805,0.007842829,-0.00041771284,15.3,-1.0,0.5076227,0.7302576,0.73044044,0.7303841,0.73052895
30.900000000000002,5.5135193,0.25873032,-14.141466,0.022391485,-0.008841229,-2.9736977,-0.026366819,-0.013350871,-0.040864103,2.029025636836262e-06,-0.0035302848598507503,-0.015504752237785425,0.004321109,0.006139355,0.00023819713,15.3,-1.0,0.5062475,0.73017436,0.73007935,0.7303901,0.73011684
31.0,5.5159273,0.25766912,-14.4255705,0.019788943,-0.009945283,-2.9764087,-0.03860275,-0.010380041,-0.034675,0.0004468367287098434,-0.0029842299727782713,-0.015510900791731017,0.0048285522,0.004364005,-3.3993965e-05,15.3,-1.0,0.5062475,0.72987425,0.72989535,0.7297759,0.73016226
31.1,5.5173516,0.25672442,-14.734412,0.016232984,-0.010183338,-2.979058,-0.034629665,-0.0040570986,-0.028740147,0.0008589205895029371,-0.0026652374526364288,-0.015539495538747792,0.0027598578,0.0020981722,-0.0005738259,15.3,-1.0,0.5051174,0.72918934,0.7298736,0.7292846,0.7297166
31.200000000000003,5.518143,0.2551818,-15.020292,0.0126561085,-0.010472004,-2.980946,-0.035948608,0.00020091145,-0.010904855,0.0011317120348040921,-0.0026556645078048557,-0.015547000215141044,0.0015676304,-0.0012310046,3.0123338e-05,15.3,-1.0,0.5051174,0.72874403,0.7293519,0.7291312,0.7289046
31.3,5.5189843,0.2527821,-15.330564,0.0091658635,-0.011088924,-2.9822361,-0.034367483,0.0017920232,-0.0073043625,0.0014220660707995783,-0.0028716318273661456,-0.015526957238933648,0.0029304281,-0.0026968562,0.00056465616,15.3,-1.0,0.50419426,0.72846556,0.7288517,0.7286653,0.72874516
31.400000000000002,5.520093,0.25014836,-15.617034,0.0068834196,-0.011701927,-2.9828053,-0.02154203,0.005570003,-0.010702292,0.001754056429034101,-0.0031751357150226053,-0.015558266967990455,0.005092609,-0.0029253988,-0.00031967476,15.3,-1.0,0.50419426,0.72896206,0.7282305,0.72817063,0.7288271
31.5,5.52109,0.24736117,-15.90346,0.0050352984,-0.012292276,-2.983004,-0.018681457,0.007258003,-0.0017327255,0.0021916260930149797,-0.003429036334770859,-0.015542760131026739,0.006063977,-0.0021005631,-0.00048202564,15.3,-1.0,0.50419426,0.72884774,0.7283071,0.7284353,0.7286414
31.6,5.5211306,0.24429479,-16.21346,0.0022163638,-0.01228404,-2.983203,-0.019244596,0.024458596,-0.009941402,0.002715138114834572,-0.003582373555451927,-0.01551347271207986,0.00638,-0.001640679,8.7172e-05,15.3,-1.0,0.5034361,0.72878784,0.7285699,0.72839195,0.72906095
31.700000000000003,5.5202675,0.24095835,-16.523659,-0.00060134765,-0.011901514,-2.9834938,-0.02013518,0.020555604,-0.0037504358,0.003220454712416167,-0.003821295111954315,-0.015514193530236349,0.0050768615,-0.003593717,0.00029987292,15.3,-1.0,0.5028162,0.72887206,0.7286788,0.72880775,0.72873574
31.8,5.5193067,0.23756838,-16.81004,-0.0030177156,-0.011549185,-2.983696,-0.006621978,0.027409082,0.019860918,0.003715441750687046,-0.004213673002560124,-0.015531161513823,0.0047590253,-0.0059257853,-0.0013699315,15.3,-1.0,0.5028162,0.7192513,0.71908236,0.7194828,0.71870804
31.900000000000002,5.518078,0.23388153,-17.1178,-0.0052499883,-0.010962511,-2.923456,-0.011111858,0.022285603,1.1298796,0.004261522634653614,-0.004671030987422314,-0.015511334074224814,0.006266886,-0.0046799383,0.00027581188,15.3,-1.0,0.50230694,0.65640926,0.6562481,0.6560255,0.6566082
32.0,5.5164204,0.23094104,-17.389908,-0.0076468387,-0.009792978,-2.7578096,-0.017991442,0.029464938,2.1681955,0.004806817191914759,-0.005161618332152998,-0.01548271574981813,0.0050619557,-0.005050409,0.00012411682,15.3,-1.0,0.50230694,0.6134309,0.61405534,0.6138712,0.6138048
32.1,5.5143256,0.2283213,-17.659042,-0.010113423,-0.008139076,-2.480835,-0.013604433,0.027513023,3.0130236,0.005323956210980509,-0.005763912376962018,-0.01549162637778714,0.0039115963,-0.0064750877,-0.0007687576,15.3,-1.0,0.50230694,0.5627553,0.56319195,0.5630746,0.56285524
32.2,5.5124116,0.22663532,-17.87434,-0.011939027,-0.0062988703,-2.1503174,-0.017405467,0.021745559,3.5891826,0.005690000705376752,-0.006429590759929866,-0.015464048089037254,0.004138036,-0.006983988,9.280587e-05,15.3,-1.0,0.50189114,0.55783904,0.557181,0.55724657,0.557958
32.300000000000004,5.5102525,0.22550899,-18.066696,-0.0133097265,-0.0038597442,-1.792176,-0.008370629,0.023194037,3.1932209,0.005927541363602866,-0.007074135953616433,-0.015444952535041556,0.0012807488,-0.0058963806,0.0002814888,15.3,-1.0,0.5015497,0.5686806,0.5687621,0.56870615,0.56892514
32.4,5.5080953,0.22529355,-18.20899,-0.014143986,-0.000725253,-1.4884975,-0.002386112,0.03093171,3.002594,0.005985480469901043,-0.007679284283033215,-0.015456953662666646,-0.0004947677,-0.0056277323,-0.0012615265,15.3,-1.0,0.5015497,0.58828694,0.5880936,0.5880441,0.5883972
32.5,5.5060287,0.2259251,-18.320164,-0.01431118,0.0026399887,-1.2013968,-0.0038160086,0.019744413,2.8249788,0.005794708256945087,-0.008216795353093224,-0.015434494741428372,-0.0036124713,-0.004609985,-7.794096e-05,15.3,-1.0,0.5015497,0.5880162,0.5881824,0.5883141,0.58809763
32.6,5.503581,0.22735357,-18.408934,-0.013977602,0.0063434285,-0.90249324,0.006888132,0.02274001,2.7595494,0.005380183211545188,-0.00866948314170472,-0.015443823459406873,-0.005051848,-0.005508142,-0.00010930139,15.3,-1.0,0.5012703,0.5996138,0.5987296,0.5994294,0.59905535
32.7,5.5009546,0.22904037,-18.466404,-0.013517774,0.009858178,-0.6101614,0.00527379,0.02010975,2.6794,0.004773086875856551,-0.008999088484948453,-0.01548223325840569,-0.006754174,-0.0027190954,-0.00073048315,15.3,-1.0,0.50104046,0.59371114,0.59386003,0.593458,0.59405476
32.800000000000004,5.4988728,0.23069319,-18.492338,-0.0128273815,0.012211761,-0.34133315,0.010588549,0.01363599,2.756226,0.004035111229038459,-0.00936971388404827,-0.015507218641205599,-0.007374833,-0.002815148,0.00055803463,15.3,-1.0,0.50104046,0.6045742,0.60467815,0.6043273,0.60479414
32.9,5.4975276,0.23229791,-18.4937,-0.011018242,0.014008262,-0.11214419,0.023359422,0.010635147,1.8648802,0.0033402315558155797,-0.00970597100316235,-0.015546421060193846,-0.0068818745,-0.0028053194,1.827626e-06,15.3,-1.0,0.50104046,0.6530718,0.65306133,0.65312463,0.6528087
33.0,5.4974008,0.23379943,-18.475903,-0.0075412174,0.015625529,0.03119465,0.02293955,0.00847175,0.8072364,0.0026910104356376438,-0.009832819042231976,-0.015558409410647522,-0.0071264766,-0.00067998737,-0.0009992941,15.3,-1.0,0.50085354,0.70182973,0.7016856,0.7024448,0.7009902
33.1,5.4988003,0.23517162,-18.451324,-0.0022415228,0.016898135,0.06666965,0.034751147,0.0047617215,-0.17767724,0.0021174663099531245,-0.009648582030351915,-0.015577387179327155,-0.0057554077,0.0043732445,-0.0014468146,15.3,-1.0,0.50085354,0.74540895,0.7456344,0.7457556,0.7451766
33.2,5.501114,0.2369536,-18.433651,0.003601956,0.017798888,0.0076843575,0.04370984,-0.00038815822,-0.8774725,0.0016207753700196311,-0.009063260120976784,-0.015609365117846632,-0.0037037442,0.008207509,-0.0011463321,15.3,-1.0,0.5007,0.762733,0.76206124,0.7621999,0.76244724
33.300000000000004,5.504312,0.23953803,-18.426987,0.009225953,0.018950386,-0.059392914,0.029439216,-0.010140349,-0.48573777,0.001114717500374637,-0.008049727974292858,-0.015622040325489136,-0.005998737,0.011536035,-3.141824e-05,15.3,-1.0,0.50057316,0.7452016,0.7457396,0.74577373,0.7451605
33.4,5.5066624,0.24202898,-18.42942,0.0122985635,0.019566858,-0.08951967,0.017596453,-0.009675284,-0.21205935,0.0005868496459768587,-0.0068553434388036304,-0.015655118039432783,-0.005847839,0.011101795,-0.000368618,15.3,-1.0,0.50057316,0.7340894,0.73395467,0.7341003,0.73380214
33.5,5.5080485,0.24431548,-18.43651,0.013030022,0.01964178,-0.09991996,0.0031812668,-0.01613477,-0.031138303,5.761719307620459e-05,-0.005821780442508502,-0.0156925290681561,-0.0052671353,0.008955702,1.02696795e-05,15.3,-1.0,0.50057316,0.72745866,0.7281322,0.72750574,0.7277582
33.6,5.5090103,0.24608374,-18.44615,0.01241488,0.018972106,-0.097611815,-0.010522568,-0.018728895,0.06662681,-0.000440387299708632,-0.005139639765676307,-0.015665084671271562,-0.004931389,0.0046860366,0.00043967157,15.3,-1.0,0.50047016,0.72397774,0.7244001,0.7241902,0.7240961
33.7,5.5097475,0.24700156,-18.45599,0.011025468,0.017171433,-0.08834059,-0.0043914914,-0.019136358,0.11440086,-0.000812405096580396,-0.004796082454900524,-0.01566833931505021,-0.003468882,0.0017459708,0.00021300792,15.3,-1.0,0.5003853,0.7223299,0.72304267,0.72270876,0.7225115
33.800000000000004,5.5109444,0.24722964,-18.464748,0.009847737,0.014971934,-0.07675649,-0.01678429,-0.026300926,0.13312976,-0.0009652294385023928,-0.004731934872258085,-0.015667902454185655,-0.0005317666,0.00024192326,0.00086544064,15.3,-1.0,0.5003853,0.72189105,0.722373,0.72214675,0.7219745
33.9,5.5129805,0.2465698,-18.472626,0.009535869,0.0118896505,-0.06446514,-0.011863277,-0.025087358,0.13287225,-0.0008916144067734088,-0.0047479400012566024,-0.01563395944453333,0.0028543158,0.001165103,0.00034681638,15.3,-1.0,0.5003853,0.72214156,0.7221392,0.72196716,0.72234505
34.0,5.5158944,0.24486347,-18.480272,0.010010056,0.008255017,-0.051484495,-0.01609582,-0.018945262,0.13417284,-0.00057357765442149,-0.004610995311023596,-0.015622537673417881,0.0044180024,0.0044070603,-0.00059156143,15.3,-1.0,0.50031567,0.72192585,0.72294676,0.7223278,0.722581
34.1,5.518955,0.24259616,-18.486639,0.009817395,0.005056138,-0.039297555,-0.018227806,-0.011253776,0.116035335,-1.607643392159438e-05,-0.004270107978244654,-0.015585965650903743,0.0067410385,0.0040640705,0.000868467,15.3,-1.0,0.50031567,0.7228662,0.72291553,0.72324795,0.7226923
34.2,5.5218506,0.24013536,-18.491127,0.009377584,0.0023503352,-0.028755419,-0.017275678,0.0023109422,0.10569067,0.0006723374702157764,-0.0038482557180976743,-0.01557794064191043,0.0076752882,0.004236441,0.00020570973,15.3,-1.0,0.50025845,0.72365826,0.72377783,0.7239259,0.7236292
34.300000000000004,5.525077,0.23716937,-18.49472,0.008661267,-2.0838794e-05,-0.01921212,-0.024417963,-0.00012138161,0.09064702,0.0014467812908814024,-0.0033842726295708675,-0.015510760676704396,0.008136504,0.0059010284,0.0010802809,15.3,-1.0,0.50021267,0.72397655,0.72469383,0.7244938,0.72464484
34.4,5.5275726,0.23497376,-18.497845,0.0072388537,-0.00072664616,-0.012155543,-0.027016701,0.006982718,0.077123284,0.002247537754856485,-0.002942929039600117,-0.015513560459472709,0.008884963,0.0046341303,-0.00010074471,15.3,-1.0,0.50021267,0.7249494,0.724556,0.7244639,0.7252602
34.5,5.529064,0.23339452,-18.501114,0.0049888715,-0.00022439063,-0.0058140145,-0.024787934,0.014220214,0.07905531,0.00292559265713978,-0.0025734578898473333,-0.015525747344916982,0.005750365,0.0031249837,0.00013645593,15.3,-1.0,0.50021267,0.72483003,0.7249596,0.7246646,0.72516745
34.6,5.529498,0.23221348,-18.504395,0.0010152095,0.0013612125,0.0005404106,-0.03077345,0.023451596,0.07125455,0.0033547305108982102,-0.002415956600017489,-0.015529684408699498,0.003915486,0.00055585866,-3.1863798e-05,15.3,-1.0,0.5001745,0.72495127,0.7250488,0.7243811,0.72555864
34.7,5.529668,0.23138246,-18.507378,-0.002836509,0.003406925,0.0064434963,-0.029201392,0.025590291,0.07473956,0.0035437139654048095,-0.002598455091988162,-0.015495108951522358,0.0012950368,-0.00402053,-0.00023119833,15.3,-1.0,0.5001421,0.72525793,0.7247421,0.7249795,0.7251569
34.800000000000004,5.5300875,0.23085205,-18.509188,-0.0054985904,0.005457767,0.012087738,-0.024104735,0.029294694,0.05998369,0.003584794756366496,-0.0029842089061495073,-0.015478278433048881,-0.0012198027,-0.0038422293,-0.0013288955,15.3,-1.0,0.5001421,0.72523206,0.7257591,0.72564244,0.7254448
34.9,5.530562,0.23076674,-18.51038,-0.007563419,0.007693416,0.016898941,-0.01722658,0.021339295,0.061779745,0.003460192499742883,-0.0033681710490457138,-0.015478945714428396,-0.0018274683,-0.00335087,-0.001177456,15.3,-1.0,0.5001421,0.72598886,0.7259706,0.72578245,0.7261165
35.0,5.531406,0.23083776,-18.51109,-0.008999598,0.009929289,0.021199306,-0.022177089,0.026104063,0.049560327,0.003225095006433561,-0.0036742708308516673,-0.015443620024732057,-0.0033237326,-0.0011755228,0.00034559448,15.3,-1.0,0.50011826,0.72605044,0.72672373,0.72624785,0.7266007
35.1,5.53296,0.2308003,-18.511242,-0.009618658,0.011195935,0.02455175,-0.020502046,0.013094414,0.04171859,0.002962243337990541,-0.0038801224454441258,-0.015388225271376711,-0.0021277687,-0.0012666683,-0.0002562774,15.3,-1.0,0.50011826,0.72696674,0.72635496,0.7268745,0.7268182
35.2,5.5349765,0.23102055,-18.510847,-0.009432913,0.012227519,0.026827618,-0.0129054105,0.009832953,0.032299194,0.0027449072690789176,-0.003913662661995589,-0.015402482387514672,-0.0016979204,0.00055216625,-0.0008127067,15.3,-1.0,0.5000963,0.72742754,0.72670346,0.7274043,0.7268228
35.300000000000004,5.5373416,0.23146202,-18.509325,-0.009041142,0.013225843,0.02886874,-0.012659383,0.009539311,0.022674443,0.0025352222946112097,-0.00372693654470463,-0.015384560520485067,-0.0016196631,0.0032806052,-0.0008632339,15.3,-1.0,0.50007725,0.72781944,0.72731113,0.7276205,0.72771275
35.4,5.539444,0.23187317,-18.507341,-0.009214127,0.013970913,0.029916167,-0.014658047,0.009111454,0.012092291,0.002345488000652175,-0.003418589907562005,-0.015382789305760532,-0.0011841683,0.0033014605,-0.0007978289,15.3,-1.0,0.50007725,0.7284381,0.72780675,0.72821605,0.7282176
35.5,5.5412183,0.2324441,-18.505266,-0.009791377,0.014835105,0.029913682,-0.017734433,0.0058657113,0.0007171183,0.0021757096825985186,-0.003044124571027533,-0.015386226685012811,-0.0020875565,0.0041498668,0.00020386923,15.3,-1.0,0.50007725,0.7282316,0.7285214,0.72852135,0.7284355
35.6,5.5424914,0.23300216,-18.503283,-0.011341608,0.015430215,0.029270194,-0.02354719,-0.0011975325,0.00020116566,0.001955854156565167,-0.002733295544403752,-0.015418377643862642,-0.0035138226,0.0030221478,-0.00075871416,15.3,-1.0,0.50006676,0.7280339,0.72887766,0.7287472,0.72820896
35.7,5.542804,0.23355782,-18.50155,-0.013349883,0.01560676,0.02844751,-0.031979438,-0.0022335097,-0.0013024545,0.0017586023344155811,-0.0025847698179837673,-0.015391959494347593,-0.002167842,0.0009883627,7.756389e-05,15.3,-1.0,0.50005627,0.7282182,0.7284454,0.7286587,0.7282853
35.800000000000004,5.542023,0.23413548,-18.50054,-0.01581623,0.015690245,0.027528476,-0.02949626,-0.0041924347,0.0012554227,0.0016009318761558572,-0.0025785605489952166,-0.015423959138741136,-0.0019803103,-0.001363353,0.0005295922,15.3,-1.0,0.50005627,0.7280298,0.7282054,0.7281245,0.7281016
35.9,5.5402827,0.2348992,-18.500074,-0.018448394,0.015842328,0.027038004,-0.029337259,0.0037139028,0.0050291414,0.0015070677537395265,-0.002809597620262699,-0.015428744976572909,-0.0011090285,-0.0039003573,-0.00093474245,15.3,-1.0,0.50005627,0.7278542,0.7277089,0.7279716,0.7276725
36.0,5.537163,0.23573737,-18.499687,-0.021632902,0.015920997,0.027101738,-0.020067655,0.0056039304,0.008357222,0.0013666243973357137,-0.00328609749264687,-0.015452824389159138,-0.0021143584,-0.0068285265,-0.000842018,15.3,-1.0,0.5000458,0.7276562,0.72761303,0.72784483,0.72732615
36.1,5.5333276,0.23671418,-18.49962,-0.024432573,0.015837815,0.027692746,-0.024770206,-3.9299262e-05,0.015761701,0.0012338022077420729,-0.003962083298243242,-0.015484433177113982,-0.00030274378,-0.0071544093,-0.0007997004,15.3,-1.0,0.5000458,0.7276985,0.72742873,0.7269486,0.72792375
36.2,5.5296717,0.23747002,-18.49955,-0.025743635,0.015394756,0.02857054,0.005000443,-0.0076395622,0.020483041,0.0010936776879891751,-0.004843963569139283,-0.015499390098735352,-0.0002343098,-0.008557805,-0.0012719171,15.3,-1.0,0.5000353,0.7277521,0.7273129,0.7270758,0.72779894
36.300000000000004,5.5257583,0.2378902,-18.499352,-0.025901135,0.014220607,0.029256478,0.0033132744,-0.0058618863,0.025683546,0.00100305882659286,-0.005700896522993909,-0.015517051341377625,-4.2808882e-05,-0.008066802,-0.00075692585,15.3,-1.0,0.5000267,0.72763216,0.72735465,0.727582,0.72718644
36.4,5.5223546,0.23814838,-18.498966,-0.024604259,0.013013747,0.029934768,0.015997117,-0.009701044,0.025927553,0.0010000109976787818,-0.006449330264227177,-0.015524586743371064,0.00020174569,-0.0057386393,-0.00028946443,15.3,-1.0,0.5000267,0.72738665,0.727683,0.7276285,0.7273508
36.5,5.5193286,0.2384315,-18.497938,-0.02269553,0.011905791,0.030696198,0.019271687,-0.0056537907,0.019695608,0.0010779309308257177,-0.007013890393472025,-0.015505584484282563,0.0009062882,-0.004656509,-0.00044560176,15.3,-1.0,0.5000267,0.7279263,0.7276295,0.7281466,0.7275086
36.6,5.5167074,0.23896812,-18.496408,-0.019975137,0.011377632,0.03082917,0.02256099,0.00083385746,0.0139549365,0.0012106770581205852,-0.007385949017356638,-0.015544710128326313,-0.0006623023,-0.0028821365,-0.0009928087,15.3,-1.0,0.5000267,0.72789705,0.7283213,0.7286727,0.7273664
36.7,5.5142984,0.23958856,-18.494736,-0.017338365,0.011331442,0.03053612,0.021163817,-0.0022867706,0.0039446163,0.001268045240509347,-0.007558021703014799,-0.015544658844595426,-0.0006261083,-0.00014831321,7.245085e-05,15.3,-1.0,0.5000267,0.72823346,0.7282454,0.7282468,0.7282344
36.800000000000004,5.51223,0.24003777,-18.49267,-0.015122088,0.011175306,0.030260045,0.021493223,0.0071194144,-0.0025713814,0.0012448654060905077,-0.0076603603028551175,-0.01553192256967584,-0.00012498035,-0.0006444285,-0.00041360513,15.3,-1.0,0.5000267,0.7286753,0.7284959,0.72864836,0.7286878
36.9,5.5102715,0.2405028,-18.490667,-0.012990358,0.01115973,0.029327026,0.018328039,-0.005567638,-0.006696209,0.0012031092129105943,-0.007728105733626703,-0.015565321849529313,-0.0012496768,-0.0008315667,-0.001217321,15.3,-1.0,0.5000267,0.7286848,0.7289479,0.729016,0.7285339
37.0,5.508676,0.24076027,-18.488573,-0.01035968,0.010936017,0.028111998,0.01779458,0.00043456565,-0.005249865,0.0010971359193621055,-0.007768993748112246,-0.015599521829650664,-0.0014606651,-0.00022108515,-0.00039305314,15.3,-1.0,0.5000267,0.72878474,0.72911865,0.7290252,0.72870606
37.1,5.50729,0.24071886,-18.486227,-0.007577497,0.010273074,0.027017616,0.02234269,-0.010877371,-0.011097639,0.0010539495353222164,-0.007741288441526809,-0.015615164998625435,-0.00028526466,0.0012890145,0.00025753025,15.3,-1.0,0.5000267,0.728974,0.72934306,0.72908866,0.7291244
37.2,5.5063705,0.24009025,-18.48454,-0.0053055454,0.009292905,0.025512077,0.017438633,-0.0064262236,-0.0132620325,0.0010415125667668206,-0.0076663932352437625,-0.015604366094181003,0.00033044745,0.0006345394,3.427003e-05,15.3,-1.0,0.5000267,0.72896117,0.7292039,0.7292812,0.72892535
37.300000000000004,5.5052357,0.23904589,-18.483385,-0.0036223182,0.00807803,0.023852188,0.015302475,-0.0065873717,-0.011220573,0.0011682828021465298,-0.007527959885257512,-0.015635029382222165,0.0011433418,0.00015232169,-0.00012869235,15.3,-1.0,0.5000267,0.7288532,0.72892785,0.72931063,0.7283379
37.4,5.504179,0.23804721,-18.482956,-0.0022223485,0.007238027,0.022812026,0.024935218,0.0018043083,0.000745058,0.0014019967184122435,-0.007412483652062254,-0.015673489464543184,0.0030109263,0.0003139181,0.00041732917,15.3,-1.0,0.5000267,0.7286393,0.72856003,0.7284614,0.72843254
37.5,5.5036187,0.23709506,-18.482817,-0.00091583363,0.006673059,0.022108754,0.02021014,0.003146685,-5.960464e-05,0.0016845286783109582,-0.007393678248346766,-0.01567911519420988,0.0023217127,-0.00042723183,-0.00033922968,15.3,-1.0,0.5000267,0.72821546,0.72834694,0.72848386,0.7278659
37.6,5.504112,0.23627056,-18.482664,0.0010642852,0.006638525,0.02188444,0.015973752,0.006643527,-0.00010663643,0.001956008823887185,-0.007398463967989535,-0.015685847336530077,0.003031855,0.00017359646,0.0001353668,15.3,-1.0,0.5000267,0.7284342,0.7278099,0.72790587,0.72808933
37.7,5.5052514,0.23614657,-18.48255,0.0035516769,0.007461185,0.021818008,0.019726446,0.01056376,0.0010686925,0.0021525557930750666,-0.007223671823730249,-0.015667906832444425,0.0005559403,0.0031945491,0.0005158344,15.3,-1.0,0.5000267,0.72769433,0.7282663,0.7279779,0.7278726
37.800000000000004,5.5058517,0.2365582,-18.482546,0.005061316,0.00852431,0.022285186,0.015960716,0.00427702,0.015179626,0.002214652340390982,-0.006905532736839417,-0.01561972170549918,-0.0001500025,0.0035693382,0.0002679243,15.3,-1.0,0.5000267,0.7281069,0.727714,0.7278294,0.7280907
37.9,5.505767,0.2369806,-18.482609,0.0055068615,0.009600652,0.022598833,0.013078524,0.0045941127,0.013372394,0.002120536091083209,-0.0065396318935330155,-0.015590333889808064,-0.0013895022,0.002923811,0.00068987295,15.3,-1.0,0.5000267,0.7279132,0.72779506,0.72769314,0.7281448
38.0,5.5049605,0.23743288,-18.482725,0.005522114,0.0099972235,0.023131905,0.0097097065,0.006646578,0.006787944,0.0019234546156825338,-0.006293440381255752,-0.01556571714325155,-0.0026305066,0.0014567428,-0.000108687986,15.3,-1.0,0.5000267,0.7275945,0.72808826,0.7280067,0.72783935
38.1,5.503939,0.23741281,-18.482944,0.0052093854,0.009887533,0.023588426,0.0073280167,0.0031599763,0.009876209,0.001772991997217523,-0.006241309778897357,-0.015539801255350797,-0.00060224335,-0.0007052071,0.0006548368,15.3,-1.0,0.5000267,0.7279069,0.7276519,0.7278016,0.7280025
38.2,5.5033965,0.23652817,-18.48293,0.0049027945,0.0088661155,0.02429004,0.010219531,0.00296842,0.01742551,0.0016710109743409472,-0.006369927483948146,-0.015536932994401353,0.00068981585,-0.0021045562,-7.689405e-05,15.3,-1.0,0.5000267,0.7278708,0.7278917,0.72800565,0.727975
38.300000000000004,5.503018,0.23477136,-18.482344,0.0049320427,0.0072273063,0.024556583,0.0062856213,0.004743165,0.0029341315,0.0017741601410322173,-0.006515110990447273,-0.015565960095942634,0.001863961,-0.0006013814,0.0003544906,15.3,-1.0,0.5000267,0.7276213,0.7285358,0.7279126,0.7282781
38.400000000000006,5.502813,0.23323579,-18.48185,0.0053166873,0.005946116,0.02457882,0.012291844,0.009106427,0.0059031877,0.0021015126522355133,-0.00663951115246156,-0.01555652756635459,0.0055055656,-0.0014674809,0.00051154755,15.3,-1.0,0.5000267,0.72843057,0.72776455,0.7282115,0.7282094
38.5,5.5027018,0.23221353,-18.481752,0.005973966,0.0056140646,0.024564456,0.012960999,0.013334121,0.0097164875,0.002531863102974257,-0.0067226763178355586,-0.01558796256343386,0.004026102,-0.0014871103,-1.9980409e-05,15.3,-1.0,0.5000267,0.7281983,0.72801673,0.7284282,0.7277406
38.6,5.5022583,0.23149249,-18.481888,0.00675101,0.005963706,0.024371961,0.02162903,0.015255567,0.009466893,0.0028788232989721456,-0.006710257491173078,-0.015579786180422162,0.0038075978,-0.00052506005,-0.00019478252,15.3,-1.0,0.5000267,0.72828597,0.7275172,0.7278503,0.727975
38.7,5.5012145,0.23105374,-18.482605,0.006786374,0.006720263,0.024697421,0.011522864,0.015261876,0.0196225,0.0031326076136959677,-0.006644973503623958,-0.015603456458554781,0.0015090464,9.612507e-05,0.0005439727,15.3,-1.0,0.5000267,0.727627,0.72787446,0.7277494,0.72755176
38.800000000000004,5.4992595,0.23160444,-18.483404,0.0061179195,0.008254767,0.025363185,0.015919983,0.013695948,0.018266028,0.0032407797375127974,-0.006690468257384212,-0.015597086405943178,0.0018392324,-0.0020308911,-0.00023586997,15.3,-1.0,0.5000267,0.7278915,0.7272957,0.7271349,0.7279324
38.900000000000006,5.4966044,0.23295462,-18.484007,0.0049528126,0.010415312,0.026272494,0.010147961,0.01701029,0.02009142,0.0031675976201269267,-0.006897438092870746,-0.015575568819407444,-0.00086728006,-0.0033279846,0.00020795611,15.3,-1.0,0.5000267,0.7276185,0.7275035,0.7270946,0.7279895
39.0,5.4941874,0.2345783,-18.484697,0.0043647494,0.012230797,0.027053637,0.017555356,0.0140326265,0.010684132,0.0028598974069847433,-0.007349265431940164,-0.0155388036508104,-0.004355595,-0.0060313893,-0.00026458816,15.3,-1.0,0.5000267,0.727337,0.72763395,0.72767377,0.7273537
39.1,5.4918904,0.23629281,-18.485706,0.0040244265,0.013629446,0.027922079,0.02463851,0.009375896,0.014000106,0.0024325031953113894,-0.007881786393304712,-0.015528203317015139,-0.005000546,-0.0054473197,-0.00038548018,15.3,-1.0,0.5000267,0.7270764,0.72767305,0.72726816,0.72751206
39.2,5.490129,0.23773229,-18.486471,0.004651882,0.014135052,0.029002111,0.024678934,0.0024757062,0.020980833,0.0019693578129674123,-0.008379394021570865,-0.015507038286516742,-0.0043442124,-0.0051730997,0.0005696752,15.3,-1.0,0.5000267,0.7274875,0.727182,0.7274852,0.72731566
39.300000000000004,5.4891114,0.23919535,-18.487154,0.0063288463,0.014133616,0.03008481,0.03375791,4.507501e-05,0.019834375,0.0015768984490474502,-0.008777740213816578,-0.015536405086494186,-0.003851047,-0.002386487,-0.00026119553,15.3,-1.0,0.5000267,0.72708,0.72774005,0.72749764,0.727258
39.400000000000006,5.489396,0.24043453,-18.487675,0.009119913,0.013958692,0.031106656,0.030619498,-0.0026563792,0.018262303,0.00125580155662807,-0.008997208364425333,-0.015549885054091297,-0.0026849525,-0.0006647596,-0.0013589873,15.3,-1.0,0.5000267,0.727488,0.72742647,0.72750753,0.7274167
39.5,5.490722,0.24131991,-18.487663,0.012453393,0.013154073,0.032245655,0.028879032,-0.0041620247,0.024064908,0.0010022789123111735,-0.008898796584405311,-0.015562248100085068,-0.0030351728,0.002313572,-0.0005907344,15.3,-1.0,0.5000267,0.72742623,0.72797257,0.72821105,0.72730625
39.6,5.492884,0.24233101,-18.48758,0.01597692,0.012232555,0.03264639,0.031816028,-0.009006556,0.013576354,0.0008881924864491595,-0.008484074528208563,-0.015626671393883653,-0.0007852441,0.004988103,-0.000386045,15.3,-1.0,0.5000267,0.72801816,0.72774434,0.7279536,0.7275283
39.7,5.495632,0.24348058,-18.488039,0.019152002,0.011586075,0.032716587,0.027337363,-0.010523647,0.014426651,0.0007858215854445474,-0.007870657670155806,-0.015654391267452338,-0.0007078056,0.007574213,3.1861608e-05,15.3,-1.0,0.5000267,0.72754055,0.72790176,0.72742945,0.72772056
39.800000000000004,5.4981656,0.24464871,-18.489012,0.021610536,0.01123136,0.03308322,0.019440265,-0.004200621,0.024490057,0.000693148625737271,-0.007119741393971369,-0.015660512310034094,-0.0013358311,0.008601214,-0.0004043007,15.3,-1.0,0.5000267,0.7273335,0.7275161,0.72735536,0.72736263
39.900000000000006,5.500457,0.24564394,-18.48977,0.022835683,0.01014696,0.034178983,0.00025400365,-0.007827476,0.027501954,0.0005783481429836564,-0.006283807376927922,-0.01567732245902089,-0.0015071068,0.0078064078,-0.00033214566,15.3,-1.0,0.5000267,0.7272919,0.7275352,0.72753704,0.72719777
40.0,5.5029044,0.24645124,-18.489725,0.023646217,0.009274601,0.03489915,-0.0045540887,-0.007845259,0.0106100915,0.0004748344434104834,-0.00561717788758832,-0.015680791771678474,-0.00082785997,0.0055725714,0.0010936811,15.3,-1.0,0.5000267,0.7275814,0.72761476,0.7278001,0.7273651
40.1,5.506067,0.24815509,-18.488855,0.02460413,0.008775393,0.035645694,-0.003380435,-0.008615217,0.010140705,0.0004479576811223179,-0.005022868772158256,-0.015666977885540494,-0.0006919034,0.006313783,0.00016435876,15.3,-1.0,0.5000267,0.7280035,0.7279856,0.7281125,0.72785515
40.2,5.5091143,0.2503733,-18.487171,0.024955483,0.008806111,0.035854716,-0.0059607388,-0.009204972,0.0027348285,0.00033111874979971156,-0.004432931167704839,-0.01564259684463632,-0.0013838502,0.005837536,-3.7109712e-06,15.3,-1.0,0.5000267,0.7288357,0.728318,0.7284649,0.7286683
40.300000000000004,5.512484,0.25273734,-18.484804,0.024333736,0.008202563,0.03486489,-0.021643575,-0.013918361,-0.0067050564,9.915319757610202e-05,-0.003807921697624872,-0.015609232227742869,-0.0022707193,0.0054863873,0.00010707397,15.3,-1.0,0.5000267,0.7292546,0.72864914,0.7289407,0.7289897
40.400000000000006,5.5153747,0.2546445,-18.482271,0.023006663,0.0074147987,0.03348802,-0.026711743,-0.02005249,-0.023472121,-0.00021114561123853105,-0.003272543389944255,-0.015547929998583336,-0.0027075391,0.004766493,0.0002516791,15.3,-1.0,0.5000267,0.7293301,0.7292684,0.7293443,0.72951263
40.5,5.518231,0.25647414,-18.479631,0.021121582,0.0063768034,0.031189013,-0.028574575,-0.013117337,-0.026207415,-0.00047651639133155263,-0.0028613697632567277,-0.015516344006969959,-0.0021377564,0.0031277658,0.00051836827,15.3,-1.0,0.5000267,0.72966486,0.7292221,0.72960156,0.7295336
40.6,5.5210133,0.2581753,-18.476812,0.01867333,0.0048221564,0.028339634,-0.035766754,-0.022465367,-0.020049045,-0.000681505917905567,-0.0025450263682416934,-0.015519803696957149,-0.001617146,0.0034791008,-0.0003574823,15.3,-1.0,0.5000267,0.7293807,0.7296791,0.72943527,0.72967035
40.7,5.523035,0.25922745,-18.473894,0.015249834,0.002893712,0.025616577,-0.033636674,-0.025059462,-0.020018311,-0.0008384758631014793,-0.002331185270884053,-0.015516554947078593,-0.001672296,0.0007160128,-0.00047208607,15.3,-1.0,0.5000267,0.7294809,0.72974855,0.72986954,0.7294124
40.800000000000004,5.5244346,0.25992095,-18.47143,0.0118951155,0.0008896757,0.022828374,-0.037857417,-0.021279808,-0.021134501,-0.0008771587806163103,-0.0022791888906895075,-0.015480502747455016,0.0003886789,-0.00033343863,-1.9645136e-05,15.3,-1.0,0.5000267,0.7295259,0.7295133,0.7295584,0.72978073
40.900000000000006,5.525439,0.26048642,-18.469076,0.008377069,-0.00088055455,0.020128148,-0.025439475,-0.026622998,-0.025718005,-0.0007939989217975379,-0.002403532273523374,-0.015488253508814671,0.0008011011,-0.0017782011,-0.0008483165,15.3,-1.0,0.5000267,0.7294898,0.7295369,0.7294295,0.7297219
41.0,5.525779,0.2609716,-18.467312,0.004952745,-0.0025092645,0.01759765,-0.030558664,-0.022673234,-0.019405967,-0.0006900490267259217,-0.0026150084939218017,-0.015488808857302505,0.00086169346,-0.00342965,-7.5180345e-05,15.3,-1.0,0.5000267,0.72934294,0.7292955,0.72949904,0.7292126
41.1,5.5253105,0.26104635,-18.465841,0.0012918896,-0.0044191335,0.015243654,-0.025142971,-0.015903609,-0.013684387,-0.0005490524264559211,-0.00294305961958498,-0.015470063671763635,0.0019892338,-0.00401289,0.00025456032,15.3,-1.0,0.5000267,0.72898626,0.72912717,0.7290645,0.729238
41.2,5.5242004,0.26046994,-18.464703,-0.0019240153,-0.0065236227,0.013708481,-0.026914503,-0.017268306,-0.006002839,-0.0003687227526343152,-0.003378898069257699,-0.015508737678015654,0.0014881069,-0.005258977,-0.0009510856,15.3,-1.0,0.5000267,0.72886735,0.7291655,0.72927606,0.7286576
41.300000000000004,5.5222793,0.25973767,-18.46391,-0.0047973776,-0.008355633,0.012318965,-0.012016289,-0.010675114,-0.009508337,-4.170027996019331e-05,-0.003962580616920243,-0.01553391172406669,0.0036510224,-0.0068433424,-0.00034074608,15.3,-1.0,0.5000267,0.7289431,0.72881484,0.72889924,0.72866535
41.400000000000006,5.5197334,0.25870323,-18.463186,-0.00705335,-0.009825132,0.011351235,-0.0065136733,-0.009160452,-0.0052410173,0.0002652303882212425,-0.004551329593369022,-0.015539199495507862,0.0034372301,-0.00765683,-0.00026691426,15.3,-1.0,0.5000267,0.72884274,0.72868025,0.72899806,0.72845244
41.5,5.516929,0.2570076,-18.462227,-0.008706334,-0.011636294,0.010387021,-0.003284105,-0.00483147,-0.013469252,0.0006334760382556282,-0.005216006142697695,-0.015545834897206885,0.004148443,-0.006898335,-0.00082794006,15.3,-1.0,0.5000267,0.7285831,0.72893846,0.72877645,0.7286657
41.6,5.5137877,0.2545593,-18.461493,-0.009781997,-0.013080266,0.009550434,-0.0007810758,-0.00077216735,-0.013631768,0.0010942295811723175,-0.005916760041548508,-0.015533713415776551,0.0051911757,-0.006533772,0.00076465623,15.3,-1.0,0.5000267,0.72849953,0.7288476,0.7286,0.72888446
41.7,5.5109224,0.2518033,-18.46097,-0.009781837,-0.013860885,0.008752259,0.01260103,0.0030387049,-0.007259659,0.0016200558938426863,-0.006586512793825683,-0.015527299851895403,0.0059805973,-0.00622196,0.00012421835,15.3,-1.0,0.5000267,0.7286744,0.72851396,0.7285559,0.7287903
41.800000000000004,5.508958,0.24949633,-18.460634,-0.008820794,-0.014170722,0.007957405,0.017614124,0.0074135144,0.00036694107,0.002158176853418226,-0.007164721690470051,-0.015528315507804596,0.006034911,-0.0054823533,0.0001494977,15.3,-1.0,0.5000267,0.728645,0.72825223,0.7285559,0.7284241
41.900000000000006,5.5079985,0.24733359,-18.460117,-0.006684474,-0.013399239,0.0076536103,0.020110158,0.010743058,-0.005784444,0.0026807472886127104,-0.007559741732481246,-0.015531659661766664,0.005288075,-0.0025516956,0.00055347796,15.3,-1.0,0.5000267,0.7287286,0.7282364,0.72851324,0.72854495
42.0,5.507545,0.24563724,-18.459196,-0.004450081,-0.011897916,0.00743114,0.02501709,0.022887243,-0.011345371,0.0030508539506213703,-0.00769599984849593,-0.01551852633617706,0.0023447163,0.000903653,-0.00015158035,15.3,-1.0,0.5000267,0.72837603,0.72893465,0.7285125,0.72900534
42.1,5.507385,0.24359134,-18.458265,-0.0023240028,-0.010544012,0.006503287,0.024465688,0.016191224,-0.019692814,0.003271861331720055,-0.007612893733175599,-0.015508299773307787,0.0018846036,0.0017768947,-0.00057292933,15.3,-1.0,0.5000267,0.72867805,0.72864074,0.7287514,0.72884035
42.2,5.5072455,0.2414982,-18.457363,-0.00048160204,-0.009427289,0.006084798,0.02012272,0.023178214,-0.004323199,0.0034115437693093245,-0.007446532665682373,-0.01552861833279432,0.0018332431,0.0029819699,-0.0011659458,15.3,-1.0,0.5000267,0.72853047,0.729086,0.72864914,0.7291111
42.300000000000004,5.5068727,0.23966627,-18.45647,0.000611397,-0.008008697,0.005398411,0.013767502,0.017812354,-0.013975426,0.0036030493474281263,-0.0072093791330821565,-0.01557640633421243,0.0017223911,0.0030710245,0.00043391788,15.3,-1.0,0.5000267,0.7286121,0.72928685,0.7285546,0.72920585
42.400000000000006,5.5070095,0.2388344,-18.455507,0.0017132707,-0.005579647,0.004866708,0.018603202,0.026701298,0.00055693084,0.003740829486276007,-0.007063895050840331,-0.015606046640887066,0.0003541604,0.0021540995,0.00034010678,15.3,-1.0,0.5000267,0.72875786,0.72944355,0.72877073,0.7291961
42.5,5.5075955,0.23805213,-18.454605,0.002675744,-0.0036003562,0.004055648,0.009636563,0.021979185,-0.0071488316,0.0037395048553152403,-0.006924666468308906,-0.015614208736322289,-0.0011620354,0.0012620105,-0.0008459593,15.3,-1.0,0.5000267,0.72900915,0.7292527,0.72907865,0.7289827
42.6,5.508272,0.23702961,-18.454203,0.0032965052,-0.0018777703,0.0029028235,0.0043074577,0.014139749,-0.00922149,0.0036123971706623612,-0.0067551454216170466,-0.015651325402114308,-0.0013058612,0.0022073032,-0.00090489374,15.3,-1.0,0.5000267,0.7286951,0.72923964,0.7286473,0.72888166
42.7,5.5088043,0.23622836,-18.454403,0.0037099975,-1.4912723e-05,0.0022561953,0.0021059166,0.023562986,-0.0055613923,0.0035393999397716398,-0.006614257491524913,-0.015670737673849206,-0.0018867808,0.0011648145,-0.0011662904,15.3,-1.0,0.5000267,0.7284315,0.72906095,0.72872335,0.7283285
42.800000000000004,5.5094523,0.2358741,-18.455204,0.004437716,0.0016132469,0.0019791431,0.012242913,0.012870559,0.0020093282,0.0034706697349874203,-0.00648172367463775,-0.015640159304173125,-0.0005709441,0.00019358935,-0.00069076085,15.3,-1.0,0.5000267,0.72861713,0.72800714,0.7283523,0.7280965
42.900000000000006,5.510128,0.23596248,-18.455667,0.0048959428,0.0035997548,0.002445773,0.0076355385,0.024755279,0.00716187,0.0033309072765080714,-0.006294911413423989,-0.015612011336950607,-0.0017692009,0.0017619497,0.0002655029,15.3,-1.0,0.5000267,0.72818375,0.7282908,0.72833085,0.72806954
43.0,5.511145,0.23626226,-18.4557,0.0057106814,0.0054382305,0.0031768063,0.0026437044,0.018818475,0.006254762,0.0031196962331135423,-0.006140313928485516,-0.015562829671344069,-0.0031151236,0.0005439344,-0.00070380577,15.3,-1.0,0.5000267,0.7285588,0.7282263,0.728747,0.7281532
43.1,5.513135,0.23633301,-18.456057,0.00713727,0.006668891,0.0034389026,-0.0010400035,0.008524299,0.00497885,0.0028668578427100554,-0.0059280441226717785,-0.015524222794672119,-0.0021542734,0.0030343684,0.000563876,15.3,-1.0,0.5000267,0.7284239,0.7282358,0.72839856,0.7284397
43.2,5.5153995,0.23580979,-18.456938,0.008535173,0.007071037,0.0034487257,6.3893815e-05,0.012009717,0.008017289,0.002611984628013608,-0.005594442971912851,-0.015506026931261034,-0.0011774278,0.005027646,0.00027507023,15.3,-1.0,0.5000267,0.72800577,0.7280588,0.7279714,0.7283316
43.300000000000004,5.5182486,0.23474377,-18.458649,0.010131144,0.006437364,0.003876377,-0.0057135453,0.007962466,0.01122197,0.0024845428864020214,-0.005096210574550025,-0.015505901052062038,0.00070113345,0.006222463,-0.0005653083,15.3,-1.0,0.5000267,0.72774404,0.72757155,0.7277016,0.7278226
43.400000000000006,5.5207343,0.23433289,-18.460533,0.010541395,0.006390506,0.004983085,-0.016217256,0.004623906,0.024028586,0.0025742896059688302,-0.004482358404263597,-0.015512620121565896,0.001493532,0.0065931175,0.0004099821,15.3,-1.0,0.5000267,0.7273465,0.72732645,0.727564,0.7272997
43.5,5.5226235,0.23451892,-18.462502,0.010098373,0.0069702063,0.006256539,-0.011348823,0.01325578,0.020761972,0.0027031960221665773,-0.003903827057897091,-0.015501109619098993,0.0016011286,0.005150891,-0.00018264882,15.3,-1.0,0.5000267,0.7271129,0.727018,0.72700596,0.7273171
43.6,5.524667,0.23509559,-18.464405,0.008983488,0.008087457,0.008312159,-0.022285895,0.010719701,0.03153225,0.002754247774513078,-0.00346136682435456,-0.015499168947496518,-0.00047580616,0.002840762,-0.000985674,15.3,-1.0,0.5000267,0.7272365,0.7268958,0.72737783,0.7268184
43.7,5.526687,0.23627162,-18.465635,0.007840588,0.00948556,0.010443773,-0.022217577,0.011455896,0.030897556,0.002635153286140641,-0.0031677687471435285,-0.015497042410529302,-0.0018179412,0.003366508,-0.00016596695,15.3,-1.0,0.5000267,0.7270659,0.72745585,0.72709996,0.72739965
43.800000000000004,5.5277934,0.23798573,-18.46629,0.006031452,0.010858137,0.012044443,-0.023173185,0.015256078,0.020779667,0.0023981025849188877,-0.0029299012700189425,-0.015460602185818798,-0.0030784707,0.0020310136,-0.0005641292,15.3,-1.0,0.5000267,0.7273201,0.72765076,0.72752213,0.7275617
43.900000000000006,5.5282187,0.23994918,-18.466413,0.003552122,0.0122311795,0.013526828,-0.026935289,0.0016459806,0.010258517,0.0020234555109599926,-0.002829671742828798,-0.015465388440656891,-0.005734417,0.0006371823,-0.00041948195,15.3,-1.0,0.5000267,0.7274368,0.7283895,0.72807646,0.7276046
44.0,5.5273576,0.24176523,-18.466463,0.00037127815,0.01271935,0.014110255,-0.02761173,-0.0013098915,0.004427507,0.0015730166834887168,-0.002901727852346665,-0.015424201326721631,-0.0045302236,-0.0024175611,-0.00010710604,15.3,-1.0,0.5000267,0.7280031,0.72798914,0.7282485,0.7278708
44.1,5.5255075,0.24453703,-18.46618,-0.0028984125,0.013472445,0.014503524,-0.02302425,-0.005687791,0.006130896,0.0011553238616047253,-0.0032454381904680344,-0.015367637749525452,-0.003278651,-0.0050110766,-0.00088879117,15.3,-1.0,0.5000267,0.72824544,0.72800964,0.7279374,0.7286169
44.2,5.523537,0.24791391,-18.465553,-0.0053889905,0.014280547,0.014503794,-0.012744454,-0.007912786,-0.00545429,0.0007197197267668124,-0.0037853437254839963,-0.01533873990752492,-0.0054421355,-0.005656031,-0.0005036957,15.3,-1.0,0.5000267,0.7280866,0.72859335,0.7282624,0.7287053
44.300000000000004,5.5212116,0.2526821,-18.465025,-0.00756804,0.015584437,0.01430196,-0.017864143,-0.018132817,0.0035753471,0.00017064868819246533,-0.004430586675839888,-0.015289468930032203,-0.0074655265,-0.0066413516,-0.00043498306,15.3,-1.0,0.5000267,0.7282747,0.7285056,0.72874886,0.72853595
44.400000000000006,5.519134,0.25771984,-18.465086,-0.008459809,0.01646979,0.013828502,0.0053809886,-0.016776372,0.0012060626,-0.0005732549183780126,-0.005097356903190213,-0.015282784437645587,-0.008527849,-0.0073736613,-0.0005424292,15.3,-1.0,0.5000267,0.7286463,0.72790873,0.72852486,0.72841614
44.5,5.5172567,0.2631831,-18.465374,-0.008652498,0.016959988,0.01352054,0.007859159,-0.032255355,0.0028656793,-0.001434406677811507,-0.005685016873443631,-0.015312451147458422,-0.009630714,-0.0054366053,-0.0019057095,15.3,-1.0,0.5000267,0.7284542,0.72785836,0.72833323,0.7281562
44.6,5.515955,0.26890805,-18.46592,-0.008145071,0.016402753,0.01334106,0.0099587515,-0.045933403,0.0056102867,-0.002398045978481877,-0.006155548567395912,-0.015330412598247366,-0.010790883,-0.0048893546,-0.00044032402,15.3,-1.0,0.5000267,0.728192,0.7276615,0.7282681,0.7277809
44.7,5.515848,0.2741899,-18.466658,-0.0066225063,0.014880245,0.013589098,0.010245157,-0.044805154,0.009190756,-0.003354698045616435,-0.006487295539324022,-0.015409722579648882,-0.010995654,-0.0011306391,-0.0014809596,15.3,-1.0,0.5000267,0.72738194,0.7283416,0.7280428,0.72754127
44.800000000000004,5.5158463,0.27805403,-18.467293,-0.0052138376,0.011941176,0.013917517,0.0059158932,-0.046356577,0.011460389,-0.00416074511054761,-0.006551283609451302,-0.015487570346119407,-0.007742906,0.00034218765,-0.00070215523,15.3,-1.0,0.5000267,0.7276016,0.72789353,0.7278057,0.7274639
44.900000000000006,5.516062,0.28083587,-18.467718,-0.0036659434,0.007244448,0.014632804,0.012222844,-0.059078235,0.008861999,-0.004747293569722746,-0.006460843575876044,-0.015587878691225828,-0.0047628577,0.0015043571,-0.0011280441,15.3,-1.0,0.5000267,0.727717,0.7279766,0.7277535,0.72755814
45.0,5.5161095,0.28219163,-18.467743,-0.0026052608,0.0020444978,0.015208503,0.0031292946,-0.06342043,0.007932539,-0.004977463322320628,-0.00628624738530205,-0.01570164546094002,-0.0017403696,0.0013110989,-0.0018578436,15.3,-1.0,0.5000267,0.72789055,0.7281597,0.7283008,0.7271849
45.1,5.5154805,0.28227136,-18.467283,-0.001947127,-0.004370898,0.015577811,0.00025187907,-0.06736812,0.007478054,-0.0048277951618148395,-0.0061246384373880094,-0.015803941194863152,0.0024848562,0.00075541047,-0.000111016714,15.3,-1.0,0.5000267,0.7282574,0.7282641,0.728423,0.7274333
45.2,5.5142827,0.28060356,-18.466824,-0.0016767915,-0.010830994,0.015744954,0.0036893906,-0.05883476,0.007882248,-0.004334534810912487,-0.00597519763648291,-0.015883707322390417,0.0060964096,0.00092718366,0.00024858266,15.3,-1.0,0.5000267,0.7278896,0.7290202,0.72836375,0.7279242
45.300000000000004,5.51308,0.2775095,-18.466106,-0.0014831157,-0.017417701,0.015649447,0.0018763002,-0.046274893,0.0071846875,-0.0034758226185031367,-0.005964867823146744,-0.015933447932958034,0.010661384,0.0015750472,0.00053533795,15.3,-1.0,0.5000267,0.7281579,0.7290077,0.7278919,0.7287742
45.400000000000006,5.512252,0.27447927,-18.46531,-0.0010638384,-0.022355022,0.015279295,0.0065538073,-0.037714314,0.0032866371,-0.0023502309276477065,-0.006047246205870744,-0.015971069984189755,0.013039264,-0.00011089183,0.00015019483,15.3,-1.0,0.5000267,0.7288205,0.72874373,0.7280757,0.7288999
45.5,5.5116367,0.27162758,-18.46435,-0.00032535152,-0.025052551,0.014602598,0.007285003,-0.019586029,-0.008081085,-0.0011359085577585205,-0.006134643492648287,-0.015995080203424075,0.010617687,-0.00021870303,-0.00022685473,15.3,-1.0,0.5000267,0.72873247,0.72907233,0.7287352,0.72842515
45.6,5.5109324,0.26842883,-18.46415,0.00018581412,-0.026888186,0.013583648,0.0060798298,-0.0004808213,-0.0060382294,-6.044805589897995e-05,-0.006191194159840992,-0.015984404761374745,0.009671753,-0.00040710773,0.00066254055,15.3,-1.0,0.5000267,0.7287676,0.7285518,0.7283073,0.72846013
45.7,5.5106955,0.26523623,-18.464039,0.00081953447,-0.027743595,0.012949297,0.003886156,-0.005709798,0.0031678935,0.0008242433350494466,-0.00621044509710401,-0.01593314158037001,0.008936101,-0.001008277,0.0005601087,15.3,-1.0,0.5000267,0.72906,0.7278349,0.72818214,0.7283892
45.800000000000004,5.510757,0.2624129,-18.463446,0.0015546953,-0.027642652,0.01279885,0.0032472597,0.009268876,0.000105705105,0.001560928870946354,-0.006218408412314256,-0.015821771558882248,0.0058871456,0.00037962155,0.00068284926,15.3,-1.0,0.5000267,0.72841346,0.728542,0.7286851,0.728411
45.900000000000006,5.510769,0.2596807,-18.462276,0.0020578215,-0.026378736,0.012084342,0.004596268,0.008763482,-0.01338683,0.0021598492733404754,-0.006167601065342631,-0.015746233122869963,0.0037806933,0.0002877461,0.00046782717,15.3,-1.0,0.5000267,0.7283634,0.7288946,0.72895867,0.7284433
46.0,5.510251,0.2572806,-18.461285,0.0018431116,-0.024872448,0.011277631,0.008087705,0.016380161,-0.006951391,0.002574268134589368,-0.006073306259433283,-0.01565877201463642,0.003185207,0.0015641579,0.00062973844,15.3,-1.0,0.5000267,0.72839075,0.728921,0.72846425,0.729177
46.1,5.5091863,0.25501913,-18.460566,0.0010030939,-0.022723855,0.010160668,-0.00093519513,0.015073908,-0.0077593136,0.0028579785878320545,-0.006103919810914502,-0.015552003587354861,0.0023914042,-0.0022838092,0.0013044735,15.3,-1.0,0.5000267,0.7287697,0.72821647,0.72883123,0.72879153
46.2,5.508024,0.25336826,-18.460178,0.00041614517,-0.02070382,0.009011086,0.0075814785,0.015548712,-0.009133014,0.0030205425669910233,-0.006250272512682421,-0.015479740715091676,9.017939e-05,-0.0028688966,0.0011796763,15.3,-1.0,0.5000267,0.7280398,0.72848505,0.72869754,0.72848225
46.300000000000004,5.5066066,0.25195125,-18.45981,-0.00035373704,-0.018364338,0.008591109,0.00083258416,0.018070811,0.0010537914,0.0030816501062236167,-0.0064946934745237,-0.015467039399440467,0.000103192375,-0.0031519677,-0.00059672433,15.3,-1.0,0.5000267,0.7283513,0.72826153,0.7283131,0.7287055
46.400000000000006,5.5056105,0.25072795,-18.45941,-0.0003852739,-0.01598944,0.0081688035,0.0148850875,0.019599875,-0.0012381932,0.0031082604109185607,-0.006813491095776693,-0.015433362738619113,0.00014050989,-0.003763025,0.00017687879,15.3,-1.0,0.5000267,0.7284956,0.7281153,0.7284918,0.7285428
46.5,5.5050426,0.24980232,-18.4586,2.9844465e-05,-0.0137073165,0.007881048,0.010225421,0.017689671,-0.0055185515,0.00303179201605358,-0.007089190040774907,-0.015398834926683362,-0.0010503018,-0.0035114526,-0.00022224998,15.3,-1.0,0.5000267,0.72866416,0.7282212,0.72895235,0.7284418
46.6,5.504746,0.24948682,-18.45682,0.00097104977,-0.010910966,0.007404531,0.021260204,0.019307392,-0.0022305173,0.0029140582682560395,-0.007277262151884783,-0.015397799403971308,-0.0027421983,-0.0014839149,-0.0007350114,15.3,-1.0,0.5000267,0.72871935,0.7290907,0.7292705,0.7288237
46.7,5.504782,0.24984461,-18.454933,0.0020827341,-0.007681926,0.0060851327,0.01758141,0.021838767,-0.015307217,0.002678960092726192,-0.007343364862308145,-0.015386437148143807,-0.0036519933,-0.0007402664,-0.0006905982,15.3,-1.0,0.5000267,0.72925603,0.72889566,0.72932386,0.72916305
46.800000000000004,5.5050454,0.25021496,-18.453115,0.0030698322,-0.005054958,0.004412098,0.013284592,0.018299231,-0.021396203,0.0023137211873471915,-0.007285036153570661,-0.015415615113177931,-0.0050169947,0.0009961348,-0.00029989833,15.3,-1.0,0.5000267,0.72902083,0.72944474,0.7289987,0.7295603
46.900000000000006,5.506116,0.25052112,-18.451246,0.0049587116,-0.0030718816,0.0025216124,0.01984665,0.008803031,-0.018464865,0.0018729381346661196,-0.00719111588084852,-0.015459653949672027,-0.0048738928,0.0020091748,-0.00023939388,15.3,-1.0,0.5000267,0.7292305,0.7294009,0.7293464,0.72914743
47.0,5.508075,0.2504966,-18.449646,0.007188924,-0.0018731105,0.0010036756,0.008722489,0.003412131,-0.021762213,0.0014856537933894977,-0.006948599840060274,-0.015499787348504825,-0.0028916793,0.0029508662,-0.0004797998,15.3,-1.0,0.5000267,0.72984344,0.7289403,0.7293626,0.72925043
47.1,5.5106072,0.25017127,-18.448591,0.008958535,-0.001128248,-0.0012197499,0.0032287368,0.004213287,-0.019416677,0.0011728867166705093,-0.006503590124499809,-0.015573110230811982,-0.0015417127,0.0055422783,-0.00019492413,15.3,-1.0,0.5000267,0.72932756,0.72900283,0.7286092,0.72929156
47.2,5.5134087,0.24931641,-18.447977,0.010242205,-0.0013000884,-0.0026128744,0.0016963403,-0.0075952485,-0.0061332243,0.0009656979812645437,-0.005963672050848259,-0.015611430453524974,-0.00091098726,0.0053677475,-0.0004767423,15.3,-1.0,0.5000267,0.72896945,0.72882795,0.7287182,0.72876066
47.300000000000004,5.516877,0.2478566,-18.447643,0.011211802,-0.0017734622,-0.0035883961,0.007399739,-0.0003265827,-0.008907634,0.0009266953987614355,-0.005354400181574061,-0.01563531123001462,0.00071663357,0.0070994394,0.0002428733,15.3,-1.0,0.5000267,0.72844297,0.7289427,0.7283816,0.72883195
47.400000000000006,5.5209713,0.24602136,-18.447248,0.012304951,-0.0022770201,-0.003951993,-0.007529539,0.004762966,-0.004547182,0.0010617271448571813,-0.004728688225360402,-0.01564228471760681,0.0014467858,0.0074124504,-0.00063447014,15.3,-1.0,0.5000267,0.7284612,0.72885936,0.7285823,0.7286779
47.5,5.52582,0.24356183,-18.446737,0.013254293,-0.0031386537,-0.004693261,-0.016443795,0.0007706778,0.0007185153,0.001315057944529727,-0.003981199677341268,-0.015648569671626523,0.003251954,0.009174033,0.00047771112,15.3,-1.0,0.5000267,0.7282982,0.72887385,0.7285742,0.7285606
47.6,5.531541,0.2407428,-18.446215,0.013677889,-0.0038348234,-0.0051388205,-0.023837399,0.0010069043,-0.00441214,0.0016981688157855729,-0.0031163877450798507,-0.0156483994324286,0.0045459145,0.009370039,-5.482422e-05,15.3,-1.0,0.5000267,0.72863585,0.7285779,0.72864735,0.7285435
47.7,5.5377336,0.23761924,-18.446012,0.013246014,-0.0040905303,-0.005844445,-0.038565993,0.0073413295,-0.0074487175,0.0021712384602392476,-0.002181006745356199,-0.015620808161001525,0.0051245303,0.009127636,-1.7598883e-05,15.3,-1.0,0.5000267,0.7286371,0.7282678,0.72858065,0.72838384
47.800000000000004,5.543498,0.23514366,-18.445858,0.01198057,-0.0033317197,-0.006136382,-0.049176417,0.020758437,-0.00891555,0.002685064259430856,-0.0012304893160002377,-0.015585763862274437,0.0060182535,0.010576366,-0.0005465953,15.3,-1.0,0.5000267,0.72856086,0.7281917,0.72799534,0.7288628
47.900000000000006,5.5491734,0.23290415,-18.445435,0.0093785245,-0.0019377695,-0.0061195847,-0.047126118,0.020236477,0.0015888362,0.003121074775764149,-0.0003435819288936854,-0.015544629801200542,0.0044837594,0.009532717,0.0003573754,15.3,-1.0,0.5000267,0.7285504,0.7284201,0.7280837,0.7289585
48.0,5.553118,0.23056285,-18.444769,0.0053838356,-0.00082519074,-0.00630329,-0.056163438,0.021849751,-0.008666421,0.0034013366865060443,0.0003988343961890877,-0.01546270353030592,0.003816278,0.0064345207,0.0014295797,15.3,-1.0,0.5000267,0.7288821,0.72830474,0.7285483,0.728953
48.1,5.555302,0.22750019,-18.444002,-0.0005989988,8.542609e-05,-0.00681437,-0.061177164,0.024389995,-0.0057318243,0.003641726855344235,0.0008912918480113412,-0.015398615733687365,0.0030843199,0.0031164186,-0.00046735836,15.3,-1.0,0.5000267,0.7285991,0.728721,0.7287621,0.7289049
48.2,5.5555573,0.22464263,-18.443634,-0.0072322413,0.0010121752,-0.007348914,-0.0590608,0.027533855,-0.0027683561,0.003929365504783303,0.0009372079463069065,-0.01529750567557059,0.0038629777,-0.0024422882,-0.00052425184,15.3,-1.0,0.5000267,0.7284369,0.7286913,0.72894025,0.728788
48.300000000000004,5.5542045,0.2215288,-18.443167,-0.0142755285,0.0019517242,-0.007723056,-0.05782344,0.032466702,-0.0060242596,0.00428267614727237,0.00047892546139491603,-0.015230140405987823,0.003431972,-0.0067809834,-0.00035636258,15.3,-1.0,0.5000267,0.7283941,0.7288359,0.72910345,0.7285948
48.400000000000006,5.551075,0.21891515,-18.442013,-0.02083243,0.0032645792,-0.008105607,-0.049761247,0.032390878,-0.015892552,0.0046821160621304736,-0.0003009352642481282,-0.01519623553434845,0.0044317013,-0.009507304,-0.00045599966,15.3,-1.0,0.5000267,0.7288087,0.72903734,0.7289174,0.7292209
48.5,5.546627,0.21661061,-18.440393,-0.027033139,0.0050652646,-0.008811895,-0.03836104,0.042451568,-0.016315838,0.005050976092937563,-0.0014480727688869527,-0.015162124137014121,0.0035107257,-0.014471616,-0.0014275372,15.3,-1.0,0.5000267,0.72947794,0.72900766,0.7296654,0.7290393
48.6,5.5407753,0.21392609,-18.438528,-0.032394968,0.006628823,-0.01037313,-0.020750044,0.04278248,-0.026233027,0.00531463224329415,-0.002862858459069981,-0.015121858402677416,0.0031012374,-0.01573543,-0.00046093066,15.3,-1.0,0.5000267,0.7293276,0.72939175,0.7295109,0.7295079
48.7,5.5346265,0.21091239,-18.437023,-0.035667803,0.0082114255,-0.011989908,-0.009511948,0.039607752,-0.022136139,0.005569173676228856,-0.004429232438588767,-0.015106184950345056,0.0034554678,-0.01639098,-0.0014607819,15.3,-1.0,0.5000267,0.7295507,0.7292385,0.729674,0.7293885
48.800000000000004,5.5290585,0.20830522,-18.436777,-0.036774565,0.009990042,-0.013799422,0.010544387,0.044538766,-0.014708842,0.0058564947012141235,-0.00591473194272592,-0.01511149109529538,0.0035479662,-0.015180324,-0.0005458161,15.3,-1.0,0.5000267,0.72927904,0.7286166,0.72921807,0.728952
48.900000000000006,5.523697,0.20592995,-18.437323,-0.036024943,0.012160346,-0.014793121,0.028361589,0.04900994,-0.0053136605,0.006151531649508895,-0.0072335509127269245,-0.015143754965660384,0.0030640017,-0.012775755,-0.0015857843,15.3,-1.0,0.5000267,0.728774,0.7283245,0.7289103,0.7283622
49.0,5.5194488,0.20452215,-18.437962,-0.03383902,0.015173999,-0.014906489,0.030414363,0.037570123,0.0018770805,0.006385132077824221,-0.008279641226349435,-0.015185589194302861,0.002345722,-0.0089175925,-0.00073428167,15.3,-1.0,0.5000267,0.7285921,0.7279971,0.7283376,0.7283706
49.1,5.515847,0.20378372,-18.438658,-0.029932108,0.01838636,-0.014749573,0.035903692,0.03970678,0.0025862826,0.006436775496099518,-0.008994483068744152,-0.015243485474235346,0.0006169662,-0.0056642396,-0.0013086111,15.3,-1.0,0.5000267,0.7285902,0.7276661,0.72832114,0.72799665
49.2,5.512926,0.20399792,-18.439016,-0.0262384,0.021694705,-0.013941484,0.04059027,0.043288987,0.002801418,0.006299424283259058,-0.00934125420748268,-0.015312559385204537,-0.0015216253,-0.0016480515,-0.0014208646,15.3,-1.0,0.5000267,0.7282483,0.7282606,0.7282614,0.7281802
49.300000000000004,5.5102615,0.20550396,-18.438803,-0.022185434,0.025760308,-0.013270344,0.041947335,0.041732628,-0.0047362405,0.006009153402979319,-0.0094775681416425,-0.015340729071469503,-0.0025878183,-0.0011527631,-0.00053601724,15.3,-1.0,0.5000267,0.72888374,0.72802997,0.7284032,0.7285799
49.400000000000006,5.5082355,0.20798828,-18.438637,-0.018309806,0.02930359,-0.01311839,0.040313955,0.037979774,0.0077225263,0.005493557479170722,-0.00949163801975182,-0.01540042392359026,-0.0060809194,0.0009135883,-0.0018342782,15.3,-1.0,0.5000267,0.7285447,0.7286031,0.7285478,0.7285478
49.5,5.506583,0.21114174,-18.438263,-0.014467587,0.032474168,-0.013054777,0.042310532,0.033091106,-0.0047800126,0.004765854615506154,-0.009389409173151269,-0.01546840888657803,-0.00759201,0.0012687239,-0.0012837081,15.3,-1.0,0.5000267,0.72894,0.72855127,0.72868603,0.7285592
49.6,5.505553,0.21531758,-18.437735,-0.010477991,0.035170775,-0.013218739,0.03186432,0.014543491,-0.011902302,0.003921696524262884,-0.009224841703814891,-0.015532240420261245,-0.008186744,0.001406695,-0.0013994696,15.3,-1.0,0.5000267,0.7291915,0.72857636,0.7288999,0.72850126
49.7,5.505063,0.22053854,-18.437235,-0.006900958,0.037885685,-0.013331754,0.037902348,0.011054966,-0.009451526,0.0030033637067087685,-0.008954450894339305,-0.015550487335696172,-0.010277575,0.002725767,-0.00024613334,15.3,-1.0,0.5000267,0.72892755,0.72900933,0.72897977,0.72872204
49.800000000000004,5.5047555,0.22584504,-18.436825,-0.0042339377,0.039776746,-0.013662469,0.036805924,-0.004076338,-0.00065797934,0.00194553594992773,-0.00864239504651368,-0.01557789664243214,-0.011775624,0.0019084696,-0.00064864015,15.3,-1.0,0.5000267,0.7291151,0.7289506,0.729171,0.728555
49.900000000000006,5.5048947,0.23172116,-18.436974,-0.0015520866,0.040498704,-0.014135695,0.02227444,-0.010079697,-0.010388902,0.0007981363853988566,-0.008321276834645787,-0.015585839265860123,-0.010913315,0.0034968639,0.00029238538,15.3,-1.0,0.5000267,0.7288804,0.7288302,0.72847265,0.72900313
50.0,5.505484,0.23686308,-18.43744,0.0010059262,0.03971458,-0.014695192,0.0235828,-0.015467546,0.00032642853,-0.00031914829663252096,-0.008035140150766062,-0.015611844020204085,-0.010688327,0.0040520937,0.00066465966,15.3,-1.0,0.5000267,0.7281499,0.7288846,0.72821987,0.7285955
50.1,5.507155,0.24212185,-18.437801,0.0040675476,0.037723098,-0.014508396,0.01721727,-0.034128286,-0.0063586044,-0.0012570722760622296,-0.007651202545721567,-0.015686757285106344,-0.008200341,0.0049325847,0.000113204966,15.3,-1.0,0.5000267,0.72850895,0.72855246,0.72825027,0.7283386
50.2,5.509036,0.24659152,-18.438421,0.0061062877,0.035042673,-0.014193442,0.013011251,-0.036761,-0.0014151445,-0.00201014098801271,-0.007142162609345251,-0.015736369515967408,-0.0074421517,0.0059401686,-0.00066247006,15.3,-1.0,0.5000267,0.7279902,0.7287974,0.7283828,0.72798395
50.300000000000004,5.5112753,0.25102115,-18.439486,0.007837196,0.031077892,-0.013628769,0.005145355,-0.040355615,0.009799375,-0.002600808917385798,-0.006586759141427451,-0.015773795301090184,-0.004341313,0.006548791,0.00046336022,15.3,-1.0,0.5000267,0.7280409,0.72836345,0.72788966,0.7281773
50.400000000000006,5.513359,0.25511387,-18.440811,0.008504918,0.027495958,-0.0129477875,0.0055397428,-0.046055112,0.009815208,-0.0029589037880447906,-0.005999637549271169,-0.01582965795406493,-0.0027549784,0.0052984217,0.00029892026,15.3,-1.0,0.5000267,0.7280265,0.7280204,0.7277699,0.7277623
50.5,5.515552,0.25925246,-18.442142,0.008944496,0.02404355,-0.01170349,-0.0015767381,-0.048898537,0.011294614,-0.003200252049756052,-0.005480002759373131,-0.015829048978256603,-0.0023045454,0.004632733,0.0005371976,15.3,-1.0,0.5000267,0.7279704,0.72789484,0.72778267,0.72768587
50.6,5.5183825,0.26340663,-18.443752,0.0092398245,0.0201462,-0.01042469,-0.001677863,-0.055047233,0.016442033,-0.0034281554757604185,-0.005018811353229093,-0.01582148437611691,-0.0026870286,0.0054616234,0.0001281168,15.3,-1.0,0.5000267,0.72746485,0.72807235,0.72741187,0.7278247
50.7,5.521961,0.26703227,-18.445696,0.009556995,0.01598563,-0.00927395,-0.0026145952,-0.049826927,0.023044644,-0.003628247115529652,-0.004576459819439715,-0.01579690301024928,-0.0010525207,0.005743268,0.0011191624,15.3,-1.0,0.5000267,0.727349,0.72752684,0.72692823,0.7278453
50.800000000000004,5.525737,0.2694264,-18.447132,0.009624192,0.0117556555,-0.007682412,-0.011705279,-0.053295206,0.016564036,-0.003747508622894658,-0.004048128280940232,-0.015765154292680442,-0.0018507307,0.006440823,0.00074116356,15.3,-1.0,0.5000267,0.72709966,0.72771955,0.72756684,0.72721684
50.900000000000006,5.53005,0.27091342,-18.447798,0.009106787,0.006946262,-0.0057616057,-0.025485959,-0.04631327,0.013549346,-0.0037335862039925625,-0.003473290675132563,-0.015733984050636602,0.0013027746,0.006093676,0.0011031107,15.3,-1.0,0.5000267,0.7279003,0.72748154,0.72770983,0.7277233
51.0,5.533741,0.27140176,-18.447779,0.007921417,0.0023446765,-0.004555538,-0.028938163,-0.055421025,0.008357222,-0.0035613423341569173,-0.0028387088483739454,-0.015704138066218603,0.0018243069,0.0064124838,0.00066965,15.3,-1.0,0.5000267,0.7277699,0.7283004,0.7283085,0.7278922
51.1,5.5371065,0.271019,-18.447472,0.00600211,-0.0028018947,-0.003906334,-0.038650375,-0.05024694,0.002112705,-0.0031779685887520304,-0.0022932364644232565,-0.015694056359375357,0.0048329807,0.005054616,-6.6956876e-05,15.3,-1.0,0.5000267,0.7282313,0.72836924,0.72826904,0.7283992
51.2,5.5395722,0.26963133,-18.4467,0.0033405775,-0.0073885974,-0.003624961,-0.04149844,-0.043211773,-0.0022854654,-0.002649303746599069,-0.0018166529002053115,-0.01570348609958402,0.0055089314,0.004140889,0.00042588986,15.3,-1.0,0.5000267,0.7283103,0.729034,0.72894424,0.72835714
51.300000000000004,5.541084,0.26730403,-18.44588,-0.00021933179,-0.011732361,-0.0039362973,-0.032641806,-0.03134876,-0.0039050353,-0.0019320143652708,-0.0015541136892142549,-0.015694167300183415,0.00722665,0.001670527,0.00055816007,15.3,-1.0,0.5000267,0.7285567,0.7290794,0.728961,0.7286558
51.400000000000006,5.5410895,0.26453495,-18.445053,-0.004389938,-0.015183553,-0.004465219,-0.042236418,-0.0229514,-0.012731644,-0.001098225436740602,-0.001518350458198007,-0.015679344904821414,0.008960973,-0.0016639169,0.000937066,15.3,-1.0,0.5000267,0.72906274,0.7288347,0.7291599,0.7287335
51.5,5.539849,0.26084867,-18.444023,-0.008836626,-0.018314635,-0.005097078,-0.030996153,-0.010425953,-0.011922791,-0.00021845842472685738,-0.001773140848085017,-0.015598977745860483,0.009514568,-0.0042000846,0.001183533,15.3,-1.0,0.5000267,0.7287587,0.7292043,0.7291633,0.7292696
51.6,5.537622,0.25625753,-18.443293,-0.0134425685,-0.021129185,-0.0064429296,-0.037769806,-0.0071359295,-0.013715121,0.0007900065115150758,-0.0023273362000214735,-0.015592580448537986,0.0106220655,-0.0073283617,0.0009427559,15.3,-1.0,0.5000267,0.72892255,0.728903,0.7292114,0.72877914
51.7,5.5343337,0.25148898,-18.4434,-0.017380742,-0.022916902,-0.007434851,-0.018116252,0.0043907803,-0.007448252,0.0018447681695980525,-0.0030914807222044162,-0.015603930313217638,0.010854926,-0.008217316,-0.00084613153,15.3,-1.0,0.5000267,0.728465,0.7289464,0.7285045,0.7288106
51.800000000000004,5.5306516,0.24752532,-18.443981,-0.020423053,-0.023153393,-0.00790732,-0.009418514,0.017655859,0.0042333263,0.002904495356209782,-0.0039759830117039865,-0.01559670489021409,0.010758444,-0.010566976,-6.1465566e-05,15.3,-1.0,0.5000267,0.7287165,0.72803855,0.7284609,0.7281728
51.900000000000006,5.526789,0.24409287,-18.445005,-0.022287138,-0.021953423,-0.008088272,-0.0027466537,0.025702681,0.004798639,0.003809903355726975,-0.004986854324354278,-0.015552432813273682,0.008349909,-0.010751928,0.00091056526,15.3,-1.0,0.5000267,0.7283797,0.7276294,0.72807246,0.7279715
52.0,5.52383,0.24205051,-18.446344,-0.022393862,-0.019564198,-0.0074926787,0.0071311546,0.033342198,0.0070584933,0.004539239500643,-0.005933796073728007,-0.015465132758217778,0.0055808616,-0.008884475,0.00025154356,15.3,-1.0,0.5000267,0.7279654,0.72733146,0.7280083,0.7276174
52.1,5.5210605,0.241402,-18.447922,-0.021402413,-0.015246358,-0.006196676,0.012937409,0.032388967,0.0222004,0.004925613053579083,-0.006708180273295097,-0.015390782613111248,0.00087939296,-0.0072884075,-0.0005083945,15.3,-1.0,0.5000267,0.7278311,0.7272047,0.72804743,0.72733337
52.2,5.5186915,0.24243142,-18.449343,-0.019543234,-0.010144932,-0.004877229,0.020641629,0.034367263,0.016814096,0.004893395423885893,-0.007220800925023157,-0.015330000734529954,-0.0034695994,-0.0028902993,-0.00017085107,15.3,-1.0,0.5000267,0.7273298,0.7275649,0.7272886,0.7279489
52.300000000000004,5.5165744,0.24430718,-18.45074,-0.017330308,-0.0044499612,-0.0033225652,0.023826616,0.026578838,0.01968676,0.004401940295092833,-0.007532074726167089,-0.015253680767992868,-0.00835377,-0.0033709095,0.0010087555,15.3,-1.0,0.5000267,0.72766036,0.7271015,0.7280553,0.727294
52.400000000000006,5.51477,0.2460416,-18.451817,-0.014681067,-0.0004895537,-0.0020151224,0.02271631,0.017016873,0.018426215,0.0035531985613241448,-0.0077152507456513695,-0.015219752952637538,-0.008738886,-0.00044147312,-0.0008818944,15.3,-1.0,0.5000267,0.7276939,0.7271427,0.72738826,0.7280351
52.5,5.512852,0.24779275,-18.452887,-0.012449485,0.00223205,-0.0005781865,0.019515334,0.009390101,0.017707234,0.002649598674623637,-0.007741442370845676,-0.015226878239315315,-0.009506553,0.00011976462,-0.0013898491,15.3,-1.0,0.5000267,0.7274395,0.7276161,0.7278271,0.72768414
52.6,5.510754,0.24944131,-18.454071,-0.010293287,0.0039097928,0.00073159725,0.02484794,0.004318282,0.012655276,0.001832467483954242,-0.007742583000654209,-0.015285735446563557,-0.0077489275,1.1896907e-05,-0.0011954027,15.3,-1.0,0.5000267,0.72742844,0.72776556,0.7275749,0.72782844
52.7,5.5087624,0.25102422,-18.455397,-0.0082809115,0.004627077,0.0020255623,0.020842953,-0.0024531062,0.022375489,0.0011984940843568644,-0.007758242817027104,-0.015338411370042842,-0.004806408,0.00041418738,-0.00056394085,15.3,-1.0,0.5000267,0.7274987,0.7276172,0.7272925,0.72795767
52.800000000000004,5.5069103,0.25271082,-18.456589,-0.0065144445,0.0048797163,0.0031887197,0.023063129,-0.01243335,0.013669952,0.0006818284700485832,-0.007792979635433428,-0.015395851349195829,-0.0040427647,-0.00067680085,6.662017e-05,15.3,-1.0,0.5000267,0.72759116,0.72751534,0.7274828,0.7277045
52.900000000000006,5.5051045,0.25461945,-18.458078,-0.004321608,0.004610548,0.0045426185,0.01961605,-0.014317354,0.017312353,0.00031109487475767156,-0.007853180981804526,-0.015505931652883428,-0.0034602624,-0.00013287977,-0.0013432024,15.3,-1.0,0.5000267,0.72755754,0.72761583,0.7273397,0.7275259
53.0,5.5037074,0.2557788,-18.458994,-0.0026098185,0.003715741,0.0057695643,0.029338097,-0.014042023,0.020321457,-2.5345066878555783e-05,-0.007879718164879477,-0.015569310464280383,-0.0022467964,-0.0010990681,-0.0009940047,15.3,-1.0,0.5000267,0.72791183,0.72733116,0.7274884,0.7275243
53.1,5.502551,0.25643596,-18.459356,-0.0007261818,0.0020575863,0.007154182,0.028198263,-0.019409785,0.0068163495,-0.00024561664056051033,-0.00788033734424142,-0.01565981637143213,-0.0009701151,0.00023502769,-0.0005024463,15.3,-1.0,0.5000267,0.7279852,0.7279014,0.727727,0.7277562
53.2,5.5021706,0.25719687,-18.459257,0.0013824594,0.0007505016,0.008089384,0.02559754,-0.01593811,0.013758893,-0.0002808901552361514,-0.007878835230369188,-0.015739438863370103,-7.470563e-05,0.0005257039,0.00033272366,15.3,-1.0,0.5000267,0.728042,0.7285434,0.72805077,0.72795504
53.300000000000004,5.5022893,0.2584524,-18.458948,0.0038653743,-9.666784e-05,0.008364834,0.016723387,-0.018080583,0.009413342,-0.00024579646796220377,-0.007768185913518022,-0.015808029145202823,-0.00021220598,0.002722935,-0.00054294395,15.3,-1.0,0.5000267,0.72835535,0.728566,0.72814715,0.72811663
53.400000000000006,5.5023417,0.25998154,-18.458519,0.005911449,-0.00013054861,0.008310328,0.020698478,-0.011306866,-0.0050123776,-0.00026012750216613216,-0.007558880247298869,-0.015833761398930293,-0.0010327324,0.0033209354,8.2566075e-05,15.3,-1.0,0.5000267,0.72849405,0.7286947,0.7281404,0.72847563
53.5,5.5020237,0.26160035,-18.458315,0.007278742,-2.6284004e-05,0.007925271,0.013079039,-0.012899945,-0.0064424234,-0.00041298371472784767,-0.007272949380678751,-0.015828966309914698,-0.0022060543,0.0026844626,0.00015764416,15.3,-1.0,0.5000267,0.7287138,0.72836083,0.7281451,0.72844505
53.6,5.500932,0.2630516,-18.458803,0.008025589,-0.00039303425,0.0074016843,0.0151193775,-0.012248954,0.0012004747,-0.0006515905778184375,-0.0070465786662362116,-0.015806639830357377,-0.0038077314,0.0020855966,-0.00036059518,15.3,-1.0,0.5000267,0.7279249,0.7285101,0.7278235,0.72824335
53.7,5.4990854,0.26350754,-18.459135,0.0076192976,-0.0014120395,0.007869454,0.011584934,-0.020166764,0.0068326476,-0.0009069926595435231,-0.006950743852199127,-0.01579679275812064,-0.002558927,-0.0022679844,0.00064486,15.3,-1.0,0.5000267,0.72854376,0.7279248,0.7283939,0.727775
53.800000000000004,5.496727,0.26326978,-18.459005,0.00695163,-0.003197331,0.008058043,0.01143231,-0.022816664,0.0028586944,-0.0010441231460849457,-0.0070730438185542446,-0.01578406899063488,0.00012272439,-0.0030807431,0.00034923566,15.3,-1.0,0.5000267,0.72828406,0.72837573,0.7280981,0.72832566
53.900000000000006,5.4940796,0.26241294,-18.45858,0.0063386397,-0.0051744715,0.008080843,0.020061301,-0.025914578,-0.00067939976,-0.0009758967891115617,-0.007402658232045643,-0.01580241530152993,0.0027538848,-0.0042074695,0.0014855838,15.3,-1.0,0.5000267,0.72850275,0.72844744,0.72790647,0.72879195
54.0,5.492031,0.26104176,-18.458138,0.006771221,-0.0072256555,0.00791715,0.016448682,-0.023012307,-0.008565838,-0.0007454935556134571,-0.007864297043861032,-0.015762819950816763,0.0024471532,-0.0042849346,0.00071184983,15.3,-1.0,0.5000267,0.7281172,0.72888255,0.7287563,0.7283138
54.1,5.490244,0.2592644,-18.457634,0.008002679,-0.008915926,0.00743131,0.024888758,-0.024477782,-0.0037122515,-0.000335097863702429,-0.008268750126917192,-0.01572681904793214,0.0052839117,-0.0035561495,0.00059902464,15.3,-1.0,0.5000267,0.7286508,0.7283435,0.7282708,0.7289116
54.2,5.4892464,0.2571668,-18.45716,0.009814867,-0.010307825,0.007052551,0.029724378,-0.011471292,0.00080093736,0.00010079569519333087,-0.00853535994666466,-0.01570782544595796,0.0050871666,-0.002092691,0.0009783298,15.3,-1.0,0.5000267,0.7287633,0.7283185,0.7286995,0.7285585
54.300000000000004,5.4885097,0.25442156,-18.456617,0.012230523,-0.01136069,0.006414028,0.021469546,-0.0064784423,-0.006056856,0.0006061623299990252,-0.008633333299136446,-0.015712977023596978,0.0060554706,-0.00074137276,0.0005716564,15.3,-1.0,0.5000267,0.72896814,0.7281531,0.72859263,0.72861516
54.400000000000006,5.487708,0.25162017,-18.456394,0.0137463035,-0.011934769,0.005833371,0.032326378,0.00044085298,-0.004335306,0.001132563120355661,-0.008562576612161983,-0.01570608719414466,0.005515921,0.000502699,0.000584887,15.3,-1.0,0.5000267,0.72857213,0.72833407,0.72849226,0.7285458
54.5,5.4874506,0.24873666,-18.456253,0.015730118,-0.012066112,0.005472865,0.031417735,0.004485057,-6.5192576e-06,0.0016404175045627288,-0.008485000861807576,-0.0157159449751608,0.004337383,0.00036056904,0.0010890954,15.3,-1.0,0.5000267,0.72843754,0.7283938,0.7286991,0.7281883
54.6,5.487975,0.24529172,-18.455664,0.017909126,-0.012083982,0.0052748956,0.025253536,0.0074027935,-0.003432389,0.0021603955480873844,-0.008324620409725762,-0.015729110060243082,0.005601235,0.0014963569,0.00066539785,15.3,-1.0,0.5000267,0.72880316,0.72828436,0.7285795,0.72855973
54.7,5.4894214,0.242209,-18.454746,0.020140707,-0.011213703,0.004815665,0.023262113,0.019023169,-0.0013033858,0.002693206161619464,-0.008059156869312085,-0.015731251934735124,0.005488466,0.003190359,0.00045431685,15.3,-1.0,0.5000267,0.72868633,0.72866964,0.7284357,0.7289353
54.800000000000004,5.4912486,0.24021341,-18.453382,0.021749057,-0.009263907,0.00433074,0.017429428,0.02095991,-0.013517681,0.003176973145003313,-0.007694993023785481,-0.015744394998921152,0.0037894996,0.004773942,0.00017788712,15.3,-1.0,0.5000267,0.72886413,0.72918135,0.7287257,0.7292011
54.900000000000006,5.492492,0.23863743,-18.451511,0.02250642,-0.0069259056,0.0030833741,0.014668902,0.022417245,-0.0214749,0.0034358050531513667,-0.00722046175091075,-0.015711777769606215,0.0017776098,0.0039607566,0.00012418836,15.3,-1.0,0.5000267,0.72932714,0.7290943,0.7290514,0.729371
55.0,5.4928546,0.23722231,-18.449602,0.022033172,-0.004805065,0.0015955705,0.010498128,0.020204684,-0.02046814,0.003517268429001741,-0.006798930493845913,-0.015689625496750747,0.0014223678,0.0031301267,0.00062027894,15.3,-1.0,0.5000267,0.7294691,0.7293171,0.729003,0.7297744
55.1,5.493351,0.2359335,-18.447515,0.021640012,-0.0027158963,-2.2126631e-05,0.005092539,0.019594533,-0.019982455,0.0035189456909227425,-0.006614734415630623,-0.015666009742363294,0.00046574557,0.0005680342,-0.0019925975,15.3,-1.0,0.5000267,0.72945386,0.7296451,0.7292953,0.7298737
55.2,5.494117,0.2348524,-18.445776,0.021452222,-0.0007437655,-0.0020423152,0.0075977384,0.020198409,-0.031402797,0.003481642770094822,-0.006557614960212573,-0.01565809608421122,-0.00016650715,0.00040750083,6.0303115e-05,15.3,-1.0,0.5000267,0.7295436,0.72964257,0.729373,0.72966635
55.300000000000004,5.4953456,0.2335018,-18.444643,0.021527752,0.00088848366,-0.0040660026,0.008415843,0.017081866,-0.0206721,0.0033996926145543937,-0.006489102948161054,-0.015637888867925966,-0.0005753579,3.2407723e-05,0.00028386785,15.3,-1.0,0.5000267,0.7294995,0.72925955,0.72942543,0.72923565
55.400000000000006,5.496411,0.23239225,-18.443727,0.02149845,0.0023150526,-0.0054712794,-0.0008079732,0.017265573,-0.013916752,0.003346953452047883,-0.0063659270088005674,-0.015606961675010399,-0.00046863363,0.0009862528,-1.4784218e-05,15.3,-1.0,0.5000267,0.7292194,0.72920793,0.7293116,0.72916865
55.5,5.497254,0.23147003,-18.44338,0.021143764,0.0034975256,-0.0068932273,-0.004588677,0.018149074,-0.011195428,0.0033291686377763348,-0.006220210137700944,-0.015549083177932816,-0.0010420879,0.00053657417,0.0007258891,15.3,-1.0,0.5000267,0.72859067,0.7291158,0.7292822,0.72873896
55.6,5.498088,0.23063098,-18.443571,0.020424237,0.0045758425,-0.007891887,0.0075976965,0.01873287,-0.006921589,0.0033111432827884037,-0.006082847146605518,-0.015486046355406815,-3.2361455e-05,-0.00054947805,0.00037717202,15.3,-1.0,0.5000267,0.72868997,0.7282632,0.7289262,0.728469
55.7,5.49934,0.22978006,-18.444265,0.019906903,0.005202338,-0.008169669,-0.0008662682,0.021633625,-0.0020870937,0.003339183584122289,-0.006027673489366636,-0.015469528386068725,0.0020475916,0.0001287175,0.00011175346,15.3,-1.0,0.5000267,0.7285333,0.727917,0.7281968,0.728615
55.800000000000004,5.5007544,0.22889179,-18.44552,0.019524246,0.0056081116,-0.007992924,-0.0061929473,0.017470479,0.0138725145,0.00339080464164444,-0.005934166354974376,-0.015480432894054446,0.0011161288,0.0013932663,-0.00046292122,15.3,-1.0,0.5000267,0.7276957,0.72808063,0.72788674,0.72812206
55.900000000000006,5.5023766,0.22808698,-18.447163,0.019415472,0.006036167,-0.007002332,0.0020261668,0.016870225,0.0210735,0.0034640916633579487,-0.005847774786117839,-0.01549315439741339,0.00203386,0.0019006901,0.0001962246,15.3,-1.0,0.5000267,0.7275463,0.7277649,0.7275509,0.7279653
56.0,5.503725,0.22780663,-18.448788,0.019232797,0.0070664193,-0.0059160907,-0.004732557,0.02071063,0.014075077,0.003558291528285714,-0.005652798723322622,-0.015534204606985288,0.00063193106,0.0019839543,-0.0008872578,15.3,-1.0,0.5000267,0.7274449,0.72762585,0.72750485,0.7274598
56.1,5.504776,0.22813335,-18.450178,0.018031973,0.008616782,-0.004303329,-0.002999055,0.018954659,0.017457174,0.003601599110805472,-0.005411319702021905,-0.01554634710625511,0.00022864254,0.0007155471,-0.00044201082,15.3,-1.0,0.5000267,0.7278322,0.7272618,0.7275408,0.72741514
56.2,5.5053124,0.22925156,-18.450497,0.016248262,0.01043916,-0.0027060423,-0.011821797,0.01544637,0.015460885,0.0035227259689323957,-0.005276939642598803,-0.015507133186776071,-0.0012572245,0.000438656,-0.00014674544,15.3,-1.0,0.5000267,0.7279326,0.72778654,0.72756845,0.72818166
56.300000000000004,5.5050054,0.23111288,-18.449759,0.013721121,0.012848123,-0.0014307004,-0.004579733,0.0131178005,-0.0031227244,0.003272964863834278,-0.005323156812329407,-0.015452273114869708,-0.0030919625,-0.0010056838,-0.0003788943,15.3,-1.0,0.5000267,0.7282014,0.72856987,0.7279956,0.7289817
56.400000000000006,5.5043426,0.23344342,-18.449038,0.011140557,0.015102013,-0.0013566717,-0.008774685,0.011789437,-0.009303446,0.0028377688513465437,-0.005559490404923907,-0.01539546514014623,-0.0054333652,-0.0032811414,-0.00019724832,15.3,-1.0,0.5000267,0.72820204,0.7290445,0.7284785,0.72908753
56.5,5.5038824,0.23647992,-18.44804,0.009460942,0.017379763,-0.0017024033,0.0020169825,-0.0025633979,-0.005737878,0.002253375475958819,-0.005972366109439234,-0.015371443241255967,-0.006813106,-0.0056255013,-0.00045529872,15.3,-1.0,0.5000267,0.7290542,0.728685,0.72911924,0.7288019
56.6,5.504095,0.24074642,-18.44661,0.008856416,0.019745482,-0.0025084447,-0.0018773425,-0.002712797,-0.026303807,0.0015439330680483386,-0.006384648064070946,-0.015346392145126385,-0.008268826,-0.004322508,-0.0007220426,15.3,-1.0,0.5000267,0.7291946,0.7289755,0.729334,0.7290194
56.7,5.505037,0.24529459,-18.445177,0.009171498,0.021224706,-0.0037348964,1.52067505e-05,-0.0045966604,-0.020163132,0.0006736594673661254,-0.006628678705232212,-0.015374499573884207,-0.009534921,-0.00073134963,-0.0012434509,15.3,-1.0,0.5000267,0.7289596,0.72953385,0.7290612,0.7293896
56.800000000000004,5.506258,0.24853513,-18.44441,0.009576307,0.020995365,-0.005071961,0.00508447,-0.014150098,-0.018535646,-0.0002502161462265019,-0.006686354303365133,-0.01539122217980542,-0.009024766,0.00045445716,-0.0010838179,15.3,-1.0,0.5000267,0.7290202,0.7291295,0.7289763,0.72923964
56.900000000000006,5.5082884,0.25057238,-18.443956,0.01097825,0.018761326,-0.006037192,0.005863932,-0.02097934,-0.015478115,-0.001005502158707907,-0.0065732970261624,-0.015461187153632355,-0.0056090686,0.0032051294,-0.0011046489,15.3,-1.0,0.5000267,0.7286528,0.7293139,0.7287103,0.72921705
57.0,5.511064,0.25134197,-18.443657,0.012433393,0.015716802,-0.006740157,-0.00042561622,-0.029536176,-0.0108410595,-0.0014604769661983189,-0.006266238505926546,-0.015522767206895036,-0.0034547076,0.0051120315,-0.0005894604,15.3,-1.0,0.5000267,0.7282943,0.72940403,0.7291018,0.728618
57.1,5.5146275,0.25109923,-18.443459,0.013776115,0.011567312,-0.00728598,0.003015646,-0.035794683,-0.012222211,-0.0015502545777983257,-0.005750407688821598,-0.015626915322630188,0.0014719955,0.006886278,-0.0010141669,15.3,-1.0,0.5000267,0.7286108,0.72904736,0.7286091,0.7288536
57.2,5.518142,0.2503381,-18.443686,0.014331415,0.0077744867,-0.0076017594,-0.0053010695,-0.02342274,-0.0027483327,-0.0012606104191459026,-0.005098123909879843,-0.01576347739863516,0.0032274714,0.0070262286,-0.0007174788,15.3,-1.0,0.5000267,0.72831964,0.72916806,0.72879976,0.7281315
57.300000000000004,5.522355,0.24893661,-18.444094,0.014480506,0.004119251,-0.0076691997,-0.019627223,-0.024890326,0.00058580184,-0.000762907934542698,-0.004419320245203431,-0.01583487758671703,0.005749481,0.007507617,-0.00050142914,15.3,-1.0,0.5000267,0.728319,0.7288812,0.7282487,0.72841
57.400000000000006,5.526578,0.24717139,-18.444336,0.014217831,0.0011376854,-0.007658798,-0.024926908,-0.016328288,-0.0060242596,-0.00014062309355711744,-0.003727636446311555,-0.015865880965764582,0.0071484935,0.008434,0.0009613594,15.3,-1.0,0.5000267,0.72832835,0.728657,0.72791034,0.7286461
57.5,5.531479,0.24536112,-18.444326,0.01396489,-0.00074825366,-0.007330296,-0.025422176,-0.0074943267,-0.010209157,0.0005590035616113128,-0.0030407375641197105,-0.015894017243496983,0.007847725,0.0077894907,0.0008636633,15.3,-1.0,0.5000267,0.7287612,0.72846055,0.7280953,0.72860026
57.6,5.5378456,0.2432799,-18.444197,0.0137595795,-0.002315368,-0.00721525,-0.04107613,-0.0018323034,0.005485024,0.0011966748582658356,-0.0023050226661863577,-0.015883445539794087,0.006914588,0.008902566,0.000789476,15.3,-1.0,0.5000267,0.7288069,0.72852474,0.7283596,0.72850955
57.7,5.5442667,0.24103709,-18.444191,0.012729394,-0.0031037251,-0.0071773375,-0.037799463,0.0083454065,0.0037341376,0.0017705032497433964,-0.0014213944266069382,-0.015829553897021106,0.0061272886,0.010519147,0.0013072127,15.3,-1.0,0.5000267,0.7284907,0.7287601,0.7282122,0.72878593
57.800000000000004,5.5494347,0.2392239,-18.444904,0.010578504,-0.0032571508,-0.007627331,-0.047716264,0.0023955426,-0.00084936613,0.00228074235622148,-0.0005107771455487533,-0.015727980430299774,0.006422163,0.009006617,0.0012840437,15.3,-1.0,0.5000267,0.72841555,0.7279902,0.72783417,0.72862357
57.900000000000006,5.553821,0.23766968,-18.446718,0.006510021,-0.0024246129,-0.007334689,-0.053442214,0.01855248,0.0067763026,0.002711428872134727,0.0002952559924806467,-0.015605039683455836,0.004718258,0.0057962635,0.0008133606,15.3,-1.0,0.5000267,0.72811055,0.72733927,0.72754073,0.72816896
58.0,5.55668,0.23704182,-18.448915,0.0017769838,-0.00087494915,-0.0063734106,-0.06144153,0.013840501,0.023959203,0.0030226152683750637,0.0008079367034229563,-0.015480935852839293,0.0027141708,0.0031271768,0.00092724775,15.3,-1.0,0.5000267,0.727404,0.72704184,0.727148,0.7276934
58.1,5.5583177,0.23767376,-18.451424,-0.004506414,0.0017332387,-0.0044978536,-0.060760405,0.010048421,0.029833985,0.0030979896982146794,0.0009777759424117822,-0.015326855062547872,-0.0010256438,-0.0011910705,-2.406818e-05,15.3,-1.0,0.5000267,0.7271208,0.7266981,0.72744447,0.72701746
58.2,5.558976,0.23941025,-18.453714,-0.010130501,0.004762866,-0.0022890642,-0.07260912,0.0153149115,0.033537854,0.0029605731981337327,0.0007703650684210637,-0.015172063673608276,-0.0030221788,-0.003340142,-7.2915973e-06,15.3,-1.0,0.5000267,0.72676796,0.7267119,0.7270181,0.7274047
58.300000000000004,5.558677,0.24217658,-18.45578,-0.015999531,0.008369383,0.0005735107,-0.05607677,0.009266823,0.03477046,0.0025468330367316426,0.0002861390891559135,-0.015030886872400647,-0.006440867,-0.006455819,5.0427978e-05,15.3,-1.0,0.5000267,0.726913,0.7267765,0.7274122,0.72735846
58.400000000000006,5.557519,0.2450571,-18.45688,-0.021072859,0.011046462,0.0029658747,-0.0460666,0.0075020306,0.024549196,0.0018285198414535427,-0.0003699599391485357,-0.014913116616573697,-0.008790443,-0.0075596296,-0.0009697455,15.3,-1.0,0.5000267,0.7270902,0.72728497,0.72783464,0.72772115
58.5,5.555996,0.24800137,-18.457233,-0.0251235,0.012800352,0.0047756694,-0.040589567,0.002141523,0.00775326,0.0010049193238601604,-0.0011673549552899262,-0.01486702308997909,-0.008692908,-0.0078818565,-0.0012540581,15.3,-1.0,0.5000267,0.7275755,0.72770435,0.7281379,0.7281526
58.6,5.554058,0.25084525,-18.457193,-0.028480202,0.0134658525,0.0058882167,-0.02742152,-0.009658707,0.002254266,0.00018980549181374061,-0.0019724439733350206,-0.014856799623592876,-0.007905157,-0.008869526,-0.0006521237,15.3,-1.0,0.5000267,0.7284334,0.72758114,0.7289132,0.7279887
58.7,5.5516415,0.25307336,-18.457214,-0.030742755,0.012666368,0.0063539892,-0.023104046,-0.014618065,0.0010821967,-0.0004902775355531921,-0.002769868386250411,-0.014918734310681763,-0.005083389,-0.0072737816,-0.001420807,15.3,-1.0,0.5000267,0.7283632,0.72812384,0.72844,0.72857445
58.800000000000004,5.5493083,0.25471827,-18.457718,-0.03255869,0.011434414,0.0063462234,-0.015943503,-0.018109644,0.0039320434,-0.0009733762997182765,-0.0034845787351650767,-0.015018759941227604,-0.0043792413,-0.00699939,-0.003212299,15.3,-1.0,0.5000267,0.7280423,0.72828156,0.7286296,0.7279391
58.900000000000006,5.546395,0.25607148,-18.458408,-0.03391686,0.009218731,0.0067879898,-0.0049062907,-0.029347572,0.006631482,-0.0012693643937071878,-0.004149804441918819,-0.015147034576826769,-0.0030745305,-0.006835218,-0.0019276416,15.3,-1.0,0.5000267,0.72790974,0.7284468,0.72871673,0.7275499
59.0,5.543509,0.25686136,-18.458988,-0.03479452,0.00705895,0.007224442,-0.0066064526,-0.024892207,0.012725591,-0.0013396170486296686,-0.004763258165161598,-0.015319244415938037,-1.9668583e-05,-0.0056230444,-0.0019002921,15.3,-1.0,0.5000267,0.72804695,0.7284413,0.72774416,0.7281876
59.1,5.5405254,0.25738925,-18.459497,-0.035139106,0.004963882,0.0077935443,0.0015372533,-0.022772709,0.0039343718,-0.0012898920845618252,-0.005391171291170159,-0.015444183980970574,0.0011119455,-0.005988254,-0.0019059515,15.3,-1.0,0.5000267,0.7283452,0.7281727,0.7278882,0.7281004
59.2,5.5379643,0.25735587,-18.459658,-0.034783132,0.0027269654,0.00802166,0.001466351,-0.030356793,0.0010160728,-0.0011786568577463747,-0.005965528207241646,-0.015575405280255082,0.00145079,-0.00509184,-0.0016501199,15.3,-1.0,0.5000267,0.7282802,0.72834826,0.7280779,0.72784364
59.300000000000004,5.535028,0.25669837,-18.459446,-0.034223765,0.00022266505,0.008374472,0.0079509895,-0.018485501,0.007835682,-0.0009527192959722717,-0.006464375707218626,-0.015703847086074012,0.0025311837,-0.0035058837,-0.0010820066,15.3,-1.0,0.5000267,0.7282368,0.7287524,0.7278788,0.7282814
59.400000000000006,5.5321217,0.25510964,-18.459192,-0.033250418,-0.002374191,0.008313548,0.012333235,-0.018331032,0.0023925675,-0.000655342068894954,-0.00688676077086304,-0.015791633443841158,0.0028755364,-0.0033954196,-0.00062563835,15.3,-1.0,0.5000267,0.72814775,0.7289902,0.72821426,0.72813594
59.5,5.5290995,0.2523378,-18.458595,-0.031844825,-0.005330592,0.00818305,0.016684163,-0.013492079,-0.001976732,-0.00017026810193906177,-0.007277304243931713,-0.015879419203403893,0.006727781,-0.00389531,-0.00077473884,15.3,-1.0,0.5000267,0.72880286,0.7286635,0.7284626,0.7281629
59.6,5.526408,0.2483669,-18.45739,-0.029555045,-0.008340664,0.007898814,0.02978907,-0.006351545,-0.0051488164,0.00048726511739440796,-0.007607633680758314,-0.01592014777460264,0.008218579,-0.0039237323,0.000311969,15.3,-1.0,0.5000267,0.72924477,0.72875386,0.72893614,0.7283446
59.7,5.524458,0.24377957,-18.456293,-0.026343172,-0.01088617,0.0071571125,0.02909697,-0.0017349747,-0.016949603,0.0013580893157823237,-0.007844128785778793,-0.015971466384926296,0.010877906,-0.0016730333,0.0006391078,15.3,-1.0,0.5000267,0.7296382,0.72866356,0.7287395,0.72882223
59.800000000000004,5.5232224,0.2395045,-18.455355,-0.022822404,-0.01200919,0.0060504708,0.0261666,0.011088699,-0.022192484,0.002347713971965754,-0.00787618410441374,-0.015995672186647547,0.0106291175,0.0003357008,-0.000345152,15.3,-1.0,0.5000267,0.72949845,0.72876745,0.72902954,0.7285516
59.900000000000006,5.5221868,0.23518506,-18.454424,-0.019411875,-0.0119055575,0.005044448,0.025364028,0.017742455,-0.009811017,0.0033285606397403422,-0.007721283083622769,-0.01597936199173064,0.009429157,0.0040816427,0.0008549162,15.3,-1.0,0.5000267,0.72867876,0.7294696,0.72848624,0.7291376
60.0,5.5210047,0.23185152,-18.453524,-0.016663108,-0.0107267555,0.0039333263,0.023321336,0.026510362,-0.011134426,0.004166186764575818,-0.007475867070779825,-0.015935711962610635,0.0077845887,0.0018110079,0.0007534565,15.3,-1.0,0.5000267,0.72924685,0.72874904,0.7290092,0.72865385
60.1,5.5194764,0.2290983,-18.452343,-0.014675707,-0.0077651045,0.002871172,0.014082348,0.03720632,-0.018330289,0.0047788392612252515,-0.00720533659862885,-0.015867343444476812,0.004275614,0.0017035422,0.0011519641,15.3,-1.0,0.5000267,0.7291022,0.72893995,0.72894037,0.7289337
60.2,5.5183115,0.22753905,-18.450905,-0.013030203,-0.004266162,0.0019028635,0.015212351,0.034915682,-0.01516845,0.005137755416521187,-0.0070387919462488535,-0.015765981561815533,0.00225093,0.00043930192,0.0015781836,15.3,-1.0,0.5000267,0.7296258,0.7286165,0.7292068,0.7291373
60.300000000000004,5.5171027,0.2267228,-18.449202,-0.011713891,-0.00010586159,0.0005235803,0.014330584,0.033599544,-0.01972215,0.005184750954201813,-0.006978887050788898,-0.015651033779235466,-0.0017239146,0.0010175352,0.0007440201,15.3,-1.0,0.5000267,0.7287811,0.7295737,0.7293874,0.7293389
60.400000000000006,5.51609,0.2261562,-18.447365,-0.010582066,0.0030570363,-0.0006509897,0.020264698,0.031753514,-0.020446254,0.004953141429776222,-0.006992691585650822,-0.015552899950134877,-0.001975843,-0.00079689693,0.0006283524,15.3,-1.0,0.5000267,0.72963154,0.7291733,0.7294286,0.7298512
60.5,5.5154767,0.22563717,-18.445759,-0.00946302,0.005856627,-0.0025231147,0.020586483,0.03555259,-0.027541535,0.004675703685537642,-0.006998946766225391,-0.015439391490346649,-0.002862394,-0.0014930688,0.0015028542,15.3,-1.0,0.5000267,0.7294853,0.7290927,0.73018897,0.7291856
60.6,5.514638,0.22530222,-18.44479,-0.008562081,0.008413628,-0.0045953495,0.013193563,0.02740929,-0.021303536,0.004347434638160247,-0.0069900726215729415,-0.015372597070090572,-0.0024125194,-0.00074130535,-9.8372235e-05,15.3,-1.0,0.5000267,0.7291041,0.728913,0.72947234,0.7293115
60.7,5.513584,0.22568701,-18.444193,-0.008315264,0.011262844,-0.00601624,0.0115872985,0.028996669,-0.013861339,0.004058653658076414,-0.00698387833791959,-0.015345474396789799,-0.0026920934,-0.0013034573,-0.0007965254,15.3,-1.0,0.5000267,0.7290047,0.72870237,0.7290642,0.7292067
60.800000000000004,5.512662,0.22652692,-18.444021,-0.007912818,0.013763354,-0.0069196494,0.013510583,0.023062538,-0.009966082,0.0037175723995164878,-0.007071015648202084,-0.015323722695044437,-0.0032923722,-0.0013856933,-0.00087689084,15.3,-1.0,0.5000267,0.7287166,0.7285799,0.7285861,0.729218
60.900000000000006,5.5115976,0.22818966,-18.44448,-0.0075373263,0.01637099,-0.0076975473,0.02202063,0.013006456,-0.003904104,0.0032981960389370252,-0.00719681947183415,-0.015326773102191984,-0.004556056,-0.0020143276,-0.00048118443,15.3,-1.0,0.5000267,0.7283079,0.7284033,0.72839415,0.728637
61.0,5.5106764,0.23023905,-18.445469,-0.007103171,0.018421566,-0.007523562,0.0121094445,0.009348246,-0.00027334315,0.0027897125064537307,-0.0073509721476143035,-0.015324906282374892,-0.005367156,-0.0016008993,-0.00035332039,15.3,-1.0,0.5000267,0.72805136,0.7280944,0.72810894,0.7283363
61.1,5.509845,0.23252144,-18.446886,-0.006496775,0.02007411,-0.00691699,0.021261102,0.015057313,0.008739064,0.0022048127748118354,-0.007483827418279927,-0.015337879266635393,-0.0060863513,-0.0024544874,-0.0008770387,15.3,-1.0,0.5000267,0.72807467,0.7275814,0.72817993,0.7277615
61.2,5.5095854,0.23511484,-18.448235,-0.0050083883,0.02124341,-0.006212113,0.020209778,-0.00091537496,0.007888301,0.0016237348067561536,-0.007621096538354554,-0.015396569085138484,-0.006075007,-0.00027118856,-0.00040760453,15.3,-1.0,0.5000267,0.7275058,0.7278402,0.72747064,0.72786295
61.300000000000004,5.510194,0.23814528,-18.449158,-0.0028630951,0.02183398,-0.004619759,0.02071743,-0.008697689,0.004187226,0.0010100327320662044,-0.007641513049274172,-0.015454815021786285,-0.0060248505,0.0007411201,-0.0005484667,15.3,-1.0,0.5000267,0.72800714,0.7276209,0.7277448,0.7278322
61.400000000000006,5.511419,0.24101603,-18.449326,-0.0007493415,0.021816107,-0.0033157102,0.020294435,-0.004796635,0.00391202,0.0004206985872775938,-0.00745939007116139,-0.015533379200455038,-0.005389531,0.003416286,-0.0004692502,15.3,-1.0,0.5000267,0.72815573,0.7281629,0.72787637,0.7282191
61.5,5.5128045,0.24398641,-18.449486,0.0013276585,0.021390894,-0.0026012282,0.012822632,-0.010649235,0.012698582,-0.00010897407519694792,-0.007131859962494793,-0.015596751588026455,-0.005327801,0.004398284,-0.0017285626,15.3,-1.0,0.5000267,0.72832465,0.7282909,0.7282215,0.72817045
61.6,5.514364,0.24712683,-18.449844,0.003203358,0.020252468,-0.0022600244,0.0111946985,-0.020738443,8.987262e-05,-0.0005912758570560841,-0.006674842316473959,-0.015658772124704397,-0.004773826,0.0045291227,-7.7274e-05,15.3,-1.0,0.5000267,0.7283724,0.72825974,0.7283436,0.7279624
61.7,5.5164394,0.24964486,-18.45001,0.0050528077,0.018109027,-0.001804934,0.01073536,-0.021541366,-0.0060489397,-0.0010330426727710148,-0.006192171145152867,-0.015723513806402245,-0.004307703,0.005062379,0.00023056613,15.3,-1.0,0.5000267,0.7282016,0.7286202,0.72857106,0.727926
61.800000000000004,5.518878,0.25139436,-18.450296,0.006704396,0.015644643,-0.0017682468,0.00021849335,-0.026708981,-0.0011329538,-0.00130380160503211,-0.0056514241981280655,-0.015768039570346313,-0.0018186064,0.0069135064,-0.0005192248,15.3,-1.0,0.5000267,0.72816616,0.72842556,0.7278747,0.72843236
61.900000000000006,5.521443,0.25288895,-18.450619,0.0074926615,0.012781335,-0.0015104412,-0.0055647157,-0.023787849,0.013875308,-0.0014117607718223963,-0.005040265339701764,-0.01584760490365459,0.00057469046,0.007418862,-0.00031511177,15.3,-1.0,0.5000267,0.72834885,0.7282815,0.7276273,0.72844756
62.0,5.523164,0.25352496,-18.451355,0.0069852946,0.010094568,-0.0010881826,-0.0117309205,-0.025181578,0.010491348,-0.0014048372755620447,-0.004428810709870296,-0.01589083449822047,0.00033435534,0.006398057,0.00056903117,15.3,-1.0,0.5000267,0.72779334,0.72866106,0.72770905,0.7281929
62.1,5.5244036,0.25350493,-18.452944,0.0056505953,0.006880565,-0.0009061534,-0.015784105,-0.026759226,0.017746815,-0.0012692058390472362,-0.004016262652139833,-0.015916343188476137,0.0029710159,0.002531085,0.0006431824,15.3,-1.0,0.5000267,0.72785103,0.72773623,0.7273834,0.7276553
62.2,5.5251594,0.2528429,-18.454432,0.0042061354,0.003893051,-6.97699e-05,-0.018238826,-0.016395388,0.015411525,-0.00098546539154876,-0.0038050372212651363,-0.015913995372603844,0.004419852,0.0013567253,-0.00018641015,15.3,-1.0,0.5000267,0.72752815,0.7275259,0.7272415,0.72734904
62.300000000000004,5.5254035,0.251454,-18.456173,0.0021994417,0.00084417977,0.001580537,-0.019108824,-0.020314487,0.031098722,-0.0005643358632216643,-0.003745378751629252,-0.015905277693892328,0.0052206423,-0.0003911712,0.0016145289,15.3,-1.0,0.5000267,0.72740895,0.72745234,0.72724956,0.7271504
62.400000000000006,5.525286,0.2501685,-18.457947,0.000414334,-0.001430204,0.0031323791,-0.020590708,-0.016108418,0.023236962,-2.978853746522781e-05,-0.0038004515651198943,-0.01587350336645798,0.005406768,-0.0012968599,0.0010935975,15.3,-1.0,0.5000267,0.7270866,0.72755426,0.7271312,0.72713107
62.5,5.5252624,0.24853434,-18.459856,-0.0009467968,-0.0032477886,0.004657984,-0.016115986,-0.007833339,0.02240855,0.0005447381599864735,-0.0039662192820318146,-0.015772876870121,0.006601719,-0.0021088084,0.001686326,15.3,-1.0,0.5000267,0.7273754,0.7267089,0.72719663,0.7269692
62.6,5.5256577,0.24681817,-18.46124,-0.0013382471,-0.0044425973,0.006840335,-0.0089669,0.0068883584,0.026483553,0.0010733928581620727,-0.004166492249633383,-0.015664208711498956,0.0055119526,-0.0016424101,0.0016719936,15.3,-1.0,0.5000267,0.7273403,0.72696084,0.72743046,0.7272471
62.7,5.5265512,0.24545011,-18.461956,-0.0014154532,-0.0047673145,0.008892807,-0.01512442,-0.0045912773,0.022069084,0.0015773759314996502,-0.0042554786528765,-0.015587956626126588,0.004398085,-0.00012849661,0.0004703732,15.3,-1.0,0.5000267,0.7278571,0.7271528,0.72797513,0.72731256
62.800000000000004,5.527705,0.24444932,-18.462105,-0.0014162974,-0.004743008,0.010113988,-0.01500105,0.0021618237,0.007065944,0.0019563193438185463,-0.004230327058298794,-0.015482622534984218,0.0024171667,0.0013678413,0.0005065363,15.3,-1.0,0.5000267,0.7277362,0.72776824,0.72824067,0.727881
62.900000000000006,5.5293283,0.24344938,-18.461964,-0.0009826403,-0.004180132,0.011124624,-0.008548795,0.013313182,0.011980998,0.0022574263624860636,-0.004070408627865867,-0.015397278954820851,0.0025660794,0.0030612703,0.00026845754,15.3,-1.0,0.5000267,0.72800684,0.7280624,0.7284462,0.72833496
63.0,5.5312243,0.24229254,-18.461311,-0.00095050316,-0.0034652296,0.011339822,-0.01646227,0.013411337,0.009722075,0.002421872888074926,-0.003845882866638874,-0.015370601769314514,0.0018159703,0.0032934297,-7.9915335e-06,15.3,-1.0,0.5000267,0.72848916,0.72831714,0.7285383,0.728722
63.1,5.533,0.24098192,-18.460106,-0.001377645,-0.0025856327,0.011112668,-0.014225295,0.012401021,-0.0010537914,0.0025143805591480778,-0.0035490238750609587,-0.015359494325016598,2.60843e-05,0.0038747196,-0.00052572525,15.3,-1.0,0.5000267,0.72838706,0.72902054,0.72899306,0.72876716
63.2,5.534105,0.23996046,-18.45865,-0.0025875713,-0.0015219126,0.010310289,-0.022907699,0.011250681,-0.023783648,0.0026121602756935232,-0.0032648617381774063,-0.015356735227263853,0.002668147,0.0022829073,0.00024724257,15.3,-1.0,0.5000267,0.72950226,0.7285046,0.7286711,0.72960305
63.300000000000004,5.5344605,0.23942767,-18.457693,-0.0044156904,-0.000309416,0.008878949,-0.022141902,0.01701141,-0.015968455,0.002684610826769532,-0.003067392481177928,-0.015399790256915489,0.0017382645,0.0015556598,-0.0011026342,15.3,-1.0,0.5000267,0.7291678,0.72888255,0.728491,0.72943157
63.400000000000006,5.5343614,0.23905739,-18.456688,-0.006524617,0.00078939594,0.007661169,-0.018239524,0.013776061,-0.0067725773,0.0026862943486091946,-0.0030611732190841214,-0.015382882838425559,-1.6909325e-05,-0.00014275483,-0.00012413386,15.3,-1.0,0.5000267,0.72875905,0.7290976,0.7286358,0.72929287
63.5,5.534185,0.23876701,-18.455584,-0.008226233,0.001766621,0.006738011,-0.021533847,0.013760361,-0.008701812,0.002632616246733366,-0.0032356154359031363,-0.015384583720805022,-6.711192e-05,-0.0020826533,-6.337369e-05,15.3,-1.0,0.5000267,0.72915673,0.72890186,0.72909373,0.728993
63.6,5.534045,0.23894998,-18.45456,-0.009565499,0.0030313977,0.005340857,-0.01431731,0.016283007,-0.013808719,0.002581629359745434,-0.0034872104436883544,-0.015363156104434582,-0.00040062354,-0.00249326,-0.00048326558,15.3,-1.0,0.5000267,0.72918683,0.7286758,0.72907394,0.7289172
63.7,5.533641,0.23946509,-18.454126,-0.010663899,0.004457018,0.004358558,-0.011630193,0.016617883,-0.0059860754,0.002451787835054454,-0.0037105013014847484,-0.015324747012614392,-0.0019342531,-0.0023866515,-0.00074598414,15.3,-1.0,0.5000267,0.7290362,0.7285235,0.72897124,0.72879755
63.800000000000004,5.53312,0.23997273,-18.453709,-0.0115159005,0.0055461144,0.0034332012,-0.017200917,0.0059500304,-0.011573545,0.0022643902628255467,-0.0038826623694969372,-0.01532176162759958,-0.0024683252,-0.0018581924,-0.00059072097,15.3,-1.0,0.5000267,0.72872734,0.7286377,0.7287599,0.72867334
63.900000000000006,5.5321007,0.23997036,-18.453663,-0.012670925,0.0060882466,0.00293019,-0.013654312,0.0057999613,-0.008731148,0.0020443209554265648,-0.004103566863807021,-0.015328925601555176,-0.0017471036,-0.0027457518,-0.0011118223,15.3,-1.0,0.5000267,0.7288562,0.7283462,0.72884667,0.7284039
64.0,5.5305037,0.23990493,-18.454058,-0.013614323,0.006476532,0.0027007833,-0.007320666,0.0052292948,0.003295019,0.0018341002052144131,-0.004342502667223903,-0.015337580939812395,-0.00250762,-0.0027854037,0.000105837746,15.3,-1.0,0.5000267,0.72813445,0.72862655,0.7285957,0.7282519
64.10000000000001,5.529002,0.24018088,-18.454844,-0.014077356,0.006717876,0.002652999,-0.0040824106,-0.0006008549,0.003823079,0.0017732300434432214,-0.004636207081757935,-0.015334428214902359,-0.00095411437,-0.0030714502,1.1968645e-05,15.3,-1.0,0.5000267,0.7281143,0.72811943,0.72825426,0.7281683
64.2,5.5279365,0.24055816,-18.45554,-0.013968145,0.0069202567,0.0032660074,-0.0041915607,-0.0029916454,0.00020163132,0.0017049340581391727,-0.004953503757061036,-0.015319833721327772,-0.00094582804,-0.0017959196,-0.00021597985,15.3,-1.0,0.5000267,0.72789776,0.72817945,0.72817063,0.7282082
64.3,5.5271974,0.24139771,-18.455877,-0.013310946,0.007962692,0.004119566,-0.0014870274,-4.791354e-05,-0.0034100374,0.001651630427947862,-0.0051831009721523165,-0.015303523052468576,-0.0015535605,-0.0012361811,0.00031989298,15.3,-1.0,0.5000267,0.7283047,0.7280161,0.7283544,0.72835547
64.4,5.5260363,0.24295184,-18.455889,-0.012991393,0.009376848,0.004695414,0.0008989118,-0.0045232717,0.0035911796,0.001480044128856124,-0.005327489170304045,-0.0153471783437785,-0.0025462974,-0.0011146108,-0.0014796704,15.3,-1.0,0.5000267,0.7286968,0.72812116,0.7284273,0.72845507
64.5,5.524349,0.24465522,-18.455355,-0.013297824,0.010582091,0.0048854416,0.002173656,-0.0023327686,-0.009215436,0.0011595515546038767,-0.005426158354116316,-0.015352103055916331,-0.005450392,-0.0010604253,-0.00050770544,15.3,-1.0,0.5000267,0.72821045,0.7290008,0.72886735,0.72851795
64.60000000000001,5.5220237,0.24609347,-18.454489,-0.014022591,0.011032903,0.0046924087,0.0026393845,0.00037703488,-0.00935886,0.0007305875655783513,-0.005654573103035808,-0.01537633223078055,-0.0049452586,-0.004340862,-0.00097650546,15.3,-1.0,0.5000267,0.7289023,0.72875494,0.7292481,0.7285834
64.7,5.519921,0.24663301,-18.453691,-0.013791832,0.010202837,0.0042727673,0.009185931,-0.011315452,-0.014408025,0.00034334303951439953,-0.006023543057721311,-0.015442674604089449,-0.0032639923,-0.0034118087,-0.0012483704,15.3,-1.0,0.5000267,0.72892714,0.7291678,0.7288469,0.7291424
64.8,5.5184703,0.2462037,-18.453032,-0.012952842,0.008597557,0.0033602847,0.011755777,-0.008802237,-0.007482245,0.00014483099784413304,-0.006363246890031032,-0.015527971909104725,-0.00076758116,-0.0030286536,-0.00027959127,15.3,-1.0,0.5000267,0.7290767,0.7290253,0.72910136,0.7286504
64.9,5.5174246,0.24475127,-18.45231,-0.0114990575,0.0059417137,0.0025861764,0.012454524,-0.010606938,-0.0130352555,0.00017264622549266335,-0.006616386377460327,-0.015599491338536003,0.002699812,-0.0017461638,0.00026690427,15.3,-1.0,0.5000267,0.7291998,0.72888285,0.7289244,0.7289325
65.0,5.516899,0.24332885,-18.452097,-0.010155663,0.003801504,0.0015802227,0.011031041,-0.010251307,-0.01636287,0.0005183513841334171,-0.00671433786118216,-0.01567588873182427,0.004852016,0.00045684158,-0.00019385788,15.3,-1.0,0.5000267,0.728703,0.72899103,0.72852737,0.7288155
65.10000000000001,5.5169697,0.24239194,-18.452425,-0.008149345,0.002494352,0.0009471536,0.010746405,-0.004220908,-0.0013639218,0.0010013419068863022,-0.006735451520646241,-0.015736144693438554,0.005185443,-4.8350635e-06,-0.00068938755,15.3,-1.0,0.5000267,0.7290203,0.7281893,0.7286173,0.72814953
65.2,5.517199,0.24198616,-18.452799,-0.0063783326,0.0023993703,0.00073385186,0.010363844,0.0007492417,0.0010947696,0.0014302290579644398,-0.006585580050703784,-0.01580325906729378,0.0038803625,0.0019788735,-0.00029843076,15.3,-1.0,0.5000267,0.728713,0.72819906,0.7282372,0.7280354
65.3,5.5171165,0.24163595,-18.45295,-0.005156917,0.002576634,0.00090648193,0.008552727,0.005681418,0.00447873,0.0017159221966181637,-0.0063639821637216315,-0.015817131982179104,0.0021136703,0.002905966,0.00041367675,15.3,-1.0,0.5000267,0.72850096,0.72834766,0.72783613,0.72848225
65.4,5.5158525,0.24161455,-18.4528,-0.005102671,0.003174073,0.0012021963,0.0027082548,0.0017103588,-0.002409797,0.0018575410744836097,-0.006118453609158358,-0.015821003930337987,-0.00020318865,0.0021155276,0.0013054805,15.3,-1.0,0.5000267,0.72828525,0.7287907,0.7281896,0.7284136
65.5,5.513958,0.2422496,-18.452644,-0.0058135875,0.004285719,0.0012257597,0.010745223,0.0016039971,0.005735084,0.0018931584450233036,-0.0060846489641352836,-0.015767168843743327,9.79208e-05,-0.0014153554,6.9536916e-05,15.3,-1.0,0.5000267,0.72874707,0.72830707,0.7280505,0.72878766
65.60000000000001,5.511509,0.24365419,-18.452562,-0.0063433107,0.0060171573,0.0009254231,0.011632294,-0.00033548256,-0.0005033798,0.001801146716911447,-0.0063143105151432935,-0.015669716003995915,-0.0019395252,-0.003760092,0.0012293039,15.3,-1.0,0.5000267,0.72835535,0.72838587,0.72836304,0.7285303
65.7,5.509149,0.24560316,-18.452515,-0.0063332096,0.0077181654,0.00070624996,0.005660571,0.0025668049,0.001491513,0.0014936465372692594,-0.00666749357101499,-0.015571762505021687,-0.004855213,-0.0049048522,0.0008045317,15.3,-1.0,0.5000267,0.7284293,0.7281041,0.7287583,0.7281075
65.8,5.5067706,0.24715303,-18.452465,-0.0059063095,0.008506001,0.0008495408,0.015735792,-0.0075918664,0.009475275,0.001048348602139577,-0.007054064008238295,-0.015527623851268093,-0.005046532,-0.004713843,-0.00019613325,15.3,-1.0,0.5000267,0.7286394,0.728043,0.72870463,0.72825176
65.9,5.5035825,0.2479138,-18.452639,-0.0056371335,0.007870639,0.0006911898,0.016117424,-0.0071199047,0.0029439104,0.0005950530841617029,-0.007434778102221148,-0.015492722316361512,-0.003918821,-0.0049341046,0.00074002723,15.3,-1.0,0.5000267,0.72818047,0.72823995,0.7287653,0.72804517
66.0,5.5006194,0.24780266,-18.452242,-0.0052541695,0.0064727543,0.00069719204,0.020789692,-0.0030306943,0.0072065736,0.0003352035341912236,-0.007839035481271824,-0.015503127328967511,-0.001713842,-0.005973192,-0.00036822818,15.3,-1.0,0.5000267,0.7282146,0.7285063,0.7290505,0.7279284
66.10000000000001,5.4981427,0.24717082,-18.451345,-0.0038469748,0.004868838,0.00044893546,0.026610343,-0.0077260504,-0.011365394,0.0003047958310554569,-0.008308066838046383,-0.015545629593882407,0.0009158461,-0.0048672655,-0.0003421535,15.3,-1.0,0.5000267,0.7286464,0.72856,0.7287756,0.7285373
66.2,5.496613,0.24655062,-18.450602,-0.00183044,0.0036269582,-0.00012316581,0.028209515,-0.016827714,-0.006586313,0.00046594557456620955,-0.008673608794963733,-0.015616516099825112,0.0027161778,-0.0032271347,-0.00030378488,15.3,-1.0,0.5000267,0.72886336,0.7285521,0.7287475,0.7285614
66.3,5.4957848,0.2462539,-18.450006,0.0008135931,0.0030585185,-0.00043490191,0.027554037,-0.00820769,-0.009161885,0.0007246141737618617,-0.00884757378366019,-0.015687031864133078,0.0024488205,-0.00035711986,-0.00039600857,15.3,-1.0,0.5000267,0.7288603,0.72886485,0.7286224,0.7287516
66.4,5.495615,0.24589811,-18.449438,0.0042945594,0.0027317528,-0.0010158748,0.033668917,-0.0006643804,-0.012022442,0.000926823999871718,-0.008827788432158253,-0.01573718554957821,0.0016866985,0.0010771016,-0.000987307,15.3,-1.0,0.5000267,0.72912896,0.7286104,0.72864074,0.728751
66.5,5.4963226,0.24469538,-18.449472,0.008016963,0.0019069467,-0.0017960569,0.033510685,-0.005842617,-0.0024759208,0.0010701408369072868,-0.008591774533738484,-0.015785938472246724,0.0013536526,0.0042751636,0.00059011165,15.3,-1.0,0.5000267,0.7283595,0.7288906,0.72839904,0.72852635
66.60000000000001,5.497464,0.24253044,-18.44941,0.011380105,0.00054457056,-0.0017935395,0.029857805,0.0016158519,-0.006497837,0.001232138495438157,-0.008137102409029887,-0.015816458815637466,0.0024418854,0.0059658666,0.00032163344,15.3,-1.0,0.5000267,0.72830164,0.7288996,0.7286123,0.72843945
66.7,5.4985456,0.23951314,-18.449131,0.013702402,-0.0013979778,-0.0018768217,0.024350962,0.0016808775,-0.00793673,0.0015946592729913136,-0.007544670505633288,-0.015837524978994297,0.006033258,0.006641503,0.001265022,15.3,-1.0,0.5000267,0.7284704,0.72878903,0.7281218,0.72913045
66.8,5.499877,0.23560166,-18.448698,0.015340062,-0.003607247,-0.0020112097,0.011677631,0.009929668,-0.0014821998,0.002134468855954712,-0.007003053103104078,-0.015904711152108855,0.0071962634,0.005114292,0.00088972383,15.3,-1.0,0.5000267,0.7287401,0.7288022,0.72872615,0.72862566
66.9,5.5022774,0.23049356,-18.448317,0.016917411,-0.006062236,-0.0024718824,0.009740035,0.018641017,-0.001233071,0.0028856081551360767,-0.0065317418598443725,-0.015971014353259292,0.009427107,0.0046820533,0.00018157538,15.3,-1.0,0.5000267,0.72879136,0.728763,0.72885984,0.72838527
67.0,5.5050373,0.22537912,-18.447985,0.018283073,-0.0077756937,-0.00279378,0.005202875,0.017088251,-0.00011920928,0.00386674575769506,-0.006000050529909489,-0.016023100227585487,0.011869358,0.0052474006,0.0007589168,15.3,-1.0,0.5000267,0.72896487,0.7287136,0.7288319,0.72840214
67.10000000000001,5.5082555,0.21992365,-18.447838,0.019474939,-0.00837915,-0.0032911852,-0.007969177,0.031893495,-0.0025378538,0.004965947553232122,-0.0053857782035213655,-0.016049801079477566,0.013081225,0.006784965,0.0010960189,15.3,-1.0,0.5000267,0.7288663,0.72863513,0.728218,0.72878104
67.2,5.5110626,0.21595708,-18.447832,0.019827062,-0.0071759564,-0.0034252424,-0.009116087,0.042390566,-0.0053313556,0.0060305334359785955,-0.004725520260065745,-0.016017131079804004,0.010861518,0.007062743,0.0012522415,15.3,-1.0,0.5000267,0.7287334,0.7287053,0.72833115,0.7286293
67.3,5.5131984,0.2128229,-18.448393,0.019032164,-0.004384199,-0.0037462735,-0.01247675,0.049219478,0.0062678005,0.006882302190724909,-0.004109195338661408,-0.01591394811347176,0.007618464,0.005982026,0.0015865978,15.3,-1.0,0.5000267,0.72830844,0.72841394,0.728014,0.72859824
67.4,5.514873,0.21033728,-18.449522,0.017447913,-0.0003178804,-0.0034132928,-0.022729486,0.057052754,0.006332993,0.007360832030132756,-0.0036491792657964792,-0.0157634949574886,0.0031765855,0.0030202435,0.0011652356,15.3,-1.0,0.5000267,0.72818893,0.7278847,0.72821486,0.7280247
67.5,5.516055,0.20859283,-18.450861,0.015544004,0.0034968928,-0.003123033,-0.016805794,0.055805262,0.009443144,0.007537992700616881,-0.0034249246303115484,-0.015602810251960343,2.172772e-06,0.00042740878,0.0006580561,15.3,-1.0,0.5000267,0.72763926,0.7276396,0.72816765,0.7275053
67.60000000000001,5.5165424,0.20725216,-18.452232,0.012743369,0.007835267,-0.001958323,-0.023783721,0.059127703,0.011937226,0.007502621417663556,-0.003334139189166618,-0.015439144762401127,-0.00029425556,-0.00021220754,0.00077887287,15.3,-1.0,0.5000267,0.7274984,0.7274234,0.7277302,0.7278761
67.7,5.5167794,0.20736532,-18.45358,0.010213885,0.012786987,-0.00028078014,-0.02345985,0.053170294,0.017932149,0.007329762874022203,-0.003453120225125173,-0.015250464697529697,-0.001429323,-0.0021139295,0.00071272673,15.3,-1.0,0.5000267,0.7275928,0.727232,0.7275673,0.72829413
67.8,5.516722,0.2088704,-18.454311,0.008170698,0.017787302,0.0014232725,-0.023885775,0.05168465,0.010264105,0.006933933278217974,-0.0036837272096684986,-0.015103118355992883,-0.0056875027,-0.0031498654,0.00010206847,15.3,-1.0,0.5000267,0.72769916,0.7276435,0.7285744,0.7278445
67.9,5.5163355,0.21202897,-18.454748,0.0062035853,0.023486758,0.002703253,-0.01501215,0.037606128,0.011517665,0.006260565482043154,-0.003960047780726384,-0.014992783566309745,-0.009325572,-0.002576915,0.00028687582,15.3,-1.0,0.5000267,0.7275985,0.72823745,0.7284257,0.7283413
68.0,5.5164537,0.21619074,-18.455198,0.00506592,0.02833879,0.0033528046,-0.016041405,0.034273665,0.002827495,0.0053110896041082545,-0.0042868288597810705,-0.014869413363129101,-0.011371966,-0.0028222434,-0.00075939845,15.3,-1.0,0.5000267,0.72776693,0.7280745,0.7285656,0.7284701
68.10000000000001,5.5171137,0.2216787,-18.455875,0.004522796,0.03303585,0.0037009642,-0.005885231,0.016430808,0.0075246203,0.004131336630199408,-0.004548062375210561,-0.01483775138329311,-0.013540168,-0.0019593413,-0.0011282172,15.3,-1.0,0.5000267,0.7278906,0.72783375,0.7284807,0.7282102
68.2,5.5179844,0.22746585,-18.456366,0.0045480677,0.03622228,0.0044165617,-0.013407519,0.010862717,-0.0005876645,0.002789881046469485,-0.004677758730538679,-0.01485007740788275,-0.0138253765,0.0011778541,-0.0016972679,15.3,-1.0,0.5000267,0.7279299,0.72803265,0.7281312,0.7285719
68.3,5.5188823,0.2334873,-18.456646,0.004703323,0.038456693,0.0050730873,-0.0053814054,-0.0051682624,0.0062515023,0.0013581007348741556,-0.00467724672713468,-0.014899232004186354,-0.0146759655,0.00013767801,-0.0022316074,15.3,-1.0,0.5000267,0.72841674,0.72784215,0.7286195,0.72821325
68.4,5.5196652,0.23997515,-18.456846,0.00426669,0.039120506,0.005153507,-0.012876818,-0.022175346,-0.0005899928,-3.047967902083583e-05,-0.004567373859517073,-0.015007308363788644,-0.013559587,0.002270566,-0.0017772417,15.3,-1.0,0.5000267,0.7279915,0.7283775,0.72806585,0.72851276
68.5,5.520049,0.2452451,-18.457476,0.0038371943,0.03768208,0.005010147,-0.0039940747,-0.038050834,0.0049038786,-0.0013075655788226566,-0.004478756444306501,-0.015164920728649074,-0.012386882,0.00082633947,-0.0026787673,15.3,-1.0,0.5000267,0.72774816,0.72839034,0.7280889,0.7277718
68.60000000000001,5.5205207,0.24929626,-18.458792,0.0031302269,0.034172643,0.005597982,-0.012267802,-0.04054063,0.01486251,-0.0023316605254587175,-0.00441633455055588,-0.015316532329887335,-0.008733021,4.44756e-05,-0.001880785,15.3,-1.0,0.5000267,0.7276782,0.728076,0.72797936,0.72731346
68.7,5.521085,0.25175908,-18.459738,0.0024285172,0.028974485,0.006467096,-0.013324723,-0.04945843,0.028004868,-0.0029504491907661455,-0.004378284356789179,-0.01546707151216353,-0.0036288996,0.0001784991,-0.0017267689,15.3,-1.0,0.5000267,0.7276846,0.7279285,0.7279132,0.7271568
68.8,5.5213118,0.25343212,-18.460093,0.001486923,0.023808429,0.007377959,-0.012917922,-0.043131206,0.0016023404,-0.003065239561526728,-0.004369988128381984,-0.01563027485739217,0.0006644389,-0.0008268882,-0.0007046119,15.3,-1.0,0.5000267,0.72812784,0.72799313,0.72806656,0.72721064
68.9,5.5210238,0.25482163,-18.460094,7.6224795e-05,0.018570019,0.008160994,-0.013848981,-0.041274216,0.012852251,-0.0028601442045828418,-0.0043955725602147265,-0.01574057855551273,0.00305279,-0.00021468359,-2.1328397e-06,15.3,-1.0,0.5000267,0.727999,0.72848165,0.72794867,0.7277211
69.0,5.520093,0.2554865,-18.460041,-0.0015474714,0.014140812,0.008609566,-0.010099516,-0.04044602,0.00570761,-0.002487054879000053,-0.004508905068087827,-0.015834703919184828,0.0041019586,-0.0018900132,5.9539663e-05,15.3,-1.0,0.5000267,0.72838444,0.728489,0.72814536,0.7278311
69.10000000000001,5.517859,0.25553122,-18.459826,-0.003644596,0.009532068,0.008868917,-0.005481353,-0.02629441,0.0019399448,-0.0020358244748081753,-0.004742999167673585,-0.015896227540810322,0.004877338,-0.0031856983,-0.0007336383,15.3,-1.0,0.5000267,0.7284709,0.7286725,0.72811013,0.72817713
69.2,5.514429,0.25504068,-18.460001,-0.006018428,0.005503159,0.008833712,0.006934009,-0.033286635,0.0013601965,-0.0015038061440068842,-0.005136829647167952,-0.015940503719305787,0.005899293,-0.0066548367,-0.00021857483,15.3,-1.0,0.5000267,0.7287024,0.72832906,0.7282926,0.72791016
69.3,5.5105095,0.25447115,-18.460247,-0.00810254,0.0022069304,0.008576724,0.005270114,-0.022188203,-0.0028233042,-0.0008884884179111198,-0.005837978068094445,-0.015964621524852816,0.0060853804,-0.008799489,0.00022619969,15.3,-1.0,0.5000267,0.7284914,0.7282479,0.72792536,0.7279919
69.4,5.50628,0.2540875,-18.460573,-0.009241559,5.7879253e-05,0.008549466,0.010752528,-0.019375416,0.0060806046,-0.00027379228431776597,-0.006671502978145407,-0.01591677535572625,0.0044804025,-0.008916482,0.0001035145,15.3,-1.0,0.5000267,0.7279176,0.72838324,0.7280839,0.7278479
69.5,5.5022354,0.25446954,-18.46124,-0.009655874,-0.0006936127,0.008465257,0.021327427,-0.014760629,0.012662261,0.0002250752460630885,-0.0075175842031066226,-0.015873600921479238,0.004027408,-0.008847365,0.00034550374,15.3,-1.0,0.5000267,0.7282266,0.72758144,0.7276761,0.72782105
69.60000000000001,5.4976044,0.25557786,-18.462534,-0.009373444,-0.00071297644,0.008924732,0.027617685,-0.003980414,0.023209488,0.0004936363745994275,-0.00831367276295917,-0.015825376665223465,0.0016128466,-0.008776838,0.0005244162,15.3,-1.0,0.5000267,0.72790384,0.7273072,0.72750914,0.72750473
69.7,5.4929733,0.2572194,-18.46433,-0.008432577,-0.00030920492,0.009752889,0.033193666,-0.006869655,0.018056946,0.0005276883204501874,-0.009108675185554495,-0.015774121423282196,-0.0007148629,-0.007717437,0.00045701987,15.3,-1.0,0.5000267,0.72733825,0.7272331,0.72709215,0.72742367
69.8,5.489353,0.25880972,-18.46597,-0.0063605797,-5.586209e-05,0.011040892,0.045326672,-0.015283697,0.020301899,0.00036895540456589887,-0.009773113316476255,-0.015724596811709346,-0.003133335,-0.0058456273,0.00066582364,15.3,-1.0,0.5000267,0.72689724,0.7272043,0.72704077,0.7271929
69.9,5.4865866,0.25969648,-18.467363,-0.0028741383,-0.0005505568,0.012991445,0.044420112,-0.016942456,0.024039762,9.986915696742621e-05,-0.010330229644501157,-0.015662312864959123,-0.0027109967,-0.005341625,0.0006524168,15.3,-1.0,0.5000267,0.727405,0.7267768,0.72758645,0.72699946
70.0,5.4854593,0.25976524,-18.468012,0.0016335812,-0.0016498556,0.014546494,0.04702766,-0.019478709,0.021786427,-0.00010632841111476467,-0.010617042478261219,-0.015658101866314264,-0.00178791,-0.00091299956,0.00064173865,15.3,-1.0,0.5000267,0.7272367,0.7274321,0.72773457,0.7272823
70.10000000000001,5.485794,0.2589754,-18.468073,0.007108481,-0.0033331136,0.015924782,0.050239537,-0.011775913,0.01726765,-0.00018084250720649402,-0.010563418437660612,-0.015690162111809552,-0.0001863928,0.0029761132,0.0005722542,15.3,-1.0,0.5000267,0.727592,0.72780645,0.72792417,0.7276569
70.2,5.486687,0.25743693,-18.467182,0.011843964,-0.005410787,0.016675645,0.043629855,-0.022800572,2.607703e-05,-5.670183638974689e-05,-0.01012577098280473,-0.015760011941784727,0.003245999,0.00603448,0.0005482994,15.3,-1.0,0.5000267,0.7283342,0.7282088,0.72804916,0.7284652
70.3,5.488044,0.25511542,-18.465736,0.015967533,-0.007940253,0.016728815,0.039307848,-0.009846317,-0.008601229,0.00027589398118180115,-0.00946493203472997,-0.015859842909872617,0.006181628,0.0073912004,0.0003259359,15.3,-1.0,0.5000267,0.7287743,0.7288327,0.72832274,0.72899103
70.4,5.490371,0.25229293,-18.463882,0.019965656,-0.00999022,0.015601272,0.03376804,-0.007020673,-0.010957475,0.0008073728211107099,-0.00867653654639822,-0.01595496990186086,0.0062937047,0.008281902,-0.00040540332,15.3,-1.0,0.5000267,0.729051,0.7291167,0.72895116,0.72882074
70.5,5.4932985,0.24959409,-18.46249,0.022925531,-0.011532065,0.014306864,0.0169754,-0.0013840244,-0.017139593,0.0014615760151064623,-0.00783853060542448,-0.01601776851896047,0.0079219695,0.009518603,0.00013733057,15.3,-1.0,0.5000267,0.72912693,0.7292248,0.7285553,0.7293298
70.60000000000001,5.496753,0.24668509,-18.461603,0.025392495,-0.012240895,0.012853668,0.019792572,0.0026660298,-0.010058283,0.0021362430541127866,-0.006991617106914154,-0.016067324776142655,0.0063284794,0.008021942,-0.0003803874,15.3,-1.0,0.5000267,0.72911674,0.729088,0.7290707,0.72845906
70.7,5.500497,0.24400896,-18.460812,0.027109964,-0.0118592,0.011625635,0.0073644,0.010359384,-0.004012603,0.0027549205282915434,-0.006092824738283031,-0.01602871062835912,0.006594847,0.008857506,0.001572187,15.3,-1.0,0.5000267,0.72911286,0.7287203,0.7284583,0.7290554
70.8,5.5035925,0.24168852,-18.460102,0.027203247,-0.011025936,0.010798801,-0.0042146747,0.024922218,-0.008714384,0.0032507135857475097,-0.005230471671336487,-0.015957262615231657,0.004655113,0.00845667,0.0014718466,15.3,-1.0,0.5000267,0.7289424,0.72876835,0.7284699,0.7291619
70.9,5.5056605,0.23932053,-18.458487,0.025361633,-0.009715156,0.010127467,-0.01933142,0.023019891,-0.012817792,0.0036242715864718243,-0.004502701066335689,-0.01589496533589321,0.0027738037,0.005972344,0.00044280576,15.3,-1.0,0.5000267,0.72877145,0.7295053,0.7290748,0.7291059
71.0,5.5061245,0.23741736,-18.456184,0.022053879,-0.008385424,0.008957046,-0.018912334,0.021105938,-0.026958527,0.003922275458574434,-0.0040862925398355825,-0.015788312191850663,0.002922763,0.002691821,0.0010362309,15.3,-1.0,0.5000267,0.7289012,0.7300815,0.7288978,0.73029995
71.10000000000001,5.5054917,0.23543397,-18.453846,0.01767548,-0.0066609588,0.0071102837,-0.020001028,0.025263378,-0.02565747,0.0041433240423952595,-0.004073835232663676,-0.015701758551851974,0.0016802128,-0.0024481555,0.0008084853,15.3,-1.0,0.5000267,0.72916967,0.73020667,0.7296264,0.7300148
71.2,5.504141,0.23424989,-18.451908,0.013782829,-0.004843785,0.0047231894,-0.013173417,0.031476635,-0.02226373,0.00428282184911968,-0.004439192623177367,-0.015589402575611566,0.0017396539,-0.006651641,0.0005306367,15.3,-1.0,0.5000267,0.72973794,0.72944194,0.72976196,0.7298478
71.3,5.50241,0.2345798,-18.45037,0.010281589,-0.0019528851,0.002521766,-0.007368413,0.02804191,-0.02374919,0.004418517868083646,-0.005081507126589964,-0.015502304701773257,0.0011835966,-0.008341215,0.00052424555,15.3,-1.0,0.5000267,0.7297154,0.7292358,0.72934085,0.72994703
71.4,5.500634,0.23625948,-18.449316,0.0075182077,0.001873105,0.00017672294,0.0032669595,0.022874733,-0.019675585,0.0042719183612280045,-0.005834954235981964,-0.015363167143819896,-0.003352096,-0.008339537,0.00056662416,15.3,-1.0,0.5000267,0.72888714,0.72925884,0.7292507,0.72949773
71.5,5.4994206,0.23859942,-18.448765,0.006287796,0.0053944876,-0.0012267304,0.0031337584,0.023093656,-0.008180737,0.0037873800054260905,-0.006581377921691482,-0.015229324016718459,-0.006195935,-0.007121151,1.3064069e-05,15.3,-1.0,0.5000267,0.7286304,0.7289401,0.7290018,0.72941107
71.60000000000001,5.498999,0.24064471,-18.448399,0.006373433,0.007827739,-0.0026382303,0.009175411,0.01453119,-0.008051748,0.0030484122196517225,-0.007191109658622936,-0.01514162713952109,-0.0070633376,-0.0044334475,0.00018130758,15.3,-1.0,0.5000267,0.728464,0.7284261,0.72862154,0.729284
71.7,5.4990172,0.24185567,-18.448397,0.007242979,0.008357915,-0.0033282833,0.010713247,0.0072471225,-0.0018491409,0.002347856564324439,-0.007539989155937049,-0.015187833135252973,-0.0061803604,-0.0027319058,-0.0007967413,15.3,-1.0,0.5000267,0.7283306,0.7284144,0.72893,0.7283026
71.8,5.4993844,0.24294193,-18.448473,0.008329011,0.008421899,-0.003480418,0.01875247,0.0053290734,0.0016912817,0.001832653892604163,-0.00766322622871545,-0.01522500772767966,-0.0031562736,-0.001497461,-0.0017405841,15.3,-1.0,0.5000267,0.72860545,0.7279982,0.728803,0.72826153
71.9,5.501027,0.24464765,-18.448889,0.010301177,0.0084432615,-0.0037947823,0.012117066,-0.002697513,0.0024572944,0.0015200882836604848,-0.007613781783303532,-0.015283298681587546,-0.0026869192,0.0017060707,-0.0009375815,15.3,-1.0,0.5000267,0.7280311,0.72814363,0.7283594,0.72826904
72.0,5.503871,0.24660927,-18.449623,0.01281027,0.008422048,-0.0035615037,0.014440066,-0.0062234625,0.0015525146,0.0012675081116774686,-0.007347682128957623,-0.015380843544255726,-0.001838864,0.003291532,-0.0014587037,15.3,-1.0,0.5000267,0.72845197,0.7275063,0.7283444,0.72773045
72.10000000000001,5.5078583,0.24863867,-18.4511,0.015221656,0.007930055,-0.0032744745,-0.00035224363,-0.010846201,0.017323995,0.000984359272873729,-0.006788865237648527,-0.01551327984610558,-0.0024919289,0.0085882805,-0.0013982152,15.3,-1.0,0.5000267,0.72750974,0.7279023,0.72723466,0.72789294
72.2,5.5117955,0.25007656,-18.452383,0.016733287,0.0071475557,0.0026223848,0.003356772,-0.008353836,0.2257144,0.001173544969199954,-0.0060224409495238575,-0.015625462353359133,0.015061916,0.0077926503,-0.00017006023,15.3,-1.0,0.5000267,0.71125335,0.708484,0.7086558,0.7106145
72.3,5.5155582,0.25148726,-18.45058,0.016939834,0.007003931,0.054340422,-0.014801982,-0.0008728329,0.79920554,0.0020388173411441343,-0.005170006037964812,-0.01572283746848784,-0.0010470363,0.007369633,-0.00013442691,15.3,-1.0,0.5000267,0.68064976,0.6804106,0.6803748,0.6801203
72.4,5.5190334,0.25293,-18.439629,0.015636368,0.006956285,0.16781557,-0.023875793,0.0013192256,1.3282489,0.001578614967459177,-0.004404533431773191,-0.015779602051373322,-0.005120025,0.005611072,-0.00045517375,15.3,-1.0,0.5000267,0.66289127,0.6625339,0.6625954,0.6622778
72.5,5.5217566,0.25475708,-18.415312,0.013525433,0.0069780378,0.31594118,-0.02924899,-0.0025882304,1.6929538,0.0010706138632267774,-0.003864779228779865,-0.015826510586014537,-0.003368102,0.00458401,-0.00010022918,15.3,-1.0,0.5000267,0.6392325,0.63960636,0.6386591,0.6394843
72.60000000000001,5.524083,0.25750056,-18.368702,0.010656922,0.0070854374,0.5159503,-0.030023808,-0.013746056,2.0875041,0.0006397340582736,-0.0035331370546357144,-0.015811711209400333,-0.005236261,0.0025315257,0.00016693574,15.3,-1.0,0.5000267,0.62853223,0.6294001,0.62857604,0.6287321
72.7,5.525782,0.2607543,-18.296751,0.0073820218,0.0073510315,0.7530511,-0.028298788,-0.005980508,2.385218,0.00021635676625199237,-0.0034137148486873712,-0.015740501760033533,-0.0053717513,-0.0004529994,-4.8493483e-05,15.3,-1.0,0.5000267,0.60456204,0.60474646,0.60462,0.60434973
72.8,5.527524,0.26365384,-18.203802,0.004885152,0.0070051006,1.0001478,-0.03288762,-0.019374812,2.472136,-0.00021102422154430388,-0.0034714799900870323,-0.015662813213208535,-0.0055834395,6.0666018e-05,0.00016262292,15.3,-1.0,0.5000267,0.62518334,0.62590384,0.62544703,0.62543845
72.9,5.5301094,0.2658858,-18.075647,0.0031826324,0.005556125,1.2125907,-0.02491333,-0.02201678,1.5888008,-0.0007134196015534099,-0.0035703977232579513,-0.015563531885574322,-0.0048876666,-0.0007897331,0.0003646497,15.3,-1.0,0.5000267,0.65963924,0.65965366,0.660045,0.6594496
73.0,5.5334964,0.26756674,-17.940725,0.002565032,0.0038389848,1.3377923,-0.020390218,-0.017128086,0.98490477,-0.0011035821803786464,-0.0035281971202532985,-0.015497877401881181,-0.0042879344,0.0015676124,-0.00036861448,15.3,-1.0,0.5000267,0.69513714,0.69543505,0.695939,0.69496626
73.10000000000001,5.5378494,0.2692375,-17.784101,0.002399246,0.0016638718,1.4123119,-0.024351567,-0.02419811,0.4079691,-0.0013082438150670988,-0.0032728957357099626,-0.015454846844920087,-0.000586399,0.0037646713,0.00027806158,15.3,-1.0,0.5000267,0.7140333,0.7131254,0.71385854,0.71368855
73.2,5.541522,0.27026182,-17.636068,0.0020107334,-0.00053343916,1.4356915,-0.019062817,-0.029127901,0.03329571,-0.0014397140433263507,-0.002787669046485005,-0.0154469869112437,-0.0018638803,0.0058930637,0.00010863655,15.3,-1.0,0.5000267,0.7351911,0.7355492,0.73587847,0.735152
73.3,5.5449543,0.27073625,-17.489504,0.0012950681,-0.0031332541,1.4230657,-0.032813583,-0.029317899,-0.33459297,-0.0014861604541124723,-0.002193190072766168,-0.015458428115899554,-0.00067375344,0.007223598,-0.0003028809,15.3,-1.0,0.5000267,0.7474297,0.7480407,0.7480231,0.7476273
73.4,5.548118,0.27114496,-17.33629,-0.00025963725,-0.0059114136,1.3745493,-0.037335802,-0.026911506,-0.5566836,-0.0014031432934871516,-0.001582052747133257,-0.015462354538081846,0.0014772222,0.0059287604,0.0003971387,15.3,-1.0,0.5000267,0.7531282,0.7531531,0.7533067,0.75319916
73.5,5.550672,0.27104622,-17.201868,-0.0024596797,-0.008415581,1.337226,-0.040992618,-0.021600835,-0.26042432,-0.0011479944350351536,-0.001081508710776742,-0.015477652487641508,0.0033084294,0.0053497315,-0.0012192923,15.3,-1.0,0.5000267,0.7350872,0.735755,0.7356318,0.7353182
73.60000000000001,5.5529027,0.27083775,-17.060734,-0.0057035373,-0.010665803,1.3256285,-0.050313383,-0.023175396,-0.009705777,-0.0007123768714155373,-0.0007302262547807364,-0.015479187103867033,0.004650389,0.0026134416,0.0013733506,15.3,-1.0,0.5000267,0.730499,0.73007596,0.7302973,0.73038685
73.7,5.5542517,0.27102536,-16.920414,-0.009762034,-0.011934585,1.3315297,-0.050657228,-0.0147126345,0.0884449,-0.0003023466328783454,-0.0005506038943516138,-0.01546386683918188,0.0039660656,-0.00033288062,-0.00018780136,15.3,-1.0,0.5000267,0.72313803,0.7227059,0.72315246,0.72283167
73.8,5.554929,0.27138364,-16.790165,-0.013139864,-0.012672795,1.3441857,-0.040927004,-0.01154674,0.1518349,-3.7586357597410995e-05,-0.0007285748531520815,-0.015472241061842138,0.0027778398,-0.0011538218,-0.00052041106,15.3,-1.0,0.5000267,0.7249253,0.72487795,0.72448045,0.7252603
73.9,5.5550494,0.27172837,-16.648193,-0.01689631,-0.013232497,1.3604059,-0.041854136,-0.014478606,0.13975053,0.00011739403759392292,-0.0010045784892921906,-0.015423211757361992,0.00084882474,-0.0030959246,0.0005724903,15.3,-1.0,0.5000267,0.7209121,0.72074366,0.7210242,0.7208037
74.0,5.5543184,0.27144438,-16.51621,-0.02047976,-0.014240986,1.3764262,-0.03385331,-0.012909089,0.17527165,0.0002116201144392455,-0.0013755064165292205,-0.015362978216006275,0.0012555355,-0.0038934518,-9.686091e-06,15.3,-1.0,0.5000267,0.72444105,0.72442305,0.7244781,0.724736
74.10000000000001,5.55281,0.2702048,-16.372091,-0.024402427,-0.015884345,1.3928019,-0.03902942,-0.014884119,0.14446674,0.00034012567213550506,-0.001833225324892041,-0.015318304166831382,0.0011506425,-0.0062028538,-0.0010029088,15.3,-1.0,0.5000267,0.72117054,0.7211329,0.72181714,0.7208632
74.2,5.550669,0.2682668,-16.23821,-0.02772334,-0.017877454,1.4071416,-0.029644735,-0.0029888023,0.15614088,0.0006247139253844968,-0.002438986802015198,-0.015309888204595681,0.004547333,-0.0064144237,-0.0012623685,15.3,-1.0,0.5000267,0.7251217,0.72505695,0.72517717,0.72523916
74.3,5.5482,0.26593292,-16.103348,-0.030497314,-0.01950564,1.4206232,-0.019345151,-0.004379346,0.13104638,0.0010629546853918024,-0.0031747513491251554,-0.015339605870831748,0.0072763916,-0.008306104,-0.000414457,15.3,-1.0,0.5000267,0.7224444,0.72159743,0.72173053,0.72233564
74.4,5.5460944,0.26313072,-15.956404,-0.03191119,-0.020814355,1.434148,-0.014815828,-0.0016843681,0.14365835,0.0016428809111993738,-0.003954043690593557,-0.015342973041952179,0.006167692,-0.0069633457,-0.00016701472,15.3,-1.0,0.5000267,0.72596246,0.72613114,0.7261082,0.7260722
74.5,5.5450063,0.26065108,-15.820114,-0.031747617,-0.021338115,1.4449474,-0.006770158,0.013827484,0.10854191,0.0022265309268175203,-0.004626195290789113,-0.01537302430344291,0.0068965214,-0.006058451,-0.00031812306,15.3,-1.0,0.5000267,0.7232521,0.7221418,0.72289044,0.7224589
74.60000000000001,5.544181,0.2587275,-15.671876,-0.030773072,-0.020511577,1.4566026,-0.0004605008,0.0118965395,0.12746266,0.0028093433311837885,-0.005052911308815681,-0.0153689424984797,0.0042946422,-0.0034425578,-0.0007224919,15.3,-1.0,0.5000267,0.7269623,0.72632074,0.72712874,0.7262516
74.7,5.5430326,0.25792113,-15.522608,-0.029864585,-0.018351138,1.4673039,-0.001991977,0.019986952,0.093192786,0.0032522304903860526,-0.005193024427371443,-0.015382433219082853,0.0028033706,-0.00044578483,-0.0015186106,15.3,-1.0,0.5000267,0.72358954,0.7235639,0.7234495,0.7237671
74.8,5.5414968,0.25857213,-15.3839655,-0.029018372,-0.01488333,1.4764613,0.00029999498,0.022833591,0.10987883,0.0033840047675044683,-0.00528149502446472,-0.015406291736120747,-0.0011177274,-0.0016629717,0.00022382953,15.3,-1.0,0.5000267,0.7282129,0.72724444,0.7279022,0.7275144
74.9,5.539337,0.26036564,-15.232993,-0.028733656,-0.010710207,1.4845906,-0.00045536034,0.015808782,0.06861286,0.003165485935919555,-0.005341950344951096,-0.015389039006245098,-0.00452098,-0.0006769923,-0.00063017954,15.3,-1.0,0.5000267,0.7245773,0.7244611,0.72435886,0.7248238
75.0,5.5365224,0.26255086,-15.092878,-0.028938869,-0.0072113955,1.4915848,-0.0010643507,0.0107749235,0.084135674,0.0025649387543521403,-0.005502924108346547,-0.015381156410777887,-0.007959394,-0.0028418219,-0.0008980781,15.3,-1.0,0.5000267,0.7288571,0.7284792,0.7287842,0.7286997
75.10000000000001,5.5335035,0.26499608,-14.940356,-0.028647622,-0.0045761503,1.4974427,0.006795704,0.0050339205,0.049249265,0.001806742157058708,-0.005847592482820938,-0.015417633957899298,-0.008626037,-0.0037602987,-0.001028722,15.3,-1.0,0.5000267,0.72536576,0.7257899,0.72540504,0.7256345
75.2,5.5309725,0.2671321,-14.799051,-0.02795607,-0.002919973,1.5022027,0.005688118,-0.0028790222,0.05873106,0.0010440072241070188,-0.006268797209588457,-0.015437287825307162,-0.007778803,-0.0046142354,-0.0006781621,15.3,-1.0,0.5000267,0.7296909,0.729586,0.72975695,0.72937
75.3,5.5292196,0.26893827,-14.657077,-0.026274975,-0.0022189822,1.5061625,0.013356567,-0.012550967,0.04096841,0.00032813978262048564,-0.006679807796671421,-0.015476172303548134,-0.0063580745,-0.0025356037,-0.0013047748,15.3,-1.0,0.5000267,0.72647876,0.7266975,0.7262912,0.72664905
75.4,5.5279846,0.27081406,-14.502337,-0.023700714,-0.0020314676,1.5091385,0.01761374,-0.016960178,0.040465962,-0.0002534661699854259,-0.006907864705070105,-0.015500386390354379,-0.006147876,-0.0018555297,-0.0011659157,15.3,-1.0,0.5000267,0.7308371,0.7305217,0.7310541,0.73017234
75.5,5.5269585,0.27233553,-14.358516,-0.021421123,-0.0029200404,1.5112286,0.014410903,-0.024799773,0.010137445,-0.0007310907423118237,-0.006961118507864907,-0.015540562772504237,-0.0039349855,0.0004335851,-0.000494828,15.3,-1.0,0.5000267,0.7277691,0.7276462,0.7277242,0.72750866
75.60000000000001,5.5261664,0.27364185,-14.201799,-0.018894492,-0.0043280497,1.5122856,0.013537708,-0.022482522,0.020696314,-0.0010117292201815807,-0.006886855715737798,-0.01561092404143098,-0.0020475422,0.0010209284,-0.00032038635,15.3,-1.0,0.5000267,0.7319092,0.7318868,0.7317793,0.7316796
75.7,5.5258517,0.2745411,-14.044981,-0.016240412,-0.005931935,1.5122994,0.013478723,-0.02357786,-0.0067967917,-0.0011524421039942059,-0.006743239808049617,-0.015623510020649503,-0.0008681873,0.0020452626,3.1121672e-06,15.3,-1.0,0.5000267,0.7287089,0.7282774,0.7286193,0.7283072
75.8,5.5258174,0.27504924,-13.900645,-0.013850824,-0.007949893,1.5118473,0.0077851852,-0.022911659,0.012683216,-0.0011945252468407344,-0.006495906006624707,-0.01568008451376796,0.000775665,0.0026704834,-0.00090681046,15.3,-1.0,0.5000267,0.7324134,0.73172355,0.73197407,0.73198146
75.9,5.5260024,0.2756625,-13.745007,-0.011720846,-0.009435092,1.5109482,0.013003034,-0.0150697315,-0.0040889713,-0.0011278827302709951,-0.006178952297981138,-0.015743259546057188,0.00037314201,0.0035196198,8.820877e-05,15.3,-1.0,0.5000267,0.72814596,0.7281885,0.7281602,0.7278293
76.0,5.5263524,0.27625278,-13.601471,-0.0099463025,-0.01047868,1.5108279,0.010965131,-0.0156214675,0.0226791,-0.0010336505493211859,-0.005862906753646471,-0.015774830620524934,-0.00095387665,0.0038178207,0.0007453055,15.3,-1.0,0.5000267,0.7311612,0.73185974,0.7316091,0.7311045
76.10000000000001,5.527251,0.27654803,-13.445931,-0.00832697,-0.011830591,1.5112783,0.012105668,-0.025191473,-0.0019758006,-0.000953795258322007,-0.0055610419551557055,-0.015785073294962326,0.0005215643,0.0025769314,0.00049329764,15.3,-1.0,0.5000267,0.7280669,0.7277696,0.72793293,0.727623
76.2,5.528377,0.27591467,-13.302228,-0.0066822465,-0.013451315,1.5116938,0.004968,-0.013548921,0.025035812,-0.0008914784898470322,-0.005231770716147919,-0.015802609055187822,0.0017359344,0.0036835182,-0.00064042746,15.3,-1.0,0.5000267,0.7318396,0.731191,0.7313391,0.7313427
76.3,5.5288825,0.2738861,-13.158726,-0.006102575,-0.016047068,1.5122555,-0.0081846295,-0.0145561695,0.0026402993,-0.0007098046588006158,-0.004821460241821796,-0.015809894595313272,0.0033248025,0.004955795,-0.00040838492,15.3,-1.0,0.5000267,0.7277595,0.72805727,0.72760534,0.7279699
76.4,5.527728,0.27083758,-13.003575,-0.007274833,-0.01895005,1.5126446,-0.006137259,-0.012177897,0.027751083,-0.00029795669017715213,-0.004469428539143038,-0.015810883437650494,0.0060260273,0.0024291729,0.0002795748,15.3,-1.0,0.5000267,0.73108613,0.7315955,0.73112714,0.7314062
76.5,5.525114,0.26824707,-12.860282,-0.00927495,-0.020795668,1.5128822,-0.009868192,-0.006402425,-0.00074785197,0.0003729369536493486,-0.004459454185918541,-0.01579471098359597,0.00756961,-0.0028492347,0.0008408167,15.3,-1.0,0.5000267,0.72778034,0.7274345,0.7277892,0.7273205
76.60000000000001,5.5216417,0.26568374,-12.705071,-0.01165298,-0.021767424,1.5135869,-0.009586598,-0.0023521788,0.025885178,0.0010876262606147329,-0.0048360101913227415,-0.01577233661508528,0.007479545,-0.0063225245,0.0006843072,15.3,-1.0,0.5000267,0.7313783,0.7309947,0.7309804,0.73131037
76.7,5.5183334,0.2632002,-12.549569,-0.01258276,-0.021952216,1.5142442,-0.00053758593,0.002294912,0.00889413,0.001730703295813991,-0.005488389478792386,-0.015707196669195723,0.0057092654,-0.0071510556,0.00062358106,15.3,-1.0,0.5000267,0.7277396,0.7275003,0.7277179,0.7276765
76.80000000000001,5.515495,0.260763,-12.405632,-0.012493234,-0.021555824,1.5149674,0.005509264,0.012898277,0.023208557,0.002292543327623527,-0.006177489870766828,-0.015646100279108767,0.00680828,-0.008620359,0.0005794257,15.3,-1.0,0.5000267,0.72893494,0.7266944,0.72795504,0.72787863
76.9,5.512693,0.25828397,-12.249204,-0.011726385,-0.020597972,1.5151734,0.008084469,0.020545164,-0.0023553146,0.002738939839839454,-0.006734017954524649,-0.015614791458570695,0.0045231655,-0.0054506613,-2.43051e-05,15.3,-1.0,0.5000267,0.72827435,0.7279334,0.7281542,0.72809196
77.0,5.5103207,0.25631484,-12.10436,-0.010313131,-0.019131286,1.5152042,0.021526422,0.017344782,0.01397822,0.0031140266683092857,-0.007168835626575288,-0.015562440511367775,0.0043956954,-0.0027581176,-0.000381113,15.3,-1.0,0.5000267,0.73209685,0.731823,0.73157156,0.73248804
77.10000000000001,5.5076256,0.2543734,-11.947082,-0.008543555,-0.017250692,1.5144506,0.024324855,0.020724906,-0.024866777,0.0033367591713725627,-0.00750058055727738,-0.015541568854655581,0.0008794959,-0.0030109147,-0.00016620972,15.3,-1.0,0.5000267,0.7286263,0.7285773,0.72895515,0.72836626
77.2,5.504867,0.2529049,-11.801644,-0.007528796,-0.015228427,1.5137968,0.019809082,0.02287095,-0.0036810522,0.003489372042972544,-0.007711822996386364,-0.015491063440806451,0.00061914267,-0.0030946438,-0.0007637509,15.3,-1.0,0.5000267,0.7322832,0.7323944,0.73253506,0.7324801
77.30000000000001,5.501484,0.25121006,-11.643684,-0.0066391868,-0.013102887,1.5128243,0.025050689,0.026348205,-0.03380561,0.0035434951612098166,-0.007980256456624611,-0.015476354099106106,-0.0004267287,-0.0030770216,0.00017643716,15.3,-1.0,0.5000267,0.7289211,0.72929186,0.72919,0.7292876
77.4,5.4986124,0.24928473,-11.498008,-0.00541806,-0.011438433,1.5115381,0.03269767,0.024213802,-0.006001442,0.0035328366100133993,-0.008334756283040456,-0.01549196837407185,-0.000766839,-0.004488981,-0.00016579196,15.3,-1.0,0.5000267,0.73258424,0.7329174,0.73307776,0.73262036
77.5,5.4962173,0.2474946,-11.353086,-0.003277502,-0.009879681,1.509968,0.036736585,0.020154903,-0.022575723,0.003586842103115605,-0.008710877227756444,-0.015504282174140424,0.0007978931,-0.0035408195,0.00041866995,15.3,-1.0,0.5000267,0.7291517,0.7287539,0.7290839,0.7290313
77.60000000000001,5.4941583,0.2457422,-11.197054,-0.00064436335,-0.008310033,1.5084816,0.038616713,0.024691936,-0.0018724239,0.003664259577952693,-0.008926845824579487,-0.015534593448095284,0.0016136562,-0.0012632209,-0.00025034952,15.3,-1.0,0.5000267,0.73205847,0.73204464,0.73187643,0.7323342
77.7,5.493028,0.24379008,-11.04148,0.0022517163,-0.006758288,1.5081826,0.029907014,0.018641373,-0.009257811,0.0037123804026697096,-0.009059788567433207,-0.015581156475537185,0.00073841243,-0.0005673507,0.0005324257,15.3,-1.0,0.5000267,0.72826463,0.72827214,0.7284388,0.7280906
77.80000000000001,5.4921975,0.2421196,-10.897732,0.0047142217,-0.0056519583,1.5083144,0.03373836,0.0183886,0.013208016,0.0037890168095753387,-0.00904119256688626,-0.015631305664698406,0.0021757162,0.0004993674,-4.945704e-05,15.3,-1.0,0.5000267,0.73171455,0.7316639,0.73125625,0.7320478
77.9,5.491678,0.24109657,-10.742086,0.0071370616,-0.0036045476,1.5085573,0.030989401,0.022603005,0.0011664814,0.0038846483559389594,-0.008916013407882818,-0.015689066887672926,-0.00014891729,0.00035277166,0.00055728754,15.3,-1.0,0.5000267,0.728197,0.72796094,0.72852254,0.72737217
78.0,5.491558,0.24130335,-10.599036,0.009116037,-0.0010119531,1.5090724,0.03023709,0.030935911,0.021186655,0.003970687700021823,-0.008748267428771186,-0.01570599996715939,-7.9178666e-05,0.0023481946,0.00040992675,15.3,-1.0,0.5000267,0.73128635,0.7315497,0.73105305,0.7314709
78.10000000000001,5.4919167,0.24267948,-10.4445,0.010939099,0.0025015888,1.5098171,0.027587738,0.028306661,0.0045658085,0.003825775288148069,-0.008551450880728015,-0.015696518351878998,-0.0029808762,0.002695512,0.00013477745,15.3,-1.0,0.5000267,0.7275681,0.72765166,0.7271409,0.727762
78.2,5.492763,0.24405433,-10.302104,0.01276375,0.0051857037,1.5109297,0.025903372,0.02296001,0.028450971,0.0033997911051291533,-0.008357041372204464,-0.015648367703741093,-0.0061379587,0.0022559233,0.00052733195,15.3,-1.0,0.5000267,0.7306421,0.7310618,0.7308191,0.7308872
78.30000000000001,5.4940705,0.24512757,-10.147553,0.014522243,0.006899136,1.5126275,0.023255086,0.01564306,0.009004026,0.0028080561527771444,-0.008070147184899474,-0.01562754612568787,-0.0052990015,0.0020770137,0.00067175843,15.3,-1.0,0.5000267,0.7276359,0.72703916,0.7275345,0.72716635
78.4,5.4956574,0.24596116,-10.005042,0.015834108,0.007659111,1.5140662,0.022213446,0.008686614,0.02656318,0.0022951670432779085,-0.007721980291841419,-0.015635146568910473,-0.0047060787,0.0026529215,-0.0003831907,15.3,-1.0,0.5000267,0.7308736,0.7308787,0.73116016,0.7306262
78.5,5.4977803,0.24667759,-9.862624,0.0174285,0.007774673,1.5143603,0.019234344,0.006345773,-0.06684893,0.0019337556462820792,-0.00733461625053103,-0.01564271222296847,-0.0031356171,0.0031272208,0.0010296315,15.3,-1.0,0.5000267,0.73970324,0.73981863,0.7402275,0.7393399
78.60000000000001,5.5004683,0.24733333,-9.709869,0.01913279,0.0074322997,1.482088,0.017532745,0.0053415783,-0.33418787,0.0016925120329680402,-0.006851969104139326,-0.015682403401428485,-0.000968458,0.005284702,0.0013756673,15.3,-1.0,0.5000267,0.74671555,0.74637747,0.7465799,0.74645233
78.7,5.503085,0.24820131,-9.560517,0.020318443,0.0072590928,1.4506553,0.006718033,-0.0019919502,-0.26630142,0.0015505685856092234,-0.006285616453054619,-0.01567951610175488,-0.0010040654,0.0053869323,0.0003145413,15.3,-1.0,0.5000267,0.73746085,0.73749447,0.7374577,0.73753005
78.80000000000001,5.505189,0.24912684,-9.424928,0.020132344,0.0070815105,1.4280609,0.0036332274,0.011350575,-0.20270514,0.0014639173563728348,-0.005700879876481416,-0.015707537025966847,-0.00081761496,0.004380451,0.00021966682,15.3,-1.0,0.5000267,0.74157244,0.74149626,0.7416447,0.74128956
78.9,5.507713,0.25094602,-9.2799,0.019669008,0.0073311403,1.40619,-0.007973129,-0.0070764893,-0.21599512,0.0013456838736987803,-0.0052400831571231335,-0.01569477169356522,-0.0013817697,0.0033043236,0.0007161298,15.3,-1.0,0.5000267,0.73568875,0.7355444,0.7355062,0.73558104
79.0,5.5104575,0.25321165,-9.147907,0.019447697,0.00790032,1.3871068,0.0014040032,-0.00823519,-0.17729308,0.001147449993192311,-0.0049023052141554365,-0.01566788905795711,-0.0020927896,0.0034850817,-0.0002145956,15.3,-1.0,0.5000267,0.7412688,0.7407456,0.74083954,0.74108356
79.10000000000001,5.5136623,0.25539228,-9.007281,0.018949322,0.008042067,1.3658959,-0.01878198,-0.0059201242,-0.21133803,0.0008122439305753742,-0.004514620534565089,-0.015601953334776392,-0.0035958742,0.004104795,-6.1852625e-05,15.3,-1.0,0.5000267,0.73528606,0.73527354,0.7351667,0.7355357
79.2,5.516787,0.25730854,-8.8797655,0.018316617,0.0077256965,1.3465506,-0.017288918,-0.01114156,-0.17267092,0.00045170550358684166,-0.004108042171432739,-0.015578011420639687,-0.0028779996,0.005624423,0.0005103893,15.3,-1.0,0.5000267,0.74025655,0.74034023,0.73996747,0.74066746
79.30000000000001,5.5199575,0.25947505,-8.744426,0.01736048,0.007450188,1.3264159,-0.023685561,-0.010828818,-0.19368155,0.0001334234380613259,-0.0036965624397207594,-0.015519873634543692,-0.0019872289,0.005659531,-2.6272653e-05,15.3,-1.0,0.5000267,0.73451537,0.73459023,0.7342894,0.73510706
79.4,5.5223985,0.26122046,-8.6217785,0.016049232,0.0065584257,1.308397,-0.01602323,-0.015500354,-0.15792808,-0.000207678149285213,-0.0032597464103827495,-0.01549034349359917,-0.0037738231,0.0038962138,-0.0007213929,15.3,-1.0,0.5000267,0.7393636,0.739554,0.739728,0.7395108
79.5,5.524444,0.2623584,-8.500981,0.014259858,0.0051991744,1.2907759,-0.02341356,-0.02310329,-0.18521257,-0.0005111383321162312,-0.002919741957539422,-0.015472959596238098,-0.0030300326,0.0027473369,0.00026389345,15.3,-1.0,0.5000267,0.733778,0.7342138,0.7344606,0.73390126
79.60000000000001,5.5264654,0.26290658,-8.371731,0.012109393,0.0029398426,1.2723483,-0.019725664,-0.011073377,-0.14493985,-0.0006576236870622034,-0.0026932276154791246,-0.015478811462408284,0.00041303685,0.0027723915,-0.00030660038,15.3,-1.0,0.5000267,0.739269,0.7394757,0.73919153,0.7397914
79.7,5.5276747,0.2623655,-8.243388,0.009240303,-3.2010423e-05,1.2535836,-0.02607998,-0.0129744215,-0.1798896,-0.0006344073288448946,-0.0025378695760431566,-0.015493393660906912,0.0016583875,0.0014714354,-0.0008026696,15.3,-1.0,0.5000267,0.7342641,0.7349643,0.73465574,0.73479676
79.80000000000001,5.52772,0.2606806,-8.125653,0.0060870727,-0.0033104697,1.2357705,-0.025990734,-0.013511584,-0.17351004,-0.0004008625915804938,-0.0025397972482799876,-0.015513144698251422,0.00384433,-0.00064349966,-0.0006672495,15.3,-1.0,0.5000267,0.74003834,0.74070793,0.74048215,0.7404844
79.9,5.5262938,0.25807703,-7.999408,0.0017673647,-0.006955689,1.2150661,-0.026411247,-0.012131769,-0.2122186,0.0001085674534095508,-0.002709860671937509,-0.015524560970230921,0.007510276,-0.0024595987,-0.00027481664,15.3,-1.0,0.5000267,0.7352482,0.7359191,0.73541254,0.73600537
80.0,5.524397,0.2553614,-7.884573,-0.0018865037,-0.00947132,1.1957887,-0.01891869,0.00027678083,-0.18655415,0.0008698243572020759,-0.003187888507914242,-0.015562294593656706,0.0089979805,-0.0062617376,-0.00040412036,15.3,-1.0,0.5000267,0.7406851,0.7409055,0.74077135,0.74083453
80.10000000000001,5.5220866,0.25302416,-7.762003,-0.004767696,-0.010674366,1.1745863,-0.016558882,-0.0020519455,-0.21072662,0.0016969300318339649,-0.0038975494587003743,-0.015598414192292217,0.008569466,-0.007162384,-0.00023553528,15.3,-1.0,0.5000267,0.73584837,0.73567754,0.7354463,0.73587126
80.2,5.5195384,0.2520041,-7.6508894,-0.007026404,-0.009959109,1.1555425,-0.0110495975,0.007305091,-0.17558503,0.00243811151335023,-0.0046154960985135,-0.015619230627171356,0.0055679134,-0.00907287,-0.0002289182,15.3,-1.0,0.5000267,0.74106556,0.74020904,0.74081546,0.74005646
80.30000000000001,5.5164895,0.25121048,-7.532692,-0.00853193,-0.008442924,1.1356858,-0.0026855466,0.0066632815,-0.17216009,0.002875898539026327,-0.005363357138699655,-0.015570011981363091,0.0020117864,-0.0067613735,0.0004033807,15.3,-1.0,0.5000267,0.7355118,0.73592734,0.73551697,0.7358447
80.4,5.514163,0.2506032,-7.4256225,-0.008780857,-0.007053627,1.1171176,0.0054340432,0.011928821,-0.1730388,0.0030235354344438957,-0.006108261686961579,-0.015549830850788439,-0.00020097081,-0.007311426,-0.00040034208,15.3,-1.0,0.5000267,0.7398926,0.7401291,0.7401139,0.7398234
80.5,5.5124736,0.2504516,-7.3205895,-0.007848196,-0.005229431,1.0981684,0.017310899,0.013672478,-0.20208721,0.0030399040077057284,-0.006731760627131411,-0.015502192868904578,-0.0011709617,-0.0035079268,0.0006215752,15.3,-1.0,0.5000267,0.7339844,0.73444706,0.73413616,0.734415
80.60000000000001,5.5112624,0.2506698,-7.2087655,-0.006368047,-0.003250064,1.0798669,0.02127277,0.00876742,-0.15161744,0.0029326570290497435,-0.0071144401087456545,-0.0154711596566151,-0.0005847598,-0.0031683922,-5.7097262e-05,15.3,-1.0,0.5000267,0.73934096,0.73833734,0.73871285,0.739175
80.7,5.5107527,0.2509934,-7.098876,-0.003716477,-0.0013093286,1.0619797,0.024813842,0.018060725,-0.17453218,0.0026664919001754494,-0.007283288146265025,-0.015459122582260764,-0.003265662,-0.0004541655,-0.000892714,15.3,-1.0,0.5000267,0.7335998,0.733791,0.7340381,0.7335646
80.80000000000001,5.510769,0.2515763,-6.998576,-0.00095958996,5.2067542e-05,1.0462402,0.01933971,0.017664833,-0.14472799,0.002364812653115819,-0.007236789922963629,-0.01547237468167076,-0.0039341743,0.0018652397,0.00060577545,15.3,-1.0,0.5000267,0.7385381,0.7387932,0.7390561,0.73840964
80.9,5.510803,0.25239792,-6.891295,0.0013725134,0.0012210064,1.0290121,0.01806709,0.010132844,-0.16790721,0.0020932362878728597,-0.006969182465339617,-0.015521121036884413,-0.002626766,0.004275708,-0.00073321804,15.3,-1.0,0.5000267,0.7339351,0.73413205,0.7337171,0.73426545
81.0,5.510533,0.2533997,-6.7938647,0.0025787668,0.0021737386,1.0129763,0.008072245,0.0011409956,-0.15324214,0.0017976778932728972,-0.006646131791849261,-0.015556446658199623,-0.0025263594,0.0027047242,0.00015161539,15.3,-1.0,0.5000267,0.7389659,0.73861533,0.73860556,0.7388844
81.10000000000001,5.5107718,0.254535,-6.6895795,0.003416004,0.0027512703,0.9960565,0.010575163,-0.0014449356,-0.19008619,0.0014974951918547263,-0.006398713671318768,-0.015585440337412817,-0.0023440777,0.0020254813,-0.0007444801,15.3,-1.0,0.5000267,0.7345285,0.7343567,0.7341103,0.73470575
81.2,5.5116754,0.25522137,-6.594439,0.0045248056,0.002582777,0.9799403,0.014692206,-0.0035764459,-0.15274528,0.0012440424045026446,-0.006239568637987257,-0.015620394950107657,-0.0021380554,0.0011151141,-0.00070891227,15.3,-1.0,0.5000267,0.7393202,0.73884887,0.7390808,0.7389972
81.30000000000001,5.512647,0.25550923,-6.4926443,0.0053858054,0.002043971,0.9622405,0.00774912,0.0034322103,-0.18508917,0.0010322943487718161,-0.006024083946429654,-0.01565861839611742,-0.0013363152,0.0015646152,9.577948e-05,15.3,-1.0,0.5000267,0.7344566,0.73453385,0.7347389,0.7340098
81.4,5.513417,0.2552122,-6.3997655,0.0055962363,0.0011096182,0.94603693,0.010476769,-0.0061293617,-0.16692838,0.000934336817951798,-0.0057825809802168615,-0.01569778233362281,-0.00066900795,0.0026819042,9.307617e-05,15.3,-1.0,0.5000267,0.73907286,0.73969036,0.73939145,0.7391107
81.5,5.513706,0.2541932,-6.30819,0.0054214112,-0.00029021708,0.9289237,0.0023921474,-0.004506931,-0.1952676,0.0009650009340083829,-0.005587597075608085,-0.01571815833322256,0.0012716716,0.0024643696,-0.00010701851,15.3,-1.0,0.5000267,0.73435473,0.73488116,0.7344687,0.73453975
81.60000000000001,5.5134716,0.25271493,-6.2105484,0.0048406078,-0.002034048,0.9112515,-0.00753445,-0.0070466883,-0.15375948,0.0011833339692530088,-0.005458888638801849,-0.015757398163270875,0.0025502946,0.00016736575,-2.727092e-05,15.3,-1.0,0.5000267,0.73909426,0.73969483,0.73951924,0.73889434
81.7,5.5129266,0.25059617,-6.1146674,0.003955874,-0.003625055,0.89332086,0.0016243756,-0.005469125,-0.18255551,0.0015323908530013074,-0.0054424344612949704,-0.015784375910942703,0.0045196456,-0.00057199073,6.5713255e-05,15.3,-1.0,0.5000267,0.7345515,0.7348605,0.7345803,0.73438513
81.80000000000001,5.511925,0.24856669,-6.0280743,0.0031010373,-0.0046019168,0.87663066,0.0023288047,-0.00089588313,-0.15686637,0.0020006371098494295,-0.005548136681445115,-0.01576409732416924,0.0049793427,-0.00183241,0.000113529175,15.3,-1.0,0.5000267,0.73861593,0.73899037,0.73869497,0.738676
81.9,5.5105677,0.246704,-5.936198,0.0023424644,-0.00479122,0.85932523,0.002203549,0.009561504,-0.17837854,0.002479756319201088,-0.0057373439411464375,-0.01572843458621825,0.0045869686,-0.001990727,0.00048295694,15.3,-1.0,0.5000267,0.73351204,0.734092,0.7336209,0.73388946
82.0,5.5092607,0.24515846,-5.853092,0.0022104033,-0.004496251,0.8443238,0.010638052,0.009034227,-0.14252727,0.0029590760211738237,-0.005992361902438586,-0.01567638609468111,0.004574677,-0.0019031494,0.00020020531,15.3,-1.0,0.5000267,0.7378023,0.7381038,0.737753,0.7382266
82.10000000000001,5.508427,0.24396259,-5.764927,0.0024594357,-0.003543976,0.8287434,0.008083598,0.019496549,-0.15741166,0.0032805056017150406,-0.006265821678116277,-0.015615480177090043,0.0026546803,-0.0024954355,-0.00039164114,15.3,-1.0,0.5000267,0.7330197,0.7330928,0.7333576,0.7330381
82.2,5.5081787,0.24342951,-5.6851406,0.0035618406,-0.0023944539,0.8154219,0.013699672,0.017425898,-0.13029155,0.003481388884585477,-0.006479096745544819,-0.015568356267109356,0.002570394,-0.000854432,0.00034860574,15.3,-1.0,0.5000267,0.73755026,0.73715496,0.73727745,0.7377699
82.30000000000001,5.5083323,0.24386944,-5.600886,0.0046672323,-0.00058529497,0.80070925,0.010681125,0.01908116,-0.14394847,0.003555395575224937,-0.006510960085876926,-0.015504125793368285,-0.00046308423,-0.00036275273,0.00017845807,15.3,-1.0,0.5000267,0.7322683,0.73216575,0.7327421,0.7321404
82.4,5.508826,0.24523191,-5.5251055,0.0055388575,0.001921587,0.7882775,0.009152821,0.02626752,-0.10677846,0.0034531364964572506,-0.006424914134250248,-0.015454191006811415,-0.0019691868,0.00030130977,0.0003211557,15.3,-1.0,0.5000267,0.73650247,0.73558205,0.73635787,0.7362321
82.5,5.509348,0.24733993,-5.450975,0.0061675855,0.004618095,0.77681494,0.006833948,0.014681645,-0.12286891,0.003105158413354867,-0.006293525999663621,-0.0154308250391251,-0.0052318564,-7.3813746e-05,-0.0007429853,15.3,-1.0,0.5000267,0.73118615,0.73083055,0.7316279,0.7307512
82.60000000000001,5.510623,0.2499605,-5.372012,0.0070767906,0.006880353,0.76561886,0.005284586,0.012045447,-0.08238805,0.002568416356255636,-0.006134439622666775,-0.015406518839144949,-0.0068720616,0.0022820318,-0.00032312717,15.3,-1.0,0.5000267,0.73503596,0.7354967,0.73544234,0.7354484
82.7,5.5125546,0.2531599,-5.2938623,0.007753137,0.008634567,0.7547788,0.0059814407,-0.008066626,-0.114718914,0.0019270071872294825,-0.005918866969092783,-0.015374431658879363,-0.007534341,0.0035022334,-0.00033481003,15.3,-1.0,0.5000267,0.73040557,0.73113406,0.7308535,0.7311899
82.80000000000001,5.514657,0.256404,-5.222213,0.008239543,0.00977297,0.74493486,-0.0048157834,-0.0065464806,-0.09377347,0.0012156723724151444,-0.005644998577975759,-0.015416580428170684,-0.007963773,0.0030430946,-0.0015263162,15.3,-1.0,0.5000267,0.7355158,0.73570853,0.7358984,0.7354001
82.9,5.517087,0.2596569,-5.1459417,0.008608025,0.010243027,0.7334443,-0.0068749026,-0.008947335,-0.11620065,0.0005116499480070831,-0.005274084630718483,-0.015438893924255978,-0.0077832798,0.004245777,4.907204e-06,15.3,-1.0,0.5000267,0.73093396,0.7312893,0.73127353,0.7309927
83.0,5.5188746,0.2623052,-5.07692,0.008045155,0.009913042,0.7235364,-0.013994858,-0.022118878,-0.08112005,-0.00016500118097268694,-0.004870779150255355,-0.015469389625646824,-0.0064496966,0.0040044943,0.00013487034,15.3,-1.0,0.5000267,0.735326,0.7355812,0.7354097,0.7355333
83.10000000000001,5.51994,0.2646088,-5.0033593,0.0062131477,0.008444467,0.7127486,-0.012886415,-0.027255293,-0.10925158,-0.0007251463761700929,-0.004550789963699878,-0.015530541521680869,-0.0054923017,0.001340987,-0.0006100007,15.3,-1.0,0.5000267,0.73082286,0.7311929,0.7312712,0.7305762
83.2,5.520545,0.26625806,-4.936535,0.004148787,0.0064401845,0.70312583,-0.016453452,-0.021994792,-0.076891385,-0.0011074783650336924,-0.004468037858918792,-0.015596553348571166,-0.003613883,-0.0010674141,-0.0014405386,15.3,-1.0,0.5000267,0.7314029,0.7319236,0.7317828,0.731228
83.30000000000001,5.5214696,0.26725957,-4.864739,0.0022821373,0.0036649022,0.7056406,-0.0136541445,-0.02785573,0.07198564,-0.0012556801168148574,-0.004529351709179403,-0.015650547165860382,0.0003386084,-0.0015700744,-0.00037441103,15.3,-1.0,0.5000267,0.72569627,0.72530264,0.7252218,0.7254016
83.4,5.5232916,0.26771355,-4.798119,0.0013670581,0.0010555027,0.7105313,-0.009327072,-0.029832676,0.043444797,-0.0012290702688672545,-0.004640882226253986,-0.015689617213654233,0.0015910292,-0.000687612,0.00021422711,15.3,-1.0,0.5000267,0.72861594,0.7286156,0.7283343,0.7285603
83.5,5.5258384,0.26800397,-4.730515,0.0012657463,-0.0012075191,0.71305,-0.011963835,-0.029278137,0.010312534,-0.001091692198507567,-0.0046812346230845295,-0.015709079820393306,0.0017533916,0.001465781,-8.808897e-05,15.3,-1.0,0.5000267,0.72787744,0.72792834,0.72779727,0.72776365
83.60000000000001,5.5289216,0.26783064,-4.656372,0.0013779434,-0.0035633068,0.71389514,-0.017803136,-0.02041253,0.007018912,-0.0008655202368533969,-0.004474203068140488,-0.015691343212016762,0.0020907419,0.0038235404,0.0002100567,15.3,-1.0,0.5000267,0.7302621,0.7303329,0.7304782,0.7301411
83.7,5.5314965,0.26731315,-4.5815573,0.0013635788,-0.0055912333,0.71338373,-0.011329282,-0.02093279,-0.020241829,-0.0005801679986818882,-0.004093059860832561,-0.015710075258628702,0.003073761,0.004460644,0.00015434621,15.3,-1.0,0.5000267,0.7292951,0.7292649,0.72930104,0.7291178
83.80000000000001,5.53327,0.26686066,-4.5125785,0.00056934,-0.006785341,0.71181256,-0.019190283,-0.019350175,-0.020730307,-0.0003070281676364001,-0.003666309636560658,-0.015712957671953093,0.0009626198,0.004614312,0.0006426888,15.3,-1.0,0.5000267,0.73075265,0.73165935,0.73139703,0.73088837
83.9,5.5343475,0.26541522,-4.4384313,-0.0009779526,-0.008682163,0.70917076,-0.023914156,-0.014124188,-0.031804197,-1.6809467247053705e-05,-0.003291536108419432,-0.01571656785710407,0.0016350575,0.0026544568,0.0002289667,15.3,-1.0,0.5000267,0.7290366,0.7297419,0.7295457,0.72910047
84.0,5.5348344,0.26357436,-4.3699474,-0.002880137,-0.010302323,0.70720065,-0.023197893,-0.010020617,-0.009308568,0.0002923778470709531,-0.003079426766683569,-0.01568847797709074,0.0039905338,0.002236669,0.00045596447,15.3,-1.0,0.5000267,0.73052293,0.73133737,0.73080134,0.7310711
84.10000000000001,5.5350876,0.26158985,-4.2955046,-0.005078728,-0.0114565715,0.70536554,-0.01994306,-0.0061170757,-0.025273765,0.0007458134759570146,-0.003089936855007696,-0.015671302487040125,0.0054348153,-0.00072919246,0.00015229137,15.3,-1.0,0.5000267,0.72939575,0.7293569,0.7292401,0.72951704
84.2,5.5354733,0.26025888,-4.2261724,-0.006553651,-0.0115414215,0.70367527,-0.025070058,-0.0009500581,-0.019226221,0.001228563004668353,-0.003221643355216276,-0.015652646513238704,0.0056381994,-0.001485015,-0.000120482204,15.3,-1.0,0.5000267,0.7317796,0.73092043,0.7310208,0.7315824
84.30000000000001,5.535739,0.2595962,-4.150921,-0.008137983,-0.010918664,0.70137924,-0.01407167,0.00051160663,-0.030075198,0.0016001345035487535,-0.003353370509644207,-0.01560752162868818,0.00330602,-0.0012296472,0.0006600871,15.3,-1.0,0.5000267,0.7301597,0.729605,0.72977656,0.729971
84.4,5.5355153,0.25954962,-4.0819054,-0.00963148,-0.0096532805,0.6987983,-0.017992904,0.004290717,-0.024742445,0.0018306572294727638,-0.003513717461731632,-0.015540644181885815,0.0019187817,-0.0009765109,6.609676e-05,15.3,-1.0,0.5000267,0.7315645,0.7313144,0.7310785,0.7319366
84.5,5.5350957,0.25998616,-4.013206,-0.010806024,-0.007885729,0.6965466,-0.0126431035,0.0061718095,-0.031067522,0.0018256204925789286,-0.0037349217830812817,-0.015439776611918478,-0.00207477,-0.002493177,0.00036396188,15.3,-1.0,0.5000267,0.72966534,0.7295471,0.73021924,0.72949886
84.60000000000001,5.5344076,0.26082048,-3.9393158,-0.011854895,-0.0061283456,0.694089,-0.009447394,0.0042058793,-0.024229286,0.0016514449670806453,-0.003928021168705844,-0.015381857200043389,-0.0024727245,-0.0003607137,-0.0008924907,15.3,-1.0,0.5000267,0.73077244,0.7312452,0.7308183,0.7316667
84.7,5.53374,0.2618949,-3.8658915,-0.012491653,-0.0047480534,0.6919948,-0.012877719,-0.011426828,-0.02128817,0.0013717016769905334,-0.004159604440125103,-0.015322392930406062,-0.0030766847,-0.002096967,-0.00089520577,15.3,-1.0,0.5000267,0.7292594,0.7288244,0.72928756,0.72933716
84.80000000000001,5.5332646,0.26234552,-3.7984176,-0.013156206,-0.004073088,0.6909643,-0.0059211613,-0.0028753977,-0.0021820886,0.001054748149942116,-0.0043641612068845296,-0.015319672610783666,-0.0030884168,-0.0025183354,-0.0009601903,15.3,-1.0,0.5000267,0.7307733,0.7304026,0.73086345,0.73065364
84.9,5.532825,0.26226076,-3.7252445,-0.013306769,-0.0040002353,0.68993086,-0.0003654604,0.00200112,-0.018886754,0.000757849996660141,-0.004558824475968769,-0.015366449281273047,-0.002568049,-0.0024752512,-0.0008580831,15.3,-1.0,0.5000267,0.7291236,0.7287092,0.7293492,0.7285046
85.0,5.5326753,0.26183125,-3.6575074,-0.013029719,-0.004526325,0.68925804,0.0030878254,-0.0021516723,-0.004863366,0.000592542071566215,-0.00470369710199137,-0.015387950155473755,-0.0006371497,-0.0007314628,-0.0003439908,15.3,-1.0,0.5000267,0.7306653,0.73048365,0.7306796,0.73056835
85.10000000000001,5.532763,0.2614062,-3.5839987,-0.012797229,-0.005126434,0.6889068,-0.0074425694,-0.015858585,-0.01483783,0.0005762786123136542,-0.004755348178055899,-0.015439997839333303,0.0006193298,0.00052858965,-0.0006676783,15.3,-1.0,0.5000267,0.7290919,0.72919726,0.7291065,0.72910184
85.2,5.532838,0.26098263,-3.51623,-0.012461485,-0.0057723946,0.68819714,-0.0035122281,-0.012294317,-0.009083654,0.0006514642559362884,-0.004738626044687881,-0.015505161209262772,0.0016123821,0.0012193684,-0.00043831777,15.3,-1.0,0.5000267,0.7309549,0.7308483,0.7305362,0.73097134
85.30000000000001,5.5324616,0.26068678,-3.4428916,-0.0125107365,-0.005909225,0.6871915,-0.006741256,-0.0006385673,-0.021193175,0.0007833299167447758,-0.00470649361004512,-0.015543626617872914,0.0002835089,0.00064936455,-0.00087613176,15.3,-1.0,0.5000267,0.72886693,0.7294892,0.72929806,0.72881275
85.4,5.531558,0.26097122,-3.3749995,-0.012857607,-0.005783152,0.68661517,-0.007916212,-0.0053084693,-0.0123120835,0.0009266478166727001,-0.004694618327658843,-0.015553188560447628,0.0013860138,-0.00024357256,-0.0009075408,15.3,-1.0,0.5000267,0.73103297,0.73077977,0.73051304,0.7311836
85.5,5.5303297,0.26147243,-3.3071742,-0.01344044,-0.0051668095,0.6859424,-0.0039922814,-0.0018589348,-0.022047197,0.000959841581946345,-0.004753382493588094,-0.015585749281831669,2.97839e-05,-0.0008797141,0.00017171001,15.3,-1.0,0.5000267,0.7294176,0.7292852,0.7289343,0.7294724
85.60000000000001,5.5285196,0.26180795,-3.234035,-0.0145711545,-0.004700132,0.68491805,-0.007755132,-0.0015843019,-0.011934432,0.0008752025225471778,-0.004934960753737073,-0.015579719689387548,-0.0007589011,-0.0030213636,-0.0006371678,15.3,-1.0,0.5000267,0.73120236,0.73046565,0.7306771,0.73089314
85.7,5.525946,0.26235622,-3.1609778,-0.015565586,-0.0045727985,0.68422586,5.0755258e-05,-0.0054515265,-0.02893293,0.0007371960168201572,-0.005271120379839538,-0.015608335345877616,-0.0009219566,-0.0043976875,-0.00056463934,15.3,-1.0,0.5000267,0.72943765,0.7289682,0.72910523,0.7290181
85.80000000000001,5.5235095,0.2628861,-3.093388,-0.016167954,-0.0044855857,0.6835674,0.0051362165,-0.0056349323,-0.0019967554,0.0006538499590542927,-0.0056934712154598326,-0.015611141886976085,-0.001424742,-0.0057203895,-0.0005705911,15.3,-1.0,0.5000267,0.7309502,0.73061997,0.730948,0.7303802
85.9,5.521519,0.26335436,-3.020248,-0.015995659,-0.004475815,0.6831156,0.0067808265,-0.006263185,-0.015909782,0.0005619228321673606,-0.0061839876054426805,-0.015603709508619338,-0.00036374995,-0.0054787956,0.00052786694,15.3,-1.0,0.5000267,0.7294521,0.72881144,0.72926146,0.72886235
86.0,5.5205636,0.26381168,-2.9529538,-0.01471456,-0.0045608673,0.68257475,0.017588502,-0.0076099243,-0.0045215706,0.0004407138618694568,-0.006613805699701336,-0.015594629544139866,-0.0009320093,-0.002477144,-0.0002477176,15.3,-1.0,0.5000267,0.73062104,0.73072654,0.7303878,0.7309152
86.10000000000001,5.520101,0.26451945,-2.87993,-0.012764526,-0.0045606196,0.68203473,0.014854365,-0.0068427133,-0.019564757,0.0003633248228302652,-0.006839752720995652,-0.015589410356209863,-0.0010860963,-0.0005353139,-5.9071484e-05,15.3,-1.0,0.5000267,0.7290134,0.7289452,0.7289129,0.7290316
86.2,5.5201283,0.26470795,-2.8125644,-0.010977945,-0.0048153047,0.68168104,0.014264949,-0.0076322607,-0.0028242355,0.0002498461412368349,-0.006852361605360859,-0.015596838407081091,-0.0004764664,0.0012327323,-2.6033409e-05,15.3,-1.0,0.5000267,0.7306444,0.73056,0.73054415,0.7306331
86.30000000000001,5.5208025,0.26382765,-2.739667,-0.008732229,-0.0060526035,0.6812066,0.017837107,-0.0075656013,-0.015738418,0.00018509042714333286,-0.006718667263269841,-0.015593379326922563,0.00014895716,0.002748688,-0.00021529789,15.3,-1.0,0.5000267,0.72877383,0.7289071,0.72885495,0.72900385
86.4,5.5217357,0.26191342,-2.6729918,-0.0068886825,-0.007939318,0.6809442,0.00671925,-0.0063045276,0.0013438984,0.0002554524499833624,-0.006438858914146122,-0.015657442709068693,0.0028044092,0.0038442824,-0.000821247,15.3,-1.0,0.5000267,0.7302752,0.73040134,0.73028845,0.7302839
86.5,5.5226507,0.25940964,-2.6066318,-0.0055212695,-0.010125978,0.68083864,0.0069662887,-0.009997236,-0.008745118,0.0005732355361215263,-0.00607469947670187,-0.015711729418685535,0.006008768,0.002304839,-1.7842924e-05,15.3,-1.0,0.5000267,0.7290661,0.7277984,0.72849774,0.7281784
86.60000000000001,5.524044,0.25679204,-2.5351605,-0.004033244,-0.01155643,0.6813249,0.0054167793,-0.004870575,0.011968891,0.0011528736676749438,-0.0056968577225705195,-0.015786417320562893,0.007320215,0.0034377708,-0.0001905588,15.3,-1.0,0.5000267,0.73016894,0.72964466,0.7296549,0.72971284
86.7,5.5258994,0.25450307,-2.4636474,-0.00286403,-0.012093858,0.68209714,-0.008257427,0.005106295,-0.0010249204,0.0017379756095045474,-0.005282811158648053,-0.015789391354182808,0.006330174,0.0053000636,0.0005345037,15.3,-1.0,0.5000267,0.72811043,0.728029,0.7275382,0.72830343
86.80000000000001,5.5275593,0.2526797,-2.3975148,-0.0022874828,-0.011712512,0.6830824,-0.007824788,0.009597816,0.008851289,0.002297609399279529,-0.004868569093208647,-0.01577116887987479,0.004529295,0.0038550848,-1.160256e-05,15.3,-1.0,0.5000267,0.7297454,0.72952306,0.7299754,0.7291364
86.9,5.528979,0.25100732,-2.3257742,-0.0023738085,-0.010790662,0.68417084,-0.015005365,0.006843558,0.006427988,0.0026893208779530035,-0.004444343885675319,-0.015709835252516516,0.0033420494,0.003838517,0.00083170814,15.3,-1.0,0.5000267,0.7279565,0.7278438,0.7280222,0.7278763
87.0,5.5302205,0.24989645,-2.2592182,-0.0028052214,-0.009483588,0.685595,-0.011193531,0.013769085,0.011715106,0.0029541105750583393,-0.004150041262221468,-0.01565749337449571,0.0021713476,0.0018953272,0.0005741629,15.3,-1.0,0.5000267,0.73011106,0.72944075,0.7299214,0.72978014
87.10000000000001,5.5311117,0.2492018,-2.1869388,-0.003665187,-0.0075332564,0.6862873,-0.010291426,0.016386114,-0.0038309952,0.003081987087467917,-0.0039008802294196163,-0.015607098802587305,0.00052082114,0.0025915243,-9.193793e-06,15.3,-1.0,0.5000267,0.72816646,0.7282183,0.72801536,0.7284393
87.2,5.5312376,0.24926409,-2.119969,-0.005382827,-0.005375048,0.68713754,-0.019257672,0.020871857,0.0045327465,0.003089740610710818,-0.0037718155919976423,-0.015531649094877358,1.6508206e-05,-0.00010405846,0.0001659696,15.3,-1.0,0.5000267,0.73029554,0.72969663,0.7298823,0.73033756
87.30000000000001,5.530318,0.250309,-2.047411,-0.007822569,-0.0027147029,0.687701,-0.01263901,0.018401237,-0.0024740582,0.002910554691424509,-0.003791979975838728,-0.01544574980827181,-0.0022356536,-0.00079881056,-0.000579175,15.3,-1.0,0.5000267,0.7284182,0.7284097,0.72817624,0.72897613
87.4,5.528558,0.25190127,-1.980245,-0.010314081,-0.0003093143,0.6879934,-0.004436393,0.009422398,0.001868233,0.002634742523619725,-0.0040525277457811575,-0.015364086546085282,-0.003798593,-0.0048554535,-0.0004896786,15.3,-1.0,0.5000267,0.7304708,0.7298299,0.73041403,0.7303134
87.5,5.5259542,0.25345877,-1.9134041,-0.012660146,0.0016305512,0.68785155,-0.005836009,0.004753473,-0.0046025957,0.0021183683493943267,-0.004534170323324739,-0.015304100402928605,-0.0056475033,-0.006940352,0.0004657495,15.3,-1.0,0.5000267,0.7285303,0.7281784,0.7286956,0.72845703
87.60000000000001,5.5224566,0.25465217,-1.8411919,-0.014903873,0.0026209727,0.6881184,0.0040622596,0.005409756,0.0034691764,0.0015787522375973711,-0.005146327352615476,-0.01526385778955576,-0.0049128276,-0.0065818713,0.0003523537,15.3,-1.0,0.5000267,0.7297091,0.73015195,0.72978926,0.73053074
87.7,5.518763,0.2552913,-1.7691511,-0.016598077,0.0023407987,0.68819803,0.009043624,-0.004136294,-0.008988193,0.0011517358778771161,-0.005934320923775925,-0.015303491761804393,-0.0031065072,-0.009171446,-0.0010406695,15.3,-1.0,0.5000267,0.7283103,0.7280715,0.72849417,0.72804236
87.80000000000001,5.5155582,0.25581777,-1.7026658,-0.017213058,0.0015870095,0.6888928,0.013223383,-0.012268113,0.014339573,0.0008991235181344684,-0.006734441841967141,-0.015351816523046513,-0.0021833144,-0.008888802,-0.0013206727,15.3,-1.0,0.5000267,0.7298582,0.72981495,0.73028594,0.7294144
87.9,5.5127,0.25654286,-1.6302925,-0.016737282,0.0013575392,0.6897517,0.018420849,-0.0012619264,0.0012451782,0.000833367482141647,-0.0074663631972996915,-0.015380977365133096,-0.0002796414,-0.006874033,-0.00042555595,15.3,-1.0,0.5000267,0.7284752,0.72809637,0.72802323,0.72864133
88.0,5.511176,0.25735125,-1.5636051,-0.014969578,0.0011556803,0.69014245,0.03404694,-0.0022837948,0.00345055,0.0007861224364623142,-0.008062995210246615,-0.0154488633562629,-0.00018673984,-0.0046380153,-0.0007468735,15.3,-1.0,0.5000267,0.729998,0.7298993,0.729637,0.7302102
88.10000000000001,5.510722,0.25830698,-1.4921783,-0.011891672,0.001194806,0.69028074,0.029340297,-0.002285339,0.0028782522,0.0006982687922956497,-0.008413016543118304,-0.015511219955533244,-0.0010721894,-0.0012027259,-0.00029525917,15.3,-1.0,0.5000267,0.7280009,0.72793615,0.72783804,0.728017
88.2,5.510819,0.25934872,-1.4265333,-0.008916551,0.0011271633,0.69103086,0.03362449,-0.0035788785,0.0136690205,0.0005832974310679004,-0.008436456426609599,-0.015591202278269971,-0.0015107506,0.0010361922,-0.0004772144,15.3,-1.0,0.5000267,0.729408,0.72930276,0.729376,0.72909874
88.30000000000001,5.5109806,0.26005793,-1.3546181,-0.005855086,0.00093572243,0.69246703,0.028880615,-0.008916791,0.007094815,0.00041703068144721624,-0.008193468297111374,-0.01569230386561465,-0.00213379,0.0041438877,-0.0012453862,15.3,-1.0,0.5000267,0.7275679,0.72821665,0.72732997,0.72793365
88.4,5.51121,0.26017693,-1.287271,-0.0036449207,0.00023840557,0.69341826,0.021464752,-0.01612079,0.014776363,0.00025831850560740073,-0.007796534515889986,-0.015772508403328202,-0.0011216333,0.0050124186,0.0003552736,15.3,-1.0,0.5000267,0.729713,0.7300466,0.7292914,0.72990316
88.5,5.5113525,0.2598474,-1.219432,-0.0018691283,-0.00066753366,0.6942111,0.014097436,-0.014722621,-0.0072177495,0.00017595456732559373,-0.00744416875273879,-0.015831609762124336,-0.0010387583,0.002718278,-0.00044957825,15.3,-1.0,0.5000267,0.7286152,0.72865754,0.7287063,0.72804743
88.60000000000001,5.5114536,0.25869948,-1.1456335,-0.0003938895,-0.002234631,0.69439334,0.013021042,-0.008467224,-0.0024139879,0.00022948121992644394,-0.007132330619786147,-0.015853178959194577,0.0015797138,0.0024920553,0.0008264834,15.3,-1.0,0.5000267,0.73072726,0.7305183,0.7305602,0.73036754
88.7,5.5110555,0.25677434,-1.0723413,0.0002135607,-0.0040528746,0.69360614,0.0072819344,-0.0070916507,-0.013636424,0.0004585069170336831,-0.006845279024804217,-0.015893693414740465,0.002661506,0.0028534185,0.0003918147,15.3,-1.0,0.5000267,0.7284893,0.7294216,0.72856015,0.7289242
88.80000000000001,5.5098295,0.2544844,-1.0052296,-4.2840897e-05,-0.0055354987,0.69278204,0.014941007,-0.002627051,-0.0048377546,0.0008342814311161035,-0.0066857867910711955,-0.01594172009265225,0.0050377348,-0.00032394426,9.9916826e-05,15.3,-1.0,0.5000267,0.73041534,0.7303456,0.730174,0.7300486
88.9,5.5077195,0.25177306,-0.9330499,-0.0009558963,-0.0068478924,0.69204617,0.017603228,-0.0018747977,-0.010309274,0.0013318397884769656,-0.006714092937294205,-0.01595851174307578,0.0048288414,-0.002201318,0.00053340127,15.3,-1.0,0.5000267,0.72820497,0.7285385,0.72824544,0.72797185
89.0,5.5059004,0.24901758,-0.8663024,-0.0014144874,-0.007910951,0.69249994,0.0070839645,0.0035910308,0.00980636,0.001870631195908255,-0.006944872586223716,-0.015940797341431986,0.0051912838,-0.0029461836,0.001109282,15.3,-1.0,0.5000267,0.7293861,0.73048043,0.7299973,0.7295476
89.10000000000001,5.504667,0.24603511,-0.7936467,-0.0009462164,-0.008181966,0.6931009,0.015244607,0.008047318,-0.0061537134,0.002508520993788836,-0.007329550906995773,-0.015927133855659973,0.006254087,-0.0042156074,9.478725e-05,15.3,-1.0,0.5000267,0.7285586,0.72828716,0.72835,0.7281591
89.2,5.504432,0.2434528,-0.7265834,0.00068508816,-0.008020331,0.6936183,0.022101756,0.019799944,-0.00045867634,0.003092157689690457,-0.007632403989483484,-0.01586656415952534,0.0059290873,-0.0013774296,0.00084090326,15.3,-1.0,0.5000267,0.7300576,0.73019207,0.73001647,0.7301574
89.30000000000001,5.5051527,0.24083547,-0.65381503,0.0035216124,-0.006939336,0.69411343,0.016428934,0.013437061,-0.010466202,0.0036215104154318652,-0.007686901835243763,-0.015804319616557705,0.0048665116,0.001231705,0.0003616694,15.3,-1.0,0.5000267,0.7286816,0.72849804,0.72861785,0.7286121
89.4,5.506563,0.23890841,-0.58639693,0.006092144,-0.00523737,0.69428134,0.03142379,0.02855222,0.0027050262,0.0039930307873930326,-0.007489092227474025,-0.015726162146599443,0.00438393,0.004176639,0.0014778271,15.3,-1.0,0.5000267,0.73037255,0.73027515,0.7299998,0.73087204
89.5,5.5084777,0.23724021,-0.5193726,0.008116205,-0.00306823,0.6941054,0.012157522,0.029879365,-0.0182637,0.004210228870050951,-0.007041014292306764,-0.015650212120056496,0.0014313161,0.0052066385,-0.00017180356,15.3,-1.0,0.5000267,0.7285935,0.7284607,0.7288123,0.7286554
89.60000000000001,5.511319,0.23589742,-0.44707835,0.010079676,-0.0010360078,0.693924,0.011187654,0.020595534,0.0047395,0.004319196914841937,-0.006519844119579149,-0.015608842263329273,0.00045005794,0.0058445996,0.0003734667,15.3,-1.0,0.5000267,0.72991234,0.7301331,0.7303213,0.7300091
89.7,5.5154963,0.2348997,-0.3751958,0.012241653,0.0013131306,0.69420666,0.010822339,0.029054277,-0.0077141444,0.004350871229856447,-0.005924681836266623,-0.015569205576210358,-0.0009406478,0.0061183083,0.00073358865,15.3,-1.0,0.5000267,0.7282157,0.7282022,0.72881526,0.7279014
89.80000000000001,5.5205913,0.23424733,-0.3091684,0.014328111,0.0036957434,0.69473463,-0.006037824,0.028840002,0.008318572,0.004282739008541719,-0.005163094106365565,-0.015560445604079721,-0.0015785194,0.009149678,-0.00083222456,15.3,-1.0,0.5000267,0.72959644,0.7297185,0.72992253,0.72955954
89.9,5.5272684,0.23411952,-0.23788738,0.016320504,0.0064141657,0.6958153,-0.011066684,0.031637494,0.006257556,0.004139309451617675,-0.004221553201628146,-0.015518057955333394,-0.0028576942,0.0106957145,0.00026357925,15.3,-1.0,0.5000267,0.72757775,0.72810906,0.7284448,0.7275317
90.0,5.5342627,0.23488578,-0.17228526,0.01779183,0.009086819,0.69703895,-0.028393261,0.023079075,0.018506775,0.0038533740617709413,-0.003071140000709235,-0.015453644603263183,-0.0040842146,0.012413596,0.00041486148,15.3,-1.0,0.5000267,0.72927374,0.729328,0.7298234,0.7292318
90.10000000000001,5.542051,0.23657347,-0.10095692,0.018061005,0.012043511,0.69832796,-0.036359537,0.014308191,0.0072256657,0.003487072272476584,-0.0018022485959482298,-0.01538702275238355,-0.0039231693,0.014839992,8.581353e-05,15.3,-1.0,0.5000267,0.727563,0.7275592,0.7273993,0.728206
90.2,5.548712,0.23863761,-0.03456548,0.017114269,0.014404364,0.69996476,-0.050783835,0.011337435,0.0191899,0.002969459433617853,-0.0005034867233067883,-0.01534098010103112,-0.0047292756,0.013544258,-0.0005382657,15.3,-1.0,0.5000267,0.7296875,0.72921795,0.7292725,0.7300433
90.30000000000001,5.5544763,0.24111162,0.03761491,0.0141879,0.01644785,0.700939,-0.061147835,0.0067119193,0.0038496216,0.00233530746871766,0.0007196992073390055,-0.015290541174547614,-0.007078361,0.011088476,0.00027367272,15.3,-1.0,0.5000267,0.72787625,0.72792417,0.72832835,0.7278373
90.4,5.560862,0.24290977,0.09250194,0.16363615,0.00072712876,-0.07747119,0.021604834,0.0057365648,0.12587988,0.0017956118209586647,-0.013490522392825187,-0.015267785131965125,-0.0007927194,-0.5588992,0.000419337,15.3,-1.0,0.5000267,0.5753665,0.41507936,0.5761523,0.41475868
90.5,5.57715,0.24324153,0.086658105,0.025975823,0.0029310067,-0.0020459068,-1.7188451,-0.04137084,0.56448805,0.0017078616838880714,-0.006322000059077518,-0.01380181867369844,-0.0014606934,0.010691352,6.920448e-05,15.3,-1.0,0.5000267,0.49311462,0.4674786,0.49972135,0.47186476
90.60000000000001,5.5833545,0.24293834,0.0722989,0.020091187,0.0025621944,-0.0053778663,0.006333828,0.0025686952,-0.005452893,0.001417413371911654,-0.005970296596120418,-0.013728454602376422,0.0002277664,0.00027407365,0.00027303692,15.3,-1.0,0.5000267,0.45276287,0.4381717,0.4579598,0.4397448
90.7,5.586784,0.24324374,0.060356498,0.020548878,0.0030014308,-0.010217252,0.0032016921,0.0051572504,-0.0048568468,0.0014137366874122119,-0.005964835096657079,-0.013672766299970473,-0.00074666104,0.00096295204,0.0008719825,15.3,-1.0,0.5000267,0.42181787,0.39938346,0.42713976,0.40008092
90.80000000000001,5.589791,0.24355064,0.051809028,0.02106742,0.0031346823,-0.012969433,0.005996025,-0.0016715574,-0.003237277,0.0014290076071730563,-0.005979125193367318,-0.013685683148255443,0.00093077985,-0.0011057258,0.0006719818,15.3,-1.0,0.5000267,0.39085257,0.36334848,0.3949798,0.36492088
90.9,5.592482,0.24317801,0.044231266,0.02140414,0.0026573688,-0.0151139,0.004641946,0.00062859996,-0.0071437093,0.0014276609434498472,-0.005930748600052152,-0.013718090439013024,0.0011393792,0.00025996027,-0.00024312902,15.3,-1.0,0.5000267,0.12983301,0.10800267,0.13149805,0.11066623
91.0,5.5943747,0.24236883,0.038567975,0.02132283,0.0019279545,-0.016244514,0.007260112,-0.0010398066,-0.0006305053,0.0014333196462930538,-0.00587876651778618,-0.013698955737678818,-8.611994e-06,-0.0002450415,-0.00020544062,15.3,-1.0,0.5000267,0.12954628,0.10912294,0.13076757,0.110563174
91.10000000000001,5.5962033,0.24113168,0.03319624,0.021153854,0.0007048451,-0.017396556,0.0037469433,-0.003447619,-0.0008451752,0.0013818499561207578,-0.0058547594524172636,-0.013721437043306169,-0.0001908854,-0.0004414609,-0.0005145587,15.3,-1.0,0.5000267,0.13036937,0.10872158,0.13065188,0.110257134
91.2,5.5973277,0.23966147,0.028894007,0.020834813,-0.00064937276,-0.017745214,0.0015983004,-0.004291617,-0.0022384336,0.0013120201016742637,-0.005812579782090424,-0.013722109745655391,0.00074158615,-0.0003143801,-0.00090333814,15.3,-1.0,0.5000267,0.13100418,0.10815242,0.13089706,0.109946296
91.30000000000001,5.597838,0.23778957,0.024813086,0.020025106,-0.002058576,-0.017966997,-0.00021175582,-0.003794313,0.00054482365,0.0012906257421815975,-0.005797344305079251,-0.013712313717104452,0.0009549119,-0.0002005818,0.00032465885,15.3,-1.0,0.5000267,0.13088438,0.10824587,0.13054654,0.11032316
91.4,5.5974016,0.2361384,0.02150011,0.018606685,-0.0032108757,-0.017968928,0.0009200757,-0.0043677604,0.0045825723,0.0012908911496318754,-0.005748085452905108,-0.013722623520135667,0.00093946035,-0.0001476633,-0.00048226872,15.3,-1.0,0.5000267,0.13078794,0.10842539,0.1305769,0.11020974
91.5,5.59647,0.234184,0.018271431,0.017471489,-0.0045375233,-0.018118294,0.005764073,0.0023023048,0.002251472,0.0012578006255249852,-0.005695984438097788,-0.013724761405277609,-0.00033278688,-0.00012604367,-1.7334312e-05,15.3,-1.0,0.5000267,0.1305293,0.10867786,0.1309721,0.109820716
91.60000000000001,5.595456,0.23204765,0.014260575,0.016212936,-0.0057955333,-0.01850092,0.0025987155,-0.0016946055,0.0009336508,0.001232429621823704,-0.005676786388331731,-0.013731646875022884,0.0003562184,0.00014709517,-0.0005181553,15.3,-1.0,0.5000267,0.0020000003,0.0,0.0020000003,0.0
91.7,5.5941415,0.23004536,0.010325804,0.015041994,-0.0069438377,-0.018896753,-0.0034282382,-0.0061092786,0.00225706,0.0011844783401991485,-0.005636478875561446,-0.013738744679238649,-0.00063096726,0.00015529199,5.6970322e-05,15.3,-1.0,0.5000267,0.0020000003,0.0,0.0020000003,0.0
91.80000000000001,5.592776,0.22877453,0.0067971945,0.013533915,-0.007496896,-0.019454418,0.00031840315,-0.0016661078,0.0006100162,0.0011776480142364737,-0.005595823655948922,-0.01371002046841354,0.00038197602,-0.00014765865,0.0005730323,15.3,-1.0,0.5000267,0.0020000003,0.0,0.0020000003,0.0
91.9,5.5912943,0.22794114,0.0032726377,0.0120019615,-0.007587238,-0.019691389,0.0061080717,-0.0024796657,0.00037951392,0.0011898339097204792,-0.005557838486339471,-0.013705585081828968,9.5981166e-05,-0.00015033649,-0.0005702091,15.3,-1.0,0.5000267,0.0020000003,0.0,0.0020000003,0.0
92.0,5.5903897,0.22750121,0.00031600893,0.010864708,-0.007389153,-0.020060372,0.0004894227,-0.0037593406,-0.0055255364,0.0011849612516185396,-0.0055141460350394255,-0.01367180797123697,-0.00026833537,1.3699621e-05,0.00024306746,15.3,-1.0,0.5000267,0.0020000003,0.0,0.0020000003,0.0
92.10000000000001,5.590552,0.2273989,-0.0022339374,0.010371318,-0.0070882356,-0.020446807,-0.0037714196,-0.0034071212,-0.008529517,0.001223620105226476,-0.005446616638209882,-0.013652194527473148,-7.71362e-05,0.0005075548,4.3533626e-05,15.3,-1.0,0.5000267,0.0020000003,0.0,0.0020000003,0.0
92.2,5.5918293,0.2271311,-0.003996119,0.010981629,-0.006862113,-0.020435052,0.0008715633,0.003900485,-0.0067972573,0.001224435592032998,-0.005482743128217731,-0.013617787027015809,-0.00036470534,-0.00015546534,-7.833478e-05,15.3,-1.0,0.5000267,0.0020000003,0.0,0.0020000003,0.0
92.30000000000001,5.593606,0.22624731,-0.0059883,0.012053713,-0.007371506,-0.020453753,0.0048658927,0.00340963,-0.0014891847,0.0012067050679491825,-0.005558796386619355,-0.013578639345169438,-0.0006973082,-0.0008147732,-0.00017847009,15.3,-1.0,0.5000267,0.0020000003,0.0,0.0020000003,0.0
92.4,5.594897,0.22515085,-0.00791055,0.012344928,-0.008380111,-0.020294053,-0.0018289865,-0.0025243491,0.005979556,0.0011842420391593802,-0.00557617365609698,-0.01354912414936313,-9.773492e-05,0.00045985784,0.00062916125,15.3,-1.0,0.5000267,0.0020000003,0.0,0.0020000003,0.0
92.5,5.5955553,0.22410135,-0.0091974735,0.012413754,-0.009084743,-0.020084782,0.0050067496,0.0011508772,0.00020954756,0.0011227564217432399,-0.005557550836643117,-0.01355429947526294,-0.00021491507,-2.7100654e-05,-0.00018836359,15.3,-1.0,0.5000267,0.0020000003,0.0,0.0020000003,0.0
92.60000000000001,5.595596,0.22307718,-0.009592503,0.011915002,-0.009915855,-0.019196345,-0.0008573606,-0.002640366,-0.0025606712,0.001084482982912782,-0.005528710214569437,-0.013523918009586735,-0.00029199268,-0.0007185876,-0.00035478946,15.3,-1.0,0.5000267,0.0020000003,0.0,0.0020000003,0.0
92.7,5.5947604,0.2226711,-0.009728596,0.0106474785,-0.01022666,-0.018003613,0.0013955359,-0.0074513033,0.003497116,0.001101837271969365,-0.005478303890144548,-0.013521669853404993,0.00031256734,-0.000640015,-0.0009503897,15.3,-1.0,0.5000267,0.0020000003,0.0,0.0020000003,0.0
92.80000000000001,5.5932155,0.22277123,-0.0096857995,0.0091725765,-0.009951291,-0.01726792,-0.0019482976,-0.0052107032,-0.0017434357,0.0010927800206772548,-0.005450446245978398,-0.01350095118241125,0.00014676672,-0.00092584983,0.00026512836,15.3,-1.0,0.5000267,0.0020000003,0.0,0.0020000003,0.0
92.9,5.5906734,0.22339304,-0.00909698,0.006643709,-0.009182222,-0.016516658,-0.0038385077,-0.0053910078,0.007115304,0.0011266923332257145,-0.005357527009690708,-0.013453166855650022,-0.00010933997,-0.00025041407,0.00059889624,15.3,-1.0,0.5000267,0.0020000003,0.0,0.0020000003,0.0
93.0,5.5876055,0.22426535,-0.008026987,0.0041764057,-0.008249291,-0.01560769,0.0008681763,-0.0048897075,0.00214437,0.0011829126318880514,-0.005297595421657244,-0.013420395168858937,-0.0003392598,-0.00030546496,2.7845248e-05,15.3,-1.0,0.5000267,0.0020000003,0.0,0.0020000003,0.0
93.10000000000001,5.584014,0.22553933,-0.0069465786,0.001738939,-0.0072408603,-0.014687545,-0.000339498,0.00077375805,-0.0015329568,0.00121389234218389,-0.005248483056182341,-0.013378437032388233,-0.00045844464,-0.00046592922,9.764657e-05,15.3,-1.0,0.5000267,0.0020000003,0.0,0.0020000003,0.0
93.2,5.5806465,0.22694045,-0.006421596,-0.00024187594,-0.0059030564,-0.014038727,-0.0015392778,0.0059597795,-0.002573244,0.001279187961701617,-0.005177520277530779,-0.013358918621467127,-1.6653506e-05,0.00048841245,0.0010613041,15.3,-1.0,0.5000267,0.0020000003,0.0,0.0020000003,0.0
93.30000000000001,5.577309,0.22846657,-0.006006956,-0.0020266448,-0.004877878,-0.013171456,-0.003140998,-0.004509799,0.00022258608,0.0013255985362931439,-0.005149926547375465,-0.013333119909852573,0.0008253116,0.00015342998,-0.0011868423,15.3,-1.0,0.5000267,0.0020000003,0.0,0.0020000003,0.0
93.4,5.574406,0.22952732,-0.0060073137,-0.0034413296,-0.004303527,-0.012807182,-0.010273775,-0.004031004,-0.0015115364,0.0013353571140790666,-0.00513300502676183,-0.013282664243520122,-0.0003231849,0.00022643256,0.00042318934,15.3,-1.0,0.5000267,0.0020000003,0.0,0.0020000003,0.0
93.5,5.571355,0.23004925,-0.006404802,-0.004928061,-0.0041071177,-0.012814397,-0.0064256196,-0.00041503288,-0.0013234093,0.001334727018175518,-0.005109560581429521,-0.013276148325717099,0.0002717865,1.5325417e-05,0.00010672662,15.3,-1.0,0.5000267,0.0020000003,0.0,0.0020000003,0.0
93.60000000000001,5.5676765,0.23006995,-0.006609887,-0.006672077,-0.004092099,-0.0127018085,-0.0059947157,0.0026287274,-0.008871778,0.0013088249014834605,-0.00508756938455255,-0.013289918352180801,0.0005394789,-0.00074316055,-0.00016996308,16.2,-1.0,0.53366566,0.0019999999,0.0,0.0019999999,0.0
93.7,5.5637364,0.23005186,-0.00677599,-0.008631751,-0.0040682126,-0.012663791,-0.0025349944,0.002806381,-0.0022016463,0.0012921358610253294,-0.005029817973069025,-0.013281621259368347,-0.00028476285,0.0008918977,-0.0005453002,16.2,-1.0,0.6178179,0.0019999996,0.0,0.0019999996,0.0
93.80000000000001,5.5602317,0.23010573,-0.006914869,-0.010033819,-0.00391489,-0.0126954,-0.0047131157,-0.00012729924,0.0028735956,0.0013308396025021624,-0.00499964983984657,-0.013217301512589447,0.0007071601,-6.546777e-05,0.00038574546,16.2,-1.0,0.6178179,0.0019999999,0.0,0.0019999999,0.0
93.9,5.5574007,0.23003182,-0.0072097927,-0.010718923,-0.0036888246,-0.012477642,-0.0031306152,0.00014038186,0.003219582,0.001316312444450737,-0.005024342866265101,-0.013203712606275946,-0.0005179435,-0.00040417534,-4.9964707e-05,16.2,-1.0,0.68678474,0.0019999999,0.0,0.0019999999,0.0
94.0,5.555919,0.229969,-0.0074907094,-0.010497886,-0.0035234534,-0.012100218,-0.0026631658,-0.0028434072,0.0028433276,0.001312120023166358,-0.005049312431358061,-0.013206422035175882,-0.0006128785,-0.00088384695,-0.00013310669,16.2,-1.0,0.68678474,0.0019999999,0.0,0.0019999999,0.0
94.10000000000001,5.5550537,0.23044717,-0.007804811,-0.010120172,-0.0030263376,-0.011675907,-0.005892012,-0.0052470593,0.001543667,0.001342604333965925,-0.005092282407343004,-0.013196382050228246,0.00064331497,-0.00034629495,1.0991662e-06,16.2,-1.0,0.7433052,0.002,0.0,0.002,0.0
94.2,5.554144,0.2314736,-0.0080756545,-0.01017072,-0.0021000348,-0.011414507,-0.0030204316,0.0017688121,-0.0014952383,0.0013532329398765486,-0.005113230179138892,-0.013161256050316768,-0.00068471197,0.0006100811,-6.2766725e-05,16.2,-1.0,0.7433052,0.0019999999,0.0,0.0019999999,1.1641532e-10
94.30000000000001,5.5535703,0.23279333,-0.008454189,-0.009752151,-0.0011798951,-0.010969338,0.00032858405,-0.00052195805,0.006569549,0.0013684818806692194,-0.005098348035135264,-0.013158453696005176,0.00091312197,0.0005187573,0.00028795603,16.2,-1.0,0.7896271,0.0019999996,0.0,0.0019999996,0.0
94.4,5.553619,0.23411247,-0.008327112,-0.008937291,-0.0002805072,-0.010627045,6.2020255e-05,-0.003299803,0.0015650875,0.0014467508496590715,-0.005137919149273247,-0.013158544911870622,6.8799345e-05,0.00092510384,3.695328e-05,16.2,-1.0,0.7896271,0.0019999996,0.0,0.002,0.0
