time_sec,x,y,z,vx,vy,vz,ax,ay,az,roll,pitch,yaw,angular_x,angular_y,angular_z,voltage_v,current_a,remaining,motor_1,motor_2,motor_3,motor_4
0.0,-0.18677677,0.18214141,-0.08057363,-0.0069349436,0.0023952622,-0.0010332101,0.0053043845,-0.0006833865,0.007157679,0.0006973190855130779,-0.0011333231665485626,0.0006594826976589027,0.00023610942,-0.000500375,0.0003837901,16.2,-1.0,0.9999466,0.0018769448,5.7180958e-05,0.0012706014,0.0007952726
0.1,-0.18776259,0.18081713,-0.079419896,-0.007245319,0.0014308895,-0.00031818618,-0.006944297,-0.001154598,0.00026449558,0.0006772741400860318,-0.0011318009003555777,0.0006463626213759023,-6.89342e-05,0.0017747445,0.0002735504,16.2,-1.0,0.9999466,0.0012853773,0.00074485614,0.0008562038,0.0011135625
0.2,-0.18849589,0.17883517,-0.078751,-0.0072425716,-0.00033304104,8.214994e-05,-0.0071836947,-0.0016266566,0.0074324193,0.0006197376440296219,-0.00112885400995582,0.0006113143482342222,2.3106117e-05,0.00075094664,-0.00080782344,16.19436,-1.0,0.99966145,0.0015486382,0.00052877783,0.0010626344,0.0008599493
0.30000000000000004,-0.18893331,0.17605557,-0.07820602,-0.0069347597,-0.002045071,0.00056771946,-0.0007660778,0.0036712252,0.0021886078,0.0005667851521207126,-0.0011476229367533,0.0006251256589805965,0.00019484646,-0.00012102654,0.000829691,16.188362,-1.0,0.9988289,0.0016577535,0.00026656903,0.0014165988,0.0006590784
0.4,-0.18864799,0.17301211,-0.0776321,-0.0061580306,-0.0041196663,0.00065926433,-0.00044060967,0.0038743832,0.0018444842,0.000484827490768084,-0.0011562247618829764,0.0006011595234562322,0.0003440178,0.0001720932,9.619904e-05,16.188362,-1.0,0.9988289,0.0019103868,0.00011468005,0.0011106357,0.00086429715
0.5,-0.18813694,0.16975355,-0.077152625,-0.00559541,-0.0062959497,0.0011835954,0.005283527,-0.006718336,0.006781425,0.0003945801749413438,-0.0011630206192770986,0.0006046154673186464,-0.00036746642,-0.00018553983,0.00023823878,16.188362,-1.0,0.9988289,0.0016526196,0.00030329076,0.0014813154,0.0005627741
0.6000000000000001,-0.18758106,0.16641484,-0.07611959,-0.004849266,-0.008426501,0.0016436375,0.0011047841,-0.006825589,-0.0016400589,0.00033771907671881283,-0.0011929402682653082,0.000626086571941043,-0.0005146854,4.753446e-05,0.00016463737,16.182362,-1.0,0.99754715,0.0015746484,0.0003361258,0.0014767762,0.00061244925
0.7000000000000001,-0.18712893,0.16357714,-0.07530145,-0.00430537,-0.009838613,0.00174275,0.00344337,-0.006344826,0.0075143757,0.00032798044729969274,-0.0012018580170418275,0.0006193573583453217,0.00058382534,-0.00043437455,-0.00032510658,16.176363,-1.0,0.9958916,0.0017342359,0.0002498633,0.0012558948,0.0007600057
0.8,-0.1868194,0.16155384,-0.07506639,-0.0039830124,-0.010648406,0.0018332348,0.0041732783,-0.004744769,-0.0007548369,0.00033067095621258977,-0.0012065968621676735,0.0005963553523499712,-0.00030620256,0.00052869244,0.0007639242,16.176363,-1.0,0.9958916,0.0015581474,0.000503222,0.001296114,0.0006425164
0.9,-0.18658628,0.15996094,-0.07490809,-0.0035525414,-0.011046495,0.0018659419,0.0026919942,-0.006815319,-0.0048116776,0.0003516476551411168,-0.0012120938132633844,0.0005646179043911732,4.7712798e-05,-0.00040085748,0.00018508552,16.176363,-1.0,0.9958916,0.001731052,0.0004056053,0.0014346841,0.00042865833
1.0,-0.18672687,0.15884209,-0.07459885,-0.0037517229,-0.0109655885,0.0019442658,-0.0016390918,-0.007156674,-0.0012149102,0.00037869940159273734,-0.0012107662428432423,0.0005555897005947245,0.00022558167,6.688739e-05,-0.000110689754,16.170362,-1.0,0.9939337,0.0017981314,0.00029676023,0.0011820764,0.0007230317
1.1,-0.18680319,0.15809913,-0.07403822,-0.0038036478,-0.01092088,0.0021227635,0.0027999007,-0.00041422388,-0.001118984,0.00041888545011255397,-0.0011893225285495494,0.000569439705549557,0.00029206637,0.0006066206,-0.0004177164,16.164364,-1.0,0.99172497,0.022002917,0.021000225,0.021541378,0.021413
1.2000000000000002,-0.18654792,0.1578356,-0.073710844,-0.0036551869,-0.010222551,0.002463501,0.002351759,0.0006793544,0.0030919907,0.00044058503752789676,-0.0011705002915633532,0.0005759220664177122,-0.00041082042,0.00026195028,-0.000364536,16.164364,-1.0,0.99172497,0.039192554,0.03810588,0.03890192,0.038383085
1.3,-0.18640989,0.1579856,-0.07297723,-0.0036187386,-0.009345746,0.002724266,0.0009149216,0.0012585716,0.0036940908,0.0004927667600660705,-0.0011707711017149515,0.0005793649685867974,0.00032150222,0.00033906617,-0.0007820344,16.158363,-1.0,0.9893179,0.060258854,0.058822777,0.059634943,0.059434008
1.4000000000000001,-0.18617243,0.15809928,-0.072533,-0.0035235046,-0.008620591,0.0026289842,-0.0009759214,-0.0055786287,-0.0012232921,0.0005085404285685377,-0.001144895037971348,0.0005923930953068412,0.00031720937,0.00065915316,0.00022363568,16.158363,-1.0,0.9893179,0.081507824,0.0802181,0.08097095,0.08079014
1.5,-0.18582618,0.15790345,-0.07251908,-0.0037022124,-0.008201465,0.002555546,-0.00010039684,-0.0030872058,0.0029741784,0.0005137075288641899,-0.0011494604809717476,0.0006070456889700008,-0.00024635054,0.00050253165,0.00015050863,16.158363,-1.0,0.9893179,0.10682482,0.105711915,0.10647777,0.106171265
1.6,-0.18563029,0.15694523,-0.07254392,-0.0036764366,-0.008072364,0.0023570429,0.0047745896,-0.0061363084,-0.0028819775,0.0005197753598031914,-0.0011410139104691187,0.0005920236897753856,0.0009123669,0.00059954566,-7.658471e-05,16.152365,-1.0,0.986742,0.13267621,0.13109365,0.13184413,0.13190123
1.7000000000000002,-0.18553215,0.15596133,-0.072175756,-0.0035939584,-0.0079087615,0.0019579402,0.010448531,0.0046159173,-0.004673842,0.0005339909415945486,-0.001134129789914544,0.0005860848578555705,0.00049973954,5.2947886e-05,0.0003325296,16.146364,-1.0,0.98402977,0.16263834,0.1610423,0.16205901,0.16165435
1.8,-0.18511538,0.15507354,-0.07177423,-0.0033437072,-0.008194955,0.0017703157,-0.000112312584,0.00075405656,0.0086454665,0.0005077774034788706,-0.0011631011352554535,0.0006198206423406679,-0.00073550653,0.00017429171,0.00010468102,16.146364,-1.0,0.98402977,0.19203089,0.19114082,0.19210352,0.19135989
1.9000000000000001,-0.18375626,0.15429151,-0.0706729,-0.002637652,-0.0081057325,0.00179059,0.004822729,-0.0024567728,-0.007786322,0.00047584750393338244,-0.001149974959631822,0.0005990737177243264,-0.00078419095,0.0010960437,0.0005557934,16.140366,-1.0,0.98120594,0.22676523,0.2259836,0.22663005,0.2261254
2.0,-0.18156874,0.15339676,-0.069685176,-0.001218026,-0.008350471,0.0018757903,0.0012601353,-0.0010935927,0.0010719522,0.00045222571676251436,-0.0011718158715274523,0.0006185078723654393,-0.00052114105,0.00016438268,0.00067310815,16.140366,-1.0,0.98120594,0.26129586,0.25968564,0.26109743,0.26005918
2.1,-0.1790408,0.15240581,-0.06905417,0.00018955221,-0.008647666,0.0016906394,0.00039745506,-0.0010108475,0.0060214656,0.00043476154705338326,-0.001211324518451625,0.0006161571276549635,-0.00081680174,0.0001801993,-0.0006773528,16.140366,-1.0,0.98120594,0.3005678,0.29903644,0.30054605,0.29906094
2.2,-0.17576556,0.15109096,-0.06848273,0.001613701,-0.009236253,0.0015696179,-0.006004616,-0.0014717908,-0.003648456,0.0004130112176530556,-0.0012344375387619334,0.0006070301905246188,-0.00043803797,0.00059449364,-0.00018137664,16.134365,-1.0,0.9782896,0.33903074,0.3373968,0.33892456,0.33745125
2.3000000000000003,-0.17215969,0.14970395,-0.0681164,0.0032715471,-0.009852466,0.0015790327,0.0030413338,-0.00033700996,0.00044284386,0.0003910215378528945,-0.0012932153143562267,0.0005785185999719188,-0.0005697901,5.99373e-05,-0.00055068935,16.128366,-1.0,0.9752989,0.38332236,0.38100964,0.38316655,0.38102502
2.4000000000000004,-0.16885221,0.14843875,-0.06800291,0.0049608285,-0.010466385,0.0016233127,-0.0005646893,-0.0075664837,-0.0015706754,0.00038554466452920253,-0.0013482910758582914,0.0005712999017094599,-0.00019870632,-0.00036915092,7.88234e-05,16.128366,-1.0,0.9752989,0.39514768,0.3924635,0.39496702,0.3925265
2.5,-0.16561842,0.14760166,-0.067836925,0.006317191,-0.010759386,0.001583838,-0.00038899312,-0.0030408686,0.0033299436,0.0003907614872006417,-0.0014205605750964739,0.0005813469386430653,-0.00036772294,-0.00024191054,-0.00092382514,16.128366,-1.0,0.9752989,0.40812033,0.40518147,0.40808788,0.40519604
2.6,-0.1624817,0.14732157,-0.067336366,0.0075383973,-0.010614772,0.0018403617,0.0044151153,-0.0014901471,-0.000257045,0.00041410322293183844,-0.0014459741438237938,0.0005755989588727079,-0.000103861996,0.0008948634,-0.0004540095,16.122366,-1.0,0.97224617,0.4206712,0.4177108,0.42038545,0.41791525
2.7,-0.15991476,0.14752886,-0.066671014,0.008567226,-0.010227108,0.0019643293,0.0038721375,-0.0051192087,-6.2398605e-05,0.00046648309649634023,-0.0014693791456348662,0.000556829205892803,0.0005646927,-0.00035767205,-0.00017486597,16.116367,-1.0,0.9691429,0.43561178,0.43163908,0.43490732,0.43218404
2.8000000000000003,-0.15763228,0.14924483,-0.06618506,0.009360692,-0.008528468,0.00227028,0.0025754801,0.0025870537,-0.006525777,0.0005042022578736916,-0.0014724704831435224,0.0005564177539547916,-0.00055012404,0.00013103135,0.0005494536,16.116367,-1.0,0.9691429,0.4491408,0.44516623,0.4485983,0.44561514
2.9000000000000004,-0.15621437,0.15175988,-0.06616318,0.009218311,-0.0064027444,0.0024936523,-0.005033703,-0.0026866144,-0.0039115543,0.0005770314136898583,-0.0014743521436391442,0.0005817911242770929,-0.000184779,-0.000785276,-0.00062326045,16.110367,-1.0,0.96599865,0.46544328,0.46066174,0.46462005,0.4614815
3.0,-0.15517066,0.154261,-0.06681122,0.009172162,-0.0044306186,0.002455675,0.008897345,-0.009319923,-3.352761e-05,0.0006635680855431084,-0.0014437985199745142,0.000580671220918773,0.00039634225,0.00044345143,-0.0007404567,16.110367,-1.0,0.96599865,0.47985068,0.4752243,0.47859842,0.4762994
3.1,-0.15439598,0.15600866,-0.06767191,0.008815308,-0.0035692716,0.002017908,0.00080964895,-0.0032929133,-0.004780944,0.000693231637015447,-0.0014336544458938652,0.0006013833538328973,-0.00056466373,0.00027883987,0.0006259249,16.110367,-1.0,0.96599865,0.49689773,0.49264875,0.49590915,0.49355543
3.2,-0.15370747,0.15697958,-0.06832039,0.00844428,-0.0031775816,0.0017255036,-0.0011470478,2.0627793e-05,-0.0057080756,0.0007172091160918134,-0.0013895876173867505,0.0005917475420982814,0.00042899005,0.00017467586,-0.00083157123,16.104368,-1.0,0.9628191,0.51278365,0.5076511,0.5113477,0.508872
3.3000000000000003,-0.15277334,0.15744111,-0.06890993,0.008470914,-0.0028974249,0.0013835169,0.0066188965,0.002338503,0.0011832452,0.0007141500650413937,-0.0013725081390322928,0.0005546778123884126,-0.00081063097,0.00030104502,-0.00040134773,16.098368,-1.0,0.9596119,0.5313196,0.5266825,0.53045905,0.5272362
3.4000000000000004,-0.15194923,0.15760079,-0.0693586,0.0085059395,-0.0028632148,0.0010476548,-0.002821759,0.0010321893,-0.0036149283,0.0006724080636552244,-0.0013530965694426818,0.0005176550380083854,-0.00035264244,0.00056587736,-0.00026427465,16.098368,-1.0,0.9596119,0.54800534,0.54280245,0.5468984,0.54354054
3.5,-0.15135796,0.15758815,-0.06975107,0.008383378,-0.0029399449,0.00071696076,0.0033492541,-0.0016550288,0.0046920027,0.0006389147902979703,-0.0013746950533355732,0.0005086311745627773,2.909639e-05,0.00011602157,-0.0003555588,16.098368,-1.0,0.9596119,0.5682928,0.5629392,0.56715596,0.5638615
3.6,-0.15062778,0.1571413,-0.06948012,0.008461044,-0.0034911456,0.0007376873,0.0009809886,-0.0047561065,-0.00050291413,0.0006370518746863897,-0.0013678915695875338,0.0005250380882316687,0.00040357668,-0.00020509135,0.0007138838,16.09237,-1.0,0.9563818,0.5861162,0.5799811,0.58483744,0.58119357
3.7,-0.15021363,0.15637915,-0.06892641,0.008448768,-0.0040339953,0.0007556796,0.014302287,0.0015620302,0.00041862947,0.0005971479703130616,-0.0013548428126232798,0.0005455990744892895,0.00011410157,-0.00021475588,0.00055921986,16.086369,-1.0,0.9531355,0.60789996,0.6017938,0.6068496,0.6029386
3.8000000000000003,-0.15012172,0.15528062,-0.06802477,0.007933578,-0.004952841,0.00069965486,-0.0020667037,-0.010647281,-0.0023413447,0.0005860607128873144,-0.001352384619209073,0.0005416375010689029,3.3620367e-05,9.289813e-05,-0.00047907908,16.086369,-1.0,0.9531355,0.6263753,0.62027633,0.62539876,0.6212169
3.9000000000000004,-0.1507945,0.15403424,-0.067225546,0.006704273,-0.005698482,0.0008695213,-0.0020464784,0.0025687944,0.011867377,0.0005737874475905036,-0.001326129455845563,0.0005509901651638141,-0.00019969321,0.000761896,-5.725997e-07,16.08037,-1.0,0.949872,0.64944005,0.6438552,0.64855367,0.64474565
4.0,-0.1517887,0.15306489,-0.066746175,0.0053325435,-0.0059935893,0.00082846865,0.003745795,0.0010990124,0.0037732532,0.0006151688173917342,-0.0012565745187312861,0.0005399465782646888,0.00054386386,0.00068326085,-0.00034530822,16.08037,-1.0,0.949872,0.66927856,0.6629947,0.6678499,0.6643127
4.1000000000000005,-0.15285577,0.15274161,-0.06654796,0.0037433153,-0.005610944,0.0008627834,0.0071950876,-0.0012943628,-0.01126062,0.0006407065563861006,-0.0011859389782909052,0.0005212453159266265,0.00018265472,1.6348513e-06,0.0002563703,16.07437,-1.0,0.94659424,0.7249427,0.71826804,0.7234759,0.7195112
4.2,-0.15394434,0.15252276,-0.066613585,0.0013897078,-0.005629313,-0.004644638,-0.004501112,-0.0060754423,-0.21611665,0.0006004877662924149,-0.0006148049222087021,0.0004699366256883049,-0.0052084248,0.017666258,-0.0014687704,16.07437,-1.0,0.94659424,0.7406722,0.7417236,0.74080026,0.7409992
4.3,-0.15518937,0.15209866,-0.069109395,-0.0013265341,-0.005746828,-0.04336111,-0.022894625,-0.004676932,-0.52667034,8.397640345407781e-05,0.0011181918692002727,0.00039289916517687434,-0.0038977945,0.013988683,-0.00044317942,16.07437,-1.0,0.94659424,0.7571086,0.7575194,0.7564394,0.75742835
4.4,-0.15692279,0.15137418,-0.078191325,-0.0054328744,-0.0064408462,-0.11263123,-0.03162301,-0.007830704,-0.75293607,-0.00023614013357598287,0.001965085469191801,0.0003345861488976851,-0.0013964598,0.0020821511,-0.00092133763,16.06837,-1.0,0.94330883,0.7624264,0.7622217,0.76188606,0.7620167
4.5,-0.1585477,0.15038052,-0.09435567,-0.009108306,-0.0077275005,-0.19004865,-0.025389655,-0.009410741,-0.82225066,-0.0002898946904369374,0.0018508791805184317,0.00030926340505592727,0.0010246909,-0.0038676409,0.00020538518,16.06837,-1.0,0.94330883,0.76754874,0.7676502,0.76712155,0.7675569
4.6000000000000005,-0.16060796,0.14891839,-0.12167665,-0.013032676,-0.008770581,-0.2807969,-0.02785642,-0.011264219,-0.88620365,-0.00012376983762893445,0.0012287419195371788,0.0003195793347689411,0.0030483713,-0.0073794657,4.2602e-05,16.06237,-1.0,0.94001484,0.7666337,0.7667009,0.76625216,0.7668133
4.7,-0.1627306,0.1470574,-0.1594095,-0.015738813,-0.009868708,-0.37405854,-0.016907036,-0.001659586,-0.8787936,0.00017567060874687526,0.0003835100117511102,0.0003409991074911131,0.004197809,-0.009179532,0.00035163612,16.056372,-1.0,0.93670845,0.7688595,0.76882863,0.76873094,0.7687834
4.800000000000001,-0.16473442,0.14523639,-0.20361277,-0.017100576,-0.010367318,-0.4605546,-0.006766712,-0.0020315885,-0.8976729,0.0006190870845398494,-0.0005675155653618412,0.00033592863484244027,0.004980911,-0.009493833,0.00021149134,16.056372,-1.0,0.93670845,0.76604426,0.7664007,0.7663496,0.7657835
4.9,-0.1664735,0.14344792,-0.26122755,-0.017188665,-0.010291949,-0.55311394,0.0060183406,0.0013599792,-0.8587706,0.0011974808361703364,-0.0015864873780496009,0.0003498819038952263,0.007241227,-0.011689247,-8.767037e-05,16.050371,-1.0,0.933403,0.76816195,0.7672687,0.7677298,0.7674536
5.0,-0.16823976,0.1422043,-0.32332674,-0.016487468,-0.009346242,-0.6375642,0.019799285,0.006621267,-0.8551394,0.0018612552287791554,-0.00270929616184221,0.0004190447927705605,0.007826163,-0.011827561,0.00054390467,16.050371,-1.0,0.933403,0.76404256,0.7646273,0.76390964,0.7648789
5.1000000000000005,-0.17024666,0.14148335,-0.39986,-0.013980732,-0.0069488757,-0.72673446,0.037470896,0.019366285,-0.8152471,0.002799686124622751,-0.004200110105159197,0.00044601868044395277,0.011288894,-0.018124396,-0.00060661027,16.044373,-1.0,0.9300947,0.7654871,0.7665249,0.7655199,0.76646966
5.2,-0.17158094,0.14140138,-0.47837827,-0.009528606,-0.0039159083,-0.7973793,0.062079746,0.03307445,-0.51569843,0.004252596525153568,-0.006897452704686693,0.00045093691555100906,0.018311158,-0.033232722,0.00034694734,16.044373,-1.0,0.9300947,0.74226826,0.741291,0.74160504,0.7417613
5.300000000000001,-0.17211963,0.14180763,-0.5679457,-0.0017161027,0.0011670083,-0.8189054,0.0819161,0.0511051,0.076785676,0.005817851553039169,-0.009989081878846983,0.00047349932999569917,0.0117574,-0.025847018,0.0012105872,16.038372,-1.0,0.92677784,0.7195958,0.71832156,0.7193186,0.7186259
5.4,-0.17110062,0.14280508,-0.6486057,0.0078547085,0.0065137525,-0.7892157,0.094400235,0.057032503,0.4725335,0.006703811727645306,-0.011847134076533386,0.0004574262239285616,0.007016854,-0.013058263,0.000619979,16.038372,-1.0,0.92677784,0.70486516,0.70175356,0.7031531,0.70338124
5.5,-0.16866858,0.14451328,-0.7235248,0.018445417,0.011968871,-0.7506864,0.08545592,0.04670923,0.30480418,0.0057076775983700345,-0.010660045274111598,0.0004556774836841786,-0.026774757,0.041983787,0.00053992006,16.038372,-1.0,0.92677784,0.72310585,0.71854776,0.7216758,0.71994466
5.6000000000000005,-0.16526115,0.1477761,-0.80003965,0.026172219,0.016249366,-0.73393744,0.02829832,0.014286147,0.06575975,0.0018381741893297903,-0.0039321649755559235,0.00045936832406077776,-0.046468627,0.08571978,0.0004831429,16.032373,-1.0,0.9234581,0.7252422,0.72207266,0.724811,0.72248644
5.7,-0.16207808,0.15235665,-0.8744502,0.024101293,0.016571274,-0.7282056,-0.07695105,-0.040729266,0.048351936,-0.003309110682404223,0.006588647885987593,0.00047779144079251233,-0.054356486,0.110838875,0.0009495561,16.026373,-1.0,0.9201307,0.7260249,0.7288907,0.72638315,0.7285468
5.800000000000001,-0.15998489,0.15601313,-0.94293034,0.0121372575,0.011459521,-0.72560185,-0.16908893,-0.089547925,-0.02120761,-0.008290259120745753,0.015587076496703463,0.0004773013072856949,-0.045012645,0.067040846,0.00084186194,16.026373,-1.0,0.9201307,0.7230966,0.7285855,0.7245861,0.7272979
5.9,-0.15894003,0.15831497,-1.0169337,-0.0070109502,0.0010469917,-0.7241899,-0.19804594,-0.120848574,0.039688308,-0.011735617514913746,0.0185778802318902,0.0004603022107927333,-0.026193442,-0.006786868,0.0006022941,16.020374,-1.0,0.91680336,0.7215056,0.7351281,0.7259585,0.73098534
6.0,-0.15998526,0.15883142,-1.0851885,-0.02320288,-0.010779558,-0.71985626,-0.13224056,-0.11267438,0.037393995,-0.011058769825503844,0.011377896302890187,0.0005842760019972473,0.039871957,-0.11719031,-0.00053310144,16.020374,-1.0,0.91680336,0.720643,0.7292128,0.724228,0.7260734
6.1000000000000005,-0.1626698,0.15783979,-1.1587245,-0.028332543,-0.019384194,-0.71407753,0.018116085,-0.04527385,0.08274521,-0.004232408214988833,-0.003284411267025298,0.0008070378860815056,0.07874814,-0.13433088,0.00016618229,16.014374,-1.0,0.913476,0.7335508,0.71770585,0.72947425,0.7221057
6.2,-0.16454251,0.15616933,-1.2260318,-0.021779845,-0.021337563,-0.70516837,0.074199446,-0.00069191854,0.080403864,0.0007165753603844199,-0.008603849839587278,0.0009128539142365022,0.024324609,0.0034072516,0.00017016685,16.014374,-1.0,0.913476,0.7229642,0.7199879,0.72127306,0.72172534
6.300000000000001,-0.16512232,0.15446344,-1.297963,-0.0136622675,-0.02054424,-0.6944649,0.06513799,0.020983234,0.10649766,0.0019429294588911134,-0.007260163365536562,0.000981663378113258,0.0066505275,0.009635557,-0.00026909972,16.008375,-1.0,0.9101486,0.72523093,0.7250589,0.7255219,0.7246916
6.4,-0.16514659,0.15272352,-1.3629524,-0.007570736,-0.019257858,-0.6833655,0.047716994,0.02195708,0.1086411,0.0025142870267340018,-0.006204247839751677,0.00100071066274179,0.0041001816,0.012428595,-0.000758773,16.008375,-1.0,0.9101486,0.7207814,0.72027487,0.72035104,0.72058004
6.5,-0.16490573,0.15091981,-1.4264379,-0.0027593228,-0.017535763,-0.67031914,0.041327108,0.02732935,0.14908051,0.0027350795611222715,-0.004926146474675238,0.0009813634529394208,0.0018893654,0.012708397,4.4394557e-05,16.008375,-1.0,0.9101486,0.72433865,0.7243756,0.724012,0.7246491
6.6000000000000005,-0.16477141,0.14915757,-1.4933981,0.00063371024,-0.015460283,-0.65579355,0.030890575,0.019784372,0.11471798,0.002841582274649386,-0.003912847859148136,0.0009598956679360406,0.0015131648,0.008662507,-0.00010842174,16.002375,-1.0,0.90682125,0.72006756,0.7200493,0.7197241,0.72042805
6.7,-0.16475604,0.14767827,-1.5588622,0.002916613,-0.013207067,-0.64058036,0.023427855,0.019492388,0.15979493,0.0029311495846738875,-0.0032015477730096397,0.0009388837455759046,0.0005223381,0.006621898,-0.00013831111,15.996375,-1.0,0.90349483,0.7234199,0.72352326,0.7233338,0.7237527
6.800000000000001,-0.1649895,0.14644067,-1.6180573,0.0038946737,-0.011107059,-0.626103,0.010239257,0.02550661,0.13316375,0.00291622330297948,-0.002742653144361354,0.0008666310379490785,-0.0015026515,0.0048354743,-0.00049757946,15.996375,-1.0,0.90349483,0.7185608,0.7196317,0.7189834,0.7190486
6.9,-0.16544245,0.14522995,-1.6807853,0.004542775,-0.008927435,-0.60899687,0.008727832,0.017072096,0.1714616,0.002881484196543607,-0.00249168576811301,0.0008597590381237175,0.0003574534,0.0014256485,0.00025214223,15.9903755,-1.0,0.90016747,0.72250295,0.7219746,0.72209275,0.72244966
7.0,-0.16581485,0.14413698,-1.7371178,0.0050955606,-0.007274486,-0.59205174,0.016405843,0.017401977,0.1608734,0.0028421890500521154,-0.00237318490955769,0.000878831326365873,-0.000110716486,0.0012431468,0.00040808972,15.9903755,-1.0,0.90016747,0.7178161,0.71817815,0.7177992,0.71840155
7.1000000000000005,-0.16605358,0.1429246,-1.7962987,0.005773999,-0.005716309,-0.572598,0.0067498814,0.019126004,0.18247588,0.002782682163608496,-0.002334385839601738,0.0008824201118308977,-0.00038902124,0.0008360547,4.8659444e-05,15.984376,-1.0,0.8968401,0.7210263,0.72166157,0.72133684,0.72147167
7.2,-0.1663702,0.1418564,-1.8494633,0.0062341667,-0.0044781184,-0.5478458,0.0076675094,0.02086813,0.4153624,0.0029543007487126093,-0.002181841629733296,0.0008615642953668231,0.0068527195,0.0070555224,0.0004954665,15.984376,-1.0,0.8968401,0.70284224,0.70296335,0.70374227,0.7019839
7.300000000000001,-0.16717166,0.14154749,-1.9027416,0.00570001,-0.0020902597,-0.47906417,-0.005488687,0.031418696,0.8594221,0.004204644315152108,-0.0007414536604009639,0.0008380555309090397,0.014224187,0.015396332,-0.00023626417,15.978376,-1.0,0.8935127,0.68130183,0.6811484,0.68102497,0.68123406
7.4,-0.16831748,0.14195248,-1.9433521,0.0037061144,0.0015958013,-0.37461066,-0.015563014,0.039176658,1.261278,0.005453725427552339,0.0006801727128062677,0.0008586910359232809,0.010169136,0.011172755,0.00022654445,15.978376,-1.0,0.8935127,0.6630054,0.6629835,0.662816,0.6630971
7.5,-0.1698872,0.14284177,-1.9718765,0.0010416546,0.005744128,-0.255478,-0.02634449,0.037393942,1.0485955,0.006165668287232361,0.0015669897449155743,0.0008805573173078741,0.005084222,0.0066075614,-0.0005547453,15.978376,-1.0,0.8935127,0.6861071,0.68619365,0.68601185,0.6863628
7.6000000000000005,-0.17193487,0.14411604,-1.9907507,-0.0025833563,0.011028431,-0.17449425,-0.038044292,0.05431034,0.53658706,0.006506438323022434,0.0020784002361019546,0.00091303601096324,0.0020201784,0.0038639745,0.0006158368,15.972377,-1.0,0.89018536,0.70738757,0.7073306,0.70719963,0.7075855
7.7,-0.17468718,0.14593722,-2.0030706,-0.006764259,0.016525257,-0.1397698,-0.029366799,0.050010573,0.14320993,0.006341272188716454,0.002079718366561277,0.0009283690309443787,-0.008105065,-0.0069633364,1.598343e-05,15.966377,-1.0,0.8868551,0.7249557,0.72528934,0.72386765,0.72635996
7.800000000000001,-0.1775062,0.14833274,-2.013425,-0.009745961,0.021332815,-0.14009419,-0.019342983,0.047095507,-0.13590975,0.004788344185663545,0.0005572418249746524,0.0009646417109308431,-0.019364487,-0.018336343,0.00037269702,15.966377,-1.0,0.8868551,0.73620886,0.7368482,0.73671395,0.73644584
7.9,-0.18065377,0.15135844,-2.0266623,-0.011434378,0.02462722,-0.16325341,0.0056620473,0.024333779,-0.28991792,0.0028816824087500447,-0.0013402765929831418,0.0009747829973473603,-0.017676555,-0.016740227,-0.00017530573,15.960378,-1.0,0.88352203,0.7417984,0.7423481,0.7415516,0.7425594
8.0,-0.18351388,0.15422416,-2.042398,-0.011210275,0.025608312,-0.19013865,0.022305353,-0.003288963,-0.25628877,0.0011593512962179084,-0.00298660565742211,0.0010011592940761826,-0.013624286,-0.013030349,-0.00027430465,15.960378,-1.0,0.88352203,0.7382079,0.73856586,0.73840034,0.7384225
8.1,-0.18638071,0.15712735,-2.0612078,-0.00995223,0.025010247,-0.20859183,0.028009199,-0.0073141963,-0.1419205,0.00017952278853279664,-0.004032013295156897,0.0010025833765258986,-0.0050870017,-0.0048974715,0.00025730574,15.960378,-1.0,0.88352203,0.7329273,0.73291457,0.7327873,0.73301834
8.200000000000001,-0.18910807,0.16024813,-2.0832021,-0.007989941,0.02378613,-0.21743001,0.028159238,-0.019042863,-0.044272743,-0.00024299223962434495,-0.004259992315104199,0.0009981328853106604,-0.0045440444,-0.0015943899,-0.00027575734,15.954378,-1.0,0.8801899,0.72864085,0.7297935,0.72929263,0.7290516
8.3,-0.19110364,0.16345677,-2.1060243,-0.005117177,0.022611232,-0.21818411,0.031207843,-0.017457101,0.020125879,-0.0005628286514743047,-0.004499677251826881,0.0010096705087862764,-0.0017355323,-0.0021499214,-0.00014496582,15.948379,-1.0,0.8768568,0.72725254,0.7266255,0.7268545,0.72706884
8.4,-0.19252527,0.16671938,-2.1270947,-0.0024816408,0.021518465,-0.21450907,0.03722189,-0.016005494,0.051275823,-0.0008569906020333818,-0.004547311045678986,0.0009911825309849196,-0.0031019722,-0.0006412047,0.00041701796,15.948379,-1.0,0.8768568,0.7251925,0.72513014,0.72549933,0.7247773
8.5,-0.19343121,0.17068918,-2.1475792,9.470929e-05,0.020846182,-0.20794944,0.031995125,-0.020346014,0.07891049,-0.0010356592947874776,-0.004432969001682841,0.0009756762721911637,-0.0012229338,0.0027921067,-6.820882e-05,15.948379,-1.0,0.8768568,0.7247792,0.7242982,0.724201,0.7248046
8.6,-0.19335079,0.17568988,-2.1689336,0.0032397495,0.020293137,-0.19875188,0.03141365,-0.023113115,0.08521787,-0.0013244583369562714,-0.004138828669232948,0.0009655152403176696,-0.0049284487,0.0019097116,-0.0003013482,15.942379,-1.0,0.87352467,0.7243955,0.72389805,0.7244457,0.7237065
8.700000000000001,-0.1921126,0.18019038,-2.1896088,0.006745967,0.019229908,-0.18952301,0.022386586,-0.027477467,0.086326145,-0.001833557682856859,-0.003795126269875553,0.0009661408045487539,-0.005505252,0.004476753,0.0004120628,15.936379,-1.0,0.8701925,0.7244152,0.7242005,0.724162,0.724406
8.8,-0.19064455,0.18367554,-2.207943,0.009414992,0.0173866,-0.18080749,0.009111856,-0.02806802,0.08972315,-0.0023817734716136242,-0.003276874323765125,0.0009459124101734884,-0.0043060207,0.0054451763,3.834586e-06,15.936379,-1.0,0.8701925,0.72440016,0.7236582,0.7241013,0.72380614
8.9,-0.1892674,0.18629588,-2.2256582,0.011633356,0.014652471,-0.17236702,0.013779155,-0.03077835,0.09298231,-0.002769844109784415,-0.0025883524323374965,0.000969377215696116,-0.002974584,0.007956405,0.0008767831,15.936379,-1.0,0.8701925,0.7242148,0.72446704,0.72418076,0.72458
9.0,-0.18806104,0.18827707,-2.2438622,0.012416646,0.010906468,-0.16332084,0.002731613,-0.033828106,0.08592661,-0.003007636621938839,-0.0018957620851313582,0.0009513121599686887,-0.0011211623,0.006030842,0.00047201134,15.93038,-1.0,0.86685944,0.72399086,0.7242649,0.7241693,0.724003
9.1,-0.18716055,0.18962426,-2.2595015,0.012304314,0.007530803,-0.15500009,-0.003048394,-0.03283255,0.08787168,-0.003009248233847691,-0.0013811300162088291,0.0009439983971389676,0.0012592565,0.0034709577,0.0015556008,15.93038,-1.0,0.86685944,0.72486776,0.72496027,0.72489876,0.72483724
9.200000000000001,-0.18597287,0.19052428,-2.275159,0.011856362,0.0038244491,-0.14690283,-0.005407925,-0.029604377,0.07005641,-0.00277789586337148,-0.0009892881825896741,0.0009338839140534061,0.0029798066,0.0030884412,0.00013238998,15.92438,-1.0,0.8635273,0.7247949,0.7248948,0.72462994,0.7249239
9.3,-0.18399937,0.1907579,-2.2894988,0.011899552,0.0006110591,-0.13960347,-0.006289362,-0.02542362,0.07220636,-0.0024632462315066542,-0.0007056570052152885,0.000918744977420669,0.004173245,0.0028498883,0.00012702883,15.918381,-1.0,0.8601942,0.7257964,0.7256971,0.72540736,0.725842
9.4,-0.18156934,0.19065808,-2.3016884,0.011753202,-0.002046539,-0.1335043,-0.0116110565,-0.02454658,0.05090702,-0.0021174137785536506,-0.00044965523042514487,0.000937193191841354,0.0036279494,0.0038766083,-3.0853007e-05,15.918381,-1.0,0.8601942,0.72543156,0.7258587,0.725437,0.7257181
9.5,-0.17926629,0.19016491,-2.3130813,0.011201373,-0.004316339,-0.12810624,-0.014645361,-0.021533959,0.05263835,-0.0016509214489613903,-7.995682881650376e-05,0.0009877354808009765,0.0060530636,0.0053894273,0.0011456793,15.918381,-1.0,0.8601942,0.7265484,0.72648674,0.72612315,0.72710437
9.600000000000001,-0.17689182,0.1893687,-2.3243415,0.010452092,-0.0064151934,-0.12276602,-0.019015329,-0.014932988,0.03712205,-0.0012461623603589737,0.00027298369639666557,0.0010072580475116676,0.004734911,0.0035860252,0.00021979747,15.912381,-1.0,0.85686207,0.7264449,0.72624165,0.72621286,0.7266222
9.700000000000001,-0.17453997,0.18834263,-2.3350275,0.009583887,-0.008073971,-0.11832651,-0.027891006,-0.013956227,0.038747206,-0.0008251571199530367,0.0006347398679909072,0.00101935692815049,0.0032299154,0.0041946345,-0.0001759342,15.906382,-1.0,0.853529,0.72704536,0.7275507,0.72763526,0.7270578
9.8,-0.17232022,0.18721667,-2.3445995,0.0083156815,-0.009076131,-0.11481156,-0.024050042,-0.007941062,0.024936626,-0.0003561275099285113,0.0010108972067050948,0.0010387986317937545,0.004489454,0.0042729983,0.00011013642,15.906382,-1.0,0.853529,0.7265135,0.7268002,0.72654253,0.72695094
9.9,-0.1700488,0.1863185,-2.3544219,0.006764886,-0.009440926,-0.111494124,-0.02962517,-0.010076227,0.034342516,1.6481717902837838e-05,0.0013127041130508844,0.0010368160770402577,0.0025001895,0.002654937,-0.0001693739,15.906382,-1.0,0.853529,0.7272003,0.7274323,0.72736317,0.7273722
10.0,-0.167468,0.18532363,-2.3651545,0.0050967196,-0.009660127,-0.107965045,-0.02499139,0.00020938693,0.03455765,0.00035602855805996373,0.0015523438756744094,0.0010275044579012825,0.0051227775,0.0028121038,0.00074861106,15.900382,-1.0,0.85019684,0.7266275,0.72568566,0.72551876,0.7268049
10.100000000000001,-0.16508602,0.18397367,-2.3764324,0.0030066273,-0.009647392,-0.10377988,-0.02815924,0.003795916,0.041634306,0.0006598717009048977,0.0017830444399012148,0.0010180494950052848,0.0032733558,0.0016988333,-0.00020506624,15.894382,-1.0,0.84686375,0.7269115,0.72656924,0.72662,0.72688097
10.200000000000001,-0.16333032,0.18266954,-2.3866835,0.000541134,-0.009483243,-0.09936598,-0.037035845,0.0057908944,0.04267273,0.0008534290231026562,0.0019818145389954756,0.0010260998269993684,0.0012587401,0.0019246542,0.00030490465,15.894382,-1.0,0.84686375,0.7250956,0.7256962,0.72554815,0.7253214
10.3,-0.16198336,0.18107745,-2.397252,-0.0023965465,-0.009162539,-0.09421529,-0.042943362,0.006109132,0.05451962,0.001095621920852746,0.0021175528523454472,0.0010327878719647416,0.0015413854,0.0009715285,0.00014219791,15.888383,-1.0,0.8435316,0.7262162,0.7266878,0.72652507,0.7265134
10.4,-0.16164064,0.17939073,-2.40681,-0.0055696173,-0.009051198,-0.089461565,-0.029390546,0.009263117,0.05433708,0.001312428569802561,0.002101374378668324,0.0010244821717271034,0.0036720969,-0.0012427266,-0.0003280091,15.888383,-1.0,0.8435316,0.72532946,0.7247625,0.7248059,0.725313
10.5,-0.16203065,0.17754911,-2.416001,-0.008996324,-0.008694001,-0.084301524,-0.0382907,0.012331645,0.06305752,0.0015787991628220155,0.001917691776351393,0.0009979226405204648,0.0015860889,-0.003299436,-0.0002702863,15.888383,-1.0,0.8435316,0.726412,0.72684056,0.7267665,0.7263461
10.600000000000001,-0.1628776,0.17570773,-2.4248958,-0.012149253,-0.007887548,-0.079016596,-0.03196325,0.0083039375,0.045844816,0.0018649202064075178,0.0016075656718768318,0.000981136739746033,0.0020581738,-0.0038411277,-0.00044590095,15.882383,-1.0,0.8401995,0.72488594,0.7254355,0.725096,0.7250581
10.700000000000001,-0.16454063,0.17403623,-2.4328728,-0.0155736925,-0.006685228,-0.07401716,-0.028934687,0.014890343,0.050662547,0.0021413367678514415,0.0011865560272863785,0.0009918276325399842,0.0029523633,-0.004976419,0.0009528339,15.876384,-1.0,0.8368664,0.7273407,0.72699046,0.72708935,0.72725445
10.8,-0.16669947,0.17213337,-2.4396274,-0.018226009,-0.0055578914,-0.070100605,-0.021173317,0.019540012,0.03391085,0.0023490933639759375,0.0006329148227685537,0.001014085220114604,0.0021059944,-0.0060875104,0.00046713534,15.876384,-1.0,0.8368664,0.72567785,0.7258532,0.72568786,0.72596645
10.9,-0.16911325,0.16988955,-2.4458342,-0.020286726,-0.004461612,-0.066404395,-0.016809419,0.021570986,0.037396323,0.002494629062670609,-5.066646957906847e-05,0.0010143828138761831,0.0011535622,-0.007831655,0.00036222517,15.876384,-1.0,0.8368664,0.7275606,0.7276698,0.72783166,0.7274149
11.0,-0.17187306,0.16753444,-2.4518461,-0.021606697,-0.0033315779,-0.063327394,-0.010810799,0.013789967,0.021601094,0.002687584681994822,-0.0007294255521034155,0.0010267365858528665,0.002179009,-0.0074022063,8.018219e-05,15.870384,-1.0,0.83353424,0.7266365,0.72626567,0.72662944,0.72640055
11.100000000000001,-0.17451209,0.16534111,-2.4579031,-0.022157568,-0.0018544877,-0.060591538,0.0015264462,0.0214137,0.017508397,0.0029148667892211757,-0.0013702338295429075,0.001041473577176833,0.0026612552,-0.0061667697,-0.0001048193,15.864385,-1.0,0.83020115,0.7276527,0.727848,0.7277867,0.72787756
11.200000000000001,-0.17663033,0.16324039,-2.46351,-0.02169288,-0.00068905577,-0.058374617,0.010750007,0.03186748,0.028616281,0.0031275195234757376,-0.0019514472772008923,0.0010188732122632285,0.0020383717,-0.0051018633,-0.0007060293,15.864385,-1.0,0.83020115,0.72662944,0.72660536,0.7267668,0.72646725
11.3,-0.17840326,0.16088161,-2.4696417,-0.020525275,0.000657254,-0.055843297,0.012745522,0.028945625,0.038631257,0.003342078598388934,-0.0023861576139420334,0.0009717626024019523,0.002990351,-0.0044940743,-0.0004320723,15.858385,-1.0,0.826869,0.7277462,0.72719556,0.727393,0.7272913
11.4,-0.17905034,0.15861657,-2.475266,-0.018555043,0.0020180317,-0.05315493,0.027211422,0.028578654,0.023507046,0.0035400556348742732,-0.0027021347114643294,0.0009654947789770946,0.0016001823,-0.0022012764,-0.0003919506,15.858385,-1.0,0.826869,0.7266445,0.7266629,0.7268279,0.7262663
11.5,-0.17924969,0.15658846,-2.480791,-0.016504835,0.003586329,-0.05073535,0.01556671,0.03324996,0.029251443,0.0037593453277953675,-0.002767053210235793,0.0009568958704220146,0.0017227794,0.0013091057,-9.76798e-05,15.858385,-1.0,0.826869,0.72679657,0.72750014,0.7272585,0.72684294
11.600000000000001,-0.17902529,0.15527473,-2.4866192,-0.014097528,0.00574984,-0.047682226,0.018156668,0.03135315,0.03286544,0.003982071618247561,-0.0026459690192585103,0.0009778565977291694,0.0027742223,0.0012751776,0.0005493298,15.8523855,-1.0,0.8235359,0.7270965,0.7260249,0.7264058,0.7266956
11.700000000000001,-0.17830144,0.15499228,-2.492302,-0.011564789,0.008741729,-0.0445039,0.016890319,0.031029113,0.03559049,0.004062223226867306,-0.002441008835865114,0.001023717145569288,0.0004000705,0.002677079,0.0005546341,15.846386,-1.0,0.8202038,0.7271837,0.72660065,0.7269344,0.72711724
11.8,-0.17709872,0.15552412,-2.4978054,-0.009233529,0.011792926,-0.04185987,0.007351925,0.027495611,0.04329625,0.003930488801977544,-0.0020769603892756647,0.0010673905715401768,-0.0024859833,0.004354197,6.120918e-05,15.846386,-1.0,0.8202038,0.72656995,0.72621197,0.72664225,0.7265953
11.9,-0.17549077,0.15572691,-2.5033648,-0.006971826,0.013732741,-0.038886476,0.00094005093,0.018344898,0.043357253,0.0036107603760892884,-0.0016144458889217417,0.0010882680099781156,-0.0035706328,0.0066013588,-0.00018695605,15.846386,-1.0,0.8202038,0.72614324,0.72664833,0.72656417,0.72665536
12.0,-0.17348897,0.15565492,-2.5092397,-0.0049646506,0.01514213,-0.03547092,-0.00023701294,0.016168451,0.04464853,0.0032467739729041354,-0.0010405179029609045,0.00105694826859239,-0.0028638393,0.006994588,-0.0005784937,15.840386,-1.0,0.8168707,0.72616553,0.7264689,0.7262739,0.72648096
12.100000000000001,-0.17134087,0.15575093,-2.5141914,-0.0037441095,0.016478213,-0.032279886,-0.017291121,0.01816143,-0.018695833,0.0030040132102317997,-0.0006135747000220257,0.0010139221859615678,-0.0016007408,-0.007925877,-0.00017058253,15.834387,-1.0,0.81353855,0.6939913,0.7601459,0.6922096,0.7619839
12.200000000000001,-0.16909406,0.15625948,-2.518003,0.008455743,0.01745646,-0.034600828,0.3127197,0.010925907,0.010889488,0.0018813370909043252,-0.03807735687339033,0.0008764751057289067,-0.01581861,-0.59770685,-0.000562632,15.834387,-1.0,0.81353855,0.7276894,0.72315276,0.7280854,0.7237848
12.3,-0.16276966,0.15746883,-2.521667,0.07684934,0.017297218,-0.027581157,0.8860629,-0.0059210905,0.11765351,0.0002924942335319017,-0.09401271873295328,0.0007370256284697171,-0.0132833235,-0.4693989,-0.0017790238,15.828387,-1.0,0.8102064,0.73251283,0.716225,0.7336624,0.71637696
12.4,-0.14764726,0.15874825,-2.5238392,0.18157579,0.015985226,-0.015060742,1.1870651,-0.0091848625,0.13701384,-0.000736518342376773,-0.12635323061405918,0.0005888642784767925,-0.007638988,-0.2070849,-0.0012708306,15.828387,-1.0,0.8102064,0.73086816,0.71979004,0.7319033,0.719519
12.5,-0.11962796,0.15980385,-2.52386,0.30501193,0.013984906,-0.0021359106,1.2779727,-0.008331215,0.114431135,-0.001208201296740996,-0.13586748338524943,0.0003612360614449216,-0.0028784936,-0.01487126,-0.0017254158,15.828387,-1.0,0.8102064,0.7307891,0.72363716,0.7312643,0.7232714
12.600000000000001,-0.07290018,0.15992434,-2.5210586,0.4422493,0.010933476,0.008830661,1.2333729,-0.022257801,0.078067645,-0.0012759119623169228,-0.13076824118218286,3.7670399674686586e-05,-0.00032005418,0.09701965,-0.0019115473,15.822388,-1.0,0.8068733,0.7295852,0.7281188,0.73021346,0.72694546
12.700000000000001,-0.010530589,0.15893829,-2.5164406,0.56999636,0.0071941363,0.015524359,1.0836972,-0.020662084,0.03166869,-0.0011100865859256287,-0.11793420938762986,-0.0003370257390708619,0.003692799,0.15087797,-0.0012695165,15.816388,-1.0,0.8035412,0.72976166,0.7304749,0.72934955,0.7295657
12.8,0.05956036,0.15768969,-2.5119529,0.67432016,0.004072991,0.018222423,0.9347936,-0.016000599,-3.72529e-05,-0.00076768367653687,-0.10203931256793386,-0.0006564479209110307,0.0046522315,0.16650146,-0.0010912819,15.816388,-1.0,0.8035412,0.72888315,0.73232627,0.72867584,0.73073304
12.9,0.13934013,0.15624967,-2.5072076,0.76305187,0.0011019325,0.018894974,0.76381797,-0.015082848,-0.016776843,-0.0003380228179498707,-0.0858488681685448,-0.0008575173056633956,0.0051957564,0.16050339,0.0003910224,15.816388,-1.0,0.8035412,0.7287025,0.7325297,0.7283202,0.73104614
13.0,0.23346595,0.15402754,-2.5020654,0.84118104,-0.001962325,0.018521437,0.60248786,-0.00760339,-0.019840429,0.00011427281819570554,-0.07081021799742783,-0.0010170066803516264,0.0049508284,0.14483461,0.0013248405,15.810389,-1.0,0.8002081,0.7277468,0.7331758,0.7275663,0.73164135
13.100000000000001,0.3328843,0.15093915,-2.4972532,0.9016361,-0.004782596,0.01747649,0.4546103,-0.0045099743,-0.017312353,0.00058444057417095,-0.05775116306320986,-0.0012335436088820205,0.0053519756,0.122323334,0.0012607225,15.804389,-1.0,0.79687595,0.72744685,0.73314255,0.7271604,0.73149306
13.200000000000001,0.4279789,0.14768384,-2.4931352,0.9444521,-0.0072136093,0.016305404,0.34739318,0.0049215183,-0.012697185,0.0010751836611044535,-0.04696516275753772,-0.001436822122494045,0.0047587184,0.09806814,0.002645482,15.804389,-1.0,0.79687595,0.7273023,0.73282504,0.7273463,0.7308985
13.3,0.5328893,0.14370005,-2.4890676,0.9785964,-0.009385375,0.015053263,0.25954968,0.008809075,-0.02162624,0.0015379347671927908,-0.03835890972157339,-0.001609262815711118,0.004124012,0.077381305,0.0032398337,15.798389,-1.0,0.79354286,0.7267715,0.7329898,0.7271604,0.7307498
13.4,0.63018346,0.14004429,-2.4854803,1.0010247,-0.010631002,0.013658959,0.18828754,0.015981982,-0.018546356,0.001990374843163707,-0.03168494034102857,-0.0016747019701026406,0.005732882,0.05809363,0.002929997,15.798389,-1.0,0.79354286,0.7272186,0.7319641,0.7265829,0.7309147
13.5,0.72780246,0.13652156,-2.482493,1.0167869,-0.011262961,0.012776016,0.13961619,0.012852779,-0.020452773,0.002342554841529878,-0.02670800564567218,-0.0016231819173561106,0.0041760537,0.042341877,0.0032479744,15.798389,-1.0,0.79354286,0.7269707,0.7318381,0.72677815,0.73064256
13.600000000000001,0.83345556,0.13300869,-2.479974,1.0279673,-0.011310857,0.011647338,0.10487742,0.017747829,-0.011859461,0.0025865031505022357,-0.023120900396448537,-0.0014286586360362282,0.0019576491,0.029484564,0.0046296786,15.79239,-1.0,0.7902107,0.7265893,0.73162746,0.7271285,0.7302803
13.700000000000001,0.9387449,0.12979554,-2.4782734,1.0352308,-0.011094493,0.010737273,0.08155434,0.017199777,-0.008182599,0.002727461725699466,-0.020634985334718088,-0.001183024278054889,0.0010564332,0.01895769,0.004390205,15.78639,-1.0,0.7868786,0.7266508,0.73104316,0.72745395,0.73003614
13.8,1.0351325,0.127819,-2.4774563,1.0390291,-0.01024283,0.009749847,0.062962495,0.01221237,-0.0033923422,0.0028055704416537885,-0.018907839473307,-0.0008667436128742016,0.00046604342,0.012666951,0.004418848,15.78639,-1.0,0.7868786,0.7263941,0.7307268,0.7272681,0.73017895
13.9,1.1307527,0.12694536,-2.4776487,1.040755,-0.008578932,0.00870254,0.05038964,0.016205495,-0.0063693146,0.0028141105043225797,-0.017771990802748504,-0.0004440248823321622,-0.00022635359,0.008033736,0.0042691985,15.78639,-1.0,0.7868786,0.72609097,0.7303913,0.7272147,0.73020554
14.0,1.2340238,0.1267835,-2.478207,1.0414191,-0.006372951,0.008229516,0.037659556,0.017455194,0.00019557773,0.0026750664588792846,-0.017090839145742834,-7.285046203845443e-06,-0.0024999355,0.004458658,0.003241017,15.780391,-1.0,0.7835455,0.72550875,0.7306027,0.7275004,0.73017985
14.100000000000001,1.3367451,0.12686439,-2.4785774,1.0413234,-0.0048268805,0.007409011,0.037228096,0.010374753,-0.0054291445,0.0024074066177110533,-0.016714514271160528,0.0003497275609272929,-0.0023294685,0.0020384698,0.0016914429,15.774391,-1.0,0.78021336,0.72553104,0.7300475,0.7272739,0.73048407
14.200000000000001,1.4310844,0.12724441,-2.4784486,1.0404842,-0.0033518546,0.0072861393,0.032441534,0.017034624,0.003130175,0.002162155343710023,-0.016488318282197927,0.0005486678305275256,-0.0026031747,0.0010084839,0.0013536215,15.774391,-1.0,0.78021336,0.7254276,0.73027194,0.72741205,0.7304078
14.3,1.5331552,0.12792908,-2.477845,1.0392921,-0.0021744135,0.0070067793,0.03076146,0.0056461315,0.005523208,0.00193069702334281,-0.016425514080611936,0.0006610265226036291,-0.0026403905,-0.0011201352,0.0009211508,15.768392,-1.0,0.77688026,0.72546446,0.7302866,0.7277012,0.73013604
14.4,1.627328,0.12850022,-2.4768293,1.0387018,-0.0013780427,0.007041659,0.032494295,0.0059693023,-0.004402827,0.0017168414396392326,-0.016456686516056213,0.0006693022744905989,-0.0014566676,-0.0023403165,-0.00021382888,15.768392,-1.0,0.77688026,0.7260553,0.7301573,0.72780144,0.73010755
14.5,1.7214954,0.12854381,-2.475701,1.0377866,-0.00096828275,0.0066348156,0.03317104,0.005760787,-0.01130998,0.0015503958627245743,-0.01647772615232329,0.0005634823968440894,-0.0015985228,-0.0009962765,-0.00067011104,15.768392,-1.0,0.77688026,0.7257815,0.73070306,0.7274479,0.7301045
14.600000000000001,1.8231966,0.1283775,-2.475204,1.0366846,-0.001160236,0.0059693926,0.033379734,-0.00074314943,-0.0065509225,0.0014545381081694704,-0.016485394563011263,0.00041282446181326347,0.00017152817,-0.0006634841,-0.001701921,15.762392,-1.0,0.7735472,0.72607774,0.7305303,0.72696394,0.73013526
14.700000000000001,1.9244981,0.12828088,-2.4747736,1.0355184,-0.0011682061,0.005412386,0.031675953,-0.00059747475,-0.0008437782,0.0014555287427396725,-0.016531892010265586,0.0002466505583055353,0.0006056377,-0.0014108103,-0.0013968634,15.7563925,-1.0,0.7702141,0.72619,0.73052764,0.72674847,0.7298757
14.8,2.017869,0.12839176,-2.474855,1.0347271,-0.00096320536,0.0051360554,0.035525188,-0.00077939645,-0.005275942,0.001470299307580404,-0.016589287380921962,9.041012981015465e-05,9.986981e-06,-0.0023787334,-0.0019589234,15.7563925,-1.0,0.7702141,0.72640246,0.73057574,0.7272158,0.72917897
14.9,2.1110997,0.12853655,-2.4752162,1.0340647,-0.00077939377,0.0046164887,0.031952336,0.0066963206,-0.0042608003,0.0014796788767869207,-0.0166228268223191,-3.536629426602355e-05,0.00015545353,-0.00024949363,-0.0012648462,15.7563925,-1.0,0.7702141,0.7259403,0.73096746,0.7265253,0.7295375
15.0,2.2121503,0.12921017,-2.4758987,1.0331556,1.540441e-05,0.0044395872,0.025763124,0.0052370974,0.010339542,0.0014897304662609314,-0.016634758493862322,-0.00011802659232619052,-0.0006295982,-0.00097135786,-0.0007176808,15.750393,-1.0,0.766881,0.72605693,0.730914,0.72657025,0.72942054
15.100000000000001,2.3140285,0.13064267,-2.4769537,1.0328494,0.0014892915,0.0043285233,0.033105407,0.0038171613,-0.002167653,0.0014133476276222137,-0.016670798226896644,-0.00017960916259511988,-0.0025659422,-0.00044159376,-0.0010765718,15.744393,-1.0,0.7635479,0.72583425,0.7313018,0.726766,0.72931504
15.200000000000001,2.4093554,0.13253255,-2.4778786,1.0334102,0.003184317,0.004097679,0.033040594,0.009504123,0.008612405,0.0012682113790845981,-0.016667199242550133,-0.00014197880790322795,-0.0027801646,-0.0004602653,8.463456e-05,15.744393,-1.0,0.7635479,0.7261874,0.73059124,0.72697324,0.7292902
15.3,2.514298,0.13491711,-2.4787347,1.0348232,0.004780426,0.0038896855,0.02255834,0.0037516423,-0.0032014211,0.001037632877616092,-0.01656353568311566,-0.00012642441259517402,-0.0032016179,0.0026187615,0.0006679363,15.738394,-1.0,0.7602148,0.7257931,0.7309618,0.7267715,0.72958505
15.4,2.6117766,0.13718833,-2.479324,1.0362157,0.005815549,0.003853855,0.030966729,-0.007438781,0.0040773298,0.0007544228757512674,-0.016337227530321834,-0.0001367498287126275,-0.0029495372,0.002665283,-0.0011825213,15.738394,-1.0,0.7602148,0.7260933,0.7307682,0.72676736,0.72956413
15.5,2.709439,0.1391001,-2.4794567,1.0373363,0.006236789,0.0039830497,0.02887631,-0.009711343,-0.0052368264,0.000513547587324196,-0.01599743438182143,-0.00013225191214175954,-0.0035820166,0.002577138,0.00061968056,15.738394,-1.0,0.7602148,0.72594404,0.73109186,0.7274045,0.72917295
15.600000000000001,2.8153958,0.14062059,-2.479531,1.0378687,0.005887237,0.003792341,0.011089133,-0.0068096383,0.0048694196,0.0003406381033934936,-0.015649751292586504,-7.696088284002546e-05,-0.00080991024,0.0030426607,-0.00011547947,15.732394,-1.0,0.7568817,0.7260724,0.7307604,0.72693455,0.7298012
15.700000000000001,2.9219708,0.14190282,-2.4801638,1.0387279,0.0053781015,0.0033559569,0.012680349,-0.007713044,0.0028177162,0.0002898843792951709,-0.015373450362245637,-3.7891173209246425e-05,0.0008581345,0.0020978271,0.00036188003,15.726395,-1.0,0.7535486,0.7262454,0.7304187,0.7267543,0.72987235
15.8,3.0208507,0.14294904,-2.4807575,1.039679,0.0048680194,0.0031285877,0.01519727,-0.01065457,-0.004092231,0.0003194630906123735,-0.015110088405070143,1.901643421014943e-05,0.001209608,0.0024422912,0.00026042757,15.726395,-1.0,0.7535486,0.72599673,0.730518,0.72682333,0.7299148
15.9,3.1199682,0.14402443,-2.4813359,1.0408379,0.004418822,0.0026719915,0.0123215355,-0.0072774524,0.0060107554,0.00036444001985148954,-0.014824235040847535,5.076442103103523e-05,0.0012201905,0.002965192,0.00014640973,15.726395,-1.0,0.7535486,0.72593504,0.73035854,0.72673684,0.72978395
16.0,3.2266674,0.14527246,-2.4819553,1.0410526,0.0041588508,0.0026084248,0.002700275,-0.0034544207,0.0037648713,0.0004335809264002611,-0.014477325837433353,4.0290438909210993e-05,0.0007066132,0.0035685345,-0.0005229413,15.720395,-1.0,0.75021553,0.72580886,0.7306309,0.72669184,0.72974956
16.1,3.3325853,0.14718758,-2.4823613,1.0402378,0.004531755,0.0025639788,0.004169582,-0.0015212935,0.0026756895,0.0004995954789421218,-0.014224147999263095,2.6134990572698785e-05,0.0008136388,0.0018003011,0.0007042505,15.7143955,-1.0,0.74688244,0.72586477,0.73059344,0.72667474,0.7298834
16.2,3.4302435,0.1493537,-2.483409,1.0394663,0.0054320022,0.0023242198,0.012990741,-0.009127056,0.0010994262,0.0005078121998651837,-0.014110404809003102,-5.907824132245734e-05,-0.00066057494,-0.00047521226,-0.00062217354,15.7143955,-1.0,0.74688244,0.7261602,0.73036414,0.72680396,0.7295864
16.3,3.5363986,0.15155816,-2.4849374,1.03902,0.0061656283,0.002036778,0.0036054477,-0.010091562,-0.0009699724,0.00038918927046827307,-0.014049842275423068,-0.0001414926982975639,-0.0022278735,0.0012767402,0.00044467195,15.708396,-1.0,0.74354935,0.725639,0.7309078,0.7265063,0.7296726
16.400000000000002,3.6346262,0.15296859,-2.4860764,1.0387663,0.0062829163,0.0020304185,0.0003884197,-0.0070312917,0.00938354,0.00025942403898853204,-0.013985215267927545,-0.00016736947892198283,-0.001123285,0.000418133,-9.8713856e-05,15.708396,-1.0,0.74354935,0.7260433,0.7304712,0.7266823,0.7295115
16.5,3.7332127,0.15380634,-2.486722,1.038489,0.005830818,0.0019973058,-0.00335426,-0.009269832,0.00309851,0.00015489356570706116,-0.013924105092093126,-0.0001481523340701405,-0.00057988695,0.0008650781,0.0005545107,15.708396,-1.0,0.74354935,0.7258239,0.7306875,0.7267901,0.729537
16.6,3.8401518,0.15403758,-2.487505,1.0382224,0.004861544,0.0019817916,-0.0020691585,-0.009275942,0.0033425165,0.00013164644317315667,-0.013830153232598877,-0.00015321798091301036,0.001597034,0.0011419903,-0.0005052593,15.702396,-1.0,0.74021626,0.7261698,0.7305037,0.72631556,0.7299476
16.7,3.9386704,0.1538184,-2.488286,1.0379006,0.003428426,0.0017246405,0.001779008,-0.014058808,0.005166977,0.0002168027244578828,-0.013745361422455101,-0.00014063006975106046,0.0026352063,0.0003962693,-6.585989e-05,15.702396,-1.0,0.74021626,0.7262191,0.7304054,0.72648907,0.72962713
16.8,4.045359,0.15294908,-2.4891512,1.036957,0.001924504,0.0017759008,-0.0018122954,-0.0023518545,0.004948582,0.00035545230152517616,-0.013645771073841819,-9.120417342994837e-05,0.002545148,0.0006893526,0.00021615866,15.696397,-1.0,0.73688316,0.7261759,0.73046863,0.72639734,0.7298586
16.900000000000002,4.1519938,0.1512846,-2.489493,1.0361186,5.1089235e-05,0.0015896856,-0.004814421,-0.008929332,0.0038989817,0.0005762048810736562,-0.013621741999827795,-1.2776301566783961e-05,0.0030279297,-0.00080004346,0.00043668237,15.690397,-1.0,0.7335501,0.72602534,0.73047364,0.7269185,0.72935873
17.0,4.2502947,0.14939713,-2.4893827,1.035672,-0.001462661,0.0015476445,-0.0014652396,0.002797234,0.00090571115,0.0008369247680652164,-0.013602933683720377,9.087652656244903e-05,0.0031467592,-9.651632e-05,0.00079195097,15.690397,-1.0,0.7335501,0.7257985,0.73057735,0.7269705,0.72949
17.1,4.35649,0.14708668,-2.489701,1.0339524,-0.0027895016,-0.013992822,-0.08211122,0.00049719843,-0.22432625,0.0011336594500488517,-0.003228597590978476,0.00018477118374111092,0.003470431,0.37079963,0.0005389696,15.684398,-1.0,0.730217,0.7448143,0.7244456,0.74585366,0.7238654
17.2,4.4526987,0.144825,-2.4921498,0.9983029,-0.0037313816,-0.027529044,-0.6216026,0.005716568,-0.03899261,0.0013805611927098522,0.05352746551237402,0.00031586620873982196,0.0016340646,0.5841387,0.00033515733,15.684398,-1.0,0.730217,0.71784014,0.73927623,0.719814,0.7381223
17.3,4.549413,0.14261863,-2.4954307,0.90363395,-0.0042742398,-0.024130093,-1.091544,0.0030214349,0.0846479,0.0016440008135218665,0.09905968781374268,0.00039326155141316,0.002398372,0.33533558,-0.00028034626,15.678398,-1.0,0.7268839,0.7162995,0.73632294,0.7174549,0.7360363
17.400000000000002,4.626834,0.14124283,-2.4973598,0.78626335,-0.003913741,-0.013898581,-1.2585136,0.005512032,0.11942116,0.0018445393440617575,0.11892952544028876,0.0003867618196913935,0.001959087,0.0979344,0.00019344856,15.678398,-1.0,0.7268839,0.7204873,0.73327845,0.72134,0.73308855
17.5,4.69079,0.14071888,-2.4978788,0.6599167,-0.0031289943,-0.0039283396,-1.2709489,0.009726021,0.09839702,0.0019115654131141144,0.12008257253821217,0.0002920812678296135,0.0007572351,-0.05013315,-0.0015021096,15.678398,-1.0,0.7268839,0.7240923,0.7325278,0.7245462,0.73236096
17.6,4.744626,0.14105444,-2.4969745,0.52702785,-0.0019315742,0.0036235573,-1.1669573,-0.0015785389,0.05573034,0.001918490113964702,0.1104558746836431,0.00016949716228393402,-0.0015207251,-0.12767626,-0.0007134137,15.672399,-1.0,0.7235508,0.7266912,0.73194546,0.7277011,0.7310061
17.7,4.781597,0.14213185,-2.4956627,0.41614062,-0.00053208094,0.0075463094,-1.0216016,0.012116928,0.022172926,0.0018099193356681598,0.09583391113431547,-7.148708937198959e-05,-0.0010242595,-0.15908445,-0.0006381683,15.672399,-1.0,0.7235508,0.7288757,0.7312774,0.7288657,0.73068017
17.8,4.8103504,0.1438764,-2.494021,0.31305906,0.0010195009,0.00884242,-0.8503811,0.00561214,-0.00024447215,0.0016456309425976886,0.07979283666201288,-0.0003455380132377691,-0.0023950005,-0.1613965,-0.0011947247,15.666399,-1.0,0.7202177,0.72960025,0.73076326,0.73003185,0.72946477
17.900000000000002,4.8301086,0.14558522,-2.492838,0.22864127,0.001955351,0.008817724,-0.6730817,0.0014896028,0.0014058313,0.001434233195761691,0.06440068296496736,-0.0006342486080126088,-0.0018505891,-0.14774464,0.00039445126,15.660399,-1.0,0.7168846,0.7298094,0.7304522,0.7297206,0.7292247
18.0,4.8422904,0.14754264,-2.4915702,0.16622986,0.0031882136,0.007838913,-0.5416756,-0.003443419,-0.015772877,0.0012192948602929108,0.050708445632710264,-0.0009885516675959365,-0.0017299512,-0.12781031,0.00024095755,15.660399,-1.0,0.7168846,0.7302792,0.7297194,0.72949123,0.7285745
18.1,4.85078,0.15033518,-2.4899116,0.113354154,0.0047634672,0.007034277,-0.41667807,-0.00059206557,-0.009321141,0.0010633571467005133,0.03920494578389052,-0.0013812057277268611,-0.0015549765,-0.10552563,0.0013754654,15.6544,-1.0,0.7135515,0.7301718,0.7294303,0.728991,0.72853285
18.2,4.8550234,0.15407167,-2.488237,0.0753354,0.007293226,0.0063806763,-0.33352053,-0.0033046529,-0.015695577,0.0008789776493760352,0.029855253980810386,-0.001916772029454136,-0.0024310315,-0.08456804,0.0022979395,15.6544,-1.0,0.7135515,0.72998327,0.7294834,0.72899324,0.72814006
18.3,4.856686,0.15939237,-2.4863803,0.043489736,0.010655242,0.0055090715,-0.23969913,-0.0006350474,-0.0014211981,0.0005253533869855245,0.022387611818155642,-0.002574967849195169,-0.0044563897,-0.067223325,0.0033074152,15.6484,-1.0,0.7102184,0.73002666,0.7292909,0.72843534,0.72792083
18.400000000000002,4.857315,0.16558424,-2.484998,0.021615302,0.014270245,0.0051235394,-0.18349594,-0.01620805,-0.010590534,5.774221123432034e-05,0.01648280402631967,-0.0033241950917306546,-0.005402762,-0.05327351,0.003562349,15.6484,-1.0,0.7102184,0.73065746,0.7291255,0.7280173,0.72775906
18.5,4.8579726,0.17243941,-2.4835193,0.0062330333,0.017646933,0.0046174875,-0.14467187,-0.019751796,-0.0124014905,-0.0005617740473664071,0.011932426976731395,-0.003911458881568741,-0.0075683175,-0.039247412,0.005431998,15.6484,-1.0,0.7102184,0.73020136,0.7296709,0.72795105,0.72736526
18.6,4.8589683,0.17972706,-2.4818392,-0.0047793016,0.020021338,0.004530282,-0.09513262,-0.022710584,-0.008851289,-0.0012463734692112981,0.008590383482843064,-0.00417553812904758,-0.00739832,-0.026522854,0.0076470473,15.642401,-1.0,0.70688534,0.7299717,0.73002094,0.72774416,0.7276167
18.7,4.8600035,0.18584445,-2.4801252,-0.011503763,0.020925041,0.004346942,-0.0774356,-0.022550346,-0.005949754,-0.0018138095550193723,0.006204071243147212,-0.004044219801924722,-0.0054114237,-0.019235859,0.009091077,15.642401,-1.0,0.70688534,0.7300086,0.72970533,0.728211,0.7274625
18.8,4.860621,0.1916089,-2.478851,-0.01677545,0.02054579,0.003609128,-0.06648526,-0.03268845,-0.011744908,-0.002251558640420179,0.004625515903994633,-0.0035156754120101944,-0.0030235697,-0.013002977,0.009872469,15.636401,-1.0,0.70355225,0.72969466,0.72903794,0.72818637,0.72791123
18.900000000000002,4.8608637,0.1961022,-2.4780927,-0.020602645,0.018639455,0.0028757881,-0.049582846,-0.028094038,-0.014149583,-0.002460676313759005,0.003497772101699802,-0.00262131044545205,-0.0009225063,-0.009632054,0.009962528,15.630402,-1.0,0.70021915,0.7287379,0.72861975,0.7287077,0.72812974
19.0,4.861121,0.19921763,-2.4775083,-0.022621626,0.015965385,0.0025176143,-0.03077585,-0.031245481,0.0017969868,-0.00240896521500792,0.0026978307750390204,-0.0015527381140751926,0.00059336907,-0.005480264,0.010125004,15.630402,-1.0,0.70021915,0.72748744,0.72856593,0.7290811,0.72864145
19.1,4.861512,0.20195262,-2.4774592,-0.024297152,0.013098743,0.0022518726,-0.04234627,-0.022739915,0.0036857089,-0.0021452842800864015,0.002114794214367265,-0.0005132602830168857,0.0027649794,-0.0032203721,0.009665583,15.624402,-1.0,0.69688606,0.7268717,0.7280426,0.7295716,0.7291367
19.200000000000003,4.8615847,0.20481807,-2.4777384,-0.02551081,0.011502249,0.0017253149,-0.028035762,-0.026289118,-0.0023003665,-0.001774994090422417,0.0017086051857424865,0.0002174150959007995,0.002531391,-0.0032548278,0.00797241,15.624402,-1.0,0.69688606,0.72682726,0.7273749,0.72958535,0.729399
19.3,4.861641,0.20812233,-2.4782038,-0.026582086,0.010620346,0.0015445009,-0.02397358,-0.028951695,0.0056615095,-0.001455301733942035,0.0014148899509865737,0.0006601237659101097,0.0015197215,-0.0020342306,0.0048467624,15.6184025,-1.0,0.693553,0.726629,0.72728205,0.7295035,0.7295834
19.400000000000002,4.8616204,0.21076512,-2.4787169,-0.027445793,0.009369518,0.0012580478,-0.025988024,-0.021498958,0.002252869,-0.001298364574345596,0.0011612090322442891,0.0008715671469782284,0.0006739433,-0.0023500107,0.002353958,15.6184025,-1.0,0.693553,0.7268787,0.72714335,0.72947806,0.7292718
19.5,4.8616557,0.21292876,-2.479224,-0.02785536,0.0082478365,0.0011488294,-0.016638951,-0.022278093,0.009494833,-0.0011389256134523192,0.0009236892679335101,0.000908897794723577,0.00066227186,-0.0023039356,-0.0006223742,15.6184025,-1.0,0.693553,0.72717553,0.72736114,0.72938585,0.7287607
19.6,4.86244,0.2149578,-2.4794629,-0.027460918,0.007375937,0.0014182478,-0.017071322,-0.009648319,-0.003501307,-0.0009877828591567577,0.0006937366945648157,0.0008559588089943345,0.002187447,-0.0010127246,-0.0002922378,15.612403,-1.0,0.6902199,0.7277184,0.7275116,0.72889787,0.7290124
19.700000000000003,4.864219,0.21644554,-2.4796424,-0.025914954,0.006007352,0.0015452831,-0.02406719,-0.017684609,-0.004556495,-0.0008670978737298631,0.0005721362615238139,0.000703188138020407,0.00081108895,0.0005817252,-0.0016093518,15.606403,-1.0,0.6868868,0.72783166,0.7280862,0.7288112,0.72864705
19.8,4.866117,0.21708485,-2.479522,-0.024645112,0.0043518436,0.0016479533,-0.01644007,-0.014217497,0.0014239921,-0.0007240269036753609,0.0006305189365281497,0.0005426642868188036,0.003263538,0.0027861362,-0.002228356,15.606403,-1.0,0.6868868,0.7283973,0.7280138,0.72804254,0.7290662
19.900000000000002,4.8683352,0.21720237,-2.4792938,-0.023213282,0.0025722748,0.0016712226,-0.019682568,-0.015243683,0.004948582,-0.0005092355105141763,0.000766208223775948,0.0003690199541539116,0.0026303374,0.0034387494,-0.002443079,15.600404,-1.0,0.6835537,0.7281247,0.7287105,0.728156,0.72862744
20.0,4.8711166,0.21726294,-2.478906,-0.021641543,0.0014865614,0.0016391168,-0.024192499,-0.007745623,-0.006527174,-0.00024870603702324337,0.0008874616033085039,0.00020391235397480085,0.0029433358,0.002909192,-0.0016320855,15.600404,-1.0,0.6835537,0.7286077,0.72850364,0.7280385,0.72864777
20.1,4.8742576,0.21717818,-2.478856,-0.020001743,0.000597818,0.0014268833,-0.023522394,-0.008471104,-0.0040321606,-2.7850089079144332e-05,0.001080270781651367,3.1302134451206366e-05,0.0012887398,0.0027987047,-0.0012800329,15.594404,-1.0,0.6802206,0.7284672,0.7287518,0.7285352,0.727872
20.200000000000003,4.8764915,0.21673584,-2.4787474,-0.019343436,-0.00025899956,0.0012964475,-0.02413943,-0.0112021165,-0.00051362434,0.00012638239308259604,0.0012834072291429259,-9.819849731642918e-05,0.0027272813,0.002210384,-0.0007777243,15.594404,-1.0,0.6802206,0.7290671,0.7281773,0.7279542,0.7283191
20.3,4.878625,0.2162674,-2.478768,-0.019001048,-0.0008635591,0.0012325563,-0.022826537,0.0032948942,0.0006835907,0.00025024473383246994,0.0014129174863318772,-0.00016836854625692987,0.0010950421,0.0013917666,-0.0011621219,15.588405,-1.0,0.6768875,0.7285022,0.7286634,0.7281655,0.7281709
20.400000000000002,4.880276,0.21579711,-2.479332,-0.019253483,-0.0013008987,0.0012643621,-0.029795881,-0.008791579,0.0027045605,0.00039528826099425007,0.0014727737502640255,-0.00023467356311920683,0.00034780844,0.0012655832,-0.0012708821,15.588405,-1.0,0.6768875,0.7284182,0.728828,0.7282422,0.72812206
20.5,4.8818536,0.21570247,-2.4801028,-0.019186024,-0.0014250253,0.00095664815,-0.030678833,-0.003882392,-0.0028158536,0.0004723300419289365,0.0014136696996102462,-0.0002863464177378364,0.0011406896,0.0009504602,-9.3103314e-05,15.588405,-1.0,0.6768875,0.72841346,0.7287245,0.72762537,0.7285546
20.6,4.8835235,0.21612178,-2.4814198,-0.018977033,-0.0010506007,0.00047494256,-0.018546872,-0.006335221,-0.0011255032,0.0005619390634847576,0.0013515755087542605,-0.0002691978221970122,0.0011888128,1.2875795e-05,0.0004689346,15.582405,-1.0,0.6735544,0.7287524,0.7279483,0.72774553,0.728408
20.700000000000003,4.885116,0.21639055,-2.4831967,-0.018683143,-0.0005907648,0.00018032169,-0.025137488,0.0007652804,0.005540903,0.0005696623806412507,0.00131145226029794,-0.0002567087402872056,0.00050928385,0.0009659211,-0.0004058722,15.576406,-1.0,0.6702213,0.7284799,0.72797567,0.727469,0.7285424
20.8,4.885922,0.21629621,-2.4848917,-0.018825011,-0.00030158818,1.24277685e-05,-0.016434537,-0.0024560369,0.0051967795,0.0005163409948256637,0.0012791280721787199,-0.00022224901004767503,-0.0005622207,-0.00084079395,0.0013301054,15.576406,-1.0,0.6702213,0.72827286,0.7280558,0.72813195,0.727814
20.900000000000002,4.886181,0.21566953,-2.4867995,-0.01911716,-0.00036047344,4.465679e-05,-0.024252484,-0.0050485977,0.008340924,0.00043022693144731703,0.001239507195345022,-0.00014625706956140279,-0.000631718,0.0005415051,0.00093221245,15.570406,-1.0,0.66688824,0.72797704,0.7281854,0.7279864,0.7281293
21.0,4.8862596,0.21427219,-2.4883125,-0.01923967,-0.001201612,0.00028324834,-0.02250277,-0.003425381,8.4284686e-05,0.0004015811958708553,0.0011298159193055676,-6.702545432313905e-05,0.00014861808,-0.0005493256,0.00040542788,15.570406,-1.0,0.66688824,0.7280841,0.7281432,0.72821194,0.7282116
21.1,4.886038,0.21238099,-2.4899776,-0.01969452,-0.0022582654,0.00028091882,-0.023559028,-0.0031609635,0.004388857,0.00046937961533037966,0.0010767690046300838,-4.911146994891681e-06,0.0028307142,0.00056861417,0.00010891107,15.564406,-1.0,0.66355515,0.72827303,0.7278937,0.7277028,0.7287567
21.200000000000003,4.885676,0.2102854,-2.4914856,-0.019834092,-0.0033630058,4.8558766e-05,-0.021572644,-0.0027363366,0.0058235596,0.0006040202026107921,0.000965620931878577,1.799015953016951e-05,0.0008536436,-0.00069130195,0.00046675466,15.564406,-1.0,0.66355515,0.72793055,0.7281624,0.72847635,0.7277873
21.3,4.884751,0.20740537,-2.493109,-0.020175308,-0.0049136654,-4.7507536e-05,-0.01393905,-0.00080279546,0.006082933,0.0007930236939431218,0.0008218120688926921,4.8634111061317887e-05,0.0030790719,-0.0014077422,0.00019487811,15.558407,-1.0,0.66022205,0.72823393,0.72772956,0.7281738,0.72809464
21.400000000000002,4.883033,0.20459817,-2.4947982,-0.021005824,-0.0060633305,-0.00012564623,-0.01637627,8.803453e-05,0.005837064,0.000991471623889231,0.0007053698210945862,8.204139112392209e-05,0.0030829336,-0.0014996871,0.00042727115,15.558407,-1.0,0.66022205,0.72808963,0.7277586,0.72815245,0.7281504
21.5,4.8805027,0.20212923,-2.496645,-0.02229169,-0.0065738168,1.5837992e-05,-0.009622544,0.0013961034,0.012907664,0.0012167630678176606,0.0005346656319095943,7.70656593465427e-05,0.002543329,-0.0016000444,0.00039755253,15.558407,-1.0,0.66022205,0.72795564,0.7280658,0.72804093,0.728238
21.6,4.876851,0.19981621,-2.4986503,-0.023868393,-0.006495762,-4.65316e-05,-0.0038215565,0.012078701,0.016388016,0.001394851993620086,0.00029622665765502036,5.866110824162341e-05,0.0010354947,-0.0032540339,-5.5206685e-05,15.552407,-1.0,0.65688896,0.7280403,0.7279441,0.72813183,0.7280125
21.700000000000003,4.8728504,0.19771165,-2.5000176,-0.025459427,-0.0061165867,0.00036043357,-0.0022726592,0.011022879,0.015645752,0.001473076909007504,-1.0712714207887862e-05,5.281408250698171e-05,-0.00024699743,-0.0036653145,-0.00058852974,15.546408,-1.0,0.65355587,0.7280563,0.7281866,0.7283814,0.7279726
21.8,4.868915,0.19559474,-2.5004683,-0.026694292,-0.0062553035,0.00075597863,-0.0029203398,0.005546633,0.009005423,0.001461067827339545,-0.0003309332445416653,1.233079757519761e-05,-0.00013705625,-0.0034002662,-0.00055820367,15.546408,-1.0,0.65355587,0.72820324,0.72842175,0.7283105,0.7281917
21.900000000000002,4.8648925,0.19319198,-2.5002468,-0.027566236,-0.006199491,0.0010136621,-0.0034404264,0.008112215,-0.0027953645,0.0014885048604991085,-0.0006679418520731185,-2.1292869025616427e-05,0.00070781657,-0.0032704342,0.00027518696,15.540408,-1.0,0.6502228,0.7285747,0.72832626,0.7281675,0.7285084
22.0,4.861325,0.19085732,-2.5000515,-0.027939048,-0.0062537882,0.0012935449,0.0028064616,0.010712645,0.00014994292,0.00147879195617619,-0.0009520613306978595,-3.828579817477376e-05,0.0005725215,-0.001416964,0.0004962426,15.540408,-1.0,0.6502228,0.7284977,0.72854203,0.7280443,0.7288555
22.1,4.857506,0.18813944,-2.499447,-0.028163914,-0.0064102807,0.0014254558,0.0030605241,0.008977191,0.0017243436,0.0015116552325601985,-0.0011847532944937566,-2.5542572297013907e-05,-0.00011626753,-0.0014603521,8.4524254e-05,15.534409,-1.0,0.6468897,0.72833467,0.72869074,0.72863317,0.7285005
22.200000000000003,4.8539386,0.18557958,-2.4987144,-0.028161567,-0.006328409,0.0009932598,0.00919727,0.006920722,-0.006291549,0.0015294665690524004,-0.0013748055454327263,-4.64867994753373e-05,0.0003624201,-0.0017609381,0.0005442749,15.534409,-1.0,0.6468897,0.72848064,0.728424,0.7284294,0.7284681
22.3,4.8504925,0.182622,-2.498095,-0.027316667,-0.006898271,0.0009160729,0.0040920167,0.004787561,0.006052665,0.0015541733890408157,-0.0014901710435479556,-8.715367378289119e-05,-0.00015765808,-0.000568068,-0.00076667586,15.528409,-1.0,0.6435566,0.728389,0.7285459,0.7286526,0.72807276
22.400000000000002,4.847391,0.18004242,-2.497961,-0.026747553,-0.007093257,0.00090457953,0.0043100505,0.0016062185,-0.0042938623,0.001637416847197931,-0.0015414185300874025,-9.251698285193011e-05,0.0011691081,-0.00047149078,0.0010916911,15.528409,-1.0,0.6435566,0.7287493,0.7282127,0.7285521,0.7282995
22.5,4.843573,0.17758061,-2.498099,-0.026966281,-0.0071919574,0.0007569051,0.00464537,0.010941493,-0.0041699964,0.0016970362299867504,-0.0015320621256459184,-0.00011051061389946108,0.0014251443,-0.00039893645,-0.00087255554,15.528409,-1.0,0.6435566,0.72874355,0.72820246,0.7282301,0.7284727
22.6,4.8387275,0.17534381,-2.498839,-0.02759998,-0.0070833103,0.00022793826,-0.0031841835,0.01036706,-0.0029876826,0.00175001673932399,-0.0015905713845810502,-8.989322325127866e-05,0.00069535046,-0.0013195509,0.0008179756,15.522409,-1.0,0.6402235,0.72832394,0.728271,0.72819,0.72833365
22.700000000000003,4.8338003,0.17394169,-2.4999287,-0.028311804,-0.0064438153,0.00023882801,0.012851356,0.01410861,0.0020335426,0.0018098839198661234,-0.0017306824516761742,-4.602057218186428e-05,0.00041808415,-0.0028190631,0.00034850818,15.51641,-1.0,0.6368904,0.7282451,0.7282508,0.72833157,0.728284
22.8,4.8298655,0.17330475,-2.5012815,-0.028268311,-0.005461727,-2.2667919e-05,0.0071849865,0.0102257375,0.0013792886,0.001788521668066087,-0.0019357770622541995,-5.754643144000044e-06,-0.000528754,-0.0020480305,0.0005007214,15.51641,-1.0,0.6368904,0.7282728,0.72806776,0.7281975,0.72828156
22.900000000000002,4.8265033,0.17281742,-2.502588,-0.02764125,-0.0047523296,-2.097003e-05,0.015770469,0.0060824887,0.010307412,0.0016834515755306785,-0.0020859482868909682,1.968980170061677e-05,-0.0015770926,-0.00031336388,-0.00027016402,15.51041,-1.0,0.6335573,0.72793216,0.7283953,0.7281925,0.7282072
23.0,4.823905,0.17255145,-2.5036845,-0.02646905,-0.00392564,-0.00012378294,0.005354302,0.008474456,0.006434507,0.0016047300121167785,-0.0021858385930861915,6.656579075327559e-05,0.0006798834,0.0003763383,-6.0486494e-05,15.51041,-1.0,0.6335573,0.7283834,0.7278005,0.72789824,0.72854507
23.1,4.821075,0.1719741,-2.5045686,-0.025288427,-0.0034457317,0.00023043754,0.015224869,0.008907685,0.0022947786,0.0014661231643716991,-0.002149092221244112,4.764962624338778e-05,-0.0015635686,0.0007729455,-9.3265095e-05,15.504411,-1.0,0.6302242,0.7281736,0.72833455,0.7284484,0.7281072
23.200000000000003,4.818388,0.17153811,-2.5050325,-0.024294004,-0.0032778792,0.0003784486,0.010214316,0.008593172,-4.190951e-06,0.0013705545037290328,-0.0020879777482714686,5.504251846860476e-05,-0.00039841805,0.00014245647,6.805234e-05,15.504411,-1.0,0.6302242,0.72861433,0.7279271,0.72848505,0.72822946
23.3,4.8154907,0.17127089,-2.5051458,-0.02321742,-0.0029523056,0.00076870556,0.009441097,0.0021718845,0.0047194767,0.0013281283076144463,-0.0019872452696154544,3.101566401434347e-05,-0.002095719,0.0014480205,0.00027830712,15.498411,-1.0,0.62689114,0.7279705,0.72884583,0.72891235,0.72795
23.400000000000002,4.813125,0.17151266,-2.5047972,-0.022186037,-0.00235175,0.0010289705,0.0047198827,0.0075051025,0.004129484,0.0012845369404675083,-0.0019208268628812034,5.763242270255319e-05,-0.00017077522,0.00060471,-0.00025600402,15.498411,-1.0,0.62689114,0.72870845,0.7282472,0.7286352,0.728443
23.5,4.8109956,0.17241754,-2.5045185,-0.02098803,-0.0011098038,0.00091376883,0.010142675,0.0010615726,-0.006463378,0.0012356892936686956,-0.0018263261723172328,0.00013359010527503424,-0.00081481633,0.0012764,3.898444e-05,15.498411,-1.0,0.62689114,0.7286965,0.7281652,0.7285572,0.7286154
23.6,4.809038,0.17275833,-2.5041242,-0.019543385,-0.000408315,0.0007434011,0.01118448,0.006836783,-0.0008903443,0.0010860457438477014,-0.001734535097984641,0.00015440056680304275,-0.001406653,0.00087150856,0.001080988,15.492412,-1.0,0.62355804,0.72876203,0.7280395,0.7287206,0.7283463
23.700000000000003,4.8067946,0.17209008,-2.503207,-0.01848429,-0.001163038,0.0010070276,0.011862251,0.0008386132,-0.002944376,0.0009412481064300908,-0.0015882371305628621,0.00011397886335396171,-0.00052338734,0.0013524928,-0.00042286943,15.486412,-1.0,0.62022495,0.72856027,0.7284842,0.7288739,0.72832316
23.8,4.804255,0.17143229,-2.5019252,-0.018444132,-0.0017779322,0.001069587,0.0123335635,0.0060308925,-0.010849907,0.0009303971700358484,-0.0014653285473850471,6.221872971547405e-05,0.0007393624,0.0012890176,-9.3588955e-05,15.486412,-1.0,0.62022495,0.72834563,0.7287675,0.72845,0.7288539
23.900000000000002,4.8006907,0.17140417,-2.4998994,-0.019022647,-0.0017128774,0.0013561106,0.0025904414,0.005548936,-0.0011362134,0.0010116635182362385,-0.0014184623061084417,1.6552832574778116e-05,0.0018589685,-0.0005206876,-0.000522727,15.4804125,-1.0,0.61689186,0.7288815,0.7284728,0.72849894,0.7288699
24.0,4.79697,0.1723894,-2.4978468,-0.019853247,-0.0009903269,0.0013973842,-0.00016519197,-0.0045525464,-0.007905065,0.0010746605657836672,-0.0014906123836365434,-5.257448415164989e-07,0.00033367675,-0.0018027333,-0.00067360344,15.4804125,-1.0,0.61689186,0.7288111,0.7287305,0.72862804,0.7287462
24.1,4.7931075,0.17442186,-2.495357,-0.020535076,0.0005999729,0.0013577966,0.0058565587,0.00049226463,-0.016544944,0.001046294681297157,-0.0016459044272976887,2.4642821386756133e-05,-0.0010065468,-0.0018195935,-0.0008908384,15.474413,-1.0,0.61355877,0.72886276,0.7288114,0.7285216,0.728835
24.200000000000003,4.7900186,0.17667669,-2.4928293,-0.020308105,0.0019156995,0.0012855515,0.0136165265,0.0029625406,-0.01084851,0.0008928665569616454,-0.001842492354037036,9.617341921182201e-05,-0.0016485731,-0.0021774634,-3.060752e-05,15.474413,-1.0,0.61355877,0.72908187,0.7284641,0.7287478,0.72868973
24.3,4.786937,0.17915744,-2.490798,-0.019679513,0.0031308888,0.0011118113,0.006383809,-0.004663532,-0.010135117,0.0006714036763041009,-0.0019528086549006857,0.00013237820868206647,-0.00207789,-4.2327574e-06,-0.0010298546,15.468413,-1.0,0.6102257,0.72864383,0.72883433,0.7286125,0.72880036
24.400000000000002,4.7844625,0.1818598,-2.4897175,-0.018820627,0.0043732882,0.00047514235,0.0128840925,-0.005253176,-0.006818212,0.00044653911886166576,-0.002007765690655138,0.00020023191210030448,-0.002214199,-0.00016632694,0.0007477807,15.468413,-1.0,0.6102257,0.72866213,0.7283293,0.72856414,0.7286109
24.5,4.782511,0.18453623,-2.4892094,-0.01760404,0.005348079,9.972778e-05,0.007967015,-0.0070087463,-3.5390254e-05,0.00022078739935882277,-0.0019975006220347533,0.00025758004852564713,-0.0025456795,0.0003006405,-0.0004283031,15.468413,-1.0,0.6102257,0.7284199,0.72823584,0.7286656,0.72836137
24.6,4.780277,0.18716654,-2.4884272,-0.016753104,0.0058067143,1.5788337e-05,0.007831514,-0.013281709,-0.003872439,7.060308029697844e-06,-0.0018845938527636942,0.0002972568965157382,-0.0016066398,0.0011890964,-0.00021249703,15.462414,-1.0,0.6068926,0.7283802,0.7281927,0.72858095,0.7284759
24.700000000000003,4.777875,0.18931374,-2.4887378,-0.016330566,0.0057705943,-0.00035728252,0.0031649717,-0.009946388,0.0014952383,-0.0001700708788570489,-0.0017861286095566858,0.0003005680903934557,-0.0013284779,0.0018948977,-0.00033958178,15.456414,-1.0,0.6035595,0.72802216,0.728324,0.7281152,0.728688
24.8,4.7760215,0.19098195,-2.489273,-0.015732212,0.005312759,-0.00047026068,0.011076272,-0.012539698,-0.0026863997,-0.00023813121210093047,-0.0017566109425501046,0.0002914027774759776,3.069044e-05,-0.00023139786,-0.0004139657,15.456414,-1.0,0.6035595,0.7283777,0.7278912,0.7284404,0.72831774
24.900000000000002,4.774287,0.19212638,-2.489856,-0.015162325,0.004396015,-0.0004126678,0.009142837,-0.009217878,0.0059199515,-0.0002218556750178844,-0.0017215477044715782,0.0001857555527506777,0.00020424802,0.0006363964,-0.00053565495,15.450415,-1.0,0.6002264,0.728296,0.7282552,0.7281929,0.7282462
25.0,4.772326,0.19278544,-2.490377,-0.015244153,0.0035196107,-0.00020232004,0.006474143,-0.0038896194,0.0066980715,-0.00014579255303573592,-0.0016632362253783417,0.00010777185867858407,0.0015222307,-0.00018340666,-0.00043695982,15.450415,-1.0,0.6002264,0.7284097,0.72827667,0.72826105,0.72825605
25.1,4.7700634,0.19376907,-2.4906285,-0.015195958,0.0029827254,1.597971e-05,0.0073771984,-0.0048508667,0.002691522,-2.2533062303014174e-05,-0.0016673566686031913,4.83680524522809e-05,0.0010217406,-0.00013860018,-0.0016167249,15.444415,-1.0,0.5968933,0.7284551,0.72842866,0.7283153,0.7282869
25.200000000000003,4.7682085,0.19487348,-2.4908311,-0.015117265,0.0026203261,0.00013293793,0.008437627,-0.0063835173,-0.0056461426,8.192231592034607e-05,-0.0017357214210870144,1.824176316463334e-05,0.00019143504,0.00054852094,0.00035890253,15.444415,-1.0,0.5968933,0.7280602,0.72893065,0.7281442,0.72855645
25.3,4.7658777,0.19632035,-2.490695,-0.015083247,0.0027286387,0.000216713,0.0113000395,-0.006507264,-6.0535963e-06,0.00016632952179688836,-0.0017781201958184955,-6.253185987530588e-06,0.001357054,-0.0006612613,-0.00018230574,15.438416,-1.0,0.5935602,0.72880846,0.728241,0.72815967,0.7285396
25.400000000000002,4.763304,0.197534,-2.4903939,-0.015371775,0.0024830196,0.0001493051,0.0046935515,-0.0061480226,0.012660864,0.00017507254396574923,-0.0018154872426485403,-1.5564783674788737e-05,-0.00014878143,-0.0005252716,-0.00060913176,15.438416,-1.0,0.5935602,0.72829455,0.72865623,0.7282574,0.72835267
25.5,4.760995,0.19843084,-2.4900744,-0.015271091,0.0024999431,0.0002632187,0.0075804237,-0.007486031,-0.0070277597,0.00020504419331427058,-0.0018939622902904697,1.0686582496971612e-05,0.0005039555,-0.00087682734,4.0103405e-06,15.438416,-1.0,0.5935602,0.7284634,0.72851646,0.72831726,0.7285336
25.6,4.7587285,0.19926843,-2.4893506,-0.014870155,0.0021740678,0.00022829241,0.00754171,-0.005770428,-0.009248032,0.00020327165681205671,-0.00196410104642612,1.4656269902053179e-06,0.0013057339,-4.1958927e-05,-0.00030737478,15.432416,-1.0,0.5902271,0.7288509,0.72817355,0.7280934,0.7287611
25.700000000000003,4.757538,0.19932793,-2.4885232,-0.013436073,0.0010310435,0.00025246223,0.008802062,-0.009484406,-0.0017299316,0.00019797370304911371,-0.00201575227474228,-2.3276497433588676e-05,0.00040406047,-0.00043235402,-0.0003983178,15.426416,-1.0,0.58689404,0.728549,0.72847676,0.7284835,0.7283365
25.8,4.7573676,0.19883692,-2.4872534,-0.011528493,-8.799148e-05,0.00040849205,0.017329361,0.00025825953,0.0030058434,0.00030046249140363614,-0.001939994206633616,-4.445810669280116e-05,0.0022258242,0.0013587194,0.00013501172,15.426416,-1.0,0.58689404,0.7286899,0.7283524,0.7284158,0.72852665
25.900000000000002,4.757807,0.19814731,-2.4855094,-0.009348804,-0.0011373867,0.0004770108,0.0098234955,-0.002303916,0.0016232951,0.00046714269878595324,-0.0017474379217351868,-5.927723617472982e-05,0.002340531,0.0026481594,0.000479065,15.420417,-1.0,0.58356094,0.7286972,0.7283958,0.72851056,0.72848874
26.0,4.7586465,0.19741768,-2.4834101,-0.00769771,-0.001737729,0.000562288,0.0048582926,-0.0028958772,-0.0037741845,0.0006548084380020819,-0.0015085227165854305,-9.910503717337955e-06,0.0023885402,0.0031777823,-0.00014830098,15.420417,-1.0,0.58356094,0.72849846,0.72849536,0.72854674,0.72872746
26.1,4.760053,0.1970095,-2.4811013,-0.005665522,-0.0018236341,0.0003993935,0.0027070034,-0.00051007053,-0.003871042,0.0008059583995129421,-0.0012075428456109402,2.4810522972885383e-05,0.0015441505,0.0034838116,0.0004807642,15.414417,-1.0,0.58022785,0.72862273,0.7283346,0.7285095,0.72865194
26.200000000000003,4.761231,0.19677621,-2.4796572,-0.00422256,-0.0016744545,0.00041211033,0.0010457872,-0.0063518877,-0.00249641,0.0008734538179142426,-0.0009208706391492666,4.331563183639655e-05,1.078696e-05,0.0038639805,0.0007531008,15.414417,-1.0,0.58022785,0.72843504,0.728598,0.72834945,0.72878253
26.3,4.76228,0.19637285,-2.4788573,-0.003404242,-0.0013624013,7.4897136e-05,0.003453057,0.0015644121,-0.0007790513,0.0008807841322029566,-0.0006233993149023623,7.77428870182624e-05,-0.00043122502,0.002843206,0.0004864302,15.408418,-1.0,0.57689476,0.72843534,0.7283657,0.7284791,0.7284898
26.400000000000002,4.7630157,0.19593792,-2.4785705,-0.0032567212,-0.0012459941,6.717266e-05,-0.0064652916,0.0036400189,0.005342066,0.0008520991936279974,-0.00044719026907186053,7.782932823356586e-05,0.00014322138,0.001179949,0.00076595147,15.408418,-1.0,0.57689476,0.7286429,0.72817117,0.7284239,0.72847
26.5,4.763715,0.19577116,-2.4788194,-0.0028055473,-0.00080440816,-0.00024493414,-0.0038353375,0.008686769,0.002141576,0.0008320022813266576,-0.0003599901884754147,5.918178233852719e-05,-0.0009645322,0.00032487183,-0.0012015668,15.408418,-1.0,0.57689476,0.7284159,0.7283358,0.7285533,0.72807276
26.6,4.7639766,0.19618402,-2.479765,-0.0028695648,-3.1740194e-05,-0.00025140174,-0.011378533,0.00042068583,0.0023832542,0.0008117927127213027,-0.00028092724213958935,9.216250427430507e-05,0.00030089825,0.00076295953,4.672075e-05,15.402418,-1.0,0.57356167,0.7285849,0.72807324,0.7281187,0.7285873
26.700000000000003,4.7634726,0.19686878,-2.4806461,-0.003837843,0.0006062682,-0.0002911504,-0.009011944,-0.0020339051,0.002987217,0.0007266260770306469,-0.00026735032446806377,0.00010217453150854088,-0.0020091513,0.00026273006,-0.0012948426,15.396419,-1.0,0.5702286,0.72788596,0.7287568,0.728176,0.72846603
26.8,4.762339,0.19775335,-2.4816718,-0.005006845,0.0012016335,-0.00047504166,-0.011113148,-0.0014468937,-0.0012912786,0.0006237539222919,-0.0003687598161549877,0.00011066199442664992,-0.00080556696,-0.0024533158,-0.0012392476,15.396419,-1.0,0.5702286,0.72855866,0.7279695,0.7284756,0.72807765
26.900000000000002,4.7606273,0.19912441,-2.4826374,-0.0061940937,0.001872925,-0.00059814635,-0.008660112,-0.0019171911,-0.0014486721,0.0005149881158505815,-0.0005014824473814259,0.00011130993918504931,-0.0012470988,-0.001267658,-0.0006180127,15.390419,-1.0,0.5668955,0.72812665,0.72835195,0.72805375,0.7283724
27.0,4.7590666,0.20039535,-2.4835067,-0.0070390673,0.0021849445,-0.0005716073,-0.0024258245,-0.008658834,0.0030780209,0.00040583662722415214,-0.0007056450492701466,0.0001186758745296806,-0.0024258078,-0.0014232612,-0.0011974723,15.390419,-1.0,0.5668955,0.7279328,0.728497,0.72814184,0.72827345
27.1,4.7580414,0.20135267,-2.484341,-0.0073717954,0.0028232164,-0.015564973,-0.002350442,0.042743206,-0.26779202,0.007588981490965321,-0.0008934683635074366,0.00012279676057949055,0.30049303,-0.0015903377,-0.00014421754,15.384419,-1.0,0.5635624,0.71884054,0.7547166,0.75461507,0.7190069
27.200000000000003,4.7572007,0.2031088,-2.4867218,-0.0076591186,0.0332533,-0.03225456,-0.006966385,0.5768245,-0.08383812,0.06255275932362685,-0.0010356815566943353,0.00012250688578225138,0.5930583,-0.00063578645,-0.0004967932,15.384419,-1.0,0.5635624,0.73711056,0.7226643,0.72247964,0.7374087
27.3,4.756111,0.2120655,-2.490054,-0.007852228,0.12235429,-0.030281268,0.0024088733,1.0391232,0.08172309,0.10992029980622062,-0.0011730933212854436,8.369952783663116e-05,0.35554704,-0.0018359537,-0.000841145,15.37842,-1.0,0.5602293,0.7351103,0.7187921,0.7192527,0.734509
27.400000000000002,4.754752,0.23185202,-2.491998,-0.008130199,0.2368844,-0.02049345,0.0034203646,1.258836,0.110001296,0.13166220951082155,-0.0012886046601025538,0.00016431982081882367,0.11599478,-0.0015543315,0.00010576222,15.37842,-1.0,0.5602293,0.7319177,0.7219568,0.7225181,0.73152137
27.5,4.753309,0.2651076,-2.4922562,-0.008478043,0.36227006,-0.010064653,0.0037630135,1.2700995,0.095818184,0.13407298152930316,-0.0014018275640498839,0.0003707218586919158,-0.0387898,-0.0014027281,-0.0012886417,15.37842,-1.0,0.5602293,0.7308996,0.72507477,0.72542816,0.73081726
27.6,4.7519484,0.31656882,-2.490849,-0.009141081,0.4947308,-0.0014279102,0.0058428166,1.1808708,0.056175046,0.125187836352933,-0.0015126967890647992,0.000639235296070918,-0.122838125,-0.0015774495,-0.00040130952,15.37242,-1.0,0.5568962,0.72905505,0.72870207,0.7290261,0.72930443
27.700000000000003,4.7503653,0.38278088,-2.4883473,-0.009876481,0.6149145,0.003908616,0.0037067924,1.0125152,0.028969252,0.11092159565196598,-0.001679334657747471,0.0009079144303693417,-0.15756667,-0.0019672976,-0.0017830238,15.366421,-1.0,0.5535631,0.72889864,0.72991395,0.7305298,0.72933805
27.8,4.748926,0.45477378,-2.4855406,-0.010512576,0.7106768,0.006036123,0.005393484,0.8563032,0.004768837,0.09497628614277509,-0.0018830995162816208,0.0011109945793433597,-0.16140155,-0.0032210934,-0.0012644418,15.366421,-1.0,0.5535631,0.7284505,0.7304961,0.7320539,0.7282455
27.900000000000002,4.7480235,0.54201937,-2.4819627,-0.010226964,0.7969448,0.006974956,0.014360681,0.687779,-0.00482751,0.07949892410026502,-0.002072110442045164,0.0012077018052868932,-0.15088682,-0.0014563026,-0.0013829682,15.360421,-1.0,0.55023,0.727818,0.7309451,0.73221207,0.7281575
28.0,4.7480993,0.6285737,-2.4785697,-0.009398727,0.86090064,0.006830947,0.00719157,0.5426976,-0.013709067,0.06557198595505466,-0.002221372899829652,0.0011262731548959438,-0.131565,-0.0009019836,-0.002964127,15.360421,-1.0,0.55023,0.72728604,0.7313648,0.7325468,0.72726464
28.1,4.7485714,0.72641,-2.4751186,-0.008242214,0.91421455,0.006387951,0.010074414,0.4203452,-0.01565134,0.053667821606259526,-0.002201582471698471,0.0010956543062083852,-0.108698666,0.00018487622,-0.0024852979,15.354422,-1.0,0.54689693,0.7273307,0.73104227,0.73229873,0.7270942
28.200000000000003,4.7488604,0.8194902,-2.47238,-0.0077246707,0.9516128,0.005394708,0.008328812,0.32464817,-0.015214085,0.044013529177891454,-0.0020796903856793304,0.001132986371356336,-0.086523674,0.0001990147,-0.0026838393,15.354422,-1.0,0.54689693,0.72712684,0.7308018,0.7319758,0.72666264
28.3,4.749409,0.9217733,-2.4699466,-0.0069017685,0.98086405,0.00485085,0.006141594,0.2360806,-0.012697651,0.03639963204393529,-0.001979512824371132,0.0011340576017146125,-0.067402236,-0.00017126807,-0.00306709,15.348422,-1.0,0.54356384,0.7269858,0.7307266,0.7321707,0.72610295
28.400000000000002,4.7506094,1.0167598,-2.4682581,-0.0057012155,0.9998634,0.00428623,0.010568834,0.19049248,-0.010102986,0.030605911926117127,-0.0018681892589015295,0.0010058358865094753,-0.049023427,0.0005830793,-0.0031603596,15.348422,-1.0,0.54356384,0.7271775,0.7303977,0.73179466,0.726085
28.5,4.7522793,1.1120675,-2.4673214,-0.0041302866,1.0134189,0.003415279,0.0069645634,0.14971481,-0.009742099,0.026354448462668132,-0.001703135118160634,0.0007558151082555272,-0.035186164,0.0012627217,-0.003378021,15.348422,-1.0,0.54356384,0.7272194,0.7300648,0.7312678,0.72595155
28.6,4.755012,1.215361,-2.4666352,-0.0020106144,1.0233753,0.0030015302,0.006947931,0.11129361,-0.00623241,0.0233011058877238,-0.001475136830242244,0.00038423692048039274,-0.024268202,0.0018636172,-0.003867808,15.3424225,-1.0,0.54023075,0.72738445,0.7300706,0.7309987,0.7257456
28.700000000000003,4.7584405,1.3184564,-2.466734,0.00022128732,1.0297991,0.0025166087,-0.003947208,0.083223395,-0.0022109596,0.021152930333712624,-0.001178806229215658,-4.765700467489667e-05,-0.01718639,0.0026231615,-0.002410479,15.336423,-1.0,0.53689766,0.7272787,0.73032415,0.73080754,0.72534716
28.8,4.7616096,1.4137305,-2.4672856,0.0018299401,1.0336688,0.0020846475,0.0045420844,0.069855295,-0.0018524005,0.019668460470402976,-0.0008106371264222259,-0.000429787708864848,-0.011868529,0.0037367821,-0.0019656587,15.336423,-1.0,0.53689766,0.727299,0.7304338,0.73026174,0.7253656
28.900000000000002,4.76491,1.5164571,-2.468427,0.0030693808,1.0362401,0.0014767242,-0.0010060336,0.06021223,0.0009420327,0.018647155485980525,-0.00047485832825290504,-0.0006855524177287277,-0.008152093,0.0030578095,-7.638033e-05,15.330423,-1.0,0.53356457,0.7270735,0.73043364,0.7300688,0.72515213
29.0,4.7673144,1.6107144,-2.4699876,0.003476013,1.0372751,0.0011901392,-0.00925924,0.052690193,0.010861083,0.017956892360899583,-0.00016279795573447567,-0.0008314611500118025,-0.0050568366,0.0023540861,-0.00032932768,15.330423,-1.0,0.53356457,0.726999,0.73038644,0.7300949,0.72489893
29.1,4.7688503,1.7123356,-2.471724,0.002727761,1.0374169,0.0010556536,-0.010174342,0.046987135,0.0074394043,0.01750012075782449,2.9222611628785243e-05,-0.0007831627736796407,-0.00087939616,0.0014643411,0.0012106901,15.324424,-1.0,0.5302315,0.7271888,0.7299291,0.7296027,0.72559047
29.200000000000003,4.769334,1.8057375,-2.4728262,0.0012198729,1.0370547,0.0012329619,-0.01345487,0.041933894,0.0067818905,0.0172302190472896,5.9952933967201325e-05,-0.0005729000659071516,-0.00051647174,-0.0015526875,0.00074246875,15.324424,-1.0,0.5302315,0.72719187,0.72970325,0.73032117,0.72538066
29.3,4.7701106,1.907038,-2.4743993,0.00018674215,1.0364697,0.00093626365,-0.0019125597,0.03601539,-0.0017355195,0.01709890801458884,-7.458458133447304e-05,-0.0002830507513161902,-0.0002784201,-0.0008492506,0.002499449,15.318424,-1.0,0.5268984,0.72608733,0.73016274,0.730317,0.72583556
29.400000000000002,4.771377,2.0013125,-2.475493,-0.00014854793,1.0365704,0.00083699834,-0.012388929,0.044657853,0.008793081,0.01705017341413189,-0.0002601802029874305,-3.815713039712559e-05,0.00090452627,-0.001565278,0.0017548008,15.318424,-1.0,0.5268984,0.72655076,0.72925335,0.73049456,0.72591156
29.5,4.7728214,2.0966723,-2.4765878,-5.11592e-05,1.037642,0.0007528821,-0.0064154295,0.035925627,0.005321111,0.01699620312049574,-0.0003618305672075877,0.00011170039858279415,-0.00129809,-0.001525742,0.00091196666,15.318424,-1.0,0.5268984,0.72657406,0.72911775,0.73097867,0.7254811
29.6,4.7748404,2.2010577,-2.477662,0.0002928801,1.0392563,0.00056259945,-0.004681219,0.034026552,0.004104338,0.016843514694219047,-0.0003996891263654288,0.00021684043605513736,-0.0028749309,0.00083293574,0.00077943853,15.312425,-1.0,0.5235653,0.72611743,0.7294238,0.73052603,0.7258802
29.700000000000003,4.777924,2.3055537,-2.478236,0.0015133995,1.0407431,0.0007068218,-0.0060419817,0.036193665,0.012009404,0.016514461315726783,-0.000386150856539539,0.00026468977379397315,-0.0032421667,0.0020663708,0.00029194134,15.306425,-1.0,0.5202322,0.726149,0.72940177,0.73038435,0.72612274
29.8,4.781425,2.4022145,-2.4789057,0.002842573,1.041611,0.0007653161,-0.0067607844,0.030019894,0.007618218,0.01616160194654523,-0.00025958801528782504,0.00025643779660012894,-0.003968232,0.0024467383,-4.1520645e-05,15.306425,-1.0,0.5202322,0.7261487,0.72958124,0.73060846,0.7258663
29.900000000000002,4.7852426,2.507219,-2.4797065,0.0038829674,1.0424244,0.0008093032,-0.0087614935,0.019129314,0.010052695,0.015842524450786828,-5.158948392236406e-05,0.00022492303423066824,-0.002579698,0.002547648,-0.00037330514,15.300426,-1.0,0.5168991,0.72642505,0.7294425,0.73055816,0.7258327
30.0,4.7889605,2.604981,-2.4804,0.0047579557,1.0432976,0.0010323214,-0.0074951774,0.023635205,0.00084936613,0.015565850442581096,0.00015053451607989797,0.00015627675492495535,-0.0028534136,0.0020770628,-0.00035094563,15.300426,-1.0,0.5168991,0.7266104,0.7296848,0.7307031,0.72565436
30.1,4.793634,2.7112222,-2.4807777,0.005853814,1.0442177,0.0011279419,-0.012230644,0.011177165,-0.001927372,0.015251809243780336,0.0003385917027234181,0.0001284393508230059,-0.0026535545,0.0029356047,-0.00047712636,15.3,-1.0,0.51384926,0.72682965,0.7296392,0.7302572,0.726116
30.200000000000003,4.7983184,2.8087633,-2.4815242,0.006686806,1.0440053,0.0009631755,-0.014585103,0.018384183,0.0085299825,0.01492934784521151,0.0005364888612313119,6.636695168814505e-05,-0.0035429448,0.002825793,-0.000989583,15.3,-1.0,0.51384926,0.72638124,0.7301175,0.73057854,0.7255461
30.3,4.803484,2.9132204,-2.4826972,0.007357176,1.0425084,0.0007346738,-0.017478205,0.012817588,0.008660833,0.01469744277558254,0.0007177251927081079,5.729628043778267e-05,-0.0009846459,0.0017688916,3.6242494e-05,15.3,-1.0,0.5113497,0.7267025,0.7296365,0.7305404,0.7255435
30.400000000000002,4.8081136,3.009237,-2.4838212,0.007723366,1.0406307,0.0007803709,-0.012264929,0.01347046,0.0010109505,0.01463589167512046,0.0008905757219165219,3.571751629239405e-05,0.0011579887,0.0014820282,0.00060994795,15.3,-1.0,0.5113497,0.72674984,0.729711,0.7306654,0.72547334
30.5,4.812359,3.10524,-2.4849064,0.0076565673,1.0390626,0.0005383045,-0.014193042,-0.0011040391,-0.00020442529,0.014729044858897958,0.0010168311993069244,6.23436651605695e-05,0.0013955785,0.0017552376,-0.00040109278,15.3,-1.0,0.5113497,0.7263588,0.7298647,0.73047674,0.7256168
30.6,4.8167224,3.2094042,-2.4860835,0.0075498107,1.0375009,0.00070670695,-0.018264124,0.006879185,0.015246681,0.014834869370536822,0.0010809742996678634,0.00010215039506763157,0.002448422,-0.00011499481,-0.0005802267,15.3,-1.0,0.5093012,0.7270324,0.72925746,0.7304873,0.72567767
30.700000000000003,4.8204627,3.3137085,-2.4869263,0.0074655176,1.03631,0.00062934903,-0.01073305,0.008226299,0.0030254012,0.014997984918841311,0.0011058071747116311,0.0001397882960158848,0.0029265808,0.00028217607,3.86857e-05,15.3,-1.0,0.5076227,0.7270798,0.72924644,0.7301934,0.72599125
30.8,4.8230705,3.4101715,-2.4875886,0.006755346,1.0355825,0.0006431908,-0.014037849,0.016690137,-0.0025574116,0.015093879094035083,0.001127130210699975,0.00017355784828283457,0.0012047086,0.0006749124,3.627137e-05,15.3,-1.0,0.5076227,0.7265217,0.7298048,0.7303411,0.7259387
30.900000000000002,4.8251305,3.5153327,-2.4878254,0.005487621,1.0353844,0.00096401735,-0.014361375,0.012863142,-0.005542766,0.015143548097286224,0.0011162146817000785,0.00021185750417202222,0.00022315483,-0.0015483012,-0.0002760112,15.3,-1.0,0.5062475,0.7269537,0.7295123,0.7308652,0.7257033
31.0,4.826304,3.613273,-2.4874663,0.0039903233,1.03587,0.0011053671,-0.009093444,0.010113872,0.0033560207,0.015131624914618138,0.0010062584284175656,0.0002260709597362016,-0.00080424326,-0.0018971004,0.0006899612,15.3,-1.0,0.5062475,0.72698593,0.72951853,0.7308552,0.7257978
31.1,4.827138,3.7207305,-2.4871404,0.0021461733,1.0373709,0.0012241261,-0.01783482,0.0113051785,-0.000515487,0.015002172902282947,0.0008222641510655891,0.00020064553529453765,-0.0034795126,-0.0032333015,-0.00011160492,15.3,-1.0,0.5051174,0.72682565,0.7298227,0.7312884,0.72544533
31.200000000000003,4.828213,3.8206332,-2.4869986,0.0013834176,1.0386674,0.0011073746,-0.010820618,0.012122734,0.006932765,0.014737443939045584,0.0005728680295196963,0.00021140785457535248,-0.004021153,-0.0025458222,-0.00059521437,15.3,-1.0,0.5051174,0.72688264,0.7296663,0.7309522,0.72570974
31.3,4.8295574,3.9292867,-2.4859679,0.0011915503,1.0399923,0.0011853855,-0.0058080647,0.0049927835,0.0038072465,0.014401067312293415,0.0003683837168030131,0.0002455333577340119,-0.0031153143,-0.0021505503,-0.00025287946,15.3,-1.0,0.50419426,0.72725606,0.72935057,0.7308684,0.7259001
31.400000000000002,4.83043,4.029613,-2.485327,0.0009495471,1.0409096,0.0011178295,-0.0068229362,0.008541719,0.0004842877,0.014042203971574978,0.00027987124856653937,0.00027721287578261493,-0.0036375287,-0.0011724938,9.495685e-06,15.3,-1.0,0.50419426,0.7269071,0.7296639,0.7309333,0.72589064
31.5,4.8309493,4.1300907,-2.4848163,0.00029289216,1.0414428,0.0010387349,-0.002195607,-0.0065872516,0.0033807007,0.013687844987967936,0.00021402303129416654,0.00030641791584641164,-0.003429766,-0.00019790282,-0.00042472465,15.3,-1.0,0.50419426,0.72663194,0.7298588,0.73078454,0.7260865
31.6,4.8311276,4.2390895,-2.4846895,-0.0007727075,1.0414568,0.0006127519,-0.009851543,-0.0024607652,-0.004224013,0.013404308004106571,0.0001597060660580647,0.0002492795394016721,-0.0020633303,-0.0014108537,-0.00023137232,15.3,-1.0,0.5034361,0.7269548,0.7295121,0.7307496,0.72575474
31.700000000000003,4.830537,4.3479495,-2.484491,-0.0021902397,1.0411385,0.0007107892,-0.002748846,-0.004856927,-0.0012875533,0.013181031532652066,2.9762086787303994e-06,0.0001485325823768919,-0.0019649225,-0.0031413252,-0.00090950576,15.3,-1.0,0.5028162,0.72701746,0.7296997,0.7309184,0.7254673
31.8,4.829166,4.4483366,-2.4847524,-0.0036539035,1.0403674,0.00057350344,-0.0031614148,-0.00048382205,0.009892042,0.013022520918033284,-0.00016784607417347536,3.4471130646273784e-05,-0.0017771776,-0.0031927722,-0.00096749875,15.3,-1.0,0.5028162,0.7268205,0.7298756,0.7309061,0.72528195
31.900000000000002,4.8273225,4.5569544,-2.4849603,-0.005030715,1.0392853,0.00048410628,-0.0036222097,-0.0072863325,-0.0006635673,0.012940363229201186,-0.0003901605363300379,-6.515607021033746e-05,-0.00024990714,-0.0030460074,-0.0005756488,15.3,-1.0,0.50230694,0.72709745,0.72969335,0.7305143,0.72561014
32.0,4.826224,4.6568723,-2.4850318,-0.005411496,1.0379995,0.0004871963,0.007020952,-0.007447495,0.0057388092,0.012929118542766599,-0.0006300408708876747,-9.946161264277382e-05,0.00078405737,-0.0022655171,-0.0006690873,15.3,-1.0,0.50230694,0.7272248,0.7295821,0.730503,0.72558075
32.1,4.8254437,4.764684,-2.4858894,-0.005123323,1.0363905,-0.011301457,0.00047377215,-0.029535256,-0.2489467,0.008166106444311417,-0.0008290062173909842,-5.3248316386076e-05,-0.22776613,-0.0014940668,0.00021024095,15.3,-1.0,0.50230694,0.75896907,0.71315706,0.7141761,0.7575659
32.2,4.824542,4.863086,-2.4884953,-0.0051475177,1.0085626,-0.02748678,0.0047209756,-0.53770137,-0.06756978,-0.04460680056392786,-0.0008520550124937852,-1.5927640085601254e-05,-0.60018635,-0.0007812627,-0.00040018186,15.3,-1.0,0.50189114,0.72189593,0.7373377,0.738467,0.7205492
32.300000000000004,4.8234572,4.9631414,-2.492371,-0.005659999,0.9215361,-0.026247835,0.0067304485,-1.031154,0.0759242,-0.09390945052179293,-0.0008411285013605529,-4.274364673831769e-05,-0.37844774,-0.0005752021,-0.0006541156,15.3,-1.0,0.5015497,0.7168923,0.73662823,0.73747176,0.7158142
32.4,4.8220167,5.0441685,-2.495726,-0.0064918604,0.80726326,-0.0170711,0.0049459827,-1.2485665,0.10722875,-0.11752048574589326,-0.0008507631347482318,-0.00016870971138796182,-0.13011491,-0.0004063079,0.0002931967,15.3,-1.0,0.5015497,0.7203335,0.7333867,0.73380166,0.7197452
32.5,4.8201427,5.112042,-2.498169,-0.0076666255,0.68136746,-0.0073415837,0.0046678567,-1.2791045,0.09453482,-0.12102540796276066,-0.000951110602287288,-0.0004894433700893669,0.030915366,-0.0021327191,-0.0002408406,15.3,-1.0,0.5015497,0.7235697,0.73246855,0.73292935,0.72260654
32.6,4.8174314,5.1703844,-2.4997633,-0.0092521105,0.54765856,0.00067689054,0.0002985687,-1.1902586,0.0687181,-0.11267845781471161,-0.0010930756545631268,-0.0010888345285427195,0.11902879,-0.0027039812,-0.00022509415,15.3,-1.0,0.5012703,0.7273796,0.7310061,0.7310896,0.72597337
32.7,4.8138065,5.214417,-2.5000474,-0.011277108,0.42661807,0.0052051484,0.010032469,-1.0327905,0.037815418,-0.09863217769497822,-0.0012895547246098893,-0.0018870212614354937,0.15433544,-0.0025643979,0.00042670203,15.3,-1.0,0.50104046,0.72852194,0.73156977,0.73058337,0.72715586
32.800000000000004,4.809576,5.2444277,-2.4999704,-0.013529576,0.3302382,0.0069540706,0.0054574627,-0.8804834,0.013574026,-0.08271241843190348,-0.001584827033521829,-0.002838734446435295,0.1612202,-0.003933934,0.002249131,15.3,-1.0,0.50104046,0.73025304,0.7307976,0.72917503,0.72827333
32.9,4.8045835,5.2662973,-2.499588,-0.015849689,0.24928714,0.0070640547,0.012899973,-0.7186352,0.0017508863,-0.06727529051694783,-0.0019475345371278016,-0.003878511558417415,0.14987001,-0.004080141,0.0036379197,15.3,-1.0,0.50104046,0.73078483,0.7307685,0.72821796,0.72810256
33.0,4.799222,5.2831154,-2.4989855,-0.017205263,0.1785778,0.006806474,0.018601757,-0.5705647,-0.004932284,-0.05338784777615807,-0.002378956126646502,-0.004672902975944482,0.13189429,-0.0048015486,0.005378994,15.3,-1.0,0.50085354,0.7315763,0.7300855,0.72753966,0.7281383
33.1,4.794135,5.294409,-2.4980602,-0.017791128,0.12357349,0.0058416664,0.017628277,-0.4361428,-0.016998032,-0.041619401989827845,-0.002773830274182115,-0.00520254040246646,0.10758911,-0.0026720474,0.007389859,15.3,-1.0,0.50085354,0.73070943,0.7306175,0.7272994,0.7276334
33.2,4.7896624,5.3009157,-2.4967115,-0.017892856,0.08385857,0.005552274,0.026126107,-0.34448013,-0.014064367,-0.03194426710006741,-0.0030289708041020586,-0.005347994600720606,0.08741965,-0.0025756415,0.010482828,15.3,-1.0,0.5007,0.73101836,0.72992486,0.72738534,0.72766227
33.300000000000004,4.784937,5.3051133,-2.4955385,-0.017646065,0.05086841,0.004932531,0.027160222,-0.2555406,0.0021285375,-0.024186928921948996,-0.0031675070795119877,-0.005145060296509843,0.069265805,-0.0025013294,0.012246045,15.3,-1.0,0.50057316,0.7305835,0.7293096,0.7279723,0.7274285
33.4,4.7809024,5.307949,-2.4943902,-0.016861068,0.028823378,0.0043547507,0.03258546,-0.19921309,-0.008258502,-0.018058220568081616,-0.00325277904190587,-0.00469070863028666,0.05464739,-0.0006872049,0.01315217,15.3,-1.0,0.50057316,0.7299822,0.7290489,0.72775126,0.7281265
33.5,4.77716,5.3107142,-2.493254,-0.015918223,0.013279618,0.0038781574,0.027736247,-0.15183072,-0.0008423812,-0.013407936180872852,-0.0032303256796407977,-0.00395762551288611,0.040224362,0.00045515958,0.014519996,15.3,-1.0,0.50057316,0.7294136,0.7283509,0.72813743,0.7285945
33.6,4.773008,5.3143325,-2.492376,-0.015159279,0.0025074494,0.0035079322,0.024420448,-0.109949954,-0.004750676,-0.009993292945319402,-0.0031521003160562785,-0.0032081568487863834,0.027418971,0.00018785769,0.013394638,15.3,-1.0,0.50047016,0.72877544,0.7280144,0.72880346,0.7287169
33.7,4.7684126,5.3187017,-2.491492,-0.015072834,-0.0039044716,0.0031147106,0.025989594,-0.08950345,-0.004761386,-0.007636861725524953,-0.0030698687031792127,-0.0025558332800483456,0.016870271,-0.00044730958,0.011963313,15.3,-1.0,0.5003853,0.7282182,0.7278547,0.72918874,0.72878104
33.800000000000004,4.7644134,5.323049,-2.4901612,-0.015046049,-0.0074543743,0.003039621,0.01855962,-0.08301752,0.0030989756,-0.006129814456324362,-0.0030592775367945402,-0.0019189774347241949,0.010644129,-0.00077967165,0.012001195,15.3,-1.0,0.5003853,0.72789514,0.7276652,0.7292651,0.72921443
33.9,4.7609506,5.327867,-2.488914,-0.014328617,-0.00941696,0.0028259514,0.02047133,-0.06359642,-0.0030151566,-0.005197679023441609,-0.0031140223211732943,-0.001293727530167869,0.0060942867,-0.0013327838,0.009818141,15.3,-1.0,0.5003853,0.7280386,0.72721606,0.7294461,0.72930115
34.0,4.7575073,5.3332458,-2.4875283,-0.013248099,-0.010579991,0.0027426106,0.023019608,-0.060328323,-0.0014537944,-0.004663068635869375,-0.003109531443666507,-0.0007069070941943608,0.0022098916,0.0002733338,0.007479946,15.3,-1.0,0.50031567,0.727588,0.7275606,0.7295891,0.72933125
34.1,4.7536798,5.338527,-2.4861944,-0.012807833,-0.01154457,0.002478778,0.02258746,-0.054946434,-0.00059278676,-0.00437084698239785,-0.003044087443315274,-0.0002772912887474702,-0.0004193775,0.00047300334,0.005873217,15.3,-1.0,0.50031567,0.72727215,0.7277852,0.7297564,0.7290949
34.2,4.7497535,5.343387,-2.4848697,-0.012545075,-0.012338193,0.002438197,0.020501617,-0.05250371,0.005223322,-0.004154069747733256,-0.0029863957429365233,-5.192756248603922e-05,0.0009180591,-0.00027145952,0.0037527776,15.3,-1.0,0.50025845,0.72776854,0.7275038,0.7294248,0.7292381
34.300000000000004,4.745041,5.3485146,-2.483287,-0.012584492,-0.013191309,0.002300127,0.023748098,-0.05315435,0.0022891907,-0.004004286945125944,-0.0029823937111402403,1.3085417307231405e-05,0.00050574756,-0.00058873015,0.003069312,15.3,-1.0,0.50021267,0.7277978,0.72779185,0.7293843,0.7289672
34.4,4.7401896,5.3525662,-2.4815104,-0.012860639,-0.014202884,0.0021013368,0.022723328,-0.04130232,-0.006144866,-0.003846635739765604,-0.0030132467952924537,-6.406859252100254e-05,0.0009659643,-0.00024585068,0.0018492977,15.3,-1.0,0.50021267,0.72795117,0.7280456,0.72875816,0.7291495
34.5,4.7352815,5.3559694,-2.479829,-0.0130652,-0.015517587,0.0021215454,0.024765125,-0.040406264,-0.0026416963,-0.0037092296377142157,-0.0031029534498558755,-0.00021533310694547765,0.0006141516,-0.00029430326,0.00043783706,15.3,-1.0,0.50021267,0.7279172,0.7285943,0.7286653,0.7288397
34.6,4.730203,5.3588023,-2.4780252,-0.013039738,-0.017187482,0.0021917254,0.016386261,-0.044666346,-0.0023716127,-0.003471280883978172,-0.003194582952660577,-0.0003699674889997713,0.002396101,-0.0007202515,-0.00013715458,15.3,-1.0,0.5001745,0.7284608,0.7285328,0.72835547,0.728867
34.7,4.725309,5.360708,-2.4763215,-0.012566119,-0.019164175,0.0019503504,0.018937897,-0.04858684,-0.0058002765,-0.003219335116410222,-0.0032720423712846755,-0.0004927925005303188,0.0017934847,-0.00018177666,0.0008047023,15.3,-1.0,0.5001421,0.7282109,0.7289392,0.72860175,0.7283359
34.800000000000004,4.720747,5.361769,-2.474466,-0.011894143,-0.020947946,0.002077253,0.031806987,-0.035083093,-0.003273133,-0.0029072311667348097,-0.0033112885472154426,-0.0006168501927476271,0.0027587318,-0.0008499956,0.0008214868,15.3,-1.0,0.5001421,0.7288106,0.72868365,0.7286725,0.7281554
34.9,4.716563,5.362019,-2.4725,-0.011184495,-0.022937814,0.0019206118,0.029041063,-0.03900068,-0.009410548,-0.0025542744485024874,-0.003275966599147937,-0.0006868612511465432,0.0025930058,0.00086889573,0.0014568078,15.3,-1.0,0.5001421,0.72843856,0.7291109,0.7285146,0.72818965
35.0,4.7123947,5.3617215,-2.4706821,-0.010519881,-0.024423592,0.0017357685,0.011149481,-0.034597963,-0.0023576429,-0.0021577469701077696,-0.003220771116252239,-0.0006923618550336453,0.0042879866,0.00084524916,0.0012455705,15.3,-1.0,0.50011826,0.7289999,0.72841936,0.72812194,0.7286052
35.1,4.7089667,5.3609586,-2.4696531,-0.009450511,-0.025595622,0.0011294552,0.020031933,-0.021947335,-0.006706919,-0.0017801491809425578,-0.003143800143476568,-0.0006352127451522571,0.0039401953,0.0013972435,0.0012600308,15.3,-1.0,0.50011826,0.7285868,0.72840714,0.7278962,0.7287034
35.2,4.706654,5.360631,-2.4691694,-0.007925269,-0.025919998,0.00094081165,0.017090006,-0.022957161,-0.005719717,-0.001482453154341944,-0.0030816112545783616,-0.0005545796670879482,0.002311536,0.00090132747,0.0017247509,15.3,-1.0,0.5000963,0.72849095,0.72839034,0.72812754,0.7284185
35.300000000000004,4.704817,5.3607726,-2.4691498,-0.006177105,-0.025455372,0.00084604364,0.020616174,-0.017566713,-0.0020009463,-0.0012279516150236645,-0.0029149581822645364,-0.00045807325639409636,0.00015686685,0.0020930674,0.0011113088,15.3,-1.0,0.50007725,0.7282475,0.7285514,0.7285117,0.7280216
35.4,4.703844,5.3611913,-2.469317,-0.0044149635,-0.024835559,0.0006467426,0.01812641,-0.022632206,0.009910203,-0.0011325721483040167,-0.002686220865587703,-0.0003241986217561748,-0.00077532174,0.0017648635,0.0020961263,15.3,-1.0,0.50007725,0.7283652,0.72810876,0.7285852,0.7279534
35.5,4.704055,5.3619895,-2.469822,-0.002151567,-0.023545276,0.00072782935,0.016840238,-0.016681224,-0.004621688,-0.001093141237933146,-0.002456758537457863,-0.00016489449882761318,-0.0011104114,0.0036427006,0.001247735,15.3,-1.0,0.50007725,0.72812223,0.7282944,0.72831124,0.72850066
35.6,4.705401,5.362669,-2.470031,0.0008115235,-0.02305492,0.0011108449,0.009486096,-0.017798321,0.00089081,-0.0011718487680092667,-0.002125274459481691,-3.6748622329962595e-05,-0.001721589,0.0038774197,0.0013464926,15.3,-1.0,0.50006676,0.72837764,0.72824746,0.7286188,0.72848314
35.7,4.7070594,5.362591,-2.469935,0.0030536857,-0.022759866,0.00091437134,0.010041429,-0.017481571,0.0055059786,-0.0012227856148687756,-0.0017139089867512442,7.289873286874462e-05,-0.0014636075,0.004832926,0.0010003143,15.3,-1.0,0.50005627,0.7282125,0.7281879,0.72864467,0.7284712
35.800000000000004,4.708573,5.361887,-2.4696426,0.0044874377,-0.023190634,0.00094236823,-0.0018098289,-0.0115737,0.005248468,-0.0012404703377375476,-0.0013186058309854192,0.00012888080797045318,-0.0012370491,0.0042776675,0.00027253758,15.3,-1.0,0.50005627,0.7279486,0.7285002,0.72866344,0.7284875
35.9,4.7097244,5.360888,-2.4693706,0.0048397467,-0.023576042,0.0006634128,-0.0013408002,-0.018054044,0.0010854563,-0.0011581887783870216,-0.0009857900868722226,0.00014400543803677807,0.00044674968,0.0022798062,0.0007612592,15.3,-1.0,0.50005627,0.7280779,0.72828245,0.72855264,0.72844976
36.0,4.7110877,5.3596005,-2.4688976,0.0051105767,-0.02399644,0.0006253473,0.001145039,-0.021224093,0.00027241182,-0.0010289560491698762,-0.0007857389332045871,0.0001303492242893248,0.0018872462,0.0013573085,0.00077820226,15.3,-1.0,0.5000458,0.7284253,0.7280032,0.7282703,0.7286718
36.1,4.7125793,5.357819,-2.4683833,0.0053641484,-0.02430873,0.00036576806,0.0006201064,-0.010336345,0.005004927,-0.000885727699011673,-0.0006958127973631405,8.367651225615686e-05,0.0018644844,0.0013470943,0.00032703142,15.3,-1.0,0.5000458,0.72813356,0.7282436,0.7282068,0.7284607
36.2,4.7137647,5.35622,-2.4681077,0.0051172203,-0.024591748,0.0004999079,-0.00089681696,-0.0114801945,0.00597164,-0.0007392634383791815,-0.0006124076063020733,4.4041686748287876e-05,0.0009787064,0.00043482563,3.681524e-05,15.3,-1.0,0.5000353,0.7282223,0.7283028,0.7284044,0.72830474
36.300000000000004,4.7144775,5.3549323,-2.4680748,0.004507526,-0.024236748,0.00039824334,-0.0040737623,-0.008258832,0.0004037283,-0.0005837214159429172,-0.0005661892745701131,-1.3808075068067721e-05,0.0009180813,0.0010969279,-0.0010971111,15.3,-1.0,0.5000267,0.7281211,0.72854394,0.7279487,0.7285854
36.4,4.7150073,5.3534846,-2.468107,0.0037852984,-0.02448109,0.00020462727,-0.010846506,-0.012158019,0.00082748005,-0.0004922592000757148,-0.0006015757320339649,-3.6952871789542663e-05,-0.0006573965,-0.0009326552,-0.0007212906,15.3,-1.0,0.5000267,0.7281636,0.728392,0.7284522,0.72798085
36.5,4.7153807,5.3511376,-2.4686153,0.003467769,-0.024922268,-2.3447268e-05,-0.0019148887,-0.011695267,0.004153698,-0.00041238834839764393,-0.000678642543889764,-5.966734573525806e-05,0.0008604121,2.9215862e-06,-0.00036161864,15.3,-1.0,0.5000267,0.7280101,0.7283694,0.7277695,0.72853947
36.6,4.715825,5.347569,-2.4696147,0.0035044977,-0.02652763,-0.00019133606,-0.002195449,-0.009041285,0.0012964009,-0.0002983063821748152,-0.0007710357051873232,-0.00013807432132493933,0.0018954588,-0.00033352166,4.7210808e-05,15.3,-1.0,0.5000267,0.7282033,0.72819865,0.7281703,0.7279415
36.7,4.715601,5.3434067,-2.470486,0.0031732358,-0.027915884,-8.161148e-05,0.00019985781,-0.0076034763,-0.004095956,-4.236702478310142e-05,-0.0008019261208410558,-0.00020366451441303714,0.0034793974,0.0006866497,0.0001612606,15.3,-1.0,0.5000267,0.72816616,0.72839326,0.72764045,0.728486
36.800000000000004,4.7142105,5.3392544,-2.4708238,0.0023665978,-0.029227126,-5.8449805e-06,0.0017090637,-0.0036127525,0.006660353,0.00027226584556341144,-0.0008011612256799649,-0.0002463692162109425,0.004539301,-0.00039616317,0.0002790725,15.3,-1.0,0.5000267,0.72850126,0.7280571,0.7277535,0.7283144
36.9,4.7120714,5.3349876,-2.4703748,0.0007646732,-0.030088527,0.00062356034,0.0011103367,-0.0040965234,0.0021504236,0.0006089214884844744,-0.0008829373171540911,-0.00022897658183173824,0.003718579,-0.0018974603,-0.00012713429,15.3,-1.0,0.5000267,0.72847277,0.72841734,0.72814727,0.72841716
37.0,4.7095895,5.330806,-2.4693172,-0.0008213711,-0.030233283,0.0011823557,0.0030245888,0.0050217346,0.004766974,0.0009040258292832964,-0.0010706938434181534,-0.00018821422319142755,0.0029425398,-0.0022995912,0.00071354245,15.3,-1.0,0.5000267,0.72874445,0.7283847,0.72821444,0.7287206
37.1,4.7074876,5.3269277,-2.4673667,-0.0013919815,-0.029617816,0.0014995404,0.0019979824,0.0027172605,-0.012777745,0.0011103365202781463,-0.0013293117324972726,-0.00014733755824337263,0.00054174097,-0.0029396918,-0.00015143244,15.3,-1.0,0.5000267,0.7287091,0.7286835,0.7289582,0.72832185
37.2,4.705687,5.323393,-2.4647565,-0.0018614082,-0.029261462,0.0019455425,-0.0011338156,0.0059171086,-0.0035585833,0.0012111942541910084,-0.001477122778483948,-0.00010487766292987986,-7.855565e-05,-0.00056926307,0.0006564704,15.3,-1.0,0.5000267,0.7286428,0.728997,0.7285671,0.7290009
37.300000000000004,4.703973,5.3193316,-2.4621184,-0.002419357,-0.028797563,0.0017328359,0.0040436513,0.0027935284,-0.010398216,0.0012506515773805693,-0.0015884792453071527,-1.6289410803931484e-05,-0.00044225127,-0.0012368956,0.0006234918,15.3,-1.0,0.5000267,0.7287239,0.7287272,0.7289706,0.7287275
37.4,4.702545,5.315631,-2.460022,-0.0027462873,-0.028464222,0.0015293868,0.010082562,0.008814589,-0.014740041,0.0012991339610745009,-0.0017101756619393963,6.337837159829395e-05,-6.148238e-05,-0.0013683815,0.0012877556,15.3,-1.0,0.5000267,0.72854245,0.72880685,0.72891,0.72879285
37.5,4.7007713,5.312498,-2.4578435,-0.0034156574,-0.027897026,0.0014474217,0.0052322173,0.0014980191,-0.0050053927,0.0013394209653175512,-0.0017696274718236355,0.0001450787832804001,0.0004397207,-0.00067689014,0.00037369566,15.3,-1.0,0.5000267,0.7287493,0.7284882,0.7285359,0.7291951
37.6,4.6984544,5.3097024,-2.455547,-0.004077843,-0.026750904,0.0012578423,0.012108181,0.006244752,-0.0102650365,0.0013873489596705623,-0.0018794194632052493,0.0002130559667631052,0.0002514625,-0.0016798095,-5.2098767e-06,15.3,-1.0,0.5000267,0.7286462,0.72857004,0.7286811,0.7289643
37.7,4.695419,5.3068986,-2.4531758,-0.0050311233,-0.025671132,0.0012339453,0.010640666,0.011917298,-0.0006668269,0.0013688624013823809,-0.001990928287818151,0.00027543473091935506,-0.00045240996,-0.0019722332,-0.00021174015,15.3,-1.0,0.5000267,0.72863793,0.72856104,0.7288044,0.72881657
37.800000000000004,4.691998,5.304183,-2.4512706,-0.0064603896,-0.02494382,0.0012554205,0.009164228,0.0062437644,-0.0010593793,0.0013024456855869498,-0.0021376042469466445,0.00033623214773067134,-0.0002698829,-0.0031007794,-0.00038511408,15.3,-1.0,0.5000267,0.7289291,0.7283326,0.728838,0.7288328
37.9,4.6883316,5.3014216,-2.4491923,-0.007965872,-0.02455072,0.0011946877,0.00283016,0.0030320303,-0.003409106,0.0012180056720053141,-0.0023277687299592844,0.00043368783809486373,-0.00013049625,-0.0030850496,0.0003642709,15.3,-1.0,0.5000267,0.7287243,0.728404,0.7286387,0.7292096
38.0,4.684723,5.2984824,-2.4469342,-0.008965643,-0.02427403,0.0011889378,0.016051967,0.0034554785,-0.008918344,0.0012276942599537036,-0.002588624817305814,0.00048479039004802515,0.00013935268,-0.0030091829,-0.00025147278,15.3,-1.0,0.5000267,0.7285329,0.72865474,0.7289806,0.7289025
38.1,4.681669,5.2956796,-2.4449441,-0.00904149,-0.023785211,0.0012273747,0.018361162,0.0039548916,-0.0005709007,0.0012305828608340148,-0.0028291728122834523,0.0004868189440577671,0.00063272944,-0.0016091531,-0.00057934783,15.3,-1.0,0.5000267,0.72846395,0.72879094,0.7287673,0.7290982
38.2,4.679466,5.292782,-2.4434528,-0.008466477,-0.02366752,0.0008823867,0.01756637,0.003833243,-0.007853377,0.0012460503237337079,-0.002973225913957806,0.0003980222138535362,0.00046233222,-0.0009764898,-0.0017943584,15.3,-1.0,0.5000267,0.72869104,0.7286057,0.72874385,0.72882086
38.300000000000004,4.677794,5.288994,-2.4423895,-0.0069191945,-0.02442123,0.00054683234,0.018300328,0.0067231213,-0.00995444,0.0012693454041110286,-0.0030135135702284922,0.00027188547528839233,0.0012805134,0.00033342588,-0.000893945,15.3,-1.0,0.5000267,0.7286817,0.7285938,0.7285566,0.72871274
38.400000000000006,4.677111,5.28525,-2.4420488,-0.0052305036,-0.024955396,5.471952e-05,0.021545697,0.004343643,-0.006456859,0.0014077914355599653,-0.002922535786020647,9.180993779154032e-05,0.0016153301,0.0009423284,-0.0017179924,15.3,-1.0,0.5000267,0.7286181,0.7285957,0.72838897,0.72836536
38.5,4.676823,5.281834,-2.4420846,-0.0034386795,-0.025097823,-0.00025976874,0.009533226,0.01205625,-0.0045825723,0.0015848170896873152,-0.0026891231042806413,-5.990120652478343e-05,0.0019875371,0.0032741015,-0.0011519974,15.3,-1.0,0.5000267,0.7283794,0.7287012,0.7282263,0.72820675
38.6,4.6768894,5.2787623,-2.4423726,-0.001575442,-0.024745466,-0.0005485856,0.016077528,0.010238419,0.0029988585,0.0017394399857198213,-0.0024316785687063867,-0.00020114954225834418,0.0027057999,0.0026011835,-0.00018805361,15.3,-1.0,0.5000267,0.7288799,0.7281685,0.72779346,0.7282996
38.7,4.67773,5.277172,-2.4429867,-6.2243154e-05,-0.022611542,-0.0005984967,0.0013009666,0.015243726,0.004268251,0.001859785033925286,-0.002160989335196478,-0.0002637851622601575,-0.00079358555,0.0023942955,-0.00034587557,15.3,-1.0,0.5000267,0.7284293,0.7284745,0.728291,0.7278442
38.800000000000004,4.679121,5.2769513,-2.443382,0.0015161368,-0.02005426,-0.00067559147,0.008883873,0.01083631,-0.00016903503,0.001777101081236634,-0.0018746381616039716,-0.0003279128005189885,-0.0024520652,0.0016988635,4.7948313e-05,15.3,-1.0,0.5000267,0.7287944,0.7281324,0.72825736,0.72775584
38.900000000000006,4.6808043,5.278007,-2.4436386,0.0026450334,-0.016686067,-0.0005813418,0.0026413952,0.0073986547,0.004642177,0.0015308162444301623,-0.0016104862986817798,-0.0002773713948101204,-0.0042551938,0.003387731,-0.0001716049,15.3,-1.0,0.5000267,0.7282231,0.7285366,0.72782266,0.72836936
39.0,4.682422,5.27923,-2.4431593,0.0032714326,-0.013851744,-0.00010827552,0.0066917087,0.008185508,0.0035078262,0.0011624669170000193,-0.0013723562630401553,-0.0001921690309541672,-0.0053798067,0.001624951,0.0013648255,15.3,-1.0,0.5000267,0.7283711,0.728502,0.7283636,0.72822076
39.1,4.684717,5.2798724,-2.4419208,0.0042985277,-0.011923076,0.0003657723,0.0033566128,0.010164472,0.0058198343,0.0007192671141482346,-0.001204082231074304,-0.00011144268102514574,-0.0039605894,0.0014577496,0.0007366872,15.3,-1.0,0.5000267,0.72873104,0.7282454,0.72852695,0.72848046
39.2,4.6872067,5.2797704,-2.4399507,0.005080619,-0.01132392,0.00052791345,-0.0018029558,0.0029028242,-0.0010537914,0.0003378259371438495,-0.001047132365078453,-5.0878330546284825e-05,-0.004181471,0.0027910178,0.00059634406,15.3,-1.0,0.5000267,0.7279395,0.7290652,0.7286602,0.7285919
39.300000000000004,4.689776,5.279034,-2.437765,0.0055831694,-0.011521504,0.00063387235,-0.0028922153,-0.0032137085,-0.0010868533,0.00013512765533014483,-0.0009101103272772212,-3.373316038222637e-06,-0.0012289324,0.0016290441,0.0010145861,15.3,-1.0,0.5000267,0.7284157,0.7286074,0.7286234,0.72879076
39.400000000000006,4.6920004,5.277547,-2.4360125,0.005941502,-0.012673547,0.0005346017,-0.0011015497,-0.0049778265,-0.002888031,0.0001102529842412621,-0.0007790708014281504,1.4638214750844094e-05,0.0010295664,0.0017791648,0.00059359573,15.3,-1.0,0.5000267,0.7283965,0.7285964,0.7285322,0.7288605
39.5,4.6938868,5.2756414,-2.434509,0.0059288214,-0.0136800315,0.0002991728,-0.012265713,0.0004103301,-0.0031776724,0.00021058636535848895,-0.0006682199487208429,5.049450713299925e-06,0.0012036345,0.0010600107,-0.00030158262,15.3,-1.0,0.5000267,0.7283235,0.7286652,0.7287259,0.72841275
39.6,4.6956344,5.2736273,-2.4328625,0.005740864,-0.014803993,0.00037567635,-0.006026568,0.00051789766,-0.008810776,0.000410002359129449,-0.0005972713097501251,-6.4147503751093054e-06,0.004098315,0.0007902718,-0.0006416678,15.3,-1.0,0.5000267,0.72877127,0.7283351,0.7282199,0.7289544
39.7,4.6974616,5.2718935,-2.4306936,0.005122887,-0.015188811,0.00047783853,-0.010243074,0.0015077349,-0.010467599,0.0006332915217170174,-0.0005906811897421883,-8.742897184709259e-06,0.0021181824,-0.0007278195,0.00046147435,15.3,-1.0,0.5000267,0.72858703,0.72861505,0.72861755,0.7285936
39.800000000000004,4.6990204,5.2697787,-2.428165,0.0046015033,-0.015911307,0.0008903001,-0.011349714,-0.0009572747,3.9115544e-05,0.0008146158565820378,-0.0006298362217262582,-3.065681951098725e-05,0.0024293605,-0.00040982777,-0.00020684852,15.3,-1.0,0.5000267,0.7287759,0.7287262,0.72840124,0.72893566
39.900000000000006,4.700499,5.266748,-2.425774,0.0043676067,-0.017016765,0.0008153939,-0.0033043337,0.0086124195,-0.006482936,0.0009743281252023469,-0.0006944362571251238,-2.755692274366807e-05,0.0024528722,-0.0012879625,0.0005156281,15.3,-1.0,0.5000267,0.7289207,0.7285632,0.72875875,0.7286553
40.0,4.7020464,5.263757,-2.4243982,0.0039459406,-0.017789952,1.3349449e-05,-0.009991416,0.0050206305,-0.0110706305,0.001168912660108763,-0.000726582265702404,-2.0020619002359615e-05,0.0026414315,0.00034077515,0.00064690236,15.3,-1.0,0.5000267,0.7281962,0.72885376,0.72827286,0.7287411
40.1,4.7042847,5.260565,-2.423997,0.0042947037,-0.01857669,-0.00032670665,-0.004925076,0.009974668,-0.0072563994,0.0013913471466100713,-0.0007742285697924242,-8.696607774657184e-06,0.0029495854,0.00021882843,0.0007093843,15.3,-1.0,0.5000267,0.7282855,0.72848696,0.7282984,0.7285496
40.2,4.706796,5.257825,-2.42366,0.005267858,-0.01873837,-0.00031089375,-0.004672732,0.007784528,0.00540493,0.0015959816318079076,-0.0007654002960456095,-6.511013966756707e-05,0.0008586226,0.001804257,-0.0008267905,15.3,-1.0,0.5000267,0.72788274,0.7289437,0.7283775,0.7282832
40.300000000000004,4.7093534,5.254945,-2.4232383,0.005820745,-0.01854732,-0.00030585463,-0.017233588,0.01403721,-0.0031068919,0.001760028238084338,-0.0006605943267233323,-9.094177627005766e-05,0.0010025385,0.002506084,0.0009864878,15.3,-1.0,0.5000267,0.72820187,0.7286513,0.7282133,0.728497
40.400000000000006,4.7116804,5.252227,-2.4233413,0.0062067765,-0.018188925,-0.00027966854,0.0009754037,0.013586607,-0.0012242234,0.0018288204213403791,-0.0005282217053170339,-9.572384574079333e-05,0.0013348375,0.0014426714,0.00026305282,15.3,-1.0,0.5000267,0.72853124,0.72829354,0.72814846,0.7285912
40.5,4.7142925,5.2491794,-2.4239678,0.0065332754,-0.018312212,-0.00047892603,-0.012952358,0.011454026,0.005211215,0.0018760806465099762,-0.00043806434727708865,-0.00010227507604507961,0.0018531398,0.0012103177,-0.00010987029,15.3,-1.0,0.5000267,0.7286501,0.7280518,0.72795266,0.72862977
40.6,4.717529,5.246075,-2.424488,0.007077003,-0.018153705,-0.00036583672,-0.007163363,0.0049090246,-0.00047450882,0.0019267085100478296,-0.00034586158057000645,-9.418109577909091e-05,0.00085890363,0.0004663226,0.00035792222,15.3,-1.0,0.5000267,0.7286961,0.72804344,0.7284531,0.72821444
40.7,4.7207365,5.2430673,-2.4250426,0.007596216,-0.017940976,-0.00044024715,-0.007920975,0.008332407,0.008878763,0.0019901838139074965,-0.0002500835707527933,-7.247553399001705e-05,0.0007422222,0.0014471262,0.00074104016,15.3,-1.0,0.5000267,0.7281702,0.7284233,0.7281567,0.7284554
40.800000000000004,4.7235894,5.240145,-2.425714,0.007927467,-0.018018503,-0.00029012008,-0.008411874,0.013511524,0.010797287,0.0020291822018585126,-0.00012665113332719155,-9.305155314521769e-05,0.0013680806,0.0012533859,0.00025899964,15.3,-1.0,0.5000267,0.7286139,0.72815937,0.7281972,0.7283646
40.900000000000006,4.7265067,5.2367725,-2.4260836,0.008204379,-0.01801546,-7.4237105e-05,-0.0033876398,0.013272815,-0.0050277445,0.0020805612860012026,-2.9846497146764943e-05,-4.736516643635808e-05,0.0012723872,0.0014724309,-2.4490459e-05,15.3,-1.0,0.5000267,0.7284216,0.7283873,0.72813356,0.7287648
41.0,4.7297654,5.2341166,-2.42557,0.008447778,-0.017431315,0.00023500502,-0.009093633,0.014089717,0.0045420597,0.0021561318318973274,5.740211151402089e-05,-3.054522179575813e-05,0.0008778478,0.0012737416,-0.000114366965,15.3,-1.0,0.5000267,0.7285597,0.72837085,0.72839564,0.7286238
41.1,4.7333407,5.2317505,-2.4244382,0.008653987,-0.016634904,0.0006516526,-0.007897271,0.014163982,0.0035199334,0.002174249955958876,0.00012597806446495337,-3.162769257903755e-05,0.00073076994,0.0013309878,0.0009040321,15.3,-1.0,0.5000267,0.72883534,0.72843313,0.72844374,0.72875273
41.2,4.7362847,5.2299824,-2.4230814,0.008478094,-0.015479155,0.00074534834,-0.014615809,0.020163743,-0.005682464,0.0021613288388065534,0.00021145998199589706,9.367777984410222e-07,-0.00016434967,0.0009005826,-0.00034885263,15.3,-1.0,0.5000267,0.7287182,0.72857887,0.72859097,0.72880363
41.300000000000004,4.739271,5.2284474,-2.421579,0.00824612,-0.014167221,0.0009720578,-0.012163577,0.013020314,-0.003707595,0.002072269672139504,0.00023572829718389868,6.343868102597155e-05,-0.00225442,0.0008713284,0.0012152204,15.3,-1.0,0.5000267,0.72829014,0.7290421,0.72897804,0.72869277
41.400000000000006,4.7414584,5.227811,-2.4201996,0.007579989,-0.012594493,0.0009391464,-0.012265705,0.008817503,-0.005684327,0.0019472323377898492,0.00025557418918792645,0.00011400232363284124,-0.0016093018,0.0006927594,0.0008077068,15.3,-1.0,0.5000267,0.7284943,0.728825,0.7287369,0.72899795
41.5,4.7429867,5.228074,-2.418809,0.0064663547,-0.010598153,0.00067409675,-0.017710594,0.007146838,-0.00885548,0.0017856077597228628,0.00023083617942343046,0.00013511420071695104,-0.0021739148,-0.00094435445,-0.0005076919,15.3,-1.0,0.5000267,0.7288359,0.72842723,0.7287908,0.728735
41.6,4.743987,5.229061,-2.4173393,0.00497947,-0.008351035,0.0005144151,-0.009087001,0.00531224,-0.011678784,0.001518540988995359,0.00010535380366314731,0.0001603543774966504,-0.0019797825,-0.001849279,-0.0004402445,15.3,-1.0,0.5000267,0.72887546,0.7283681,0.7285514,0.7289022
41.7,4.74438,5.230678,-2.4157388,0.0036973602,-0.0060478067,0.00056063203,-0.00857633,-0.0015149716,-0.0034514812,0.0012339801493475074,-7.642633035654869e-05,0.00014983717356682294,-0.0038806074,-0.002831719,-0.0010524692,15.3,-1.0,0.5000267,0.7287264,0.72861445,0.7288169,0.7285585
41.800000000000004,4.7444324,5.2323074,-2.4143708,0.0026782574,-0.004464992,0.00036225055,-0.003341651,-0.0055730157,-0.012534204,0.0009071311130000813,-0.0002704422020583822,0.00015366636256504323,-0.0037276316,-0.00203541,-0.0006559282,15.3,-1.0,0.5000267,0.7287,0.728553,0.7286869,0.7286588
41.900000000000006,4.7446995,5.2335668,-2.4131837,0.0023174572,-0.003557974,8.3635714e-05,-0.002018618,0.00016122885,-0.0043441537,0.0006120039818873079,-0.00047268826593072967,0.000139443969393194,-0.003479368,-0.0028099415,-4.6171772e-07,15.3,-1.0,0.5000267,0.7288005,0.7282638,0.7291236,0.72803366
42.0,4.7448907,5.2340446,-2.4126034,0.0023755387,-0.003601609,-6.6079294e-05,-0.0018452506,-0.0023920168,-0.00046426427,0.0003691270609952522,-0.0005939007149732407,0.00011233849481951253,-0.0019929693,-0.00062408997,0.00046346913,15.3,-1.0,0.5000267,0.728525,0.728483,0.72865283,0.7283604
42.1,4.7446575,5.2334523,-2.412809,0.0025372407,-0.0045646424,-0.011140986,-0.0028600993,-0.006920081,-0.30128843,-0.002609543909845863,-0.0006329258256524074,8.225619794683012e-05,-0.15827803,0.0010373445,-0.00051592226,15.3,-1.0,0.5000267,0.76789594,0.7085794,0.7080778,0.7683644
42.2,4.744214,5.2314987,-2.4149926,0.0021662181,-0.028367462,-0.031242328,-0.009203375,-0.4879286,-0.11273659,-0.05246206446015763,-0.000581610298353765,5.246925551338802e-05,-0.6043888,0.00057395326,0.00084053463,15.3,-1.0,0.5000267,0.7248417,0.7365912,0.736501,0.72483826
42.300000000000004,4.7432985,5.2227345,-2.4188955,0.0009915982,-0.11192326,-0.031702176,-0.010744069,-1.0047141,0.06486987,-0.10340114155117121,-0.000561173486842813,3.4096805622665435e-05,-0.39737147,-0.0004257641,-8.860842e-05,15.3,-1.0,0.5000267,0.71843916,0.7355812,0.73529845,0.7186695
42.400000000000006,4.7420506,5.2033057,-2.4219418,-0.0003221298,-0.22472665,-0.02274714,-0.0058717555,-1.2324358,0.112783626,-0.1286997689957815,-0.0006358315606315242,-6.633319820804438e-05,-0.14361937,-0.0013170791,-0.0003477282,15.3,-1.0,0.5000267,0.721575,0.73174024,0.7315261,0.7218583
42.5,4.740385,5.1702237,-2.424054,-0.0019766944,-0.35103437,-0.012173604,-0.0043560574,-1.2690109,0.10624248,-0.13330097006298963,-0.0007762632897863889,-0.0004317480456857234,0.0241528,-0.0010736955,-6.9697504e-05,15.3,-1.0,0.5000267,0.7244145,0.7310582,0.7301572,0.7250363
42.6,4.7383356,5.11881,-2.4249666,-0.0035299293,-0.48622406,-0.003339908,0.0017682834,-1.1856364,0.06753904,-0.12537619475297504,-0.0009785236217348607,-0.0012167419186393269,0.11798331,-0.0023217094,-0.0002395086,15.3,-1.0,0.5000267,0.7284285,0.72944105,0.72857445,0.72795564
42.7,4.736227,5.0535502,-2.4253902,-0.0047362633,-0.6084437,0.0020925524,0.0029813494,-1.0378444,0.041898802,-0.11135345423690916,-0.0012456918200943324,-0.0023543272679178344,0.15678923,-0.002578601,0.00030501495,15.3,-1.0,0.5000267,0.7302268,0.7297954,0.7276097,0.7292463
42.800000000000004,4.734012,4.983254,-2.4252203,-0.0058861165,-0.70540226,0.0045927963,-0.0042627575,-0.87748265,0.021259764,-0.09532097758558991,-0.0014753034887600004,-0.003588119580320603,0.16393757,-0.0024818387,0.002253652,15.3,-1.0,0.5000267,0.7318876,0.72944534,0.726509,0.7298875
42.900000000000006,4.7309117,4.8975744,-2.4237902,-0.007013236,-0.79328084,0.0055177636,0.0033187398,-0.7076784,0.00316184,-0.079681999800175,-0.0016888359924351966,-0.004848067490253723,0.15163793,-0.003498606,0.0034086378,15.3,-1.0,0.5000267,0.73285985,0.72924924,0.72586876,0.72955316
43.0,4.7276835,4.811678,-2.4220517,-0.008040178,-0.85884565,0.0059604417,0.006464147,-0.56890464,0.0029313376,-0.06557163395952469,-0.001901851832413106,-0.005838285626962236,0.13390063,-0.0016958197,0.0067166598,15.3,-1.0,0.5000267,0.7331935,0.7294345,0.72451186,0.73024285
43.1,4.7238326,4.713408,-2.4204948,-0.00917114,-0.91484535,0.005551629,0.0051600244,-0.42655244,-0.0016107223,-0.053499675790130055,-0.0021375063484169884,-0.0065278607748819415,0.112878315,-0.0027140947,0.009029466,15.3,-1.0,0.5000267,0.7333751,0.7291007,0.7244415,0.72974515
43.2,4.719627,4.6197257,-2.4200182,-0.010305812,-0.954146,0.0045622294,0.016206529,-0.3370638,-0.008677597,-0.043529369939233745,-0.00232963625603434,-0.006788726047759101,0.090866685,-0.0017212598,0.013717134,15.3,-1.0,0.5000267,0.7326106,0.7288948,0.7240966,0.729906
43.300000000000004,4.714605,4.516429,-2.4199772,-0.011582633,-0.9856199,0.003899696,0.017710395,-0.24901387,-0.0016870907,-0.03559449103701856,-0.0025523646997578663,-0.006737662676347228,0.0701458,-0.0027188533,0.013702477,15.3,-1.0,0.5000267,0.7320024,0.7285248,0.7246126,0.7295426
43.400000000000006,4.7103553,4.420532,-2.419851,-0.012311915,-1.0059842,0.0035380237,0.01883268,-0.18051404,-0.00833813,-0.02944923034928886,-0.002802730650256537,-0.006258495142981496,0.052536614,-0.0026985554,0.016731445,15.3,-1.0,0.5000267,0.73151684,0.7278874,0.7249702,0.73001206
43.5,4.707164,4.3246098,-2.4196696,-0.011612391,-1.0200589,0.0032864558,0.021231107,-0.13709283,0.00069523224,-0.024893395838371586,-0.003008428966390509,-0.00532715292585604,0.037934218,-0.0022158632,0.017325079,15.3,-1.0,0.5000267,0.73101383,0.72706515,0.72585064,0.73020154
43.6,4.7045293,4.220819,-2.4197693,-0.010074517,-1.030271,0.002695584,0.027722407,-0.103273615,-0.0014016404,-0.02164197841530013,-0.003053702817342387,-0.004115128236634974,0.027524004,-6.466727e-05,0.017685251,15.3,-1.0,0.5000267,0.7305161,0.7259275,0.7261111,0.7310408
43.7,4.7019806,4.117557,-2.420455,-0.008775786,-1.036299,0.002000314,0.024996031,-0.07427768,0.0015744007,-0.01935203501672278,-0.002969593816715616,-0.002860596256672002,0.017523013,0.0010533578,0.015247313,15.3,-1.0,0.5000267,0.7290343,0.7258096,0.7266848,0.73137486
43.800000000000004,4.6997876,4.022643,-2.4213595,-0.00805748,-1.039325,0.001553173,0.021446848,-0.060832992,0.0071162353,-0.01780597485594128,-0.002777136900552721,-0.0017785191792405388,0.011058456,0.0019422079,0.0146921715,15.3,-1.0,0.5000267,0.7284095,0.72536695,0.72680914,0.7318287
43.900000000000006,4.6977606,3.9199986,-2.4223487,-0.0072115273,-1.0414084,0.0016606867,0.018235233,-0.0618511,0.010583549,-0.016853178363398277,-0.0026645776889801117,-0.000904810186513237,0.006942975,0.0013291293,0.011365367,15.3,-1.0,0.5000267,0.72835594,0.7251014,0.7269032,0.7322166
44.0,4.6966434,3.8252788,-2.423124,-0.006016109,-1.0425072,0.0016068688,0.013498047,-0.04143608,0.0052051614,-0.016228577456949694,-0.002538735064045288,-0.00023455225185811215,0.0039958516,0.001724592,0.0076467553,15.3,-1.0,0.5000267,0.7280238,0.7253862,0.72729206,0.7319273
44.1,4.695873,3.7224348,-2.4239857,-0.004668952,-1.0434366,0.0016206822,0.021383071,-0.04053495,0.006577931,-0.015805995702945077,-0.0024256201472926866,0.000252563573805425,0.0030075235,0.0014100166,0.0061663855,15.3,-1.0,0.5000267,0.72825116,0.72530156,0.72730935,0.73185074
44.2,4.6950645,3.6274085,-2.4245427,-0.0038661195,-1.0440133,0.0018857127,0.014983761,-0.04002903,0.008484348,-0.015498840397379325,-0.0022278606476604235,0.0004656966211664838,0.001711926,0.001953916,0.0036846253,15.3,-1.0,0.5000267,0.72855365,0.7256793,0.7271222,0.73171985
44.300000000000004,4.6943736,3.523936,-2.424676,-0.003271646,-1.0447304,0.002132077,0.006942396,-0.03122424,0.0030859371,-0.015247291444096428,-0.002104995574274837,0.00048232240475024323,0.0012725596,0.0006489088,0.00179867,15.3,-1.0,0.5000267,0.72892624,0.7261055,0.72720176,0.731273
44.400000000000006,4.6941705,3.4283454,-2.4245443,-0.0021300197,-1.044931,0.0023190125,0.017031968,-0.030941447,-0.006400514,-0.01499131178707527,-0.002003903660389708,0.00038136175640466295,0.0020736696,0.0011104957,0.00016024383,15.3,-1.0,0.5000267,0.7294882,0.7263815,0.72678196,0.73127925
44.5,4.6942983,3.33259,-2.424381,-0.0008713501,-1.0452894,0.0024097122,0.009252618,-0.03680438,2.235174e-05,-0.014814327419184358,-0.0018673674738767772,0.0002387142560394829,0.0010865693,0.0007754075,4.3832348e-05,15.3,-1.0,0.5000267,0.7299351,0.72649294,0.72690624,0.7307926
44.6,4.694847,3.2289522,-2.4240234,0.0004335046,-1.0452764,0.0022693684,0.003748107,-0.039480925,0.0005406327,-0.014593808380556576,-0.0017021644700249377,6.150556708432884e-05,0.00046208705,0.0023664867,-0.00046736837,15.3,-1.0,0.5000267,0.7296895,0.7271172,0.7265077,0.73074573
44.7,4.6955233,3.125213,-2.4239047,0.0014114392,-1.0447475,0.0021890937,0.005520553,-0.027002892,-0.0041928138,-0.014406882409089211,-0.0015159049054472677,-0.0001346472615866328,0.0004874505,0.0020370362,-0.0020105778,15.3,-1.0,0.5000267,0.730067,0.7271508,0.726115,0.7308215
44.800000000000004,4.6957355,3.0295434,-2.4238412,0.0017765532,-1.043945,0.0020237733,0.005143458,-0.024503015,-0.0035855917,-0.014279120538565336,-0.0013230260604926373,-0.000375644044716638,0.00045689062,0.0015097486,-0.00079708104,15.3,-1.0,0.5000267,0.7305525,0.7270002,0.7258707,0.7306317
44.900000000000006,4.6954894,2.925466,-2.4233928,0.0018192196,-1.0436065,0.002223619,0.0063589015,-0.020445818,0.0008968636,-0.014248472473256717,-0.0012148999030739994,-0.0005552122403647758,-0.00066624745,8.302006e-05,0.00021977094,15.3,-1.0,0.5000267,0.7305548,0.7272301,0.72621214,0.73036635
45.0,4.694834,2.8282092,-2.423031,0.0013800248,-1.0442654,0.0019628685,0.00046814146,-0.028335819,-0.0092242835,-0.014174114927872277,-0.0011579614148527692,-0.0007231864645673826,0.001495546,-0.00044361313,-0.00033250233,15.3,-1.0,0.5000267,0.73069865,0.72712904,0.7257606,0.73069143
45.1,4.6938224,2.721907,-2.4233358,0.000957138,-1.0454974,0.001616314,0.008191534,-0.010352552,-0.0022072343,-0.014037835325453591,-0.0011477164970409943,-0.000834431077622966,0.0014539176,-0.0010294182,0.00036725617,15.3,-1.0,0.5000267,0.7302795,0.727364,0.72612244,0.7301578
45.2,4.692621,2.6231174,-2.4236002,0.0005519699,-1.0468873,0.0012174915,0.007083265,-0.016890975,0.0033276153,-0.013750867824337864,-0.0012262238684815148,-0.0009469666173199189,0.0033479438,-0.0018143152,0.0006696153,15.3,-1.0,0.5000267,0.7304647,0.7270373,0.725742,0.73022556
45.300000000000004,4.690943,2.5158446,-2.4241896,0.00013623605,-1.0477849,0.001122319,0.0035795297,-0.014015429,-0.0005261972,-0.013414394555665845,-0.0012754219926965965,-0.0009921499399165533,0.003725381,-0.00086190435,0.0020755418,15.3,-1.0,0.5000267,0.730229,0.7272353,0.7257613,0.730242
45.400000000000006,4.689698,2.4165318,-2.424829,-0.00010839013,-1.048463,0.0006802617,0.00970225,-0.009061746,0.0023087484,-0.01304829889434647,-0.0013605977993902474,-0.0009635642801653613,0.0033611835,-0.0013148766,0.0025925387,15.3,-1.0,0.5000267,0.73012424,0.72688377,0.72596186,0.72998446
45.5,4.688689,2.3174622,-2.4251218,-1.69636e-05,-1.0484952,0.0006079993,-5.8926613e-05,-0.007658851,0.0022416932,-0.012727928575760654,-0.0014218803450254426,-0.0009388551237047094,0.0023546352,0.0002937564,0.0011752133,15.3,-1.0,0.5000267,0.72972506,0.7272425,0.7257037,0.73022723
45.6,4.6873155,2.2105448,-2.4250624,-3.2434244e-05,-1.0477604,0.0006255442,-0.0011111228,-0.005704827,-0.0019487924,-0.01248686759022479,-0.0014458486355377457,-0.0008268298250631514,0.000991572,-2.0533462e-05,0.0026366583,15.3,-1.0,0.5000267,0.7298312,0.72693276,0.726029,0.730185
45.7,4.685101,2.1041622,-2.4248989,-0.0007387565,-1.0466268,0.0006037075,0.007231767,-0.008135637,-0.0048652287,-0.012330544154599495,-0.00145250407165355,-0.0007035911709129848,-3.600295e-05,-0.0012025754,0.0028407,15.3,-1.0,0.5000267,0.72990835,0.7267343,0.7261096,0.73028314
45.800000000000004,4.6825995,2.0069244,-2.4246316,-0.0013448257,-1.0447698,0.0005577187,0.0025293215,0.0011569281,0.002093613,-0.012264064135965844,-0.0015005626254016074,-0.0005458221323124154,-0.00022898334,-0.0015579122,0.00239628,15.3,-1.0,0.5000267,0.72985166,0.72658473,0.72580665,0.7307251
45.900000000000006,4.680538,1.9020401,-2.4243443,-0.0013152345,-1.0423001,0.0007400756,0.007432488,-0.0015878722,0.0030705703,-0.012314317325285538,-0.0015929783022488792,-0.00039569150983423385,-0.0029010337,-0.00080263533,0.0025795386,15.3,-1.0,0.5000267,0.7296171,0.7267523,0.72627395,0.7305706
46.0,4.6793823,1.8050338,-2.424274,-0.0006547835,-1.0405483,0.0005977754,0.010518287,-0.007853836,-0.004699919,-0.012474786633042608,-0.0016826467620924398,-0.00029529257538688127,-0.0024045468,-0.000641483,0.0015914023,15.3,-1.0,0.5000267,0.72987825,0.7264015,0.7261726,0.73071486
46.1,4.6790743,1.6998963,-2.424725,0.0005729316,-1.0387775,0.0004705316,0.007814522,-0.005611942,-0.0030528752,-0.012675458196019824,-0.0016421171679541484,-0.00023368360637568314,-0.00309889,0.0015319539,0.0008907544,15.3,-1.0,0.5000267,0.7295945,0.7266095,0.72624457,0.7306044
46.2,4.679811,1.6023204,-2.425556,0.0024290388,-1.0379484,0.0006703922,0.009057147,-0.008817991,-2.980232e-05,-0.012833593891530012,-0.0015228556730672604,-0.00022575713236325714,-0.002322898,0.002816023,0.00087413145,15.3,-1.0,0.5000267,0.7294938,0.7268376,0.72598183,0.7309916
46.300000000000004,4.68101,1.496014,-2.4269862,0.0042839344,-1.0377307,0.00050718046,0.006758994,-0.010503361,0.005400739,-0.012923774943763343,-0.0012969649985488919,-0.00027107181151398986,-0.0011702648,0.0038357358,0.0020210678,15.3,-1.0,0.5000267,0.72935057,0.7270342,0.7261133,0.73060906
46.400000000000006,4.6818247,1.3972064,-2.4288814,0.005127523,-1.03809,0.000114691546,0.004898936,-0.0141857155,-0.0034645197,-0.012890696208329402,-0.0009863814593140357,-0.0003477738633326655,0.000888634,0.0036105334,0.0011611045,15.3,-1.0,0.5000267,0.729453,0.72693485,0.725824,0.7305534
46.5,4.6824884,1.2973955,-2.431113,0.005266156,-1.039176,-0.0003353196,0.0037500383,-0.0034941074,-0.0009075738,-0.012806359888673619,-0.0007591325711069876,-0.0004322820303855532,0.0016997445,0.0013091987,0.00035702798,15.3,-1.0,0.5000267,0.729546,0.72670895,0.7257705,0.7300761
46.6,4.682768,1.188301,-2.4337447,0.0051667686,-1.0406569,-0.00051224447,0.001196674,-0.012271244,0.0067148353,-0.012544183740867607,-0.0006097042597888229,-0.0005034193550609924,0.0034123624,0.0006045871,0.00093533966,15.3,-1.0,0.5000267,0.7297666,0.7265284,0.72560143,0.7299657
46.7,4.6829963,1.0785024,-2.436147,0.0045557334,-1.0419843,-0.00037770084,-0.0048008957,0.002486038,0.0058277505,-0.012222828179711832,-0.0005532989614325867,-0.0004947225365519224,0.004463703,0.00014213775,0.00045689015,15.3,-1.0,0.5000267,0.72957325,0.726629,0.7254862,0.7302814
46.800000000000004,4.683462,0.9771194,-2.4380488,0.004415788,-1.0427663,-0.00010918431,-0.003422265,0.0033134345,0.0076452265,-0.011871716739058414,-0.0005843524834003456,-0.0004781089493607424,0.0029684159,-0.00059866236,0.0019367423,15.3,-1.0,0.5000267,0.729694,0.7265582,0.7257984,0.7301801
46.900000000000006,4.6843877,0.8672068,-2.4392006,0.0046607573,-1.0433377,0.00026972097,-0.0010663286,0.00783816,0.006902497,-0.011514969494274578,-0.0006094289346665025,-0.0004843177011324939,0.0045072227,-2.6579328e-05,0.0016505001,15.3,-1.0,0.5000267,0.7301327,0.72638583,0.7255055,0.73062897
47.0,4.6853156,0.7658734,-2.4396138,0.004800849,-1.0437808,0.00069431483,-0.0064643268,0.009908024,-0.0019124708,-0.011211902809241836,-0.0005948718036043609,-0.00045860180634903084,0.0036206504,6.439293e-05,0.00053651404,15.3,-1.0,0.5000267,0.7301111,0.72664285,0.72586614,0.7306177
47.1,4.6861286,0.6569117,-2.4396763,0.0045192484,-1.0430903,-0.006847172,-0.010025469,0.01564708,-0.2738265,-0.009433133712614845,-0.0005585502707318218,-0.00043755663378142217,0.09852124,0.00021166718,0.0017712382,15.3,-1.0,0.5000267,0.7049067,0.7705761,0.76968247,0.70550376
47.2,4.687158,0.5577186,-2.441174,0.004451036,-1.0230961,-0.026115013,-0.0028019059,0.4420529,-0.11160457,0.03717857028516865,-0.0005535856316935576,-0.00040345630623824094,0.6094283,0.0016633823,0.0007146337,15.3,-1.0,0.5000267,0.73716193,0.72449917,0.7227144,0.7386806
47.300000000000004,4.688563,0.45578164,-2.444029,0.0047206013,-0.94428027,-0.027206285,-0.004067531,0.97845405,0.051346138,0.09001320597859691,-0.0005835633943030023,-0.0003665718724261792,0.42170206,1.181438e-05,0.0016041126,15.3,-1.0,0.5000267,0.7371116,0.71742004,0.71670383,0.7376841
47.400000000000006,4.6893315,0.37276766,-2.4457586,0.0046734437,-0.8331951,-0.01824666,-0.010400655,1.2321067,0.110951714,0.11764337015375892,-0.0005537839457075505,-0.00020782408646386833,0.16502097,0.0006437272,0.0012390672,15.3,-1.0,0.5000267,0.73422104,0.71999305,0.71933943,0.7347624
47.5,4.6891828,0.30393445,-2.446046,0.0036268735,-0.7065696,-0.007992638,-0.005242352,1.288101,0.10132929,0.12378553801106255,-0.0005817644435540309,0.00044199679634275503,-0.011524837,-0.001094615,0.0011660963,15.3,-1.0,0.5000267,0.7328822,0.7230864,0.7229897,0.7336837
47.6,4.6880383,0.24530737,-2.445456,0.0017594552,-0.5697992,0.0005745076,0.00032149386,1.214588,0.06419326,0.11672412849723135,-0.0007003870937674706,0.0015165788112717208,-0.11033634,-0.0028245891,0.00022841475,15.3,-1.0,0.5000267,0.731137,0.7260197,0.72672427,0.7327515
47.7,4.6861863,0.20245764,-2.4445968,-0.00035098186,-0.44373748,0.005332368,-0.0014921904,1.0649612,0.026192514,0.10308025044504321,-0.0009749408124407372,0.002380966571766627,-0.15520212,-0.004457583,-0.001901539,15.3,-1.0,0.5000267,0.73010147,0.72746336,0.7289336,0.7324302
47.800000000000004,4.684219,0.17473488,-2.4433813,-0.0018552084,-0.34206894,0.007296274,0.00045492742,0.9062906,0.014130491,0.08698124099651468,-0.0013259317086165856,0.002834630047021852,-0.16617107,-0.004381852,-0.0021019368,15.3,-1.0,0.5000267,0.7291231,0.72826767,0.73045987,0.73162824
47.900000000000006,4.681496,0.15467937,-2.442231,-0.0030551164,-0.24975304,0.0073605347,0.00799351,0.72789073,0.0009895301,0.0709710451984556,-0.0016993873692931387,0.002853513686771281,-0.15639141,-0.003770887,-0.0043564234,15.3,-1.0,0.5000267,0.7288875,0.7282911,0.73035794,0.73114675
48.0,4.678827,0.14329936,-2.4415123,-0.004108138,-0.18053737,0.006816142,0.011399822,0.5857262,-0.010676215,0.0563708301133596,-0.0020012625089113377,0.0026694196060059057,-0.13951482,-0.0025658302,-0.005005078,15.3,-1.0,0.5000267,0.7280064,0.7292338,0.73040324,0.7301455
48.1,4.675437,0.13581692,-2.440863,-0.0053893514,-0.12196285,0.005931115,0.021348087,0.45012906,-0.013748183,0.04376342432989304,-0.0022048125207665987,0.0027501990989746753,-0.11716211,-0.004578971,-0.0057867006,15.3,-1.0,0.5000267,0.7286064,0.7286336,0.73039347,0.72907096
48.2,4.6724634,0.13177978,-2.4399352,-0.0064807325,-0.08099718,0.0052165412,0.013514949,0.346906,-0.008187256,0.03339391165720989,-0.0023906889239574194,0.003128687977057103,-0.09283601,-0.003281045,-0.0068316176,15.3,-1.0,0.5000267,0.7283531,0.72861856,0.7296507,0.72926885
48.300000000000004,4.670545,0.12868239,-2.438963,-0.0064191585,-0.048419174,0.004338604,0.01503183,0.25812167,-0.007394235,0.025189063133877882,-0.0025972332710717094,0.003432358363032131,-0.07189156,-0.002965098,-0.0079211,15.3,-1.0,0.5000267,0.728195,0.72822124,0.7295411,0.7290707
48.400000000000006,4.6695333,0.12611832,-2.4383967,-0.0058310344,-0.0269887,0.0037164788,0.016568944,0.19544591,-0.007749069,0.018892579960284435,-0.0027152862552911185,0.0035284278120588644,-0.054414038,-0.0004475543,-0.0076380144,15.3,-1.0,0.5000267,0.72760963,0.72845316,0.7293299,0.72909135
48.5,4.668733,0.12339123,-2.437883,-0.005267753,-0.012259396,0.0033961204,0.019234626,0.14527103,0.0009806826,0.014265059046950197,-0.0026999773231691543,0.0034089028533737776,-0.03849025,0.0003916329,-0.008565293,15.3,-1.0,0.5000267,0.72787327,0.7282453,0.72911376,0.7289606
48.6,4.668058,0.11978048,-2.4375086,-0.00444939,-0.0019135501,0.0029269003,0.021397663,0.11637516,-0.00088755036,0.010969838377837141,-0.0026088468068142146,0.0030658957948693343,-0.025732383,0.0012736734,-0.009802034,15.3,-1.0,0.5000267,0.728,0.7283339,0.7287635,0.72872835
48.7,4.667308,0.115179904,-2.4370594,-0.0039419914,0.004057142,0.0027591763,0.013336613,0.087771006,-0.004521105,0.008708530205512096,-0.0024734490577416903,0.0026547234569369066,-0.017035525,0.0017332839,-0.008621907,15.3,-1.0,0.5000267,0.72812897,0.7285957,0.7285399,0.7285715
48.800000000000004,4.667105,0.11060805,-2.436831,-0.003118264,0.0076342807,0.002537875,0.013132462,0.06818738,-0.0026975756,0.007296229577077337,-0.002380937351776453,0.0020748905646514365,-0.009345062,0.00087576825,-0.009934169,15.3,-1.0,0.5000267,0.72865283,0.72858846,0.7280184,0.72844493
48.900000000000006,4.667782,0.10547112,-2.437026,-0.0013731044,0.009960193,0.002180616,0.019361267,0.06222717,-0.00023655592,0.006405274126573622,-0.0022652368608723277,0.0013558684691014136,-0.005287002,0.0015223296,-0.009120855,15.3,-1.0,0.5000267,0.7290344,0.7286382,0.72781587,0.72791433
49.0,4.668709,0.101039715,-2.4374251,0.00031100961,0.011858863,0.0021672326,0.016589463,0.060127582,-0.004397239,0.00586798823161175,-0.0020387387471138894,0.0006549277860283829,-0.0037578389,0.0029088731,-0.006078026,15.3,-1.0,0.5000267,0.7290915,0.72909665,0.72770524,0.7276467
49.1,4.6695013,0.0967188,-2.4378502,0.0016505241,0.013805823,0.0020634194,0.006460477,0.06359431,-0.0029797663,0.005483992091573028,-0.0017790696689659387,5.964532870680437e-05,-0.0024673205,0.002996117,-0.005881196,15.3,-1.0,0.5000267,0.72930473,0.72920626,0.7273195,0.72768533
49.2,4.6697316,0.092686765,-2.43796,0.0021656496,0.015090784,0.0021542676,0.008778009,0.05211655,0.005666166,0.0051372180191246964,-0.0014808243314037178,-0.00037197147773458607,-0.002744189,0.0023066548,-0.0047679865,15.3,-1.0,0.5000267,0.72937155,0.72945523,0.72735614,0.7274464
49.300000000000004,4.6693597,0.08871274,-2.4377356,0.001959989,0.016131865,0.0021340593,0.0042650173,0.04429326,-0.0015101394,0.004856105233948704,-0.0012926390606090327,-0.0005376859930269663,-0.0009033511,4.6172976e-05,-0.0028206983,15.3,-1.0,0.5000267,0.7297909,0.72889197,0.72763896,0.72749245
49.400000000000006,4.66888,0.085622415,-2.4379923,0.001798656,0.01736833,0.002025014,0.0053187516,0.045039628,-0.0059655863,0.004613834391874757,-0.0012060730969996971,-0.0005376024314050626,-0.0012485749,0.0010035977,-0.00070499745,15.3,-1.0,0.5000267,0.7291132,0.7292135,0.72742987,0.72810185
49.5,4.6682835,0.08286693,-2.4382734,0.0017640396,0.018270684,0.0019220535,0.0044400087,0.032834582,-0.0012526287,0.004380505350208203,-0.0011989561057367181,-0.0004516582621390041,-0.0020248573,-0.00021238797,0.0001198512,15.3,-1.0,0.5000267,0.72900873,0.72891086,0.72791326,0.72795784
49.6,4.6667833,0.07985099,-2.4384167,0.00077411113,0.018564152,0.0020759369,-0.0017438146,0.03602588,0.0064163464,0.004181079987281897,-0.0011697596514684205,-0.00020405714061721327,-0.00019087535,-0.0006493476,0.0015097093,15.3,-1.0,0.5000267,0.72900116,0.72844005,0.72806406,0.7285234
49.7,4.664443,0.0764461,-2.4381628,-0.00078811275,0.01831157,0.0018080524,0.0069420924,0.033127096,0.003237277,0.003997389318306799,-0.0012475570309752615,0.00011430675409264778,-0.00052437285,-0.0018340189,0.0015792979,15.3,-1.0,0.5000267,0.72835326,0.7284936,0.728464,0.7285409
49.800000000000004,4.6621003,0.07310985,-2.4374857,-0.0017520133,0.017751647,0.0018458151,0.003104509,0.029252224,0.001549255,0.0039244703537170775,-0.0014259871011649673,0.00038124531235419134,0.00055395253,-0.0019984278,0.00083603594,15.3,-1.0,0.5000267,0.7282832,0.7283775,0.7284726,0.7288779
49.900000000000006,4.6600533,0.06940876,-2.4365451,-0.0021698838,0.016889546,0.0018908858,0.003264123,0.035828836,-0.0035022383,0.003908261612951304,-0.0016125408960702733,0.0005682923274685106,0.00072081876,-0.0009164779,0.0002550489,15.3,-1.0,0.5000267,0.7280752,0.7285126,0.7288656,0.72877645
50.0,4.659081,0.06615401,-2.4355087,-0.0015688954,0.016685337,0.0019121239,0.010719564,0.037424237,-0.0010100192,0.00395689398129405,-0.0017460296113249146,0.0006575953872901463,0.0009828244,-0.0011892281,-0.00024252389,15.3,-1.0,0.5000267,0.728301,0.72825605,0.72914624,0.728616
50.1,4.658816,0.06279391,-2.4343448,-0.0002051621,0.016937232,0.0018483001,0.013543763,0.035939526,-0.0088308,0.003999067858482002,-0.0017728060981273856,0.0006744602095513548,0.0014813428,0.00088693027,-7.247295e-05,15.3,-1.0,0.5000267,0.728484,0.7281458,0.7287598,0.7290463
50.2,4.658667,0.06030527,-2.4337516,0.00082381594,0.017575536,0.0017186997,0.004489105,0.034094084,-0.0057988795,0.003979246440185221,-0.001637272360721586,0.0006261255075174408,7.8259574e-05,0.0022136534,-0.0012295196,15.3,-1.0,0.5000267,0.72833186,0.72846824,0.72864294,0.72892296
50.300000000000004,4.6582747,0.05846756,-2.4333541,0.0013660459,0.018844979,0.0013942731,0.0071781697,0.03153411,-0.007953494,0.003894108628602217,-0.0014647628710075602,0.0005645248205190959,-0.0014670216,0.001434384,-0.0012362258,15.3,-1.0,0.5000267,0.72828233,0.72853565,0.72873384,0.728556
50.400000000000006,4.658026,0.057057083,-2.4329276,0.0017448722,0.0197333,0.0012360701,-0.0020289412,0.029573197,-0.011343508,0.0037034479997684637,-0.001322063916362593,0.0005316717973578474,-0.0014790868,-6.1840765e-05,-0.0006515458,15.3,-1.0,0.5000267,0.72887427,0.72797257,0.72868556,0.7284853
50.5,4.658104,0.05569699,-2.4320567,0.0022226102,0.020517528,0.0013333745,-0.0006208638,0.026461413,-0.007095746,0.0034646115224086305,-0.0012213683008188922,0.0004977591822795689,-0.0021228157,0.0016932426,-0.001170508,15.3,-1.0,0.5000267,0.72819924,0.7287532,0.72863364,0.72854316
50.6,4.657594,0.054461204,-2.4308636,0.0019390775,0.020703536,0.0011837973,-0.0015204413,0.0228345,-0.0047390345,0.0032500944237057908,-0.0011372942808354019,0.00046575682298648105,-0.00055546925,-0.0002618801,-0.0014351252,15.3,-1.0,0.5000267,0.72879666,0.72815937,0.72839355,0.7287041
50.7,4.656448,0.05336452,-2.4302862,0.0009842018,0.020746052,0.0009208779,0.002230559,0.024051467,0.006530899,0.003086633918095058,-0.0010781379034192394,0.000420904040129626,-0.0016822465,-0.0010651568,-0.0017716917,15.3,-1.0,0.5000267,0.7283925,0.72846615,0.7286972,0.7281743
50.800000000000004,4.655446,0.05247765,-2.4305897,0.00039787265,0.020632654,0.00045746285,0.0054055788,0.01872137,-0.0024572944,0.0029836442408623094,-0.001139836981762567,0.0003578085398994566,-0.001176203,-0.0003111902,-0.0016855833,15.3,-1.0,0.5000267,0.7279547,0.72883874,0.7280983,0.72843933
50.900000000000006,4.6545563,0.051906455,-2.431648,-7.4792355e-05,0.021032315,1.3290781e-05,0.006088036,0.016079547,-0.004133209,0.0029236968427703634,-0.0012465523484826904,0.00033032567773250333,0.00061840273,-0.00095891557,-0.0012717317,15.3,-1.0,0.5000267,0.72833824,0.7281426,0.7278449,0.7285232
51.0,4.654104,0.052094612,-2.4330041,-9.894915e-05,0.022038318,-0.00017983343,0.007414626,0.018891888,0.0053634862,0.002806130055827814,-0.001333566359305136,0.00026838516857423535,-0.00081851834,-0.00080105575,-0.0014335513,15.3,-1.0,0.5000267,0.7282596,0.7282267,0.7278845,0.72815746
51.1,4.654562,0.052779064,-2.4347603,0.00043296808,0.023232404,-5.6949033e-05,0.0018235795,0.014340106,0.009184702,0.002625251276602047,-0.0013914056426351325,0.00025244491398604055,-0.002099196,0.00010820486,-0.00018781505,15.3,-1.0,0.5000267,0.7283443,0.7281593,0.72798175,0.72814924
51.2,4.655216,0.05355469,-2.4364436,0.0013533717,0.02397536,0.000116672745,0.00592899,0.018089185,0.004138797,0.0023935846615415956,-0.0013713403753976788,0.0002421435563053334,-0.0019877632,0.0011302402,-0.0008706276,15.3,-1.0,0.5000267,0.7283692,0.7282379,0.72810376,0.72815573
51.300000000000004,4.656005,0.054531842,-2.4377801,0.002609509,0.024546837,0.00030033482,0.01533048,0.010930507,0.007738359,0.0021561016453695136,-0.0012664086856398582,0.0002981865794235358,-0.0026440506,0.0014537672,-0.0006581509,15.3,-1.0,0.5000267,0.728225,0.7282729,0.7284065,0.7281315
51.400000000000006,4.657058,0.055103194,-2.4386647,0.003619151,0.02443256,0.000557429,-0.0015493105,0.01773386,0.004220288,0.0019330793614556587,-0.0011051362863885126,0.00036451858144717007,-0.002251575,0.0024638653,-0.00036104186,15.3,-1.0,0.5000267,0.7280225,0.7284892,0.72849876,0.72837347
51.5,4.658464,0.05578135,-2.4393325,0.004657071,0.024251033,0.00036157205,-0.0018846157,0.010859025,9.546056e-05,0.0018224424091548344,-0.0008966908434949797,0.0003652604840402885,0.0010785566,0.0034034075,-0.0011346758,15.3,-1.0,0.5000267,0.7284623,0.72809,0.7279136,0.72875524
51.6,4.659891,0.056466065,-2.439709,0.005199493,0.024064017,0.00077598647,-0.00422027,0.0048423894,0.011819414,0.0017400523390104976,-0.0007090244023764188,0.0003715583583186088,-0.0008831931,0.0022463389,-0.0012493983,15.3,-1.0,0.5000267,0.7280013,0.72875124,0.7284951,0.7283683
51.7,4.6608267,0.057008956,-2.440109,0.0051637352,0.023486972,0.0007160847,-0.0070274207,0.00893517,0.0010672956,0.001662346531662167,-0.0005535476512533237,0.0003741489922870749,0.00046300885,0.0009785282,-0.00085906,15.3,-1.0,0.5000267,0.72845215,0.728311,0.7283242,0.72861826
51.800000000000004,4.661046,0.05768433,-2.4413364,0.0047733174,0.023091095,0.0005220669,-0.0010337827,0.007024479,0.0046389173,0.0016330695845195111,-0.0004730596915890431,0.0003742449173813242,0.00039619766,8.583958e-05,-0.0014704512,15.3,-1.0,0.5000267,0.7283791,0.7282832,0.72850543,0.72833234
51.900000000000006,4.6601825,0.05814622,-2.4426954,0.003434642,0.022165874,0.00022835316,-0.004016379,0.0030825415,-0.011692288,0.001599490612686459,-0.00046970836930993815,0.00034858389772997724,0.0009793497,-0.0006410918,-0.001275072,15.3,-1.0,0.5000267,0.7283254,0.72821814,0.728203,0.72859305
52.0,4.658776,0.057990693,-2.443819,0.0019930333,0.020740658,0.00023581357,-0.002576693,0.005097971,0.0015413387,0.0016212597928541527,-0.0005590555383295677,0.0002895942340431111,0.0009846303,-0.002769181,-0.001151337,15.3,-1.0,0.5000267,0.7282226,0.7283437,0.7285988,0.728067
52.1,4.657254,0.057102576,-2.4447222,0.00045020934,0.018721627,0.00024487096,0.005338054,0.002574607,0.0002449378,0.0017210261720842842,-0.000748753233902916,0.00017587558367112896,0.00200365,-0.002505962,-0.0013998714,15.3,-1.0,0.5000267,0.728232,0.7285714,0.72822684,0.72821325
52.2,4.6560316,0.05578689,-2.4454575,-0.00064628694,0.017351953,0.0002631901,-0.003071071,0.014028787,-0.0071544196,0.001894109403645187,-0.0009930309873178939,0.0001208019748040465,0.0026543343,-0.0024127588,-0.00054779206,15.3,-1.0,0.5000267,0.7282769,0.72857803,0.72828436,0.7282368
52.300000000000004,4.654502,0.054151814,-2.446335,-0.0017128686,0.016081266,0.0001804487,0.002074129,0.018649545,-0.009678769,0.0020945111554220015,-0.0011962576833075209,8.68491901434298e-05,0.0017121907,-0.0021072354,-0.0004356152,15.3,-1.0,0.5000267,0.7281215,0.728673,0.7285314,0.7280087
52.400000000000006,4.6526866,0.05260027,-2.4470248,-0.00256721,0.015027896,1.25751285e-05,0.0045978758,0.0043871566,-0.0035334376,0.0022619882584069594,-0.0013749251787749718,3.5973970750305494e-05,0.0017292349,-0.002445417,-0.00011061861,15.3,-1.0,0.5000267,0.72827524,0.7284661,0.7283355,0.72799504
52.5,4.650514,0.051114675,-2.44743,-0.0035649675,0.0143058,0.00021036436,0.000109088425,0.015475607,0.0010938382,0.0024160623427006214,-0.001545715584931372,-1.8327937176696046e-05,0.002294409,-0.0028440794,-0.0007763457,15.3,-1.0,0.5000267,0.72868156,0.728181,0.7282967,0.72810787
52.6,4.6480775,0.050003447,-2.4477422,-0.0047125323,0.014256799,0.0006282797,0.0045107566,0.014883615,-0.0014775431,0.002550655292765346,-0.001713639137378636,4.742245057663452e-06,0.001520395,-0.0009115537,0.000554971,15.3,-1.0,0.5000267,0.72832817,0.72859687,0.72809553,0.72876966
52.7,4.6462173,0.04950632,-2.4481084,-0.004881862,0.014516883,0.00077236304,0.011575934,0.010552783,-0.0071418467,0.0025665496069671753,-0.0019427118767640415,2.4939005642432844e-05,-0.00033353295,-0.0027700914,-0.00056451344,15.3,-1.0,0.5000267,0.7285636,0.7285171,0.728812,0.72815716
52.800000000000004,4.6455216,0.04944571,-2.4483619,-0.004005432,0.015181759,0.0007007325,0.0072140032,0.016380742,-0.0017429701,0.002535114732333331,-0.002071120221983178,6.579606026832023e-05,-0.00021011168,-0.0003038913,-0.00033523107,15.3,-1.0,0.5000267,0.72857314,0.72850496,0.7283684,0.72850394
52.900000000000006,4.6458554,0.04966456,-2.4481978,-0.002377565,0.016056925,0.00054357934,0.007363584,0.0146664325,-0.002202112,0.002402006117545077,-0.002065962153973247,0.00016725378568831903,-0.0024188969,0.0014651367,-0.00080700946,15.3,-1.0,0.5000267,0.72818977,0.7287511,0.7287079,0.72815096
53.0,4.646993,0.04985358,-2.4484258,-0.00068124465,0.016613504,0.0006005109,0.008858957,0.0079409545,-0.0026882624,0.0022124261908348106,-0.001927394150055348,0.0003141148999196121,-0.0025524576,0.002817664,0.00026013312,15.3,-1.0,0.5000267,0.7282117,0.72857577,0.72865885,0.72846884
53.1,4.648601,0.050727874,-2.4485269,0.0015585345,0.017407998,0.00046523544,0.009007486,0.016595261,-0.0038356518,0.0020569415141333176,-0.0016803259428763394,0.00044376981239158033,-0.0021597408,0.0037748828,0.00016640023,15.3,-1.0,0.5000267,0.7280782,0.7285177,0.72874457,0.72844523
53.2,4.650079,0.05285706,-2.4482937,0.00293493,0.018801404,0.00049130403,0.0031274834,0.004931831,-0.0017234123,0.0019155482486826567,-0.001350665502985667,0.0005300309711475164,-0.0019366455,0.0041689235,-0.0007035721,15.3,-1.0,0.5000267,0.72805214,0.7285247,0.72844976,0.72879654
53.300000000000004,4.65167,0.05618693,-2.4480124,0.0036154639,0.020732472,0.0005260383,0.0076528983,-0.001966593,-1.2107193e-05,0.0016676453535935884,-0.0010750563287092682,0.0005892636297570518,-0.0038253348,0.0029299522,-9.860891e-05,15.3,-1.0,0.5000267,0.7280758,0.728463,0.72843754,0.7289026
53.400000000000006,4.65311,0.059353404,-2.4475727,0.003811298,0.022042623,0.0006370223,0.0029034845,0.004026638,-0.0030728986,0.0013240075343080623,-0.0008603262655321495,0.0006010280514959353,-0.0046783723,0.00067690224,-0.001161058,15.3,-1.0,0.5000267,0.7281539,0.7285014,0.7292069,0.7282094
53.5,4.654809,0.06213402,-2.446969,0.0040117656,0.022315389,0.0005999801,-0.0050305524,-0.0066427994,0.0071940008,0.0009771833863144344,-0.0007216269622766863,0.0005840258710034125,-0.0033717533,0.00090488925,-0.0005920197,15.3,-1.0,0.5000267,0.728106,0.7285825,0.72900206,0.7283583
53.6,4.657432,0.06468154,-2.4466846,0.0044765193,0.021803092,0.0003816953,-0.006255242,-0.00871889,-0.008701346,0.0007248982897687894,-0.0006712544812062861,0.000540197090172784,-0.0013464838,0.0010131672,-0.0013595256,15.3,-1.0,0.5000267,0.72825366,0.7284998,0.72858286,0.72856283
53.7,4.660614,0.0668953,-2.4462802,0.0055339127,0.020872254,0.00038683708,-0.0041422653,-0.005226325,0.00047497448,0.0006340883207179087,-0.000610019980808173,0.0004898592931393175,-0.00015641685,0.002086691,-0.0017481376,15.3,-1.0,0.5000267,0.7281332,0.7287873,0.7284067,0.72850615
53.800000000000004,4.6638727,0.068972036,-2.4460497,0.0068085543,0.020221572,0.00038147593,-0.0059460266,-0.0044279248,0.0011930241,0.0006305740647150643,-0.0004918160040607495,0.0004874785248273907,0.0013687481,0.0009944758,-0.0021432873,15.3,-1.0,0.5000267,0.7289801,0.7279478,0.7286834,0.72822803
53.900000000000006,4.667518,0.071773365,-2.4460135,0.008326473,0.020119539,0.00028496844,-0.004654197,-0.002764092,-0.0035758128,0.0006798124117510285,-0.00028952493387626965,0.00047424110275182504,3.9032064e-05,0.0032141157,-0.0022318354,15.3,-1.0,0.5000267,0.7283578,0.7286428,0.7283326,0.728488
54.0,4.670885,0.07460321,-2.44644,0.009360505,0.020086301,-0.00030410482,-0.010674009,0.0013178847,0.0025960614,0.0006822394615259054,-5.243679448234192e-05,0.0005201340259051457,8.646127e-05,0.0027364679,-0.0010566475,15.3,-1.0,0.5000267,0.72825253,0.7282356,0.72832453,0.7282742
54.1,4.674231,0.07790991,-2.4470367,0.010165795,0.019824024,-0.00076758536,-0.014041529,-0.010189141,0.006984453,0.0006230066562679975,0.00018317615895967088,0.0005459412518885542,-0.00087311567,0.0018640063,-0.0011534082,15.3,-1.0,0.5000267,0.72806346,0.72804165,0.7285741,0.72779423
54.2,4.6767297,0.08105812,-2.4475248,0.009779702,0.019641843,-0.00077531714,-0.021856638,-0.0014003323,0.005058478,0.0005849089458356226,0.00041063308045438804,0.0005001368661565898,-2.1228723e-05,0.0015762458,-0.0023790423,15.3,-1.0,0.5000267,0.7281758,0.727987,0.72824323,0.72803307
54.300000000000004,4.678242,0.08437978,-2.448426,0.008378419,0.019337412,-0.0007617873,-0.020780768,-0.010277895,0.0080117015,0.000540213633439332,0.0005183248517358827,0.0004055414466602535,-0.00033210218,0.00016167451,-0.002025716,15.3,-1.0,0.5000267,0.72803944,0.7281628,0.7281909,0.72798014
54.400000000000006,4.6787543,0.08718851,-2.4491658,0.0066081574,0.01915569,-0.00062024756,-0.015569442,0.003222446,0.0037318093,0.0004916300671678343,0.0004658165412154065,0.00030432074603435356,-0.0019722742,-0.0023223944,-0.001718353,15.3,-1.0,0.5000267,0.7279765,0.7283725,0.72864455,0.72754997
54.5,4.6786213,0.08990675,-2.4498289,0.0043495377,0.01881683,-0.00049224956,-0.014648994,-0.010590527,0.0048088836,0.0004336739407336469,0.0002860102032439106,0.00019561629202276,-0.0007371098,-0.0032017299,-0.0013277231,15.3,-1.0,0.5000267,0.72817737,0.7282726,0.7283824,0.72781914
54.6,4.67807,0.092342615,-2.4500358,0.0020300203,0.017918186,-0.00020197484,-0.013073346,-0.00673935,0.005699228,0.0004212994331710641,-1.9475716953457258e-05,0.00010067917809317854,-2.6491969e-05,-0.004224933,-0.00036205718,15.3,-1.0,0.5000267,0.728292,0.7283555,0.7283729,0.72789794
54.7,4.677475,0.09468185,-2.4498553,0.0006956068,0.017265616,0.00017837985,-0.006757031,-0.004275696,-6.426125e-05,0.00045998675223721296,-0.00037473405842464267,2.97823782868066e-05,0.0013561628,-0.0031861148,-0.00016805687,15.3,-1.0,0.5000267,0.72866344,0.72835803,0.7279966,0.72840214
54.800000000000004,4.6774683,0.097069934,-2.449385,0.0006546786,0.016858296,0.0004007787,-0.0018727343,-0.011052597,0.0043166797,0.0005442521407918287,-0.0007132981220873053,7.131943146444005e-05,0.0011422988,-0.003045534,-0.0011529733,15.3,-1.0,0.5000267,0.7287087,0.72822756,0.7285412,0.72816044
54.900000000000006,4.678174,0.09955873,-2.4479654,0.0014581933,0.016850054,0.0009828478,-0.004342623,0.0026919881,0.0031813977,0.0005637332994548091,-0.0008564503353610743,0.0001314258450276081,0.00039537615,0.00032674847,5.9684884e-05,15.3,-1.0,0.5000267,0.7287289,0.728547,0.7283197,0.7287387
55.0,4.679264,0.10180176,-2.4461985,0.0023853146,0.017141482,0.0011110272,-0.0011900169,-0.0035207698,-0.008171889,0.0005365167382302583,-0.000829625533599458,0.00022258919993747937,-6.1919156e-05,0.0013034528,-3.517307e-05,15.3,-1.0,0.5000267,0.7288478,0.7284928,0.7287162,0.72857815
55.1,4.680498,0.10425117,-2.4438064,0.0027191546,0.01713346,0.0015618473,-0.0021333985,-0.0058158347,-0.0065648924,0.0004574293268762626,-0.0007059991668215332,0.000280949741096737,-0.0014246716,0.0025305212,-0.0005110273,15.3,-1.0,0.5000267,0.72865546,0.7289573,0.7287417,0.7289004
55.2,4.6815352,0.106307015,-2.4424298,0.0030192067,0.017017443,0.001127859,-0.004320043,-0.0010174997,-0.002984423,0.0003632677862210633,-0.0005457063531988222,0.0003605625878092388,-0.00057957316,0.0009182177,-0.0005198971,15.3,-1.0,0.5000267,0.72874576,0.72843355,0.7288692,0.72876644
55.300000000000004,4.682741,0.10844608,-2.4412498,0.003153741,0.016739218,0.00079707464,-0.0015924212,-0.013933165,-0.0041602175,0.0002961285276322226,-0.0004598917625646436,0.00036444316180716174,-0.0005048032,0.00018076815,-0.0006482175,15.3,-1.0,0.5000267,0.7286672,0.7284481,0.7289737,0.7284401
55.400000000000006,4.683112,0.11002722,-2.4404616,0.0026900396,0.016028948,0.00039080903,-0.005514979,-0.003991532,-0.004114117,0.00023175215617924223,-0.00039447829504824595,0.0003492308147847072,0.00045586904,0.0011136092,-0.0012941533,15.3,-1.0,0.5000267,0.7283723,0.72856003,0.72830695,0.72884876
55.5,4.6832204,0.111600354,-2.4398553,0.0020875179,0.015165321,0.0002801432,0.003303194,-0.009167948,-0.0009541399,0.00028330417474873334,-0.0004252091178222746,0.00030530135292025314,0.00046338642,-0.0013921882,-0.001074637,15.3,-1.0,0.5000267,0.7285284,0.72837114,0.7288952,0.7281443
55.6,4.683363,0.113135,-2.4399252,0.0018328485,0.014188855,2.3893612e-05,0.0031919728,-0.010729285,-0.00023469327,0.0003400280494857675,-0.000491329887783795,0.00028129503586262855,0.00074443006,-0.00069348345,-0.0004456417,15.3,-1.0,0.5000267,0.7284325,0.7283098,0.72867346,0.7282386
55.7,4.68352,0.11479838,-2.4401572,0.0014605118,0.013539885,1.8358896e-05,-0.0078109726,-0.008277237,-0.00398932,0.00043160674901007387,-0.0005513843598020954,0.000249567962606419,0.00015758816,0.00046187663,-0.0010453488,15.3,-1.0,0.5000267,0.72802585,0.7288168,0.7282996,0.72853637
55.800000000000004,4.6838875,0.11655077,-2.4408114,0.0014457327,0.013100597,-0.00012459612,-0.0060538063,-0.008590176,-0.0112755215,0.0005096545899431697,-0.0005924227263523601,0.00022127139015203117,0.0013676725,-0.0008632153,-0.0013124365,15.3,-1.0,0.5000267,0.728786,0.72807205,0.7285514,0.72817004
55.900000000000006,4.6844726,0.118825234,-2.4413118,0.001963316,0.013253956,2.5365971e-05,-0.002295482,-0.0023422102,-0.0057560387,0.0005478151559658084,-0.0006178676403528796,0.00021945003859958462,0.0008438126,-0.00019969675,-0.0013949894,15.3,-1.0,0.5000267,0.7288124,0.72811574,0.7283813,0.72838473
56.0,4.6846967,0.12085594,-2.4417486,0.0024780703,0.013412374,-7.327235e-06,0.00018012109,-0.0042565092,1.2572854e-05,0.0005344510314174522,-0.0006077584839412213,0.0002673856984498187,0.00014494809,0.00030091498,-0.0003132592,15.3,-1.0,0.5000267,0.7286363,0.72808105,0.7283507,0.7285128
56.1,4.6844916,0.12240904,-2.4420621,0.0022325262,0.012903581,0.00023979912,-0.0055578966,-0.007525294,-0.00011874362,0.00045408823690036543,-0.0005135042943286388,0.00025579566473672477,0.0011649064,0.0010104836,-0.00018543252,15.3,-1.0,0.5000267,0.72860664,0.7283259,0.7278895,0.72905475
56.2,4.684008,0.123286575,-2.4420466,0.0019139925,0.012316956,0.0004620008,-0.0027727,0.003179993,0.0026593914,0.0004461626224241812,-0.000504204453548906,0.00023731259055529428,0.00062979397,-0.00056723726,-0.0010737227,15.3,-1.0,0.5000267,0.72863495,0.7284473,0.7284938,0.7285408
56.300000000000004,4.683362,0.124249935,-2.4418898,0.001596239,0.011737451,0.00047202088,-0.006589827,-0.004338532,-0.013510696,0.0005130325475102547,-0.0005257274086393663,0.00023874644887469218,0.00177859,-0.0010878074,0.0002812633,15.3,-1.0,0.5000267,0.7289102,0.72821105,0.7287654,0.7284307
56.400000000000006,4.6828685,0.12536661,-2.4419112,0.0016569503,0.011772433,0.0004580807,0.002844305,-0.0030237066,-0.005020294,0.0005345421879102532,-0.0005478330021054877,0.00021769603190578693,3.819132e-05,0.0006042548,-0.00030796626,15.3,-1.0,0.5000267,0.7282678,0.72888887,0.72851574,0.72858775
56.5,4.6822653,0.12648106,-2.4421837,0.0012482731,0.011313931,8.207795e-05,-0.005005528,-0.009939727,-0.0034412367,0.0005389029711565073,-0.0005445491466045827,0.00022250175495006677,0.0004021509,-0.00049279985,-0.0005110178,15.3,-1.0,0.5000267,0.7286949,0.72816765,0.72851604,0.7284259
56.6,4.6813483,0.12753995,-2.4434028,0.00070430484,0.010856027,-0.00014651704,-0.003984363,-0.0066202544,0.004983041,0.000532812044814868,-0.000598564867223985,0.00024158657569254852,-0.0011225211,-0.0014612782,-0.0009690529,15.3,-1.0,0.5000267,0.72826886,0.7284074,0.72891563,0.7279287
56.7,4.6796985,0.12821561,-2.44525,-0.0003360567,0.010151455,-0.00071311346,-0.0045303428,-0.0079418495,0.0035427508,0.0005323355045170617,-0.0006379853454364562,0.00021260938722770774,-0.0003420161,-0.0007666881,-0.000681191,15.3,-1.0,0.5000267,0.7279756,0.7284428,0.7286219,0.7278306
56.800000000000004,4.677632,0.12882592,-2.447626,-0.0011382155,0.00940096,-0.0010907303,0.0014399017,-0.007965202,0.009219627,0.0005903798570235581,-0.0007764922971796432,0.00017826817284431341,0.0014085058,-0.0019621444,-0.0007846125,15.3,-1.0,0.5000267,0.728248,0.72796416,0.7279405,0.7281932
56.900000000000006,4.674879,0.12949105,-2.451092,-0.00232348,0.008622368,-0.0014728317,0.0022817864,-0.01049388,0.013019889,0.0006868483073538541,-0.0009253488297763354,0.00013376165637867942,0.0014208421,-0.0012736378,-0.000982312,15.3,-1.0,0.5000267,0.72785693,0.7281266,0.72771,0.72810614
57.0,4.6725273,0.13003369,-2.4548843,-0.0030022282,0.008085523,-0.0016478875,0.004312316,0.0045801797,0.015120952,0.0007885452787654837,-0.0010748945451340142,9.999763909873084e-05,0.0010209666,-0.0014007674,0.000325231,15.3,-1.0,0.5000267,0.7277551,0.72810215,0.7277117,0.72790694
57.1,4.670195,0.13051918,-2.458897,-0.0033922046,0.007827352,-0.0076984335,0.010575443,0.0023369468,-0.2719648,0.0008581671510540442,-0.0005652926192936573,8.94861280310403e-05,0.00044184874,0.048374236,-0.00068026764,15.3,-1.0,0.5000267,0.7740576,0.7036723,0.7741569,0.7034564
57.2,4.668172,0.13049223,-2.4637837,-0.018349739,0.0071496596,-0.030212263,-0.37872723,-0.00016263084,-0.1417375,0.0008947738397819816,0.04171943113069167,0.00011846152108605422,0.0019639644,0.6033567,-0.0015399915,15.3,-1.0,0.5000267,0.7278053,0.7345498,0.7270429,0.73531747
57.300000000000004,4.661594,0.1302983,-2.4695666,-0.09107492,0.006383367,-0.033203837,-0.93380964,0.0021329832,0.054348722,0.0009714040519452442,0.09591023316626532,0.0001734713109186286,0.0008178849,0.44390982,-0.001062219,15.3,-1.0,0.5000267,0.7180533,0.73564535,0.7186669,0.73515856
57.400000000000006,4.646057,0.13075201,-2.473927,-0.19751847,0.006351046,-0.024567671,-1.2069982,0.00029120245,0.1127175,0.0010909746040129854,0.12556506410045246,0.0002793295791734252,0.0013531977,0.1841231,0.00024139546,15.3,-1.0,0.5000267,0.72095245,0.7316819,0.72069085,0.73229706
57.5,4.6184177,0.13227738,-2.4768152,-0.31988132,0.0068858857,-0.013641161,-1.2775531,-0.00095534907,0.10291952,0.0012021399012326528,0.13324817088270707,0.0004425882319035501,0.0014143559,0.001290435,-0.001397632,15.3,-1.0,0.5000267,0.7246161,0.7300646,0.7241816,0.7308479
57.6,4.5731726,0.13503776,-2.4784894,-0.45345134,0.00826673,-0.0041392148,-1.209173,0.0010024746,0.07555214,0.0012249586733715102,0.12735834342988364,0.0007733437652610937,-0.00031034503,-0.1006271,-0.0006044605,15.3,-1.0,0.5000267,0.7276107,0.728855,0.72787744,0.7294459
57.7,4.51176,0.1385669,-2.4788826,-0.57813346,0.00969469,0.0019299828,-1.0702616,0.00057033135,0.037355345,0.0011188521167416004,0.11450281585311727,0.0010651472841796572,-0.0024990472,-0.14783692,-0.0013665959,15.3,-1.0,0.5000267,0.729062,0.7285835,0.72969854,0.7293043
57.800000000000004,4.442509,0.14181755,-2.4792218,-0.680004,0.010565348,0.004660544,-0.90644085,-0.008607769,0.014481134,0.0009109965464247433,0.09887107008300687,0.0012891842912452667,-0.0012295307,-0.16216396,-0.0022301155,15.3,-1.0,0.5000267,0.7304468,0.7275504,0.7307722,0.728702
57.900000000000006,4.3569975,0.14503554,-2.479152,-0.7728709,0.010808809,0.0058737346,-0.7391063,-0.00024854668,0.017192213,0.0007168480400344901,0.08299301952970826,0.0015198823307834444,-0.0015952569,-0.15787199,-0.0024871128,15.3,-1.0,0.5000267,0.7309697,0.72679085,0.7315915,0.7279212
58.0,4.2702656,0.14781946,-2.4789972,-0.8429171,0.010546168,0.005749411,-0.5973667,-0.008834483,-0.0055804844,0.0006055925307490103,0.06836809424325317,0.0017432903818090496,0.0007828629,-0.14089651,-0.0025597939,15.3,-1.0,0.5000267,0.7316361,0.7256964,0.73147684,0.7277656
58.1,4.1709857,0.15091081,-2.4790742,-0.90223247,0.0104252845,0.005408211,-0.45146632,-0.009416936,-0.0024200415,0.0005714881089695127,0.05563757532992622,0.0019244001766952506,0.0003804763,-0.11816514,-0.003194662,15.3,-1.0,0.5000267,0.7308152,0.72598326,0.7314299,0.7275308
58.2,4.076351,0.15422738,-2.4789555,-0.94400984,0.010732262,0.004911769,-0.35407907,-0.007297455,0.003818888,0.0005549735496569907,0.045059509413909946,0.0019340264251004181,0.00031093406,-0.09574493,-0.0027808817,15.3,-1.0,0.5000267,0.7309686,0.72551394,0.7312274,0.7272948
58.300000000000004,3.9718301,0.15823787,-2.4788868,-0.97737545,0.011596889,0.004434194,-0.25518632,-0.008310772,-0.0052941027,0.0005098860667385332,0.036663150106864634,0.0017373954897744954,-0.00033706406,-0.07395393,-0.005052807,15.3,-1.0,0.5000267,0.73083377,0.72581184,0.7305086,0.72740275
58.400000000000006,3.8744426,0.1622644,-2.4787354,-0.9995197,0.012593016,0.0039859023,-0.19480112,-0.0035120104,-0.004188157,0.0003830592947090576,0.030167940582115197,0.0013643095838502225,-0.002595381,-0.056411542,-0.005994487,15.3,-1.0,0.5000267,0.7309585,0.7259354,0.7306259,0.72658485
58.5,3.7767417,0.16641325,-2.4786654,-1.0153375,0.013356903,0.0038552177,-0.13899109,-0.0058530383,-0.004918314,0.00016452914775599508,0.02532653380979359,0.0009175192682801923,-0.0030925737,-0.040425822,-0.004315594,15.3,-1.0,0.5000267,0.7310292,0.72636276,0.7302085,0.7264477
58.6,3.6704733,0.17089975,-2.4784417,-1.0279279,0.0142956525,0.003617977,-0.11352593,-0.004037801,0.0027278436,-3.4441930826319964e-05,0.021788481323315845,0.0004754451604070227,-0.0032920956,-0.030407064,-0.0033524884,15.3,-1.0,0.5000267,0.73117924,0.72647357,0.73014176,0.72606957
58.7,3.5637987,0.17535083,-2.4779954,-1.0365328,0.014769143,0.0037980143,-0.08119175,-0.014463454,-0.0009546056,-0.00026568278886430585,0.019201752120867145,3.833486925277486e-05,-0.0024482403,-0.022121018,-0.0042032753,15.3,-1.0,0.5000267,0.7316577,0.7265883,0.7297033,0.7263223
58.800000000000004,3.4651935,0.17889124,-2.4772778,-1.0422387,0.014525476,0.0038574527,-0.063192666,-0.01838171,-0.0047446224,-0.00048081524619280036,0.017314052029150224,-0.00027572193970578935,-0.0015502331,-0.015812958,-0.0027898538,15.3,-1.0,0.5000267,0.7317128,0.7268419,0.7295076,0.7265015
58.900000000000006,3.3587964,0.18221438,-2.4765403,-1.0458815,0.013866606,0.0035157164,-0.037663966,-0.021617927,-0.0041159797,-0.0006068314114104467,0.015901925704400226,-0.00044372688361060984,-0.0006258819,-0.011643896,-0.0017474224,15.3,-1.0,0.5000267,0.7315015,0.7268972,0.7296228,0.72636765
59.0,3.2610912,0.18482111,-2.4763925,-1.0475551,0.0128681315,0.0032270302,-0.033615027,-0.016826196,0.00045355406,-0.0006270422304383087,0.01492964031342762,-0.00048160624685048974,0.00029298998,-0.0071326713,-0.00092713133,15.3,-1.0,0.5000267,0.7312109,0.7269482,0.7294099,0.72664493
59.1,3.1559637,0.18728156,-2.4765744,-1.0482042,0.011656631,0.0027177099,-0.025914766,-0.014753689,-0.0048433426,-0.000585484477549964,0.014268021432232478,-0.00040774095679043927,0.00022125273,-0.0046534943,-0.0007853231,15.3,-1.0,0.5000267,0.73104346,0.7266854,0.72988886,0.7262419
59.2,3.0596557,0.18950188,-2.4763496,-1.0475138,0.01085124,0.002453913,-0.018941969,-0.011624631,0.00015366821,-0.0004873129167406741,0.013841927886431087,-0.00030555114311409256,0.0013155839,-0.0011245765,7.90992e-05,15.3,-1.0,0.5000267,0.73099875,0.7263799,0.72941864,0.72683775
59.300000000000004,2.9559503,0.19197175,-2.4756675,-1.0462073,0.010288878,0.0023121731,-0.020146513,-0.015324752,0.00054342666,-0.0003627172743399558,0.013650795224611715,-0.00016482096229993606,0.00020692978,0.0011887259,0.0004170064,15.3,-1.0,0.5000267,0.7302681,0.7267306,0.72989696,0.726721
59.400000000000006,2.859888,0.1946801,-2.4744816,-1.0453445,0.010304531,0.0025513684,-0.019161953,-0.014555811,-0.0014142132,-0.000310552139915512,0.01362910912013926,-4.041876044600344e-05,-2.3557255e-05,0.0017373754,0.00059886044,15.3,-1.0,0.5000267,0.7304822,0.7264675,0.7297842,0.72730523
59.5,2.7631953,0.19779608,-2.4732246,-1.0449365,0.010580492,0.0022334093,-0.014284607,-0.012094385,-0.004793517,-0.0002906982120267314,0.013656906828927411,5.1793708611285294e-05,-0.001052902,-7.7726734e-05,0.0014497804,15.3,-1.0,0.5000267,0.7307737,0.72590625,0.7302617,0.726866
59.6,2.6581125,0.2012326,-2.471663,-1.0448747,0.010561708,0.0021480524,-0.01942229,-0.015868168,0.00257045,-0.0003679208023519233,0.013620007687150253,0.0001342258753084095,-0.0014968198,-0.0014441278,-0.00033012027,15.3,-1.0,0.5000267,0.73092043,0.7256359,0.73039156,0.72682613
59.7,2.5529945,0.20483382,-2.470515,-1.0446262,0.010690074,0.0020972963,-0.017021528,-0.017371545,0.006987713,-0.0004243182855506713,0.013535763380834499,0.00019083662695885644,-0.0012886289,-0.0016341953,0.0014226737,15.3,-1.0,0.5000267,0.7307882,0.7258318,0.73025906,0.72692764
59.800000000000004,2.456092,0.20815569,-2.4695935,-1.0438313,0.010718651,0.0018263533,-0.02028575,-0.010191567,-0.0075409184,-0.00047683759826938756,0.013430256581283165,0.00022411523391888358,-0.00070800894,-0.001219327,-0.00020644181,15.3,-1.0,0.5000267,0.73094535,0.72571146,0.7302713,0.7268247
59.900000000000006,2.3505576,0.21170095,-2.4690883,-1.0434344,0.010976433,0.0017328854,-0.012383701,-0.018551668,-0.0024284234,-0.0005475321326749372,0.013382637574738713,0.00022371537142756455,-0.001904421,-8.264044e-05,-0.0005142479,15.3,-1.0,0.5000267,0.7304476,0.72629875,0.7302915,0.7266742
60.0,2.25256,0.21441135,-2.4690504,-1.0435153,0.0104054585,0.00141232,-0.013362033,-0.022158448,0.001023989,-0.0006280262442654729,0.013334897338180666,0.0002736843320909841,-0.001054173,-0.00012647666,0.00024468725,15.3,-1.0,0.5000267,0.7304327,0.7260482,0.7301913,0.72670203
60.1,2.1454916,0.21691574,-2.4685152,-1.0441179,0.009249227,0.0014816248,-0.016882032,-0.01572177,0.0015259719,-0.000648736615686825,0.01319449727240827,0.0002830436970811325,7.08313e-05,-0.0002782447,-0.00074754073,15.3,-1.0,0.5000267,0.73016244,0.7264369,0.7298046,0.7271078
60.2,2.0466778,0.21867189,-2.467438,-1.0444796,0.008163065,0.0015578971,-0.016199365,-0.011371215,-0.00068452203,-0.0005863921730696964,0.013008591238231804,0.0003035114482980336,0.00027291483,-0.001024612,6.244269e-05,15.3,-1.0,0.5000267,0.73020375,0.7264719,0.73008966,0.7269155
60.300000000000004,1.9400069,0.22061719,-2.4658446,-1.0441421,0.007787958,0.0017096415,-0.012695447,-0.004622722,-0.0037215648,-0.0004540738924508194,0.0127735282647708,0.0002966205051817273,0.0013363535,-0.0006710066,-0.0010625427,15.3,-1.0,0.5000267,0.7307357,0.7261984,0.72966695,0.72735727
60.400000000000006,1.8420161,0.22288437,-2.4646428,-1.0432885,0.0076088463,0.0018132104,-0.0038220931,-0.016346022,-0.004126224,-0.00034113065558392567,0.012622821957457255,0.00029123569178184306,0.0006198164,-0.0004785163,-0.00058081443,15.3,-1.0,0.5000267,0.73098165,0.72613436,0.7300954,0.7269877
60.5,1.7444013,0.22578691,-2.4636006,-1.0422101,0.008381041,0.0018313326,-0.022844879,-0.0072889784,-0.0042910683,-0.0003030367436168521,0.012536760925927875,0.00026733871080696374,-0.0006643233,0.0009291039,-0.00076703425,15.3,-1.0,0.5000267,0.73099226,0.7263339,0.72982436,0.72718734
60.6,1.6387777,0.22964789,-2.462383,-1.0407898,0.009471182,0.0015190884,-0.0068285074,-0.011075768,-0.0098333685,-0.0003835173194920145,0.012526171325315008,0.00030192111096846784,-0.0020526028,0.0018074837,-0.0006218025,15.3,-1.0,0.5000267,0.730794,0.7263461,0.7298434,0.7271489
60.7,1.532868,0.23389362,-2.4612484,-1.0398066,0.010575674,0.0013735198,-0.0019329671,-0.012962756,-0.010766554,-0.0005371544182568423,0.012560239541834954,0.00034947721072265135,-0.0027012553,0.0011931119,-0.0011247088,15.3,-1.0,0.5000267,0.73080206,0.72622454,0.7296834,0.727353
60.800000000000004,1.4351925,0.23695716,-2.4605904,-1.0392675,0.010588721,0.0010921388,-0.013884702,-0.019309776,-0.0063939947,-0.0007496925158743057,0.012611531047203575,0.0003721368399100673,-0.0031977564,0.0003772466,-0.0005088883,15.3,-1.0,0.5000267,0.73050827,0.7263412,0.7302788,0.7266384
60.900000000000006,1.3294084,0.23875551,-2.4602008,-1.0387043,0.009039309,0.0011515142,-0.010340103,-0.016948972,0.004649162,-0.0009047193195818088,0.012582521632455872,0.00033971719453057976,0.00045260973,-0.0003133738,-0.00057585805,15.3,-1.0,0.5000267,0.7309415,0.72591156,0.72978246,0.72716546
61.0,1.2317591,0.23935089,-2.4606774,-1.037988,0.0071225828,0.0009746379,-0.0047750142,-0.017658705,-0.0024489125,-0.0008976802915101158,0.012570989201945128,0.0002648045289658885,0.0011733442,0.000453457,-0.0018028268,15.3,-1.0,0.5000267,0.7305559,0.72629786,0.72990346,0.72698677
61.1,1.1259346,0.23948006,-2.4615002,-1.0373071,0.0049600815,0.0005470469,-0.014261105,-0.014096577,-0.0032023524,-0.0006819343542475917,0.01253211840534982,0.00018567870810088903,0.0040678266,0.0006907619,-0.0006364407,15.3,-1.0,0.5000267,0.7305904,0.7260724,0.729487,0.7271479
61.2,1.0277445,0.24017815,-2.4626598,-1.0368932,0.0037685889,0.00032801504,-0.0043982035,-0.0015410038,0.0031958332,-0.0004055995834738341,0.012514426980871468,0.00010080265407945614,0.003520285,-0.00015788958,-0.0010296776,15.3,-1.0,0.5000267,0.7307671,0.72595495,0.7295638,0.7267315
61.300000000000004,0.92077494,0.24132694,-2.4643505,-1.0370058,0.003261173,0.00018970473,-0.007961702,-0.00052280875,-0.0003064051,-0.00015928340007838768,0.012499949363580735,8.437798024589928e-05,0.003197134,0.00078199786,-0.00083279214,15.3,-1.0,0.5000267,0.7307957,0.7258678,0.7289855,0.72724694
61.400000000000006,0.82183087,0.24252848,-2.4656003,-1.0373801,0.0030396865,0.00011457948,-0.0010453295,-0.008140683,-0.00039348376,2.4092290159364627e-05,0.012359799292773251,0.00011337119162131461,0.0020422246,-0.0022706783,-0.00072718057,15.3,-1.0,0.5000267,0.7311417,0.72535276,0.72943455,0.7268618
61.5,0.72316515,0.24331106,-2.4669034,-1.0375134,0.0024814655,3.2698325e-05,-0.008398175,-0.0055625075,0.009956303,8.630616656678918e-05,0.01217820879592115,0.00010422062833596059,0.0006209579,-0.0019419483,-0.0011597406,15.3,-1.0,0.5000267,0.7305515,0.7259494,0.72958094,0.7265757
61.6,0.6160737,0.24434648,-2.4680834,-1.0380282,0.0025116135,0.00025974453,0.0024934378,-0.0025574397,0.004183966,0.00016864550350753483,0.01204080074776871,0.00015677817373403163,0.00039808734,-0.0009154044,-0.000109441215,15.3,-1.0,0.5000267,0.7302395,0.72621834,0.7295216,0.7269222
61.7,0.50858253,0.24557348,-2.4689844,-1.0384144,0.002858601,0.00053741946,-0.0005626643,0.004224691,-0.0040284353,0.00020673157435752298,0.01183731719101236,0.0001967850794499919,-0.00017834979,-0.0014598327,0.0007054874,15.3,-1.0,0.5000267,0.7304828,0.72617614,0.72957206,0.7270721
61.800000000000004,0.40906832,0.24646963,-2.469574,-1.0387888,0.0030516377,0.0010135585,0.0062442957,-0.0020845889,-0.0036405397,0.0001679970632569294,0.011656049239076595,0.00024770277222209224,-0.0009463948,-0.00193729,0.00025703278,15.3,-1.0,0.5000267,0.73064464,0.72622067,0.72993225,0.72708803
61.900000000000006,0.30202466,0.24736854,-2.4696367,-1.038035,0.00286088,0.0011793629,0.0049553416,-0.0011085737,-0.010352115,0.00010473841175150825,0.011419713536013221,0.0002823792060180604,-0.0011945372,-0.0024248688,-0.00073190965,15.3,-1.0,0.5000267,0.7309635,0.72599965,0.7304313,0.7267896
62.0,0.20374238,0.24803753,-2.469116,-1.0367529,0.0022763119,0.0014048319,0.0045337654,-0.0017260474,-0.0026803461,8.185293225867616e-05,0.01129994547450344,0.0002829479019323854,0.00021941,-0.00014550534,-0.0006511893,15.3,-1.0,0.5000267,0.7310076,0.72615206,0.73006445,0.7272368
62.1,0.09791025,0.24803369,-2.4689276,-1.035243,0.0012543087,-0.004052735,-0.010270828,-0.007019641,-0.2630688,0.00013970266482252669,0.010612808809619451,0.00025650145291572854,0.00034337916,-0.04778686,-0.0009082382,15.3,-1.0,0.5000267,0.7049082,0.7718889,0.70439875,0.7725092
62.2,0.00090344046,0.24741782,-2.4713767,-1.0184982,0.00020790045,-0.025094202,0.39157474,-0.003155365,-0.13604993,0.00020520173294077496,-0.031798676285600506,0.00018476094731450726,0.0013959336,-0.60627174,-0.0008257555,15.3,-1.0,0.5000267,0.73816675,0.72447664,0.7370225,0.72553456
62.300000000000004,-0.099522345,0.24685954,-2.4763622,-0.9435932,-0.00093171303,-0.02829103,0.938863,-0.003042462,0.04860153,0.0003372257312370605,-0.08603628902601566,0.00011935865702446499,0.0016241926,-0.44419104,-0.00043041882,15.3,-1.0,0.5000267,0.7384009,0.7160595,0.7375995,0.7166282
62.400000000000006,-0.18228768,0.24669309,-2.4808798,-0.8349984,-0.0013073687,-0.020378105,1.2095968,0.0017979923,0.10934798,0.0004776123939341569,-0.11557981594175178,5.9779838404263934e-05,0.0018243361,-0.18213184,0.00039758816,15.3,-1.0,0.5000267,0.7350047,0.7185188,0.73378086,0.7194463
62.5,-0.25205657,0.24658261,-2.4844496,-0.71053255,-0.0012887183,-0.010411075,1.2869527,0.00081937463,0.09485799,0.0006020487836839127,-0.1230470172734565,-0.0001176969413919207,0.00027317987,-0.00031158866,-0.0013025558,15.3,-1.0,0.5000267,0.7335825,0.72193456,0.7326738,0.72232825
62.6,-0.31248116,0.2465221,-2.486732,-0.5751559,-0.0010482888,-0.0017746608,1.2147079,-0.003078885,0.07466226,0.0006219175434621394,-0.1168728817672631,-0.0004053256140736736,-0.00025925683,0.10471666,-0.00026910164,15.3,-1.0,0.5000267,0.7315291,0.7260214,0.73040754,0.7264008
62.7,-0.3581489,0.24692675,-2.4876184,-0.45073587,-0.000494183,0.0037829427,1.067826,0.0017161369,0.044665296,0.0005931226936806299,-0.10373396186174323,-0.0008131666222014345,-0.00021953353,0.15123692,0.00040283627,15.3,-1.0,0.5000267,0.7314821,0.7277917,0.7299733,0.7281008
62.800000000000004,-0.3893105,0.247721,-2.4873688,-0.35076132,5.3364416e-05,0.006591873,0.9151419,0.0017002025,0.014381948,0.0004995476407303844,-0.08804868660009141,-0.0012189091681500458,-0.0017013687,0.16075163,0.0010231739,15.3,-1.0,0.5000267,0.73067385,0.7295913,0.72982794,0.72884864
62.900000000000006,-0.41318914,0.24862607,-2.4859505,-0.25996408,0.00032818987,0.0077085188,0.7439351,-0.003161868,0.0015245749,0.00038499480522650445,-0.07240582729095127,-0.0016670308326914942,-0.00052378536,0.15204683,0.0008600225,15.3,-1.0,0.5000267,0.7311408,0.72970384,0.7291386,0.7293118
63.0,-0.42808294,0.24873234,-2.484136,-0.19144578,-0.00022443004,0.0073936256,0.60026616,-0.008907161,-0.014965887,0.0002736689488573215,-0.05813125790929479,-0.0021402382550305445,-0.00071158394,0.13565215,0.0022809326,15.3,-1.0,0.5000267,0.73018247,0.7306418,0.72853726,0.7293082
63.1,-0.43858796,0.24764551,-2.4826627,-0.13224228,-0.0018368892,0.006573777,0.45979002,-0.00417331,-0.011195893,0.0002637095839079078,-0.04579779551147105,-0.0025997344940769432,0.0012812958,0.115338385,0.003168696,15.3,-1.0,0.5000267,0.7299479,0.7305286,0.7281579,0.72895694
63.2,-0.4448199,0.24601102,-2.4822326,-0.089963764,-0.0038701345,0.0054424894,0.35368836,-0.009818812,-0.008692964,0.0004212276380606763,-0.03552297404585738,-0.0029445540958859466,0.0029118059,0.0935062,0.0052555823,15.3,-1.0,0.5000267,0.7296926,0.7302742,0.72779244,0.7285947
63.300000000000004,-0.44925457,0.2435492,-2.482837,-0.055463925,-0.0056827785,0.00427598,0.2789528,-0.0010625802,0.0017061828,0.0006931840095549633,-0.027259692456863688,-0.0030890215173411117,0.0039873873,0.07494094,0.0061646192,15.3,-1.0,0.5000267,0.7293967,0.7298529,0.7272566,0.72854334
63.400000000000006,-0.45175996,0.24107885,-2.483944,-0.03149584,-0.006857011,0.003293858,0.21301232,-4.5369685e-05,-0.002202112,0.0010302073800271163,-0.020830293891269787,-0.002943933323556102,0.0042243293,0.055947382,0.006797157,15.3,-1.0,0.5000267,0.72949296,0.7289031,0.72732127,0.7283349
63.5,-0.45311075,0.23824863,-2.4846797,-0.013610418,-0.007653591,0.0030373787,0.15964416,0.0065606544,0.0064685005,0.0012902750789818844,-0.01588244185310195,-0.0025643564753217146,0.0019615076,0.042549167,0.007422429,15.3,-1.0,0.5000267,0.7286285,0.72901237,0.72809756,0.7280799
63.6,-0.4532833,0.23469418,-2.485088,0.0010772886,-0.008668646,0.0029897322,0.12161895,0.0012528544,-0.0026701016,0.0015256292836766906,-0.012145303970893117,-0.0021348417300647207,0.003913833,0.031885106,0.0076447264,15.3,-1.0,0.5000267,0.7288772,0.72826374,0.7279779,0.7287921
63.7,-0.45277336,0.23093842,-2.4847019,0.011611782,-0.009530004,0.0030135044,0.08821699,0.0101156775,0.005290843,0.0017150124105972545,-0.009308668902417248,-0.001664361010596502,0.0019935772,0.02500828,0.007937728,15.3,-1.0,0.5000267,0.7280039,0.7286387,0.7285566,0.7288223
63.800000000000004,-0.45208427,0.22774813,-2.4847233,0.018756239,-0.00974938,0.0030229948,0.07335253,0.015734794,-0.012646428,0.0019429464530239635,-0.007176432348986619,-0.001181370186253079,0.002765758,0.019453607,0.007750451,15.3,-1.0,0.5000267,0.7280207,0.728409,0.72857434,0.7293815
63.900000000000006,-0.4521022,0.224391,-2.4851022,0.023170054,-0.009760264,0.002801158,0.04843303,0.013513539,-0.007332302,0.002050763648085044,-0.00558866886293463,-0.0006969023328157952,0.00083483336,0.013620301,0.0056492104,15.3,-1.0,0.5000267,0.7277761,0.7281862,0.7289952,0.72930956
64.0,-0.45300072,0.22122766,-2.4859457,0.02505543,-0.009687498,0.0023478565,0.0420906,0.019851444,3.073364e-05,0.0021456412416822985,-0.004475675778751266,-0.0003367152478978653,0.0006333176,0.007954171,0.005075095,15.3,-1.0,0.5000267,0.7277478,0.7278769,0.7291204,0.7290797
64.10000000000001,-0.4547161,0.21785659,-2.487215,0.025747987,-0.009438531,0.0017211712,0.03352618,0.019728925,0.005356967,0.002193417008053851,-0.0038054098280759204,-8.953012655346259e-05,0.0010199945,0.0035505644,0.0037886521,15.3,-1.0,0.5000267,0.7278833,0.7274901,0.72880393,0.7290004
64.2,-0.45660752,0.21500567,-2.4885426,0.025420755,-0.0091367215,0.0016213725,0.029590292,0.027637968,0.0019539145,0.0022210807645456727,-0.0034278912921506697,9.37761791395277e-05,0.00036342142,0.0015656137,0.0024510408,15.3,-1.0,0.5000267,0.72777206,0.72770506,0.72890824,0.7288057
64.3,-0.45883492,0.21249783,-2.489982,0.024519853,-0.00840866,0.001411511,0.027243476,0.015457706,-0.004930887,0.0022675075960170775,-0.0032799564159899154,0.0002356196143511742,4.233726e-05,-0.0009529176,0.0016607867,15.3,-1.0,0.5000267,0.72796315,0.72760016,0.7288406,0.72860336
64.4,-0.46067306,0.21010739,-2.491846,0.023970975,-0.0075353277,0.00095299317,0.026461788,0.0128380805,0.010008923,0.002228657172881467,-0.0033011841939638528,0.000332496668817701,-0.001192723,-0.0013513762,0.00093269325,15.3,-1.0,0.5000267,0.72766656,0.7278016,0.72858727,0.7284497
64.5,-0.46186513,0.20817533,-2.4939806,0.02392365,-0.006828392,0.0007466142,0.027018186,0.009839107,0.0062719914,0.002151907482891943,-0.0033667609068142616,0.0004033109503450449,0.0012709126,-0.0012359325,0.00011842563,15.3,-1.0,0.5000267,0.7282866,0.7271582,0.72814345,0.7287469
64.60000000000001,-0.46333465,0.20650843,-2.4963634,0.023857128,-0.005988817,0.00060963107,0.031860143,0.018917395,0.0067572105,0.002067567685221892,-0.0033422922368422908,0.00041467301076570257,-0.00068513106,-0.0010511982,-0.000110581976,15.3,-1.0,0.5000267,0.728063,0.7274977,0.72850394,0.72815466
64.7,-0.46541783,0.20541415,-2.4985704,0.02303845,-0.0048475736,0.00058720104,0.029637702,0.01808333,0.005250796,0.001964652476542437,-0.003294019877652313,0.0003843060519001074,-0.0012430131,-0.0011294286,-5.0518738e-05,15.3,-1.0,0.5000267,0.72821295,0.727566,0.72841555,0.72804743
64.8,-0.46823922,0.20400324,-2.5004036,0.021549337,-0.004518026,0.0007203367,0.0303285,0.017310767,0.009975395,0.0018322652141668622,-0.003290395998933595,0.00030892345877265497,-0.0008403809,-0.0018340384,-0.0012403583,15.3,-1.0,0.5000267,0.7281556,0.72782373,0.72821385,0.72818416
64.9,-0.4716845,0.20209865,-2.5021842,0.020108122,-0.0046726656,0.00085369125,0.033333357,0.009072996,0.0030938534,0.0017405926936326641,-0.003380786076017966,0.00016545994259564695,-0.00025885817,-0.0017015119,-0.0012203988,15.3,-1.0,0.5000267,0.7279777,0.72840804,0.72803515,0.72822326
65.0,-0.47510505,0.20020327,-2.504223,0.018875415,-0.004823268,0.00079823984,0.027116492,0.008785844,0.0052996906,0.001721553792902472,-0.0035376619944614113,4.453785099936363e-05,0.0006150625,-0.0033168343,-0.0012897677,15.3,-1.0,0.5000267,0.7285351,0.72793573,0.72807187,0.7280862
65.10000000000001,-0.47947812,0.19789824,-2.5062325,0.017664468,-0.0052266773,0.0008724842,0.03158552,0.009602939,0.005163252,0.0017643436938509264,-0.0036846578357819953,-4.651411569020142e-05,3.522266e-05,-0.0022381556,-0.00026970403,15.3,-1.0,0.5000267,0.7280487,0.72851825,0.7282133,0.72796905
65.2,-0.4840848,0.19564866,-2.5079966,0.016493777,-0.0055480264,0.0010098541,0.02848609,0.01244306,0.0074747945,0.001833330319605634,-0.0038199468986476566,-0.00015122097570350156,0.0006146113,-0.0018723995,-0.00029909034,15.3,-1.0,0.5000267,0.72822696,0.7285686,0.7281468,0.7280041
65.3,-0.48864633,0.19322495,-2.5099955,0.015780386,-0.0059350617,0.00082196546,0.03170504,0.0100118555,-0.0043786126,0.001910516568301519,-0.003988291599414016,-0.0002113836645887418,0.000197635,-0.0024341475,-2.1759026e-05,15.3,-1.0,0.5000267,0.72827774,0.7284766,0.7283227,0.7277376
65.4,-0.49289906,0.1906647,-2.5123365,0.015548895,-0.0063680145,0.00063879177,0.026986139,0.009525764,0.0020731238,0.001999530704340855,-0.004091921313648157,-0.00024824093133146973,0.0009193438,-0.0012006045,-0.00043326855,15.3,-1.0,0.5000267,0.72818756,0.72850823,0.7281618,0.72784114
65.5,-0.4962905,0.18859439,-2.514485,0.015743203,-0.0061352775,0.00050938776,0.034055866,0.0142633235,0.0044684852,0.002101195577324411,-0.004136034704761223,-0.0002474289186943269,0.00036352806,-0.0008619172,0.00011440413,15.3,-1.0,0.5000267,0.72833234,0.7282085,0.72833496,0.72764415
65.60000000000001,-0.50041085,0.18698892,-2.5170727,0.015109451,-0.0054698046,5.1744842e-05,0.02514326,0.014087608,0.0040195878,0.002153544547368029,-0.004117889729422818,-0.00020580743423099024,0.0007344381,0.00063901336,-0.0004577079,15.3,-1.0,0.5000267,0.72809887,0.7281209,0.7275282,0.7282829
65.7,-0.5050364,0.1859252,-2.51874,0.014228703,-0.0045242235,0.00035640204,0.04136002,0.008424237,0.0057839784,0.002125873766455192,-0.004094748139863472,-0.0001227372208573481,-0.00080266595,-0.0013249919,0.0011625909,15.3,-1.0,0.5000267,0.72817403,0.7280341,0.728129,0.728003
65.8,-0.50911856,0.18511678,-2.518912,0.01362208,-0.003508749,0.00093406293,0.038771845,0.012654283,0.00056624407,0.0020553509835574964,-0.004166492109433126,-2.0528405347790595e-05,-0.0010997718,-0.0017871525,0.00089786394,15.3,-1.0,0.5000267,0.72812515,0.7282669,0.7282403,0.72842807
65.9,-0.512902,0.1842513,-2.5185683,0.013716938,-0.0030774076,0.0011189895,0.033786707,-0.0030860626,-0.000544358,0.0018897021148993676,-0.004241680857486645,6.66762963710686e-05,-0.0010457786,-0.0010500645,0.0002603004,15.3,-1.0,0.5000267,0.72814107,0.7283137,0.72828466,0.72861546
66.0,-0.51526487,0.1826892,-2.517502,0.014679118,-0.0034016976,0.0015182127,0.0335476,0.0113314465,-0.0030952503,0.0017639434876434543,-0.0042652026215086744,0.00014497631598299365,-0.0008037536,-0.000770097,0.0006411186,15.3,-1.0,0.5000267,0.72817343,0.72847503,0.7289958,0.7282387
66.10000000000001,-0.5165098,0.18035588,-2.5155287,0.016838202,-0.004280218,0.0018820553,0.030676875,0.008868285,-0.0071558165,0.001741316714972372,-0.004172796779148868,0.0002023131882715127,0.0010276337,0.0017867422,-6.750923e-05,15.3,-1.0,0.5000267,0.7283031,0.72858155,0.72874624,0.7287964
66.2,-0.5165929,0.17825781,-2.513116,0.019287528,-0.00501922,0.002133701,0.030250832,0.008140385,-0.00976026,0.0018162742253021642,-0.0039027764884017537,0.00022319266935112687,0.0018515248,0.0033095686,8.286694e-05,15.3,-1.0,0.5000267,0.7286986,0.72845066,0.7289944,0.7287118
66.3,-0.5159921,0.17614149,-2.5105867,0.021533562,-0.0057601244,0.0024068013,0.025277155,0.0102897165,-0.0088475635,0.0019623877630781284,-0.003512348249035753,0.00021985710678155466,0.0025831969,0.0042881407,-0.0006659185,15.3,-1.0,0.5000267,0.7288811,0.72855806,0.72879857,0.7290738
66.4,-0.51553905,0.173512,-2.508154,0.02306817,-0.0063314307,0.0023418292,0.027379159,0.018224414,-0.008936505,0.0021233133980422163,-0.0030522918907467857,0.00021463112671089981,0.002301445,0.003253555,-0.00040683616,15.3,-1.0,0.5000267,0.7290707,0.7284526,0.72913986,0.72873396
66.5,-0.5152806,0.1714439,-2.5065737,0.023633761,-0.0063202605,0.0018108854,0.018329436,0.010840747,-0.0013946554,0.0022596275823563252,-0.0026254419715361415,0.0001866849220714757,0.0015105684,0.0026384606,-0.0009490263,15.3,-1.0,0.5000267,0.7288069,0.7285196,0.72885627,0.7286801
66.60000000000001,-0.5150677,0.17046219,-2.5051975,0.023830572,-0.0048688278,0.0014985601,0.010747788,0.012600622,-0.011336523,0.0023752728437602595,-0.0023403849902153225,0.0001200878007681522,0.0011314334,0.0009890685,0.00013386474,15.3,-1.0,0.5000267,0.729274,0.72811204,0.72869605,0.7285891
66.7,-0.5150227,0.1707371,-2.5038,0.023699254,-0.0026562887,0.0011138956,0.008303867,0.023005951,-0.003913417,0.0023019843061550613,-0.0021525709465772948,4.645017646231332e-05,-0.0018475222,0.0013545743,-0.0005755414,15.3,-1.0,0.5000267,0.7285789,0.7286608,0.7283193,0.7286761
66.8,-0.5149376,0.17151618,-2.502611,0.023526914,-0.00037222155,0.0007723284,0.0033131898,0.015009988,-0.0032163223,0.002075411062538007,-0.0020229436598173554,-1.3371275483274733e-05,-0.0032499433,0.001204793,0.00014366348,15.3,-1.0,0.5000267,0.72846293,0.7286303,0.7281984,0.7285813
66.9,-0.5146603,0.17294934,-2.501136,0.023225233,0.0018781313,0.00083586044,0.0090946,0.01234288,-0.010272021,0.0017301811981796462,-0.0019756513232341106,-4.700212403034091e-05,-0.0034709359,-0.0002906184,-0.00031255014,15.3,-1.0,0.5000267,0.7288722,0.7282803,0.72840863,0.728488
67.0,-0.51457375,0.17476904,-2.4993558,0.022905642,0.0037958245,0.00073122507,0.004851578,0.0058162045,-0.004576053,0.0013801152163905016,-0.0019050246679804647,-0.00010628019341612844,-0.004260937,-9.3354756e-05,-0.00019282172,15.3,-1.0,0.5000267,0.7285989,0.7285846,0.7285002,0.7281962
67.10000000000001,-0.5143979,0.17721823,-2.4968576,0.022080375,0.005388837,0.0010696651,-0.0006262707,0.0023385822,-0.0019688157,0.0010317479771295621,-0.0018762604029305592,-0.00011687049676135609,-0.0032331066,-0.0006135402,-0.00033432792,15.3,-1.0,0.5000267,0.7287929,0.7285416,0.72848594,0.7284609
67.2,-0.5134134,0.17994903,-2.4941466,0.021882256,0.006701541,0.0013713834,0.0038725073,0.0025168557,-0.017508397,0.0007149991369213629,-0.001878329861431513,-0.0001248647982542816,-0.0033591688,-0.00042790253,7.0026217e-06,15.3,-1.0,0.5000267,0.72866195,0.72894114,0.728588,0.72867036
67.3,-0.51176286,0.1829833,-2.4918773,0.022099357,0.00782419,0.00138549,0.004848454,-0.011560252,-0.013670883,0.00043328049304971794,-0.001896690033430542,-9.766713274848819e-05,-0.0030056655,-0.0005698239,0.00029231462,15.3,-1.0,0.5000267,0.72891086,0.7286212,0.7289433,0.7284085
67.4,-0.5098614,0.18654853,-2.489969,0.022452429,0.008517742,0.0010704473,0.003556285,-0.007760474,-0.012419651,0.0001774588044572915,-0.001825923828088288,-5.94180893570418e-05,-0.0019658862,0.0003038425,-0.00015688014,15.3,-1.0,0.5000267,0.728868,0.7284491,0.7287118,0.72862345
67.5,-0.5084267,0.18959685,-2.4886928,0.022357306,0.009019165,0.0009715017,0.0025389974,-0.01696042,-0.002983026,-5.413152412573222e-06,-0.001698305544472724,-3.584570250915819e-05,-0.0025953176,0.0012603945,0.00033312614,15.3,-1.0,0.5000267,0.7282479,0.72896624,0.72879803,0.7285143
67.60000000000001,-0.50754434,0.19238047,-2.488084,0.021578563,0.0087833665,0.00048579837,0.008464386,-0.012751828,-0.011743045,-0.00016247991670909997,-0.0015780879215310942,-2.1287079231183366e-05,-0.00053382426,0.00057753304,0.0001477134,15.3,-1.0,0.5000267,0.72860813,0.7284014,0.7282684,0.7288194
67.7,-0.50674677,0.19449733,-2.4876826,0.02094698,0.008083417,0.00024187381,0.0034272636,-0.0055221766,-0.003381632,-0.00022861299554933654,-0.0015865456557124286,4.510197390210225e-05,0.00054962304,-0.0008997271,0.0012338522,15.3,-1.0,0.5000267,0.7285074,0.72818613,0.72861624,0.7284397
67.8,-0.50616574,0.19566588,-2.487351,0.020325819,0.00691108,8.1399834e-05,-0.0009411619,-0.015846664,-0.004809815,-0.00022108190874144918,-0.0015969938636267666,9.063511902217423e-05,0.00044821235,-0.0012050557,0.0007763511,15.3,-1.0,0.5000267,0.7282147,0.7283947,0.7287787,0.7282038
67.9,-0.5055225,0.1958496,-2.4876337,0.019764276,0.005329338,-0.0001562851,0.009075873,-0.007178786,0.0016917473,-9.066245161154884e-05,-0.0016044697527774741,0.00011610072295650153,0.0023006904,-0.0007989142,-0.00012999566,15.3,-1.0,0.5000267,0.7283128,0.7282004,0.7283507,0.7284209
68.0,-0.50469685,0.19511811,-2.4882746,0.019177388,0.003208146,-0.000454405,0.0019366788,-0.014957643,-0.0027171334,4.980460926956136e-05,-0.0016143175963908348,0.00013537423786169405,0.0025645166,-0.00021629843,-0.00020305655,15.3,-1.0,0.5000267,0.7280078,0.7284198,0.728366,0.728176
68.10000000000001,-0.50350267,0.19381768,-2.4890165,0.018828942,0.00088903186,-0.00040746652,0.0098427655,-0.0070413896,0.0011762603,0.0003236609594078457,-0.0016409801934957541,0.00018224445326125657,0.0039932826,0.00018136123,0.00018477238,15.3,-1.0,0.5000267,0.727961,0.7283549,0.72802925,0.72859895
68.2,-0.5024124,0.1928889,-2.4897795,0.018381981,-9.1743335e-05,-0.0003198302,0.008879956,-0.00787177,0.0026430932,0.0006816062887364221,-0.0016658523147954926,0.00020070349601370178,0.0043801847,0.000110851426,-0.0005095938,15.3,-1.0,0.5000267,0.72815394,0.7281742,0.7280252,0.72867155
68.3,-0.5017172,0.19230385,-2.490742,0.01804734,-0.00039027917,-0.00021822363,0.010548468,0.0019629712,0.0141570335,0.000955251718509277,-0.0016512060358428312,0.0001682438561200102,0.0016907568,-0.00046828366,-0.00049144845,15.3,-1.0,0.5000267,0.7280892,0.7283479,0.72837645,0.7283012
68.4,-0.50121355,0.19258906,-2.4915557,0.0173094,0.0002698451,-0.00047756976,0.0051861457,0.0003478344,0.0023888422,0.001126010648402849,-0.0016453770770946932,0.00010612094758874371,0.00026641117,-0.0011251526,-0.00072066917,15.3,-1.0,0.5000267,0.7281418,0.7281916,0.7284097,0.7280677
68.5,-0.50082624,0.19390054,-2.492342,0.016512178,0.0016568166,-0.0005695421,-0.0051187593,-0.0011122364,0.0026500782,0.0011629797464686748,-0.0016615015721551717,3.2384113333068446e-06,-0.0006318531,-0.00093588285,-0.0009818292,15.3,-1.0,0.5000267,0.7283932,0.72800684,0.7280546,0.7281936
68.60000000000001,-0.5001852,0.19633846,-2.4927094,0.016410684,0.003826674,-0.0005233612,0.0031989524,-0.008712891,0.0016023404,0.0010258633619389791,-0.0017388030327044886,-0.00012713675774207576,-0.002765315,-0.00058085116,-0.0015052845,15.3,-1.0,0.5000267,0.7281411,0.7284481,0.7278849,0.7281877
68.7,-0.49936113,0.19875278,-2.4927597,0.016543958,0.005462857,-9.717631e-05,0.009019713,-0.000888506,0.0040871087,0.0007334616606824821,-0.0017401479330357442,-0.00022715733929530262,-0.0041399533,-0.00027502872,3.407963e-05,15.3,-1.0,0.5000267,0.72859913,0.7283053,0.7283295,0.7278673
68.8,-0.49845752,0.20062144,-2.492368,0.016737506,0.006090124,0.0004941215,0.001071718,-0.0012916902,0.0029448417,0.00042172136487365555,-0.0017318892802883497,-0.00026985235697431014,-0.0030402618,9.384916e-05,0.0005958059,15.3,-1.0,0.5000267,0.7284917,0.7287988,0.7284102,0.7281055
68.9,-0.4973123,0.20270663,-2.4919972,0.017035615,0.006584767,0.0006571589,0.0004534563,-0.008703689,0.0036861745,0.000191440905672204,-0.00164638291288922,-0.00022746808242103052,-0.0027504927,0.0007497044,0.0013352435,15.3,-1.0,0.5000267,0.7283505,0.72886956,0.72849023,0.72830117
69.0,-0.49628767,0.20469894,-2.4910862,0.01693402,0.0068823393,0.0008410261,0.00063595775,-0.006212728,-0.003300607,4.1619798279943236e-05,-0.0015084101832401504,-0.00018016153934609724,-0.0026367388,0.0013335459,0.000820515,15.3,-1.0,0.5000267,0.7283542,0.7288997,0.7287943,0.72828346
69.10000000000001,-0.4950941,0.2065851,-2.490196,0.016586296,0.0068997648,0.00054413633,-0.0009788246,-0.008605978,-0.0035143455,-7.52426298064402e-05,-0.001446855032260398,-0.00018082702713882837,-0.0021624682,-0.00010608104,-0.00043983193,15.3,-1.0,0.5000267,0.7283482,0.72880536,0.7289931,0.72789055
69.2,-0.4938001,0.20789896,-2.4897819,0.016493771,0.006541331,0.00056568655,0.0033430145,-0.011329644,-0.0035348346,-0.00011824918579648512,-0.001417146648201004,-0.00011243803639728292,4.9339913e-05,0.0009423766,0.0011061255,15.3,-1.0,0.5000267,0.72849196,0.72853,0.7283585,0.72874165
69.3,-0.49239406,0.20828223,-2.4894114,0.016327934,0.0052878456,0.00032818786,0.00091753324,-0.014817076,-0.004537403,-0.00015718902668503693,-0.0013918418774870915,-1.0660202585597875e-05,0.0020335515,-0.0004915836,0.00017449446,15.3,-1.0,0.5000267,0.7288796,0.72786593,0.7284472,0.728654
69.4,-0.49048766,0.20760828,-2.4890614,0.016349293,0.0031740344,0.00046840013,-5.929814e-05,-0.008683168,-0.0036200506,-6.378748915259255e-05,-0.001355252459430083,0.00010690614408821664,0.0017611427,0.0005482445,0.0007296372,15.3,-1.0,0.5000267,0.7279822,0.72875816,0.7287778,0.7285345
69.5,-0.48811236,0.206758,-2.4895477,0.016538123,0.0010502172,0.00014565537,-0.00025113512,-0.010459656,-0.005169771,0.00017059394401130519,-0.0013038748933180317,0.00018551578759506558,0.003738786,0.0017641725,0.00030716998,15.3,-1.0,0.5000267,0.7279196,0.7286457,0.7283312,0.7287786
69.60000000000001,-0.48550758,0.20580514,-2.490726,0.016730234,-0.0006923369,-4.320349e-05,0.0037701512,-0.0044996687,0.00880612,0.000499497635479706,-0.0012400566583979594,0.00024341605985542453,0.0047947755,0.00066701573,0.0003961677,15.3,-1.0,0.5000267,0.72835135,0.72806716,0.7283547,0.72863793
69.7,-0.48295513,0.20528835,-2.4925802,0.016842688,-0.0012014818,-0.00038666237,0.0018366267,-0.0015942063,0.0014067626,0.0008089773188079299,-0.001120186771759508,0.00025419787049560074,0.0027382693,0.0007238747,0.000105631254,15.3,-1.0,0.5000267,0.7282919,0.72799605,0.7283338,0.72846013
69.8,-0.48026976,0.2048101,-2.494349,0.01669549,-0.0014980691,-0.00078214565,0.0014170443,0.0027171157,-4.051253e-05,0.0009861126521785075,-0.00103722572214847,0.00025026599016122103,0.0012683797,0.0009902613,-0.0007118662,15.3,-1.0,0.5000267,0.7279929,0.728037,0.7280223,0.72854763
69.9,-0.4772514,0.20405598,-2.4961631,0.016511066,-0.0016575281,-0.0009727132,-0.0037036368,0.0035496273,0.003939494,0.0011350209228829064,-0.0009736860808238289,0.00021546182220161638,0.0002002549,0.0006851778,-0.0012575078,15.3,-1.0,0.5000267,0.7275739,0.7283946,0.7284103,0.72790986
70.0,-0.47429484,0.20325051,-2.4979603,0.016377715,-0.0017863028,-0.0009778583,-0.0035443534,0.00042282042,0.010593328,0.0011813776446157373,-0.0009326994339723036,0.00019158065711734942,0.0010117898,4.9364753e-06,5.8607235e-05,15.3,-1.0,0.5000267,0.7281767,0.7277496,0.7280142,0.72819823
70.10000000000001,-0.47059488,0.20181893,-2.4995809,0.016601756,-0.0024679014,-0.00073788763,-0.004080766,0.007774732,0.007864087,0.0012036700739269136,-0.0008901186226177736,0.00012564439120916798,9.552603e-05,0.00040865692,-0.0010938431,15.3,-1.0,0.5000267,0.72784,0.72846025,0.72811675,0.72797036
70.2,-0.46685565,0.2000889,-2.5010731,0.016705226,-0.002979259,-0.0005384548,-0.009289262,0.0038871975,0.016636213,0.0012807791110564968,-0.0008428424673409309,0.00012359903840954844,0.0011657368,0.0006961583,0.0001110691,15.3,-1.0,0.5000267,0.72809964,0.72821194,0.7282792,0.7279106
70.3,-0.4626411,0.19813856,-2.5028915,0.017456118,-0.0038817348,-0.00048044565,-0.004686529,-0.0005605734,0.0038798896,0.0013562821064821528,-0.0007695436436718476,0.00010142832233227534,0.0009808961,0.0019253533,-0.00011115872,15.3,-1.0,0.5000267,0.7278047,0.7286616,0.72790205,0.7282882
70.4,-0.45733136,0.19610336,-2.5046449,0.018528119,-0.004262673,-0.00033701808,-0.0057992395,0.008838415,0.0022272577,0.001500658042682319,-0.0006314143312062037,8.305971182044289e-05,0.001416082,0.002374721,-0.0005952667,15.3,-1.0,0.5000267,0.72796255,0.7286126,0.7281178,0.7281145
70.5,-0.45180032,0.19425584,-2.5057728,0.019800339,-0.0047032996,-0.00022823506,-0.01526996,0.002751933,0.00013364477,0.001621699396915287,-0.0004545925233412115,0.00013250693650003676,0.0013962835,0.0032390866,0.00021416489,15.3,-1.0,0.5000267,0.7281211,0.7283105,0.7281672,0.72831595
70.60000000000001,-0.44526646,0.19235124,-2.5065415,0.021446798,-0.004992669,4.3417742e-05,-0.017361796,0.010076837,0.0023613682,0.0017276808253229195,-0.00020668884027342458,0.00017172744120174418,0.001383621,0.0038006108,-0.0007143135,15.3,-1.0,0.5000267,0.728212,0.72831774,0.72832566,0.72835356
70.7,-0.4384512,0.19110255,-2.5070944,0.023058238,-0.0044813724,0.0001604878,-0.015580531,0.015630368,0.005057081,0.0018156482139488317,0.00012144989323718998,0.00017820585230382194,0.0010930251,0.0043124575,-0.000988694,15.3,-1.0,0.5000267,0.7282665,0.7283176,0.72817945,0.72856486
70.8,-0.4325436,0.19091192,-2.5072079,0.0235276,-0.0031181176,0.00037350258,-0.012457441,0.010722083,-0.008913222,0.0018563660074524969,0.00047077042253091474,0.00015026651919676688,-0.0001244337,0.0048537385,-0.00085137505,15.3,-1.0,0.5000267,0.72820646,0.72864085,0.7279126,0.7289502
70.9,-0.42683902,0.19151619,-2.506658,0.023025632,-0.0013188137,0.0007446589,-0.02254753,0.0079277195,-0.0024684703,0.0017383921347194796,0.0007369946905392028,0.00011721260255122608,-0.0012809543,0.0021226164,-0.0007683449,15.3,-1.0,0.5000267,0.72851205,0.72854054,0.72829294,0.7287551
71.0,-0.42158872,0.19249633,-2.505589,0.022284133,0.0005212001,0.0010244093,-0.018747801,0.0032156243,-0.0043692994,0.0015130893644827313,0.0008635907832609312,6.011552439231886e-05,-0.0030175564,0.00074030634,-0.0006412196,15.3,-1.0,0.5000267,0.72864366,0.72867775,0.7285433,0.7286043
71.10000000000001,-0.41605064,0.19367018,-2.504227,0.02151933,0.0019003007,0.0012405645,-0.021407861,-0.004787397,-0.0038226133,0.00123473703577482,0.0008850139717082666,3.4184446458678875e-05,-0.00262251,0.0011792752,-0.00061566057,15.3,-1.0,0.5000267,0.72853434,0.7289432,0.7284444,0.7288665
71.2,-0.41182092,0.19465023,-2.503425,0.020063872,0.0027148363,0.0011676825,-0.021306872,0.002038721,-0.00031990928,0.000963339087075837,0.0008866473833285543,5.732619701782801e-06,-0.0026262992,0.00026219935,-0.0002926303,15.3,-1.0,0.5000267,0.72851235,0.7290332,0.7284602,0.7287456
71.3,-0.40836784,0.19557437,-2.5029724,0.018192641,0.0035345817,0.0011141282,-0.017016979,0.0013995329,-0.01513306,0.000746922716917512,0.0007877709814331136,-2.0878364970703262e-05,-0.0022598002,-0.0012359478,-7.295323e-05,15.3,-1.0,0.5000267,0.7287338,0.7288966,0.72841334,0.7287748
71.4,-0.40508088,0.19609547,-2.5022793,0.016559415,0.0032583636,0.00092723203,-0.021183968,-0.0019246646,-0.00091549003,0.0005259202040628893,0.0005758162695346693,2.725759520593038e-05,-0.0014540646,-0.0029867697,6.000635e-06,15.3,-1.0,0.5000267,0.7286354,0.72871095,0.7288118,0.7284592
71.5,-0.40226424,0.19608374,-2.5020201,0.014880512,0.0024818403,0.0005228936,-0.018539518,-0.0076919817,-0.005598645,0.00043740440127517196,0.000380451751500652,0.00010385845231897634,-1.8377759e-06,-0.0012735904,-5.6827237e-05,15.3,-1.0,0.5000267,0.72815126,0.7288297,0.72862273,0.72861546
71.60000000000001,-0.39917308,0.19623996,-2.5026128,0.013566872,0.0020025582,0.00011391953,-0.009229321,-0.0010448804,-0.005807727,0.0005054139374271672,0.00014160858156396231,0.00013320006503871293,0.00148982,-0.0025421907,0.0010664468,15.3,-1.0,0.5000267,0.7284501,0.72839063,0.72837573,0.7286009
71.7,-0.39565203,0.1963405,-2.5035484,0.013219832,0.001610112,-0.00016413763,-0.0074190446,0.00036662957,-0.006763264,0.0006169223158846075,-4.665203112893928e-05,0.00013746450325019289,0.0009071585,-0.0014071983,-0.00010012249,15.3,-1.0,0.5000267,0.7282704,0.728421,0.72858584,0.72823644
71.8,-0.39191353,0.19627705,-2.5047169,0.01317193,0.0013989168,-0.00030525375,-0.00850525,-0.00584685,0.008625443,0.0006852283938164011,-0.00016050442423206466,0.00011746202373233964,-0.0001941651,4.3549557e-05,-0.00058034254,15.3,-1.0,0.5000267,0.7280081,0.72860974,0.7283983,0.72818375
71.9,-0.38778892,0.19608213,-2.506415,0.0135916425,0.0012400524,-0.00058790186,-0.016698856,-0.0044099046,0.0041835005,0.0007258720166083835,-0.00016899761744769762,0.00010810141991582661,0.00053703215,0.0013600019,-0.0004039268,15.3,-1.0,0.5000267,0.72808117,0.7284083,0.728135,0.72827554
72.0,-0.38380656,0.19535215,-2.5082057,0.013908576,0.00062380685,-0.0008472817,-0.0066433484,-0.0033752706,0.0057686116,0.000755912401622422,-0.0001143344036392858,0.00012377262501574797,0.0005502758,0.0016556826,-0.00017196641,15.3,-1.0,0.5000267,0.72799957,0.7282344,0.72802484,0.7282897
72.10000000000001,-0.3791397,0.19393545,-2.5099912,0.014172575,-5.451069e-05,-0.00079508213,-0.009928956,0.0036591955,0.010652001,0.0007905778386587637,-1.8606200639061298e-05,0.00011678465370060398,0.00090029853,0.0007944309,0.00010275451,15.3,-1.0,0.5000267,0.7282557,0.727987,0.7281796,0.72808504
72.2,-0.37417114,0.19236802,-2.5112329,0.014984514,-0.0006034512,0.0043884283,-0.013498157,0.000229556,0.21531153,0.0009356982030572012,0.0003340039951323674,0.0001392167043322428,0.0026412949,0.01429051,-0.00070576416,15.3,-1.0,0.5000267,0.7109527,0.708121,0.7107169,0.70836395
72.3,-0.36912295,0.19080156,-2.5104182,0.014418815,-0.0010017593,0.055650197,-0.042599283,0.0020155234,0.79776156,0.0011299218702041914,0.0026715069671218133,0.00014963916921443505,0.0019219986,0.013126879,-0.0003430558,15.3,-1.0,0.5000267,0.6787556,0.68149227,0.67925084,0.6809195
72.4,-0.36407942,0.18915245,-2.5004103,0.012661411,-0.0016059201,0.1694059,-0.030557605,0.0026818214,1.33831,0.0013501796993384992,0.0024097000857970542,0.0001431921090915105,0.0029364342,-0.0070639215,-1.5238014e-05,15.3,-1.0,0.5000267,0.6586249,0.65845156,0.6585218,0.6583737
72.5,-0.36013606,0.18742289,-2.476859,0.011206777,-0.0020314187,0.31821233,-0.030098274,0.0044757454,1.7010089,0.001653574585744091,0.0017999471710228026,0.00020390978404498093,0.002210051,-0.0043818126,4.824302e-05,15.3,-1.0,0.5000267,0.63855094,0.63861126,0.63914347,0.6381799
72.60000000000001,-0.356375,0.18595634,-2.431114,0.009955493,-0.0022353479,0.51623046,-0.01794601,-0.00014820533,1.8790983,0.001994137008439569,0.0016377299728229176,0.00019830551528439143,0.0036092142,-6.008923e-05,-0.0005161448,15.3,-1.0,0.5000267,0.6470036,0.6466264,0.6469378,0.64653915
72.7,-0.35294247,0.18523137,-2.3637614,0.008781967,-0.0016866983,0.6629317,-0.024650412,0.0066245813,0.9832875,0.0022998082062661,0.0017716395816588166,0.00020132343849722006,0.0031104097,0.002147643,-0.00067637186,15.3,-1.0,0.5000267,0.68972695,0.68916214,0.68943244,0.68933314
72.8,-0.35000178,0.18551569,-2.2901833,0.007484205,-0.00019675322,0.72563577,-0.029728351,0.013823024,0.3385823,0.0024970541714205764,0.0021001081104319074,0.00022554858133664723,0.0011593595,0.004550403,0.00026573476,15.3,-1.0,0.5000267,0.7186632,0.71891034,0.7185056,0.71905077
72.9,-0.34685546,0.1869846,-2.2066066,0.0059138825,0.002554257,0.7309586,-0.03934369,0.014746961,-0.22731766,0.002496156854462141,0.002471239105333469,0.00025596895412024844,-0.0014966552,0.0045870016,-0.00043696904,15.3,-1.0,0.5000267,0.74301803,0.742942,0.7429765,0.7430424
73.0,-0.3442551,0.18928316,-2.1320236,0.0039030951,0.005311688,0.6901912,-0.039606888,0.013538706,-0.5875406,0.0021761823106840874,0.002940230074790873,0.00029077924753477655,-0.0059503,0.006057538,-0.00037614125,15.3,-1.0,0.5000267,0.75363624,0.7546941,0.75402296,0.754501
73.10000000000001,-0.34227547,0.19217978,-2.0578146,0.0006358493,0.007916557,0.64226574,-0.043749157,0.011087801,-0.35577685,0.001611723442831707,0.0032037264887585927,0.0003380203878616535,-0.0072824,0.0008530117,-0.0014451289,15.3,-1.0,0.5000267,0.74045736,0.7404365,0.74068654,0.74061024
73.2,-0.34141746,0.1947102,-1.9943258,-0.0021358258,0.009220662,0.6214154,-0.036964744,2.339584e-05,-0.13273534,0.0009107179007656048,0.0031734229189190897,0.00034705682699672223,-0.006813671,-0.00074664596,-0.0013099961,15.3,-1.0,0.5000267,0.73283106,0.73262304,0.73258895,0.7330733
73.3,-0.34137636,0.19691306,-1.9332844,-0.0050801644,0.009337302,0.6146457,-0.03662709,-0.012357262,-0.025297513,0.00020167344602513513,0.003004406570372131,0.00037866012519865684,-0.0067727035,-0.0023279826,-0.00079929107,15.3,-1.0,0.5000267,0.7281211,0.7279925,0.7285053,0.72795826
73.4,-0.3426262,0.19882257,-1.8682429,-0.008464514,0.008535807,0.6161222,-0.028102854,-0.01776289,0.04793191,-0.0003586552348465283,0.0027732411393715257,0.0003938178274520619,-0.0038990877,-0.001653608,-0.00040422892,15.3,-1.0,0.5000267,0.7254241,0.72615904,0.7255951,0.7263032
73.5,-0.34526026,0.20037676,-1.8083802,-0.012101296,0.007683958,0.62205017,-0.032104243,-0.0068626944,0.08033635,-0.0007398451652579314,0.0023676223885582865,0.0003612447741742836,-0.003041821,-0.005687394,-0.001361897,15.3,-1.0,0.5000267,0.72478116,0.7247833,0.72494805,0.724707
73.60000000000001,-0.34947473,0.20229965,-1.7431445,-0.016183427,0.0064280927,0.6302392,-0.017726112,-0.022334946,0.088256314,-0.0009887830419318205,0.001733344820099621,0.0003485950290370418,-0.0020616138,-0.008122047,0.00038795892,15.3,-1.0,0.5000267,0.7242547,0.7244812,0.7243453,0.7245556
73.7,-0.354661,0.20448622,-1.6772201,-0.0195598,0.0054709734,0.6388967,-0.01290037,-0.022770535,0.080461144,-0.0011663994431572924,0.0007998911438815942,0.0003389499784444719,-0.002138255,-0.010896939,-0.00026452105,15.3,-1.0,0.5000267,0.7245994,0.7240433,0.7245797,0.7243167
73.8,-0.35973728,0.20663808,-1.6157036,-0.021910708,0.004611895,0.6468942,-0.0037210418,-0.021683283,0.08818274,-0.001351170903761214,-0.0002863358106293227,0.00028052839442228503,-0.0022827294,-0.011765286,-0.0010738495,15.3,-1.0,0.5000267,0.7246208,0.72444844,0.72459316,0.7245288
73.9,-0.36502656,0.20879605,-1.5483043,-0.023031509,0.0035475153,0.65512425,0.007699628,-0.015316246,0.06503844,-0.0015692006911864247,-0.0014642559689540698,0.0002385219328933704,-0.0028590572,-0.012223315,-0.0003111206,15.3,-1.0,0.5000267,0.7249476,0.72492003,0.72514814,0.7247202
74.0,-0.36985502,0.2103589,-1.4854105,-0.022959094,0.0020964555,0.6618032,0.020913996,-0.029852552,0.077820376,-0.001826658385686872,-0.00256436698703832,0.00019041165445342283,-0.0021795798,-0.010758715,-0.0010185263,15.3,-1.0,0.5000267,0.7253862,0.7250101,0.72514683,0.7251658
74.10000000000001,-0.37455085,0.21129642,-1.4164773,-0.021187913,-2.0295789e-05,0.6684196,0.028630976,-0.023085516,0.051637176,-0.001977472892486135,-0.003531634878381933,0.00010079639261901314,-0.00075515045,-0.009161141,-0.000101605314,15.3,-1.0,0.5000267,0.7260716,0.7254008,0.72583324,0.72518617
74.2,-0.37798518,0.2116272,-1.3521372,-0.018541727,-0.0024978078,0.6737635,0.0396203,-0.026662286,0.058867965,-0.0020373967462170503,-0.004270070175995529,6.511842674553436e-05,0.0004949919,-0.005665381,0.00040978758,15.3,-1.0,0.5000267,0.7261377,0.7259914,0.72585964,0.7259512
74.3,-0.3811016,0.2117912,-1.2874918,-0.015285844,-0.0046251165,0.6784602,0.034683462,-0.030459248,0.04910817,-0.0019086275982138357,-0.004765327297169494,1.9940502877399914e-05,0.0020167257,-0.0037437992,-0.00041276915,15.3,-1.0,0.5000267,0.72672224,0.72615325,0.7262218,0.72632897
74.4,-0.38423184,0.2127275,-1.2172552,-0.011690677,-0.005987189,0.68272084,0.04585191,-0.025933137,0.046388242,-0.0016851584214388525,-0.005029708694585754,-1.8181368704192127e-05,0.0023773173,-0.0023592345,-0.00015079865,15.3,-1.0,0.5000267,0.7268798,0.72636384,0.72630835,0.72656333
74.5,-0.38671038,0.21389821,-1.15246,-0.008131945,-0.006581573,0.6861535,0.043395255,-0.024183659,0.028314533,-0.0015419895130077308,-0.005135701501048687,-3.781968146742623e-05,0.0009151468,-0.00021008031,0.00014761463,15.3,-1.0,0.5000267,0.7267313,0.72657883,0.7262611,0.72683066
74.60000000000001,-0.389622,0.2149306,-1.082569,-0.0050677783,-0.007282003,0.6897199,0.03889488,-0.017556312,0.046781726,-0.0015424522619838655,-0.005118306358245597,-8.944452989866196e-05,-0.00072443194,-0.00072659884,0.00012376983,15.3,-1.0,0.5000267,0.7266411,0.7265828,0.72642,0.7264165
74.7,-0.39226365,0.21537714,-1.0127124,-0.0020336674,-0.008927258,0.693131,0.040934645,-0.0288091,0.048085578,-0.0015971673379655384,-0.00513531303595387,-0.00010726759769175685,-0.0010845616,-0.00068564084,-0.00034786473,15.3,-1.0,0.5000267,0.72647333,0.7264813,0.7264244,0.72623247
74.8,-0.39439493,0.21492985,-0.94810414,0.00075212616,-0.010517996,0.69647545,0.03546157,-0.023995396,0.047560778,-0.0015780846844252764,-0.005172334885099924,-0.00012749802794099693,0.00016780951,-0.0008359139,0.00047177405,15.3,-1.0,0.5000267,0.7264653,0.72657806,0.7265745,0.72609717
74.9,-0.39645433,0.21304618,-0.8776996,0.0037074375,-0.013351627,0.69976825,0.03619998,-0.014948347,0.0347197,-0.0014747476284182747,-0.005160078778940606,-0.00014812281149212425,0.0018105238,-0.0008054682,0.0006149561,15.3,-1.0,0.5000267,0.7266034,0.7266445,0.72673905,0.7261789
75.0,-0.39828327,0.21078156,-0.8120353,0.005973662,-0.015981063,0.7026168,0.04095237,-0.018690506,0.041566785,-0.0011392588928683383,-0.005115296002644147,-0.00015639708507100375,0.0048245573,4.7026635e-05,3.765551e-05,15.3,-1.0,0.5000267,0.7267829,0.72694325,0.7267392,0.7267242
75.10000000000001,-0.4000762,0.20806119,-0.73964775,0.008390341,-0.018551402,0.7054653,0.04074034,-0.0070374305,0.026084015,-0.00055479393649658,-0.0051278636755062125,-0.0001611470739106871,0.007089247,-0.0012737052,0.00030208562,15.3,-1.0,0.5000267,0.7276596,0.72736645,0.72749263,0.7272797
75.2,-0.4007085,0.20501313,-0.67215204,0.01142363,-0.020261671,0.70686555,0.042571995,0.002059457,0.024029983,0.00015470403121310822,-0.005142361899590609,-0.0001339675096456125,0.007194004,-0.00035222596,0.0015291108,15.3,-1.0,0.5000267,0.7279114,0.7279605,0.72805935,0.72777754
75.3,-0.3997878,0.20149569,-0.60431623,0.015295825,-0.021872576,0.70746064,0.038602155,0.006088389,-0.00073341647,0.0009052639646344202,-0.005018152432435757,-0.00010076890620522654,0.008423858,0.0021974957,0.0010403405,15.3,-1.0,0.5000267,0.7282991,0.7283035,0.728613,0.7280823
75.4,-0.39724466,0.19777353,-0.5307727,0.020204635,-0.022494119,0.707404,0.03439057,0.008351892,0.0006509944,0.0016814891824622437,-0.004645762461016355,-7.899957156678222e-05,0.0075521227,0.0072793816,0.0010716447,15.3,-1.0,0.5000267,0.7282965,0.7287619,0.72830254,0.7287075
75.5,-0.3938464,0.19441767,-0.46308586,0.024410222,-0.022240229,0.70691067,0.02600276,0.013572012,0.0011934898,0.002470486755274239,-0.0039254609824331595,-3.148422981653385e-05,0.007759507,0.009509318,0.0007454649,15.3,-1.0,0.5000267,0.7284242,0.7285093,0.72820854,0.72880006
75.60000000000001,-0.38938802,0.19164841,-0.3897392,0.028084168,-0.02040124,0.706273,0.014156209,0.0216762,0.011143739,0.003144208929651099,-0.0029574094971221276,4.857105440289982e-05,0.005590014,0.010437736,0.0010289166,15.3,-1.0,0.5000267,0.7284274,0.72822654,0.7283737,0.7285747
75.7,-0.3851788,0.18998832,-0.31640413,0.030648464,-0.016943196,0.70569503,0.0110354675,0.027760321,-0.026270745,0.0035969686129824767,-0.0018675377528110495,0.00010495537025220192,0.0036267322,0.012523271,0.00017438318,15.3,-1.0,0.5000267,0.72853076,0.72823536,0.72786766,0.72908014
75.8,-0.38163003,0.18954253,-0.24864367,0.03162272,-0.013015156,0.70544535,-0.0017850349,0.02674047,0.012271571,0.003720774732140551,-0.0007691523043784921,0.00021145368535537657,-0.0014210218,0.01076548,0.0007470744,15.3,-1.0,0.5000267,0.7280996,0.72840214,0.7284776,0.7285086
75.9,-0.3780044,0.18996724,-0.17479691,0.03123259,-0.008164671,0.7054843,-0.009187542,0.031014372,-0.0036521812,0.003554366864019994,0.00022407715032390324,0.0003122182326251944,-0.0040339837,0.0078052264,0.00081937807,15.3,-1.0,0.5000267,0.7287898,0.72826135,0.7288868,0.7287876
76.0,-0.37429523,0.19067392,-0.106815726,0.030703953,-0.004444555,0.70476097,-0.019936664,0.02429999,-0.0063874754,0.0030486496494323456,0.0009507174413192423,0.0004016474340511784,-0.0067396546,0.0069406,-0.00011006635,15.3,-1.0,0.5000267,0.7283546,0.72866917,0.72875744,0.7289451
76.10000000000001,-0.37067783,0.1913967,-0.044820964,0.0057690963,0.008766684,-0.001309904,-0.013832431,0.022446334,0.012840143,0.002468620793800017,0.001459928382975361,0.0004347115566648392,-0.0028349543,-0.0031983932,0.00015817434,15.3,-1.0,0.5000267,0.5188518,0.5144898,0.51698416,0.5168844
76.2,-0.36950216,0.19272633,-0.05086486,0.0069237743,0.0095216995,-0.0045927577,0.007267109,0.0017637557,-0.001146458,0.0023996980083611443,0.0013590385340224152,0.0004933658251863434,-0.0008867538,-0.00077583373,0.00015052498,15.3,-1.0,0.5000267,0.48445022,0.48436046,0.4806794,0.48890555
76.3,-0.3682334,0.19375092,-0.0642717,0.008212203,0.009603279,-0.011182822,0.0036205926,0.006296857,0.0072754915,0.0022058015815482473,0.0010461132179514162,0.0005528769283748284,-0.0021313515,-0.0032317282,-0.0008132255,15.3,-1.0,0.5000267,0.44721994,0.4448695,0.4444844,0.4486066
76.4,-0.36645707,0.19461606,-0.07670985,0.009578631,0.009483511,-0.016845793,0.025064843,-0.02874354,-0.0031138768,0.0020933897496067683,0.0007591852690343637,0.000595544426647042,-0.0015121844,-0.0033354857,0.00027799068,15.3,-1.0,0.5000267,0.41363528,0.41012534,0.41082272,0.41404465
76.5,-0.36519426,0.19530605,-0.08615732,0.010332109,0.009266173,-0.020773958,-0.0037130062,-0.0017702631,-0.0027660278,0.001831141690441455,0.0003123068491217546,0.0006414633996559435,-0.00162674,-0.0036895566,-0.00021568396,15.3,-1.0,0.5000267,0.3787388,0.37379465,0.37534627,0.37845173
76.60000000000001,-0.36505234,0.1957568,-0.09417257,0.009898089,0.008886012,-0.023411041,-0.0006447091,0.0065348535,0.003642868,0.001637834586592448,-1.2667690705813126e-05,0.0006856993455411451,-0.0015931071,-0.0025920095,-0.00039875726,15.3,-1.0,0.5000267,0.12142656,0.11804498,0.118850715,0.121677704
76.7,-0.36574024,0.19572371,-0.099689156,0.009079157,0.008208451,-0.024568334,0.0017188836,0.005925414,-0.007325783,0.0015173751567130259,-0.00024210327475589343,0.0007179432494058762,-0.00082577416,-0.002429297,7.404885e-05,15.3,-1.0,0.5000267,0.1216274,0.118127845,0.11872238,0.12152234
76.80000000000001,-0.3673024,0.19578806,-0.10343185,0.0072431182,0.007890565,-0.025197152,0.0050680945,0.0014730544,0.00658445,0.0013684307474509999,-0.00037747772498516725,0.000743392343982479,-0.0009557096,-0.0018775176,-0.00018208503,15.3,-1.0,0.5000267,0.12178298,0.11806976,0.11869236,0.12145486
76.9,-0.36994117,0.19614364,-0.10623866,0.0047587156,0.007885161,-0.025477774,0.00031425006,0.0050577605,0.001965556,0.001271747700900071,-0.0004574097905952131,0.0007630450187319314,-0.00148279,-0.0012513987,-0.00014222559,15.3,-1.0,0.5000267,0.121697985,0.1182389,0.118743636,0.121319436
77.0,-0.37303632,0.19611204,-0.10794738,0.002179191,0.007760703,-0.025124494,0.00050217385,0.0021765907,0.002499204,0.0012323396037062944,-0.0005129996767984421,0.0007766302362219517,-0.0006401489,-0.00162958,0.00010233457,15.3,-1.0,0.5000267,0.12180132,0.118169025,0.11876133,0.12126829
77.10000000000001,-0.3765439,0.19532269,-0.109211355,-0.00052208203,0.006736287,-0.024928952,0.0004683719,-0.0023562696,-0.0062170434,0.0011544648102786363,-0.0005222321990799304,0.0007933647143824143,-0.00018586087,-0.0009509342,-0.0005349727,15.3,-1.0,0.5000267,0.12183374,0.11806473,0.1187382,0.12136329
77.2,-0.38009986,0.19420187,-0.11016756,-0.0032154124,0.005765854,-0.024534818,-0.005013029,0.0028386302,-0.0034039838,0.0010860091138019158,-0.0005138036199762681,0.000806264379472651,0.00017945349,5.026471e-05,0.0007316313,15.3,-1.0,0.5000267,0.121747285,0.11816068,0.11841855,0.12167344
77.30000000000001,-0.3848564,0.19259796,-0.110880286,-0.0066684806,0.004385908,-0.0238116,-0.005292466,3.790137e-05,0.0046896744,0.0010110907175065829,-0.0004894979292478416,0.0008477866761662576,7.936882e-05,-0.00081686233,0.00039565703,15.3,-1.0,0.5000267,0.0019999999,0.0,0.00053400267,0.0014659972
77.4,-0.38981497,0.19053641,-0.11188066,-0.010483272,0.0031161057,-0.02370022,-0.008951184,-0.00023945811,0.00015785916,0.000957170606842617,-0.00040980873273504316,0.0009203848269776664,5.3643118e-05,0.00042942015,5.6007153e-05,15.3,-1.0,0.5000267,0.0018492747,0.0,7.536262e-05,0.0020753625
77.5,-0.39489856,0.18797721,-0.11299515,-0.014407372,0.001626675,-0.023560321,-0.0034735678,0.001068352,-0.003130175,0.0008722552175907764,-0.00033412154034572763,0.0010937569183605196,-0.001070605,-0.0004324798,0.0001360534,15.3,-1.0,0.5000267,0.0019999999,0.0,0.00027113105,0.0017288689
77.60000000000001,-0.40002093,0.18521714,-0.1140607,-0.01822063,8.21299e-05,-0.02308416,-0.011788781,0.0009381044,0.0066524367,0.000808807537976608,-0.00030095894314341427,0.0013691235630803786,0.00013588506,-0.0008771781,-0.0002119236,15.3,-1.0,0.5000267,0.0019999999,0.0,0.00048363974,0.0015163601
77.7,-0.40471843,0.18303497,-0.114646494,-0.020873265,-0.0011562286,-0.022469923,0.0009930149,-0.0010384312,-0.0075274142,0.0007571863252947692,-0.00024556621689127503,0.0016755327496078365,0.00032702324,0.0011093759,3.68506e-05,15.3,-1.0,0.5000267,0.0015590461,0.00022964459,0.000105654595,0.0021056545
77.80000000000001,-0.40830824,0.18211906,-0.11493501,-0.023159873,-0.0013900395,-0.021767892,-0.007439395,-0.0040456867,-0.0023934988,0.0007528662987228483,-0.00017528907194894658,0.0019833765411087444,-0.0005143533,0.00032132864,-0.0006938032,15.3,-1.0,0.5000267,0.0016156423,0.00015568614,0.00011433568,0.0021143355
77.9,-0.4115581,0.1817829,-0.11482835,-0.025220558,-0.0014708106,-0.020740613,-0.014070907,-0.0016103091,-0.0027907079,0.000758977860857762,-0.00014638703670646582,0.0022802820596021806,-4.57953e-05,-0.00033929147,-0.00013308477,15.3,-1.0,0.5000267,0.0019999999,0.0,0.00012450061,0.0018754993
78.0,-0.41384563,0.18163702,-0.114106774,-0.026366677,-0.0012883473,-0.019946955,-0.006712064,0.003121489,0.0025779007,0.0007726959776609469,-0.00016706193970628862,0.002483849811139823,0.00041370094,-3.9180675e-05,-0.00032450445,15.3,-1.0,0.5000267,0.0019999999,0.0,3.7089922e-06,0.0019962909
78.10000000000001,-0.415253,0.1817024,-0.11324364,-0.026600936,-0.0006447657,-0.019190673,-0.007981252,0.0028223884,0.0016991979,0.0008167042051897861,-0.00015444877193977768,0.0026642475449339003,0.00039977193,0.00073589484,-0.00053272763,15.3,-1.0,0.5000267,0.001683867,0.00016949643,7.331823e-05,0.002073318
78.2,-0.41597933,0.18177523,-0.112487525,-0.026572991,-5.0231924e-05,-0.018683365,-0.004739355,0.0031599824,-0.0031432135,0.000840750456843524,-0.00019482207691539933,0.0028441326217626983,0.00029595156,0.00011021066,0.00020055045,15.3,-1.0,0.5000267,0.0019306941,0.0,3.4652883e-05,0.0020346527
78.30000000000001,-0.41618988,0.18166186,-0.11203912,-0.026239863,0.00028153972,-0.018415531,-0.005786399,-0.006620442,-0.008136033,0.000837083123498276,-0.00022814443966517382,0.002996510574586453,-0.00061791146,4.7140198e-05,-0.00093200465,15.3,-1.0,0.5000267,0.0019668327,0.0,1.6583595e-05,0.0020165835
78.4,-0.41618928,0.1810283,-0.11199823,-0.025886638,-1.0546257e-05,-0.018333001,-0.0122203035,-0.00024541235,-0.010340008,0.0008320887327371239,-0.0002481575843357439,0.0031017194367447213,-0.00012575148,0.0005354771,1.662503e-05,15.3,-1.0,0.5000267,0.001987779,0.0,6.1104074e-06,0.0020061103
78.5,-0.41577315,0.17981105,-0.11247194,-0.025327118,-0.0008878506,-0.017994277,-0.0042971075,-0.0014530427,-0.0007571652,0.0008198790395455475,-0.00029900366132915013,0.003223863111905713,0.00033859067,-1.8250616e-05,0.0009033757,15.3,-1.0,0.5000267,0.0019999999,0.0,6.51218e-05,0.0019348781
78.60000000000001,-0.41449997,0.17835389,-0.11312047,-0.0242073,-0.0021269603,-0.018009758,-0.0037692527,0.0052384958,0.00043306497,0.0007420498414304818,-0.0003385445967150071,0.003311610959506289,-0.00023588736,-0.0003304122,-3.5348243e-05,15.3,-1.0,0.5000267,0.0019999999,0.0,0.00044357489,0.0015564251
78.7,-0.41291726,0.17690909,-0.113821834,-0.023054264,-0.0034493487,-0.017894417,-0.008213452,8.719939e-05,-0.00077206636,0.0006881454875998237,-0.00037872563389128745,0.003389982622248169,-0.0003447636,-7.343523e-05,0.00011189211,15.3,-1.0,0.5000267,0.0019999999,0.0,3.284961e-05,0.0019671503
78.80000000000001,-0.41158444,0.17557609,-0.11447939,-0.02185514,-0.0044064047,-0.017847281,-0.003228782,-0.002398487,-0.0026416963,0.000646218816337082,-0.0004209623971222085,0.003439355116902122,6.8368594e-05,0.00042929105,0.00021336094,15.3,-1.0,0.5000267,0.001964008,0.0,1.7995946e-05,0.0020179958
78.9,-0.41065788,0.17424788,-0.11464006,-0.021161977,-0.0053803674,-0.017736705,-0.008738037,-0.0009352408,0.002395827,0.0006035492116952428,-0.00045980004183522935,0.0034814284081039347,4.935408e-05,-0.00025111233,-3.141417e-05,15.3,-1.0,0.5000267,0.0019999999,0.0,0.00029744557,0.0017025543
79.0,-0.41002512,0.17315015,-0.11441195,-0.020513557,-0.0057855295,-0.017415073,-0.0054861954,0.005528104,0.0033997928,0.0005867643118837332,-0.00045763811636943477,0.0035733363196291347,7.92543e-05,1.3125474e-05,0.00059290335,15.3,-1.0,0.5000267,0.0019999999,0.0,0.0001356818,0.0018643179
79.10000000000001,-0.40931377,0.17201778,-0.11357087,-0.019488575,-0.006095584,-0.016511839,-0.00011386327,-0.0031203288,0.0033988615,0.0005825804401890507,-0.0004816765786366593,0.003660833169489291,-0.0005442643,-0.0004886756,-0.00011771493,15.3,-1.0,0.5000267,0.0019999999,0.0,0.00035938836,0.0016406116
79.2,-0.40919253,0.17109397,-0.1125845,-0.01902103,-0.006392166,-0.015660271,-0.003470053,-0.0034326739,0.010246876,0.0005467963688911326,-0.0005123443950930174,0.0037010184036463394,-0.00084020494,0.0001441485,-7.999155e-05,15.3,-1.0,0.5000267,0.0019999999,0.0,0.0002719385,0.0017280614
79.30000000000001,-0.40953657,0.17019497,-0.11111191,-0.018779242,-0.006781385,-0.01471148,-0.002370062,-0.004960765,0.00027799976,0.0005494189883002522,-0.0005334310311134298,0.0037583328718604975,0.00041255582,0.00044758778,0.0011157609,16.2,-1.0,0.5736122,0.001501797,0.00041578774,0.00085510843,0.0012273066
79.4,-0.40975243,0.16903155,-0.10939211,-0.018201888,-0.0076236227,-0.01353444,0.0056966017,-0.0066376063,-0.0062375325,0.0005161440583883866,-0.000547817680586701,0.0038028538936189793,-8.159153e-05,-0.00092387554,-0.000830924,16.2,-1.0,0.5736122,0.0015655139,0.00038602762,0.001239536,0.00080892217
79.5,-0.40997154,0.16748255,-0.1072849,-0.018172942,-0.008673889,-0.012453038,-0.0044113006,-0.0054097814,-0.0034384427,0.0004974384914855518,-0.000575367047882234,0.0038491376364488804,0.00019126963,0.0006166725,0.00024226331,16.2,-1.0,0.5736122,0.0014641589,0.00050756085,0.00085517054,0.0011731094
79.60000000000001,-0.40964583,0.16574065,-0.10493851,-0.01745712,-0.009811354,-0.011194356,-0.002025015,-0.004742503,0.0010379589,0.0004450714249360501,-0.0005990491884950982,0.003912858512027267,-6.1465165e-05,-0.0009911349,0.00056328654,16.2,-1.0,0.6505556,0.0016750105,0.00023250864,0.0013823629,0.0007101175
79.7,-0.40854254,0.16407949,-0.10223982,-0.01618086,-0.010678276,-0.009902162,-0.0019492237,-0.0056992876,-0.0032489186,0.00041705218847797726,-0.00066697812285234,0.003939702958258549,-0.0004041663,-0.00013360672,-0.0001505288,16.2,-1.0,0.71361446,0.0013493674,0.00061319093,0.0012304661,0.0008069753
79.80000000000001,-0.4071238,0.1628231,-0.10024491,-0.0148671465,-0.011342128,-0.00917159,-0.001945736,-0.0061903275,0.004389323,0.00037342318219736376,-0.0007131889458348854,0.0039509217758119915,-0.00041034585,-8.51107e-06,0.00020104193,16.2,-1.0,0.71361446,0.0013657539,0.00067664654,0.0012214123,0.0007361869
79.9,-0.4052685,0.16192171,-0.098354995,-0.013086998,-0.011717153,-0.008310851,0.006496781,-0.0065928274,0.005214009,0.0003913585121677938,-0.000787398766065789,0.003986220079546513,0.0015896604,-0.00012651237,-0.00017163872,16.2,-1.0,0.7652931,0.0017784793,0.00020927623,0.000833092,0.0011791522
80.0,-0.4034139,0.16192093,-0.0970445,-0.011548221,-0.011623291,-0.007769382,-0.005072925,-0.007742067,0.0016689299,0.0004278295056630615,-0.0008432939620274772,0.004026450132318286,0.00010608949,-0.000636785,-9.761613e-05,16.2,-1.0,0.7652931,0.0016736141,0.00030519627,0.0013544825,0.0006667068
80.10000000000001,-0.4017719,0.16286814,-0.096039206,-0.010603714,-0.01030833,-0.007071032,-0.0061312467,-0.0040944335,0.0035464761,0.00047494043373001873,-0.0008561385470955577,0.004058416078719233,8.822663e-05,-0.0005256218,-0.0007343713,16.2,-1.0,0.8076477,0.0016581219,0.00035605166,0.0012679267,0.0007178995
80.2,-0.40033934,0.16463809,-0.09524226,-0.00914794,-0.008335893,-0.0065664076,-0.0020030127,-0.00012682778,0.0037271527,0.0005484988758229292,-0.0008828194701183875,0.004085869771767564,0.00039157338,0.000104272054,0.00022240524,16.2,-1.0,0.8076477,0.001767126,0.00029532952,0.000987521,0.0009500232
