time_sec,x,y,z,vx,vy,vz,ax,ay,az,roll,pitch,yaw,angular_x,angular_y,angular_z,voltage_v,current_a,remaining,motor_1,motor_2,motor_3,motor_4
0.0,0.060191292,-0.028016724,-0.06640756,-0.0051667984,-0.015532097,-0.000332172,0.0005594821,0.0052058566,0.002485234,6.514167308937289e-05,0.00042634523720545543,1.6704971484995768,0.00083047245,0.0009773485,-0.00097499683,16.2,-1.0,0.9999466,0.00089824566,0.0011703759,0.00045888996,0.0014724882
0.1,0.058643837,-0.03107823,-0.06623261,-0.0058119716,-0.017388655,0.00015660207,-0.0035993988,-0.0055170115,-0.0061909663,5.115878115017678e-05,0.0004906817543521389,1.6704850714195467,-0.0005887528,-9.876938e-05,0.0010818872,16.2,-1.0,0.9999466,0.0008274843,0.0012190216,0.0008699438,0.00108355
0.2,0.057350453,-0.033360045,-0.0660893,-0.0063859955,-0.018697454,0.00067577773,-0.005508749,-0.0012565708,0.0003748573,7.201650344651101e-05,0.000503381052569433,1.6704649702648902,-0.00025621644,-0.0002452569,1.7923776e-06,16.19424,-1.0,0.9996586,0.0006843623,0.0014077799,0.0007643521,0.0011435054
0.30000000000000004,0.056191508,-0.035286717,-0.06533414,-0.0071204,-0.019600129,0.0012067668,-0.0018934202,-0.0089287525,0.00024028121,7.524749268190849e-05,0.00051097245532469,1.6704829757079414,0.00050139043,-0.00036662808,-0.000224903,16.188242,-1.0,0.9988203,0.0009283269,0.0010818043,0.00075018127,0.0012396872
0.4,0.055488415,-0.036100242,-0.06431854,-0.007116155,-0.019636542,0.0014088656,0.0067396793,-0.0051155295,-0.0050109806,5.198238610826337e-05,0.0005122678897512622,1.6704710395246405,-0.00021826055,8.907805e-05,2.0059182e-05,16.188242,-1.0,0.9988203,0.0007561218,0.0013172087,0.0007603165,0.0011663527
0.5,0.055458914,-0.03575893,-0.06337425,-0.0065966765,-0.01874193,0.001818392,0.0011179651,-0.012033177,-0.0009667128,1.776065372535774e-05,0.0004472052903154388,1.670508326572305,-0.0005337636,-0.000177907,0.00034062602,16.188242,-1.0,0.9988203,0.000665613,0.0012860287,0.0009085825,0.0011397756
0.6000000000000001,0.056041002,-0.03471318,-0.061778024,-0.006062114,-0.017242195,0.0024282187,-0.0045055095,-0.007312461,-0.008843838,-3.0572550094490584e-06,0.00037376904232754444,1.6705017111360632,-0.00033090188,-0.00026386714,0.00020100495,16.182241,-1.0,0.9975319,0.00080093794,0.0012254445,0.0011005406,0.0008730766
0.7000000000000001,0.05636293,-0.03342756,-0.060107917,-0.005916177,-0.015240135,0.0027867337,-0.0037584407,-0.007817585,-0.0014333053,-2.9161115683710286e-05,0.0003308883525261651,1.6704823657419203,0.00065392803,0.0004348023,0.00010323811,16.176243,-1.0,0.9958725,0.0009426816,0.0011089211,0.0006362337,0.0013121633
0.8,0.056612227,-0.03228965,-0.05853483,-0.005672221,-0.013787985,0.003429654,0.004223797,-0.0014229558,0.0034617258,-6.554261062840288e-05,0.0002557032174945168,1.670481271342714,0.0007853791,0.000556893,-0.00019325387,16.176243,-1.0,0.9958725,0.00090537954,0.0010757903,0.000521666,0.0014971639
0.9,0.056743864,-0.031279616,-0.057206556,-0.0057104584,-0.012513434,0.00386717,-0.0016233936,-0.0047205617,0.0005885958,-5.580828421971068e-05,0.00020024844051207133,1.6704480442615617,0.00013605655,-0.0002469534,-0.00046481637,16.176243,-1.0,0.9958725,0.0010299719,0.0010208612,0.0008607599,0.0010884068
1.0,0.056673553,-0.030381909,-0.05633557,-0.005885393,-0.011701872,0.00423757,-0.0042239255,-0.0065035084,0.003189314,-4.66338187346336e-05,0.0001984576659139375,1.670434487315079,-0.00030846935,0.00034180423,6.0917228e-06,16.170242,-1.0,0.9939146,0.00080320734,0.0012036798,0.0009223675,0.001070745
1.1,0.05639803,-0.02952087,-0.05615963,-0.006149368,-0.010661859,0.004303799,-0.0019360713,0.0019634906,0.0013625248,-9.478945438822367e-06,0.00016643699838323747,1.6704151042334416,0.0007935361,-0.0005655155,-0.00022370878,16.164244,-1.0,0.99171066,0.023312362,0.022877375,0.02291118,0.023225002
1.2000000000000002,0.055941053,-0.028642926,-0.056464612,-0.0065201204,-0.009347889,0.004273066,-0.003641967,-0.0010002172,0.0042109746,-3.131949735526213e-05,0.0001532427238363562,1.6703904794211548,-0.0006286967,-0.0013159573,-0.00031115967,16.164244,-1.0,0.99171066,0.041633442,0.041482285,0.041904125,0.0410258
1.3,0.055987906,-0.02798925,-0.056720287,-0.006434123,-0.008620616,0.0043546557,0.0028128768,-0.003611121,0.0015832483,-4.59074333157662e-05,0.00013457221688878586,1.6704016910268304,0.00054245204,-7.326009e-05,-0.00016173322,16.158243,-1.0,0.9892998,0.060608942,0.060815845,0.060347218,0.060967896
1.4000000000000001,0.05634108,-0.027199093,-0.057172358,-0.005771766,-0.007866601,0.0041626766,0.0039803153,-0.0047199903,0.0048396173,-6.039984859285875e-05,0.00011548361024497251,1.6704493815036219,0.00034157283,-0.0011377604,0.0009016712,16.158243,-1.0,0.9892998,0.08396278,0.08336216,0.083852306,0.08362439
1.5,0.056673877,-0.026592683,-0.057090104,-0.0052353805,-0.0069124047,0.004272201,0.0037764614,-0.0015901222,-0.0056158747,-9.364411628651564e-05,0.00010742179349885994,1.6704727467315212,0.00024256369,0.00054329576,-0.00043898035,16.158243,-1.0,0.9892998,0.10697296,0.10724859,0.10701951,0.10735672
1.6,0.056892734,-0.025993213,-0.056565166,-0.0045287064,-0.0059438553,0.004489648,0.0009870841,-0.006887515,-0.0042053866,-0.0001270890856816893,6.768721875174562e-05,1.6704669568722281,1.4309431e-05,-0.00037427482,-3.846021e-05,16.152245,-1.0,0.98672295,0.1348244,0.13496336,0.13500158,0.13477568
1.7000000000000002,0.05722262,-0.02577906,-0.05609472,-0.0038653067,-0.0053194095,0.004578865,0.0034424823,-0.0019190289,0.0029406508,-0.00012591814681961922,6.109068205806203e-05,1.6704568314145638,0.00012487706,-0.00032447456,0.0002018142,16.146244,-1.0,0.98400784,0.16269317,0.16257209,0.16259114,0.16256206
1.8,0.05777329,-0.025833437,-0.05596298,-0.0033438988,-0.005086314,0.004454987,0.0053270045,-0.00011784777,-0.001465436,-0.00017251671500910252,7.582150164156648e-05,1.6704830614721256,-4.727654e-05,0.00025833756,1.6552895e-05,16.146244,-1.0,0.98400784,0.19481176,0.19492137,0.19490139,0.1949416
1.9000000000000001,0.058112517,-0.026508424,-0.05593708,-0.0030335495,-0.0055304263,0.0042560166,-7.058065e-05,4.6570618e-05,0.00017369165,-0.00014005699842938098,6.741636877901532e-05,1.6705057033522817,0.00038983126,-0.00020652327,-0.0007360052,16.140245,-1.0,0.981184,0.22662216,0.22690415,0.226777,0.22693373
2.0,0.058245007,-0.027586974,-0.056071892,-0.0032403555,-0.006170563,0.003919396,-0.0047876206,0.0008829693,0.0062007452,-0.00013381591280579633,0.00013791964639165872,1.6705183986131638,8.683302e-05,0.00044244787,0.00012560766,16.140245,-1.0,0.981184,0.2634453,0.2637929,0.2633511,0.26405218
2.1,0.05823081,-0.028891856,-0.05647379,-0.0036210762,-0.007057287,0.003835127,0.00049319613,0.0075567933,-0.006540678,-0.00011852064964616501,0.00016630761917844452,1.6704908030065249,0.0001971089,-0.0006909751,-0.0013077346,16.140245,-1.0,0.981184,0.29994115,0.29986057,0.2996513,0.30001298
2.2,0.058082834,-0.030519197,-0.057954565,-0.0042167148,-0.0083146375,0.0034494852,-0.007305804,0.0064433487,-0.006326008,-9.256554874869907e-05,0.00021433019683831219,1.6704722062969424,1.8353307e-05,-0.00025016058,-0.00056662585,16.134245,-1.0,0.97826576,0.34121257,0.34153074,0.34106532,0.3415012
2.3000000000000003,0.058091186,-0.03244609,-0.060102448,-0.0045265215,-0.009793131,0.0027277027,-0.0003995785,-0.0035686847,-0.004507135,-6.361395809517571e-05,0.00026756974292480685,1.6704717385443661,-1.019029e-05,0.000956667,-0.00041742704,16.128246,-1.0,0.97527313,0.381193,0.38215223,0.3808368,0.38245073
2.4000000000000004,0.05814345,-0.034620203,-0.06224668,-0.0040491438,-0.011280978,0.002309879,0.00084110495,-0.00840656,0.00026868653,-4.636761830651253e-05,0.00029145453188531565,1.6704529685394631,-0.0012883097,-0.00022813307,3.8975766e-05,16.128246,-1.0,0.97527313,0.3958486,0.39740792,0.3963417,0.39676413
2.5,0.057617348,-0.03659779,-0.06432472,-0.004280298,-0.012508359,0.0018797024,-0.003517569,0.0035738018,0.0013797543,-2.6930851160720456e-05,0.00031124065239315123,1.6704731270377469,0.0008479691,0.0002972903,0.0001628189,16.128246,-1.0,0.97527313,0.40590066,0.40650666,0.40522888,0.40727416
2.6,0.056648772,-0.03847649,-0.06653264,-0.004636699,-0.013569802,0.0015866295,-0.0058075874,-0.0035621852,-0.0060116868,-4.4114441561366164e-05,0.0003317802914962407,1.6704532559354142,0.0004194268,-0.00047819107,0.0007110392,16.122246,-1.0,0.97221947,0.42160338,0.42177892,0.4207586,0.4224928
2.7,0.05601379,-0.040010702,-0.06917639,-0.0047373287,-0.013801068,0.0011566329,-0.00061312935,0.002178425,-0.0040223817,-7.233606118438867e-05,0.00033446800033827133,1.6704753270290238,-0.000115700605,-0.0004981415,-0.00028466753,16.116247,-1.0,0.9691143,0.43200186,0.4328607,0.43197846,0.43295646
2.8000000000000003,0.055377927,-0.041265715,-0.07221557,-0.00471518,-0.014197353,0.00039846927,0.0017172053,0.0012270781,0.0029369255,-7.652943746982832e-05,0.0003482722561389665,1.6704564039265473,-0.00044864014,0.00047979678,9.885742e-06,16.116247,-1.0,0.9691143,0.4483774,0.44986078,0.4482867,0.449817
2.9000000000000004,0.05504895,-0.04161699,-0.07501967,-0.004574472,-0.013963529,-1.8557785e-05,-0.0028890474,-0.0028201996,0.005135778,-9.025376268608969e-05,0.00033745920624379946,1.6704270398154788,0.00017032369,-0.00014866739,-0.0002165151,16.110247,-1.0,0.96596813,0.4606751,0.46162072,0.46022272,0.4618039
3.0,0.05457168,-0.041552737,-0.077301666,-0.004501023,-0.013503554,-0.00070887303,0.0014728793,-0.0022121824,-8.4284686e-05,-7.569206432628312e-05,0.000309249931444475,1.670447001552833,0.0004849849,0.00020640423,0.00060570706,16.110247,-1.0,0.96596813,0.47844794,0.47954854,0.47817415,0.47982246
3.1,0.05330602,-0.041480843,-0.079459414,-0.0051017525,-0.012782662,-0.0012632085,0.0033194667,0.0022535163,-0.000430271,-4.7367501689056755e-05,0.0002641526431982674,1.6704221071311944,0.0002905486,0.0011928158,-0.00072495174,16.110247,-1.0,0.96596813,0.49163616,0.49273866,0.49098143,0.49324974
3.2,0.051404975,-0.04168654,-0.081460685,-0.006236772,-0.012477918,-0.0019626103,0.0038943356,-0.0072313906,-0.004963949,-1.458759792330691e-05,0.00021752625235174256,1.6704145079633088,3.964464e-05,0.00044181885,0.0003829243,16.104248,-1.0,0.96278954,0.51085424,0.51191473,0.51008886,0.51249987
3.3000000000000003,0.04913844,-0.041648183,-0.08283809,-0.007693026,-0.012239477,-0.0023092537,0.0012614259,-0.0045330063,0.0016470439,1.9510581093277024e-05,0.0002286212633296587,1.6704198855343302,-0.0002537881,-0.0002082428,7.824993e-05,16.098248,-1.0,0.9595823,0.5253751,0.5261847,0.52480197,0.5267216
3.4000000000000004,0.046884265,-0.04031117,-0.083759755,-0.008957036,-0.010933111,-0.0024950237,0.0060227485,-0.00854653,-0.0009834765,9.458833902085838e-05,0.00017285144901034338,1.6704014104167175,-8.898549e-06,0.00046855723,-2.3691859e-05,16.098248,-1.0,0.9595823,0.54597247,0.54680073,0.5450364,0.5475115
3.5,0.045240488,-0.037491843,-0.08469665,-0.009666643,-0.008361821,-0.0024388179,-0.0038871379,0.0037072466,-0.0024451872,9.423715867318195e-05,9.499175763565971e-05,1.670427795684896,-0.0009406423,0.00025954208,0.0005755818,16.098248,-1.0,0.9595823,0.56174743,0.5623542,0.561326,0.56279826
3.6,0.04400537,-0.03319019,-0.085822105,-0.009956511,-0.004669686,-0.0025674913,-0.003623676,-0.0018405173,0.0028801148,5.569995465504848e-05,-1.6314585088143374e-05,1.6704119645511908,-0.00058890873,0.0008444925,-0.00056394504,16.092249,-1.0,0.95635223,0.5838706,0.58407015,0.58309317,0.5846578
3.7,0.043707967,-0.028632924,-0.0867303,-0.0095958,-0.00093016215,-0.00302154,-0.0013069193,0.0069206045,-0.0019595025,1.4537887759127298e-05,-0.00018142033457523645,1.6704119769878591,-9.999885e-05,0.00014340787,0.0002597983,16.086248,-1.0,0.953105,0.60100275,0.60054415,0.6000585,0.60129195
3.8000000000000003,0.044304643,-0.02367511,-0.087255865,-0.0088013625,0.003004596,-0.0028685103,-0.009217722,-0.00048700324,0.008853617,-6.890048323982887e-05,-0.0002707615553710795,1.6703966566482216,-0.0010234565,-0.00029229952,-0.0010289217,16.086248,-1.0,0.953105,0.6243309,0.623659,0.6240566,0.6237309
3.9000000000000004,0.044983547,-0.01915014,-0.087385446,-0.007980269,0.006362224,-0.0028283254,-0.0025426582,0.0032771584,-0.003578141,-0.00014762075301105816,-0.00034760145281006376,1.6703796911759523,-0.00070203334,-3.2243577e-05,-0.0002794851,16.08025,-1.0,0.94984055,0.6426372,0.6416977,0.6421389,0.641934
4.0,0.04598045,-0.015624246,-0.08690469,-0.0068401117,0.008669059,-0.0025928128,-7.086112e-05,-0.00075932936,-0.0025220213,-0.00022483785717072928,-0.00038688636161476837,1.6703817008840147,-0.00022010467,-0.0004917695,0.00022637295,16.08025,-1.0,0.94984055,0.6673885,0.665893,0.6669367,0.6661987
4.1000000000000005,0.04710952,-0.012941868,-0.0861458,-0.0059242644,0.010246233,-0.0023654746,0.002894005,0.0009572722,-0.0064051705,-0.00024247752580410198,-0.0004081954565551335,1.6703650207541216,0.0005887879,-0.00063085306,-0.0003692795,16.07425,-1.0,0.94656277,0.7177733,0.7155987,0.71721905,0.71593505
4.2,0.04766433,-0.011791,-0.085133806,-0.005585516,0.010234223,-0.005023661,-0.0023166651,0.0022937919,-0.15412131,-0.00028523213297180014,-0.00020849111316722239,1.6703386864789522,-0.001173364,0.0065618576,-0.00065352966,16.07425,-1.0,0.94656277,0.74135166,0.742251,0.7413689,0.74182034
4.3,0.04758142,-0.011324791,-0.08577889,-0.0055826018,0.0094976295,-0.03994247,0.00085123547,-0.0042567276,-0.5293237,-0.00027386578714449654,0.0003396869935146627,1.6703477434971419,0.00056956126,0.003993595,0.00043779376,16.07425,-1.0,0.94656277,0.75372785,0.7531851,0.7531984,0.7535393
4.4,0.046408474,-0.011161206,-0.09249565,-0.006232572,0.008118518,-0.10660303,-0.0043410244,-0.0037491315,-0.7253452,-0.00023342504003109432,0.0006930019960592565,1.6703749160771701,-0.0003196926,0.0018644396,0.0005734911,16.06825,-1.0,0.94327736,0.763481,0.7633792,0.76317465,0.76353514
4.5,0.044619326,-0.011495159,-0.106946975,-0.007230241,0.0063236905,-0.18295012,0.0023355887,-0.0121856285,-0.8450839,-0.0002501723019079563,0.0008330362636627885,1.6704222001146884,-0.0015633577,-0.00029475917,-0.00038322574,16.06825,-1.0,0.94327736,0.76418304,0.76399696,0.7640465,0.764082
4.6000000000000005,0.042040735,-0.011661393,-0.13232827,-0.009027204,0.0049087964,-0.27320516,0.0035352763,-0.0037198951,-0.8686105,-0.0004550996886825035,0.0008411006762803922,1.670502179982054,-0.004260127,0.00022972356,-0.0001305769,16.06225,-1.0,0.93998337,0.76802504,0.7683575,0.7681915,0.7683343
4.7,0.039109424,-0.010566915,-0.16848016,-0.010609803,0.004588405,-0.36674604,0.008032662,-0.0033047486,-0.89096737,-0.0008379645739424917,0.000786129065292046,1.6705223396576594,-0.005089238,0.00065401616,-0.0008238691,16.056252,-1.0,0.936677,0.76503617,0.76482266,0.7647776,0.764865
4.800000000000001,0.036462847,-0.008806428,-0.21069282,-0.011365667,0.0049923644,-0.4526012,0.01715817,-0.010639448,-0.86712736,-0.001394385167534039,0.0008700738661922806,1.6705466711000003,-0.0066716024,0.0024616502,-0.00052008405,16.056252,-1.0,0.936677,0.7683301,0.7680285,0.7681814,0.76789993
4.9,0.033788826,-0.0071839043,-0.26547518,-0.011115731,0.0049341074,-0.54460424,0.024149956,-0.004601897,-0.8657821,-0.0020268018827259656,0.001235472470907633,1.6705934864510932,-0.0073149456,0.0051423307,0.0007015733,16.050251,-1.0,0.9333706,0.7635226,0.76344824,0.76347864,0.7634624
5.0,0.03144137,-0.006320349,-0.32442966,-0.010224631,0.004034813,-0.6281651,0.03452635,-0.0186557,-0.84257495,-0.0027605702921421173,0.001801900761470648,1.6706254587846263,-0.008585598,0.006548931,5.105001e-06,16.050251,-1.0,0.9333706,0.7670967,0.76692957,0.7670449,0.7671318
5.1000000000000005,0.029874284,-0.006204481,-0.39781967,-0.007694733,0.0019147608,-0.7175094,0.04317001,-0.02574193,-0.82852036,-0.0037311139034957243,0.002473970691735135,1.6706464283674967,-0.012721826,0.0065552094,0.0010704737,16.044252,-1.0,0.9300604,0.76156485,0.76119554,0.7617949,0.76119006
5.2,0.029648304,-0.0065654623,-0.4738703,-0.003386187,-0.0008097641,-0.7885706,0.05328994,-0.028439721,-0.51456594,-0.005388574884499513,0.003398752167574471,1.6706348617818478,-0.020709004,0.009468658,0.0002767061,16.044252,-1.0,0.9300604,0.7405393,0.740345,0.7407038,0.7403095
5.300000000000001,0.030793838,-0.007240574,-0.56188035,0.0035708128,-0.004416047,-0.8117314,0.06876644,-0.0298006,0.0539422,-0.00734786466582204,0.0044128120208277105,1.6705775373923817,-0.015992325,0.007436854,0.00037369318,16.038252,-1.0,0.9267435,0.71742165,0.7180824,0.7180398,0.7174395
5.4,0.03370895,-0.008477316,-0.64228535,0.012001374,-0.008249311,-0.78306323,0.077620104,-0.03557138,0.48411867,-0.008016104356937606,0.004531056746835044,1.670503518617276,0.010904675,-0.011573988,-0.0011335856,16.038252,-1.0,0.9267435,0.7043145,0.7088282,0.7074094,0.70547056
5.5,0.03829617,-0.010197448,-0.7176603,0.020181417,-0.011248425,-0.74744886,0.05066548,-0.016705746,0.24283676,-0.004657437008816933,0.002263530202035819,1.6704313364714296,0.0486131,-0.031082932,-3.306924e-05,16.038252,-1.0,0.9267435,0.71579915,0.71717185,0.71723586,0.7154481
5.6000000000000005,0.043983966,-0.012340426,-0.7951001,0.023868114,-0.012230055,-0.73195356,-0.014721272,0.012470076,0.08135335,0.0017417551547590602,-0.0013326489086581982,1.6703540455282293,0.07854065,-0.04043614,0.0003253954,16.032253,-1.0,0.9234247,0.7235847,0.7262358,0.72560567,0.72399265
5.7,0.048760574,-0.014247606,-0.8709688,0.01824492,-0.009767019,-0.727082,-0.116542414,0.040508144,0.029886605,0.010626184174165578,-0.005503660889285265,1.6702304907557968,0.08693191,-0.040368814,-0.00087203336,16.026253,-1.0,0.9200983,0.7262669,0.7223274,0.7238352,0.72447234
5.800000000000001,0.05098217,-0.015626991,-0.9401556,0.0038968849,-0.0048971972,-0.72514296,-0.17725477,0.06722412,0.00060116866,0.017096168387421354,-0.008502485960382078,1.6700513074706755,0.04136284,-0.02210273,0.0013405625,16.026253,-1.0,0.9200983,0.73020446,0.7238833,0.72479,0.7291471
5.9,0.05098069,-0.016710402,-1.0145154,-0.016009564,0.00236767,-0.7215136,-0.17392701,0.077592105,0.050990373,0.016439909724840152,-0.00944212898494791,1.6699167041497385,-0.057713766,0.007941618,0.00031764372,16.020254,-1.0,0.91677094,0.72723293,0.7179688,0.72214794,0.7231926
6.0,0.049459986,-0.017289065,-1.0823679,-0.028677428,0.008306497,-0.7151114,-0.07384404,0.052365202,0.07338309,0.005484706050411719,-0.005456505606372236,1.669935371461208,-0.14514184,0.05838676,-1.5030684e-05,16.020254,-1.0,0.91677094,0.72572225,0.7235407,0.7241732,0.72509646
6.1000000000000005,0.046843264,-0.017699808,-1.1549064,-0.02785121,0.010064726,-0.7080646,0.089200996,0.0045559052,0.034418885,-0.009672698138422146,0.0009419354598644759,1.6700223877844502,-0.138755,0.062007222,0.000501448,16.014254,-1.0,0.91344357,0.71960527,0.7296117,0.72799325,0.7210201
6.2,0.04518895,-0.017927838,-1.2216022,-0.014802834,0.007838282,-0.7005115,0.16132185,-0.03453888,0.104023606,-0.01595172893504282,0.005185921619672403,1.6701453544735103,0.008174647,0.0142681785,0.0008291526,16.014254,-1.0,0.91344357,0.71768343,0.72696686,0.7240549,0.7207654
6.300000000000001,0.045816652,-0.018350938,-1.293029,0.0002893838,0.0040212544,-0.689979,0.11062592,-0.030921916,0.10278634,-0.010630904328785494,0.004138326328660634,1.6702266668550836,0.06448746,-0.01859542,0.0005843848,16.008255,-1.0,0.9101162,0.7208054,0.71987605,0.71961683,0.72146183
6.4,0.048503973,-0.01943195,-1.3578967,0.008695231,0.0010893685,-0.6789515,0.050559323,-0.018084873,0.116437204,-0.005224642455247209,0.0022338484482465008,1.6701055527592152,0.0470912,-0.01756609,0.00061448105,16.008255,-1.0,0.9101162,0.72196186,0.7207161,0.72077674,0.72196347
6.5,0.052355163,-0.02118312,-1.4213878,0.012979631,-0.00096401817,-0.667088,0.008225959,-0.016135437,0.112106554,-0.001452153878994157,0.0007685637239674967,1.6698405791520585,0.03241283,-0.012873247,-0.0003061895,16.008255,-1.0,0.9101162,0.7200357,0.71892023,0.7189416,0.719922
6.6000000000000005,0.0571321,-0.023140501,-1.4886658,0.0146072935,-0.0020489935,-0.6526012,-0.011541995,0.0020121548,0.14315824,0.001039459323048113,-0.0003445730567213876,1.669576424174668,0.022001961,-0.009344699,0.0010752259,16.002254,-1.0,0.9067888,0.7207605,0.7200033,0.71971107,0.7209364
6.7,0.061721124,-0.024551965,-1.5546155,0.013777799,-0.00175445,-0.6374686,-0.029515779,0.0063497117,0.1483825,0.002673330621454956,-0.001199145393835921,1.6694099330465995,0.013774687,-0.007599088,9.75034e-05,15.996256,-1.0,0.90346146,0.71882683,0.7182148,0.71851957,0.7185602
6.800000000000001,0.065627016,-0.025417274,-1.6140578,0.011425609,-0.00086521957,-0.62176627,-0.040769998,0.014122695,0.16193463,0.0037606023352742255,-0.0017376157941371604,1.669374274471502,0.008501651,-0.0035178177,0.00084922346,15.996256,-1.0,0.90346146,0.71918476,0.7193234,0.7193287,0.7194143
6.9,0.06920242,-0.026027579,-1.6765038,0.0077307275,0.0005142724,-0.60430086,-0.037349936,0.011515151,0.17015588,0.004423652511365463,-0.0020002194606375855,1.669424325351819,0.0048496593,-0.0009835055,-0.00037738512,15.990255,-1.0,0.9001341,0.71750104,0.7178931,0.7177518,0.71799403
7.0,0.071561724,-0.026847444,-1.7324946,0.0034029002,0.0014924136,-0.58686817,-0.056021806,0.014418573,0.1762933,0.004816668809364132,-0.002094273475140478,1.6694683193364355,0.0013450257,-0.00035424612,0.00043604148,15.990255,-1.0,0.9001341,0.7184185,0.71862376,0.7185722,0.7186801
7.1000000000000005,0.07317683,-0.027662378,-1.7912537,-0.0015041097,0.0026090096,-0.5679997,-0.05150154,0.01885605,0.18097086,0.0048783143331579655,-0.002106688644126289,1.6695276954395042,-0.0013264157,-0.00081078784,0.00065051235,15.984257,-1.0,0.8968067,0.7173735,0.716825,0.71748894,0.7169115
7.2,0.07352574,-0.027536731,-1.8433484,-0.0063448898,0.0038663535,-0.5436732,-0.04515393,0.006208319,0.36848846,0.004559674119138644,-0.0019403605473263083,1.6696218392915363,-0.006834595,0.005959347,0.00016024048,15.984257,-1.0,0.8968067,0.70128673,0.7009435,0.7009336,0.7015768
7.300000000000001,0.0724962,-0.0267951,-1.8949653,-0.011348997,0.0053389636,-0.47806478,-0.0392259,0.007645069,0.83369523,0.003547888729334893,-0.001144784625119772,1.6696935678369889,-0.0115768695,0.0080408435,-0.00047682723,15.978256,-1.0,0.89347935,0.6858858,0.6855465,0.68607616,0.68528247
7.4,0.07042566,-0.025899021,-1.9337581,-0.014909808,0.0061837416,-0.37729487,-0.023680847,0.0017513902,1.1969441,0.002386268081161095,-0.00027046994218342716,1.6698240515155218,-0.011731435,0.008098524,-0.0004463152,15.978256,-1.0,0.89347935,0.6607334,0.6604205,0.6604555,0.6607339
7.5,0.06818469,-0.024753042,-1.9602462,-0.017430672,0.006478918,-0.2576438,-0.012983506,-0.004936563,1.0591736,0.001205936644768773,0.0005486628430370865,1.669891112776423,-0.010801216,0.007824615,-0.00091220776,15.978256,-1.0,0.89347935,0.6860365,0.6855735,0.68555075,0.68594104
7.6000000000000005,0.06603502,-0.023226313,-1.9765886,-0.018557701,0.006216108,-0.17529702,-0.00083254505,-0.014575184,0.5350364,8.106741699111139e-05,0.0013142988336581425,1.669893808931252,-0.01045882,0.006995489,-0.00029350907,15.972258,-1.0,0.89015293,0.70993555,0.70973015,0.70988226,0.7096907
7.7,0.06414027,-0.021958074,-1.9865209,-0.018198509,0.005299603,-0.1410467,0.010093213,-0.01912034,0.12254481,-0.0006616197849721196,0.0017284202218614938,1.6698649034248811,-0.0029205733,0.00071732025,-0.0006290565,15.966257,-1.0,0.88682175,0.7249142,0.7250972,0.72484833,0.72495157
7.800000000000001,0.063311934,-0.021272022,-1.9952661,-0.016821913,0.003969199,-0.14200963,0.0033690538,-0.014210146,-0.14646257,-0.0008098626815251045,0.0016466400449268277,1.6698452751883248,0.0002565036,-0.0021789162,-0.00035113384,15.966257,-1.0,0.88682175,0.7387706,0.7389864,0.7389397,0.73877627
7.9,0.0632859,-0.020900095,-2.0077727,-0.014910097,0.0026983144,-0.16663885,0.005035599,-0.011583219,-0.31078932,-0.0006393463253399412,0.0013323971561178193,1.6697807074393052,0.002447898,-0.0037525725,-0.00012608965,15.9602585,-1.0,0.88348866,0.74198776,0.74204797,0.7421937,0.741801
8.0,0.063462414,-0.020863375,-2.023095,-0.013602757,0.0014478555,-0.1952327,0.0016626237,-0.013608159,-0.28280166,-0.0003037365277022668,0.000974770193030254,1.6697101782747121,0.0047636093,-0.004379287,-0.00021506565,15.9602585,-1.0,0.88348866,0.7395575,0.7386477,0.7388575,0.7390857
8.1,0.063336655,-0.02077773,-2.0415545,-0.013093381,0.0009616452,-0.21543792,0.003683966,-0.006001416,-0.15875603,-7.925944717311353e-05,0.000711083650339063,1.6696845475756208,0.0007304116,-0.0014681851,3.024036e-05,15.9602585,-1.0,0.88348866,0.7333267,0.7329762,0.733172,0.7330043
8.200000000000001,0.063191675,-0.020623766,-2.0638552,-0.013242696,0.0007115562,-0.22549646,-0.0034954648,-0.005106645,-0.046722587,-8.26503782716258e-05,0.0006795303568593716,1.6696483202266823,-0.00064901466,0.00017725883,0.0007246517,15.954258,-1.0,0.8801565,0.72924304,0.7293917,0.7291981,0.7292774
8.3,0.06309369,-0.02088988,-2.087838,-0.013183866,0.00018647991,-0.2271432,-0.0020906262,-0.009648531,0.022387596,-0.0001251133116174807,0.0007146136841135579,1.669608556887018,-0.0015476979,-6.846265e-06,0.00020153014,15.948259,-1.0,0.8768234,0.72614384,0.72640944,0.7264241,0.7258314
8.4,0.06302288,-0.021583563,-2.1105459,-0.012674291,-0.0008358813,-0.22272722,0.0026325101,-0.012015661,0.07097935,-0.00019158688129292096,0.0007028059173602723,1.6696338536224475,-0.0011001892,0.00034409252,0.0005406819,15.948259,-1.0,0.8768234,0.72406375,0.7248839,0.7242657,0.72448266
8.5,0.06291961,-0.022558868,-2.132918,-0.012374773,-0.0017712982,-0.21475399,0.0026630505,-0.0020640444,0.09592622,-0.00026646206772107004,0.0006150163375022184,1.6696913102536879,-0.0009363493,-0.0023369612,3.852078e-05,15.948259,-1.0,0.8768234,0.72348934,0.7225626,0.72321564,0.72278696
8.6,0.06292689,-0.02383385,-2.1563776,-0.0118756415,-0.0030228118,-0.20398697,0.0053587314,-0.0018149295,0.11647492,-0.00034908513114886267,0.000463653797856003,1.669725541851331,0.00045061085,-0.0028298423,0.00039127958,15.942259,-1.0,0.8734913,0.7233304,0.72265863,0.7229759,0.72288746
8.700000000000001,0.06286531,-0.02524305,-2.178804,-0.01132492,-0.003814009,-0.19210277,0.00428403,-0.0020719387,0.11900346,-0.0003396836398595385,0.00025525565087494305,1.6697853390663027,-0.0002177131,-0.0028450955,-0.00054705946,15.93626,-1.0,0.87015915,0.7225737,0.72264653,0.7227343,0.72255605
8.8,0.06296079,-0.0264653,-2.1983974,-0.010895321,-0.004396552,-0.18140149,-0.0026651667,-0.0065384535,0.1145401,-0.00034161366444080934,-4.677548791795816e-05,1.6698061412259906,-0.0002617536,-0.0021289228,-0.00023274998,15.93626,-1.0,0.87015915,0.72289443,0.7234112,0.72309166,0.72327
8.9,0.06314081,-0.028075842,-2.2169645,-0.01075822,-0.00501871,-0.1710999,0.002782084,0.0032064014,0.10944157,-0.0004006708571384405,-0.0003381646379205903,1.6698436629633393,-0.0004563408,-0.0028158824,-0.00052374776,15.93626,-1.0,0.87015915,0.7231458,0.7229211,0.72307396,0.7231643
9.0,0.06279865,-0.030264068,-2.235739,-0.0107717095,-0.005755982,-0.1608086,0.0045645293,0.005697061,0.09376369,-0.0004681981142801725,-0.0006200935619253738,1.6698849555674502,3.0278934e-05,-0.003633504,0.0007932274,15.93026,-1.0,0.86682606,0.72357154,0.72361803,0.7235499,0.72397465
9.1,0.062481392,-0.032358073,-2.2524376,-0.010907438,-0.0059624435,-0.1518506,0.0025909839,0.007683049,0.08647749,-0.000565584500002787,-0.0009849158509156902,1.6698804961660876,-0.0015251272,-0.0031345857,1.5736478e-06,15.93026,-1.0,0.86682606,0.72344303,0.7235651,0.72357935,0.7236038
9.200000000000001,0.062424302,-0.034866247,-2.2698507,-0.010424639,-0.0058846273,-0.14228465,0.010374595,0.013571256,0.10096467,-0.000662314344422507,-0.00135731359382322,1.6698568073373667,-0.0003397933,-0.0039713867,0.0003627325,15.924261,-1.0,0.8634939,0.7241965,0.7239559,0.7239665,0.7241845
9.3,0.062276043,-0.03723765,-2.286433,-0.009722084,-0.005518818,-0.13340515,0.006672218,0.013284868,0.08895527,-0.0007454910610989465,-0.001675997248832627,1.6698489594709738,0.00047349348,-0.004552634,0.00024276618,15.918261,-1.0,0.8601608,0.7244909,0.7233665,0.72384804,0.72402483
9.4,0.062276192,-0.038948998,-2.3007112,-0.008861365,-0.0043344344,-0.12555884,0.011218438,0.012468909,0.079848334,-0.0007624948496875466,-0.002020330204433109,1.669866582746658,0.00036734444,-0.0033499831,0.00026536616,15.918261,-1.0,0.8601608,0.7245062,0.7243399,0.7245138,0.72449917
9.5,0.06227962,-0.040171236,-2.313826,-0.008108143,-0.0027568196,-0.11819252,0.001969769,0.017354626,0.074475065,-0.0007201148535975001,-0.0022918183412155768,1.6698985688153936,0.00055218884,-0.0030228838,-0.0004913648,15.918261,-1.0,0.8601608,0.724805,0.72416663,0.72505736,0.72423136
9.600000000000001,0.062394314,-0.04102072,-2.3267457,-0.007195696,-0.00046316677,-0.11106932,0.007334134,0.022203384,0.06529549,-0.0006726628074142451,-0.0023757319016881424,1.669919004150571,0.00083180453,-0.0015695114,0.00049561675,15.912262,-1.0,0.8568287,0.72535986,0.7249146,0.72555894,0.7251063
9.700000000000001,0.062817715,-0.041064914,-2.3386185,-0.006215801,0.0019770046,-0.10483254,-0.0017103888,0.02371755,0.050817613,-0.000549563733547877,-0.002334944159330553,1.6699033549592561,0.0015446253,0.0011824829,9.382813e-05,15.906261,-1.0,0.8534956,0.72511405,0.72551924,0.7251393,0.7256654
9.8,0.06328725,-0.040753584,-2.3487866,-0.0057064686,0.0042160978,-0.09974198,0.002313739,0.023106473,0.047235746,-0.0003951747885892708,-0.002173639954406514,1.6698886888305762,0.0028561915,0.0021899545,-0.00040821824,15.906261,-1.0,0.8534956,0.72621614,0.72556394,0.72580004,0.72599983
9.9,0.06316346,-0.040575042,-2.3585606,-0.0059595346,0.005845579,-0.095391996,-0.0032252236,0.015197027,0.041478775,-0.0002757364999089161,-0.001885869754901646,1.6699183936609383,0.00048257917,0.002277472,0.00022895446,15.906261,-1.0,0.8534956,0.7259093,0.7256605,0.7261909,0.72542775
10.0,0.06279359,-0.04010334,-2.3686543,-0.0061946837,0.0077076997,-0.09068489,-0.0005268655,0.016083773,0.04358822,-0.00019583643869659667,-0.001609912240663337,1.6699304225483869,-0.00011483327,0.0019282188,-0.0013767879,15.900263,-1.0,0.85016346,0.72635514,0.7260658,0.7263417,0.7259264
10.100000000000001,0.062541276,-0.03889598,-2.3785837,-0.0060864408,0.009370567,-0.08673893,-0.00080357015,0.0065410365,0.045353077,-0.00020321820171408786,-0.001269031340064459,1.669998754928979,-0.0003651464,0.0034902114,0.00036312017,15.894262,-1.0,0.84683037,0.72589934,0.72576416,0.7261232,0.7257415
10.200000000000001,0.062665,-0.037313018,-2.387408,-0.0055634873,0.01080788,-0.083123505,-0.001728793,0.008421091,0.03583403,-0.0002066663571198,-0.0008832940260000734,1.6700001949607441,-8.2673505e-05,0.0045562317,-0.0004707278,15.894262,-1.0,0.84683037,0.72569084,0.7260568,0.7262057,0.72589076
10.3,0.063225806,-0.035690702,-2.3965662,-0.004740959,0.011425794,-0.07941647,-0.001208518,-0.00060292264,0.03668386,-0.00017644355297171673,-0.0005024771596658842,1.6698795731490481,0.00096337387,0.003321931,-3.0240692e-05,15.888264,-1.0,0.84349823,0.7257316,0.7255719,0.7256161,0.7257165
10.4,0.063773245,-0.034515124,-2.4044843,-0.0039019978,0.011334764,-0.07578127,0.0003144654,-0.0015137466,0.040830575,-4.18642773816149e-05,-0.00010704052287104994,1.6697190966025082,0.002123391,0.0040246425,-0.00011983914,15.888264,-1.0,0.84349823,0.72565126,0.7261057,0.72554827,0.7259202
10.5,0.06434019,-0.033470936,-2.4119613,-0.0034271716,0.0106179295,-0.072308265,0.00028851564,-0.008581844,0.032319218,0.00014733933744937402,0.0001614187787698012,1.6695648031455756,0.0015170795,0.0018175939,-0.000811574,15.888264,-1.0,0.84349823,0.72580427,0.7258472,0.7256258,0.7254279
10.600000000000001,0.06442318,-0.032788634,-2.419623,-0.0033896226,0.0097640725,-0.068403415,-0.0084138885,-0.008892778,0.037528105,0.0003108252073815136,0.000325594526481055,1.6694697384793817,0.0018849978,0.0011159014,0.00026162204,15.882263,-1.0,0.8401661,0.7260748,0.72621024,0.72556424,0.72594523
10.700000000000001,0.063656,-0.032368015,-2.426621,-0.0039854827,0.008511742,-0.0650797,-0.0023251188,-0.009461678,0.039818227,0.00039874697626854827,0.000439357747033678,1.669460264274314,0.00071431417,0.00036000885,0.0005492011,15.876265,-1.0,0.836833,0.72625583,0.7260881,0.72549325,0.7260842
10.8,0.06224359,-0.03208301,-2.432518,-0.004996754,0.0073742494,-0.06217384,-0.01147588,-0.009768029,0.032186504,0.00037873254314945576,0.00043346865387789926,1.6695412994009424,-0.002117949,-0.00077270536,-9.016039e-05,15.876265,-1.0,0.836833,0.7263961,0.72679305,0.7266512,0.72608876
10.9,0.06029122,-0.031692326,-2.438298,-0.006412089,0.0064300452,-0.059714995,-0.0028940246,-0.012148514,0.016036907,0.00016294724008746806,0.0003579305660906836,1.6696641071989515,-0.0043272353,0.00064594136,0.00054240326,15.876265,-1.0,0.836833,0.7259511,0.72711,0.7262861,0.7266105
11.0,0.057745766,-0.031124108,-2.4441855,-0.007512505,0.0055750143,-0.056946117,-0.00037270284,-0.0003148592,0.026274936,-0.0002152022394763991,0.00031844278390419573,1.6698179105125792,-0.0047121653,-0.00037798285,0.0009561048,15.870264,-1.0,0.83350086,0.726892,0.7267169,0.72696054,0.72694826
11.100000000000001,0.055131968,-0.030702798,-2.449727,-0.008249652,0.0047177947,-0.054615825,0.008999941,-0.0011931723,0.023586208,-0.0007201846130634599,0.00031657984576164436,1.6699663443201123,-0.0065531796,-0.00010141329,0.00082560774,15.864265,-1.0,0.8301678,0.7264911,0.72693574,0.7272702,0.72691363
11.200000000000001,0.0533785,-0.030589338,-2.4548888,-0.007677833,0.003910227,-0.05264447,0.012375533,-0.0028458252,0.020300036,-0.0012632369676652546,0.00032528088750273575,1.670005879420256,-0.005713481,-8.7831766e-05,0.0003490406,15.864265,-1.0,0.8301678,0.726603,0.72725636,0.7274473,0.72705674
11.3,0.052341335,-0.03051731,-2.4607513,-0.0063660876,0.0031488843,-0.05060212,0.019446094,-0.0009982702,0.023444647,-0.0016693603294361556,0.0003101704928084234,1.6699710009760234,-0.0038596806,-0.0009943908,-0.0009817957,15.858265,-1.0,0.82683563,0.7266085,0.7269484,0.7270166,0.7268881
11.4,0.05238793,-0.030503094,-2.466093,-0.004530636,0.002394527,-0.048798762,0.019554539,0.0024635894,0.02905959,-0.0019118272309651839,0.00022413714618556163,1.6699303474669382,-0.0017858046,-0.0012832178,0.0011085568,15.858265,-1.0,0.82683563,0.72650653,0.72698325,0.72703046,0.72674924
11.5,0.05337323,-0.030111356,-2.4712608,-0.0019695875,0.0022094594,-0.046337295,0.023578089,0.00024400486,0.02848217,-0.0018892562176782042,0.0001570275815329323,1.669868051408903,0.001913989,-0.0003895302,-0.00058945647,15.858265,-1.0,0.82683563,0.7266643,0.7268039,0.72667104,0.726816
11.600000000000001,0.055195708,-0.028994603,-2.4762156,0.00071932026,0.0027550366,-0.043873902,0.015877116,0.0022544796,0.032173,-0.0016204849636705905,7.068957313482461e-05,1.6698438862829061,0.0028827123,-6.3178144e-05,-0.0011053036,15.852265,-1.0,0.82350254,0.72646224,0.7274959,0.7273132,0.726618
11.700000000000001,0.057341356,-0.027433211,-2.4807315,0.00302018,0.0035602339,-0.04162221,0.011559872,0.0016802677,0.020170582,-0.0011302210652090342,0.00010362976983240314,1.6698557441425674,0.0055926885,0.0015072676,-0.00033065758,15.846266,-1.0,0.8201704,0.72678053,0.72728646,0.727123,0.7269032
11.8,0.05950973,-0.026181651,-2.4842613,0.0046999436,0.0039256415,-0.039174836,0.008347028,-0.007985828,0.022842081,-0.0005253220865267024,0.0003025908706299726,1.669852792605777,0.0062293657,0.002500518,0.00032515015,15.846266,-1.0,0.8201704,0.72775334,0.72737855,0.7277321,0.72733015
11.9,0.06200047,-0.025415104,-2.4868906,0.005840183,0.0035226422,-0.03746239,-0.0044272174,-0.009534494,0.010800547,7.80946538110915e-05,0.0005242200291433246,1.6698246705672701,0.0050115823,0.0017731414,-0.0007551897,15.846266,-1.0,0.8201704,0.7274696,0.7283384,0.72816926,0.7276121
12.0,0.06439861,-0.02464479,-2.4889529,0.006122925,0.0029922419,-0.036238454,-0.008011102,-0.008083184,0.000629574,0.0006616512358991729,0.0006565937523908813,1.6697879538066607,0.004674735,0.00040104048,0.00031737395,15.840266,-1.0,0.8168373,0.72822946,0.7286317,0.7286678,0.7281385
12.100000000000001,0.06672526,-0.023565173,-2.4909701,0.00555008,0.002449334,-0.035787016,-0.013824068,-0.015692713,-0.0073444094,0.0011249183597950173,0.0006829844259106146,1.6697625570693488,-0.0013988495,-0.0041597765,-0.0023955328,15.834267,-1.0,0.8135052,0.6892592,0.67482805,0.73595464,0.80386984
12.200000000000001,0.06919031,-0.02206895,-2.494881,0.012902133,0.008448809,-0.06940642,0.22446185,0.14805754,0.30520278,-0.03069833850868458,-0.015071284360131505,1.6561543731546846,-0.53204906,-0.1737781,-0.34370503,15.834267,-1.0,0.8135052,0.1434581,0.11739084,1.0,0.99919
12.3,0.07475356,-0.018706987,-2.496893,0.063772134,0.032718133,0.019483907,0.7087878,0.26754782,0.92222166,-0.08433654672565638,-0.028272016688013754,1.5916931718113874,-0.5105366,-0.005515575,-0.8939267,15.828267,-1.0,0.81017303,0.17707735,0.18611163,1.0,0.9864614
12.4,0.087182686,-0.012655532,-2.489798,0.15392742,0.057760186,0.09903112,1.0907978,0.20976156,0.7349527,-0.12122874867700897,-0.03378553001376835,1.4736142302326716,-0.31280082,0.11577346,-1.4085163,15.828267,-1.0,0.81017303,0.21559429,0.24101162,1.0,0.98979783
12.5,0.110403955,-0.0043950435,-2.4751513,0.2714163,0.07210953,0.1607675,1.2768465,0.06628145,0.5446388,-0.13462545182767696,-0.042326546835574845,1.3047648042189965,-0.10713249,0.13956226,-1.8969668,15.828267,-1.0,0.81017303,0.24953783,0.27122307,1.0,0.9966228
12.600000000000001,0.15011314,0.004580737,-2.453481,0.40940455,0.07157431,0.20291649,1.3227205,-0.07100258,0.041984018,-0.12598418708147782,-0.05781798202487986,1.0877634713873394,0.0418478,0.12124298,-2.3472,15.822268,-1.0,0.80683994,0.4111415,0.41965592,1.0,0.9986999
12.700000000000001,0.20678419,0.0112274885,-2.4343824,0.55873275,0.05778724,0.094533704,1.3510077,-0.14728153,-1.4563724,-0.10009046762823205,-0.07517555848736776,0.8310348243387854,0.119412296,0.11628349,-2.631098,15.816268,-1.0,0.8035078,0.6499569,0.64752537,0.8809304,0.8804257
12.8,0.27407822,0.014617643,-2.42933,0.67775214,0.04128773,0.010270637,1.0348351,-0.117363766,-0.51396334,-0.06548137995393606,-0.08370459534766185,0.557323646886975,0.13061672,0.14752184,-2.6327755,15.816268,-1.0,0.8035078,0.79737127,0.794114,0.6751643,0.67964524
12.9,0.35264573,0.014988754,-2.431532,0.7733578,0.024509069,-0.031002786,0.8333865,-0.0902082,-0.4289923,-0.033469696562425266,-0.08022172626210274,0.295805498266101,0.095690615,0.15599254,-2.3657756,15.816268,-1.0,0.8035078,0.9241979,0.92202556,0.5210293,0.5284813
13.0,0.4468758,0.011905479,-2.4396152,0.85714585,0.0066294293,-0.08765395,0.6514182,-0.0598813,-0.6054165,-0.010318485927194296,-0.06908458961640847,0.07046269922206619,0.057467427,0.15037474,-1.9148481,15.810268,-1.0,0.8001747,0.996819,0.9974823,0.41083097,0.41989636
13.100000000000001,0.54690415,0.0063072806,-2.453666,0.92025924,-0.008014403,-0.13141797,0.46492913,-0.021043833,-0.14247744,0.003703024230591787,-0.055449846115929353,-0.10331991980227936,0.030022983,0.1335055,-1.3791924,15.804269,-1.0,0.7968426,0.99752426,1.0,0.32563215,0.33609194
13.200000000000001,0.64250493,-0.00014181808,-2.468861,0.96263784,-0.017198749,-0.13204318,0.34534377,0.008078361,0.068765126,0.010580129101773167,-0.04307552941012306,-0.22020222204505185,0.007491087,0.10711821,-0.83621794,15.804269,-1.0,0.7968426,0.9964347,1.0,0.32123396,0.33019313
13.3,0.74844193,-0.0068928846,-2.4846783,0.997117,-0.020811016,-0.13892655,0.26476493,0.036155507,-0.22700381,0.012673223137300163,-0.03370963949568503,-0.28020949313174354,-0.009550556,0.07934272,-0.3219895,15.798269,-1.0,0.7935095,0.989396,0.9928988,0.37818906,0.38432142
13.4,0.8477228,-0.012071801,-2.5001843,1.0208524,-0.019897787,-0.15083615,0.1848358,0.04825531,0.075643875,0.011645627890937803,-0.02721739524281624,-0.2881089115928231,-0.020550743,0.059591003,0.12409391,15.798269,-1.0,0.7935095,0.924834,0.9297515,0.43044075,0.43485996
13.5,0.94766265,-0.016357796,-2.5150874,1.0369387,-0.017619608,-0.12609199,0.124676876,0.03496505,0.3932961,0.009007547853294263,-0.022713446053966524,-0.25491229277457017,-0.022229565,0.04346811,0.4588392,15.798269,-1.0,0.7935095,0.85728395,0.86234486,0.5088322,0.5120925
13.600000000000001,1.0564885,-0.020539207,-2.527783,1.0482941,-0.016064081,-0.07907347,0.08305917,0.017162612,0.47788534,0.005944957490500785,-0.019509462782151793,-0.19460086778330035,-0.018352557,0.030134782,0.66887844,15.79227,-1.0,0.79017735,0.7935291,0.7982847,0.59746265,0.59930134
13.700000000000001,1.165105,-0.025691915,-2.5347657,1.0539607,-0.01745548,-0.034332607,0.052507218,0.01692154,0.3762282,0.003284595394716486,-0.017085842303415887,-0.12060980934899194,-0.010178327,0.02151397,0.7607786,15.78627,-1.0,0.7868452,0.73440635,0.74005365,0.6787237,0.68037415
13.8,1.264771,-0.031726997,-2.5373924,1.055647,-0.021351656,-0.0063415705,0.031005556,0.00043866792,0.21606776,0.0015234175368625225,-0.015267674637843268,-0.04454492499565869,-0.00022107005,0.014681023,0.7467636,15.78627,-1.0,0.7868452,0.6856868,0.6918515,0.74403644,0.7466537
13.9,1.3637792,-0.038661715,-2.5375104,1.0552045,-0.026013276,0.0077701597,0.024478765,0.00754744,0.08853385,0.0007922462613945848,-0.014080628527969373,0.02504827836743091,0.008487867,0.007079125,0.6536039,15.78627,-1.0,0.7868452,0.64958024,0.6549722,0.78822255,0.7919022
14.0,1.4699173,-0.04714786,-2.5362184,1.0525179,-0.031261157,0.012748268,0.013401076,0.007947459,0.008202623,0.0008569047009586164,-0.013449804545488197,0.08212085363500841,0.01085651,-0.00028517356,0.50619894,15.780271,-1.0,0.7835121,0.62777525,0.6329903,0.8140936,0.8162861
14.100000000000001,1.5753598,-0.056042295,-2.534424,1.0490624,-0.035745695,0.012704502,0.01337819,0.010368048,-0.012282747,0.0014086713352545123,-0.013422753778710125,0.1235015387547434,0.01232585,-0.0051029874,0.33672926,15.774271,-1.0,0.78018,0.6202375,0.6249959,0.8217321,0.82494146
14.200000000000001,1.6721569,-0.06398283,-2.5329764,1.0460569,-0.038465,0.01243988,0.013431195,0.026006475,-0.00051967794,0.0022018191629822057,-0.013804974980675098,0.14836917844621242,0.010923904,-0.0069753514,0.16718169,15.774271,-1.0,0.78018,0.62500226,0.6295252,0.81707954,0.8207098
14.3,1.7762454,-0.07205283,-2.5313773,1.042649,-0.039577127,0.012679919,0.013084656,0.032383166,0.0042868773,0.0030026971445182133,-0.014278981939379256,0.15749759194145557,0.007553877,-0.006998894,0.015939662,15.768271,-1.0,0.7768469,0.6390844,0.64337283,0.80368125,0.80709624
14.4,1.8715781,-0.07887836,-2.529683,1.0394915,-0.039273556,0.014070085,0.017124172,0.034976225,0.01757685,0.0037373086221094603,-0.014802210575160698,0.15340229753496717,0.0050268765,-0.006698487,-0.10429858,15.768271,-1.0,0.7768469,0.6588925,0.6631961,0.784883,0.7887665
14.5,1.9663665,-0.0851607,-2.528122,1.0362175,-0.03792188,0.016563324,0.017121244,0.037886534,0.023560597,0.004289253715325662,-0.015249764545184692,0.13920369219975015,-0.00097124814,-0.0073486944,-0.18976729,15.768271,-1.0,0.7768469,0.68093145,0.6859783,0.7651838,0.7674068
14.600000000000001,2.068725,-0.09083176,-2.5260153,1.0333333,-0.03541768,0.01947181,0.03701113,0.041830946,0.025229061,0.004726576077692154,-0.015658664131869338,0.11872831421561283,-0.001470108,-0.005908287,-0.23718755,15.762272,-1.0,0.7735138,0.702992,0.7077603,0.74491686,0.7482961
14.700000000000001,2.1714356,-0.09490608,-2.5236416,1.0312357,-0.031608965,0.021567335,0.030760441,0.03995907,0.013194046,0.004954211726104499,-0.01600373828238248,0.09538449129757276,-0.004119331,-0.005463587,-0.25124818,15.756272,-1.0,0.7701807,0.72228557,0.72649425,0.7277825,0.73082876
14.8,2.266545,-0.09734267,-2.5213113,1.0301228,-0.027721748,0.022601115,0.030767366,0.032054827,0.0032875685,0.004951290616298402,-0.016218907626804148,0.07222903642402646,-0.005991249,-0.0036080824,-0.23822652,15.756272,-1.0,0.7701807,0.73682547,0.74144566,0.7144143,0.71737546
14.9,2.361827,-0.09893513,-2.5191875,1.0295889,-0.024062594,0.02264753,0.03435419,0.029655866,-0.008508096,0.004737764416046607,-0.01631476609351392,0.05156116505146624,-0.0062269694,-0.002363468,-0.20747933,15.756272,-1.0,0.7701807,0.7469171,0.7510036,0.7053592,0.7080915
15.0,2.465178,-0.09978283,-2.5172787,1.0292704,-0.020838112,0.021985412,0.033568233,0.017466934,-0.007357448,0.004431808261268971,-0.01628527482015011,0.03490160606092006,-0.007523279,-0.0004883143,-0.16525461,15.750273,-1.0,0.7668476,0.7511428,0.75646454,0.70099425,0.7033235
15.100000000000001,2.5693607,-0.099861436,-2.5154896,1.0293268,-0.017681938,0.021593306,0.026927685,0.013795916,0.00056996936,0.004089778131637961,-0.016216397335699788,0.022954090811712503,-0.0065434226,-0.0005168329,-0.11581201,15.744273,-1.0,0.7635145,0.7524872,0.7572079,0.7004322,0.7025753
15.200000000000001,2.6664615,-0.09932089,-2.5138311,1.0302314,-0.0153499665,0.020893944,0.033392288,0.013822117,-0.004542991,0.0037112631587311908,-0.01611458799935026,0.015605464874172057,-0.0059118513,0.0017671272,-0.069797754,15.744273,-1.0,0.7635145,0.7499754,0.75514716,0.70261925,0.7054047
15.3,2.7728505,-0.09766731,-2.5120897,1.0320604,-0.012816962,0.01982235,0.023062259,0.008595628,-0.007544178,0.0033295103377690527,-0.01593694350841493,0.012372863206876007,-0.0048067644,0.0018440492,-0.030877406,15.738274,-1.0,0.7601814,0.7457896,0.75033957,0.707295,0.70965606
15.4,2.8721006,-0.094555184,-2.510902,1.034008,-0.009551049,0.01883344,0.024972519,0.006362074,-0.01429906,0.0029412474866806018,-0.01564795774686768,0.012220233996368896,-0.0050156456,0.0037673283,-0.0009203868,15.738274,-1.0,0.7601814,0.7402981,0.7448352,0.7126842,0.7151926
15.5,2.9714935,-0.09024965,-2.510105,1.0354843,-0.0061574713,0.017973822,0.023200998,0.0033889625,-0.005959067,0.0024400204455798857,-0.015253264654009462,0.01434990324554155,-0.0049742186,0.0054902737,0.01928852,15.738274,-1.0,0.7601814,0.73449636,0.7392566,0.7178597,0.7214096
15.600000000000001,3.0788321,-0.0845769,-2.5092936,1.0362976,-0.0024825907,0.016904224,0.011319185,-0.006321908,-0.004170462,0.001883377953742113,-0.014874980526481462,0.017864941699474748,-0.0062736077,0.0044915155,0.028239112,15.732274,-1.0,0.75684834,0.72898644,0.7342381,0.72331655,0.72628593
15.700000000000001,3.185935,-0.07874763,-2.5077798,1.0359753,-0.0001243714,0.016202465,0.0024078179,-0.018965801,-0.0011152587,0.001253733707987981,-0.014520305056412034,0.022026975514742732,-0.006740172,0.0034511646,0.029735113,15.7262745,-1.0,0.75351524,0.72452056,0.73005164,0.72780484,0.73059493
15.8,3.284845,-0.07311659,-2.5065017,1.0357288,0.0015106506,0.015602718,0.0117375525,-0.015379093,-0.0050109806,0.0007423274313118568,-0.014288935190156537,0.026228115823394457,-0.005058899,0.0023586757,0.02611017,15.7262745,-1.0,0.75351524,0.7211452,0.7269322,0.7312244,0.7338995
15.9,3.38389,-0.06710848,-2.5054126,1.0354364,0.0027835565,0.01488333,-0.0021272425,-0.025372714,-0.0039790752,0.00036009812513351953,-0.014112300724020763,0.029679559047872603,-0.0030455473,0.0017418064,0.017140135,15.7262745,-1.0,0.75351524,0.71942,0.72441334,0.73310864,0.7362689
16.0,3.4920483,-0.060614157,-2.5038764,1.0359448,0.0037069798,0.014359034,0.002764289,-0.025856921,-0.0073141414,3.172372729754091e-05,-0.014011616731994424,0.03208998996720134,-0.0033615362,0.0015574587,0.004960417,15.720275,-1.0,0.75018215,0.7184701,0.723647,0.73440915,0.7369445
16.1,3.6009047,-0.05389269,-2.5020404,1.0371803,0.0046164263,0.0139376065,0.00074534904,-0.02745439,0.006997026,-0.00017081817141208295,-0.013834946617523075,0.03318907424429711,-0.0024202685,0.0040021795,-0.006926356,15.714275,-1.0,0.74684906,0.71856207,0.7238477,0.73424387,0.7370472
16.2,3.7016127,-0.04760179,-2.5003183,1.0378431,0.0055795866,0.013672086,0.0057801805,-0.032399625,-0.0033141111,-0.0003444329657303889,-0.013570176709027574,0.03301673510271039,-0.0016447032,0.0041846544,-0.017175289,15.714275,-1.0,0.74684906,0.7197248,0.7247522,0.73320466,0.7365976
16.3,3.8107696,-0.040934373,-2.4980106,1.0382059,0.0062366114,0.013012984,-0.005624635,-0.03397412,-0.011960044,-0.0005015212243687782,-0.013299979314572446,0.031820472586975866,-0.0019041831,0.0037276305,-0.027481632,15.708276,-1.0,0.74351597,0.72098136,0.72642195,0.73194975,0.73502034
16.400000000000002,3.9121332,-0.034969162,-2.4957752,1.0390764,0.006507462,0.012404332,-0.005313981,-0.03155408,-0.012375413,-0.00059817754805773,-0.01306865534259124,0.02982684985286025,-0.0014387586,0.00211333,-0.032642398,15.708276,-1.0,0.74351597,0.72305614,0.72774667,0.7305385,0.7329694
16.5,4.0141683,-0.029296428,-2.4931226,1.0404875,0.006721566,0.011920836,-0.009108603,-0.03974843,-0.005288515,-0.0006790862180995588,-0.012805817391611612,0.02745869157883195,-0.0012794016,0.0036018016,-0.03526673,15.708276,-1.0,0.74351597,0.7244534,0.7296267,0.7289256,0.7314049
16.6,4.1248946,-0.02360472,-2.4903455,1.0415711,0.0065229665,0.011323739,-0.011117255,-0.031523738,-0.005465466,-0.0007233414581465488,-0.012432371431080731,0.024969156894789787,-0.0016512782,0.0047576115,-0.036422968,15.702276,-1.0,0.7401829,0.7254948,0.73123914,0.7275896,0.7300911
16.7,4.2273555,-0.018643945,-2.4878874,1.0422381,0.0061076786,0.011164701,-0.019065315,-0.029781813,-0.0003040768,-0.0007088807933933839,-0.012102062675587002,0.02261750358076526,-0.0010779618,0.0034000922,-0.03469614,15.702276,-1.0,0.7401829,0.7268873,0.73216575,0.7268925,0.72890496
16.8,4.338862,-0.01368084,-2.4857438,1.0429606,0.005482896,0.0105399005,-0.02027586,-0.027014079,-0.011119059,-0.0006526726157347665,-0.011798681982482238,0.02050961388538882,-1.9523563e-05,0.0034219641,-0.032802064,15.696277,-1.0,0.7368498,0.7274687,0.73287,0.72593004,0.72850615
16.900000000000002,4.450424,-0.009062362,-2.4842014,1.0432419,0.0046276203,0.009825567,-0.022220518,-0.031482454,-0.0041220332,-0.0005461887552767518,-0.011516760895161295,0.018793350784063727,0.0004020104,0.0028309354,-0.02770621,15.690277,-1.0,0.7335167,0.7277789,0.73297024,0.7256603,0.7281418
17.0,4.5531263,-0.0049556233,-2.4835048,1.0429585,0.0038542745,0.009310475,-0.022612674,-0.026518507,-0.009905546,-0.0004245008861472163,-0.011232946166963995,0.017450018619014716,0.0008895748,0.0027342536,-0.02479272,15.690277,-1.0,0.7335167,0.7277172,0.7329969,0.7255515,0.72822607
17.1,4.6646576,-0.000733846,-2.4848514,1.0413761,0.003149407,-0.008519134,-0.10341161,-0.026242442,-0.23016146,-0.00014303414427839395,0.0010836136920354335,0.016476612237194353,0.005587953,0.40184683,-0.021190757,15.684278,-1.0,0.7301836,0.74294066,0.7301538,0.74183124,0.72527224
17.2,4.7667737,0.0031145315,-2.488588,1.0060997,0.0023722432,-0.022949819,-0.64913845,-0.028300082,-0.050866507,0.0007453431776306931,0.05844184621619734,0.015896033545847055,0.008818235,0.57801694,-0.018396141,15.684278,-1.0,0.7301836,0.7190499,0.7404881,0.71796775,0.7369423
17.3,4.8698816,0.0071467194,-2.493258,0.91213846,0.0016351056,-0.019797163,-1.1076158,-0.03122592,0.09095808,0.001517342310795493,0.10301399307570462,0.015546921697135776,0.0061581996,0.3262903,-0.01591533,15.678278,-1.0,0.7268505,0.7174963,0.73715866,0.71734273,0.73463595
17.400000000000002,4.952315,0.010971476,-2.4974155,0.79404896,0.0012195872,-0.0103895925,-1.2983241,-0.026520187,0.115450464,0.0019696015999325156,0.12207432838442422,0.015378409680140263,0.005227937,0.09309316,-0.014376488,15.678278,-1.0,0.7268505,0.7204709,0.73384345,0.7201632,0.73342633
17.5,5.0203567,0.015084109,-2.5002513,0.66624075,0.0013694813,-0.0005263023,-1.2979159,-0.020868706,0.10574422,0.0020822991098191105,0.12266193290858737,0.014908263635239586,0.0024809178,-0.053673733,-0.01478718,15.678278,-1.0,0.7268505,0.72415525,0.7318011,0.72446626,0.7320203
17.6,5.07797,0.019977212,-2.50194,0.53156096,0.00210159,0.007269897,-1.1982659,-0.01672097,0.05917204,0.001994462185984835,0.11265539020353262,0.013663525237205498,-0.00036897522,-0.13045491,-0.014348054,15.672278,-1.0,0.7235174,0.72635806,0.7317332,0.72718835,0.7314105
17.7,5.117161,0.024578506,-2.5022252,0.41813496,0.0032264371,0.01122778,-1.0549176,-0.012734732,0.0307383,0.0017711257429133779,0.09772925226858502,0.011759617563435854,-0.001665406,-0.16084751,-0.013944002,15.672278,-1.0,0.7235174,0.72885424,0.7311415,0.7283898,0.7303445
17.8,5.1470404,0.030265335,-2.501829,0.3119865,0.005421671,0.01294062,-0.8707296,-0.020067843,0.0075534913,0.001412568700319835,0.08135495067705363,0.009247236035823185,-0.004775251,-0.16601129,-0.013155941,15.666279,-1.0,0.7201843,0.7304063,0.73146,0.7291395,0.7283935
17.900000000000002,5.166215,0.03668092,-2.5005898,0.22365971,0.00862675,0.013002356,-0.70105195,-0.024357762,-0.0048396173,0.0009755127043145431,0.06560580565877465,0.006403847119194632,-0.006150962,-0.15223432,-0.009415588,15.660279,-1.0,0.71685123,0.73166984,0.7317477,0.7283766,0.72728324
18.0,5.176501,0.043462884,-2.499459,0.15734412,0.011679965,0.012017548,-0.55620956,-0.028010204,-0.01073908,0.000365483344545855,0.051490442763931596,0.004103082066219407,-0.0071154404,-0.13361521,-0.0058974987,15.660279,-1.0,0.71685123,0.7323924,0.73191446,0.72722054,0.726419
18.1,5.181881,0.051430207,-2.4978113,0.100396276,0.01445167,0.010875076,-0.43419415,-0.035226252,-0.015116761,-0.0003077799728617656,0.03942101665694465,0.0029073597539419926,-0.0077673416,-0.11130116,-0.0012420523,15.65428,-1.0,0.71351814,0.7322246,0.73198116,0.72721285,0.72559863
18.2,5.1827865,0.059353683,-2.4956052,0.059314772,0.016580608,0.010002092,-0.32947192,-0.037790604,-0.008583068,-0.0009452453243634657,0.029432874371154424,0.0023323436156753403,-0.007554992,-0.09208962,0.0030301302,15.65428,-1.0,0.71351814,0.73172575,0.7315306,0.72757417,0.7254781
18.3,5.181276,0.06832564,-2.4931095,0.025393577,0.0189112,0.00905754,-0.2410416,-0.038124163,-0.010068993,-0.001526158705250482,0.02140967186864075,0.002244398654608268,-0.00642085,-0.07216002,0.007719874,15.64828,-1.0,0.71018505,0.7310894,0.73064214,0.727398,0.72658044
18.400000000000002,5.179033,0.076486155,-2.490609,0.002486567,0.020001944,0.008592185,-0.17698881,-0.042902052,-0.00981707,-0.002005764191934489,0.015072221413797219,0.0026138875487968453,-0.0058606626,-0.05581535,0.009319564,15.64828,-1.0,0.71018505,0.72995275,0.73021394,0.72842216,0.72700953
18.5,5.177071,0.08454547,-2.4880438,-0.012943374,0.020449854,0.007815465,-0.12921293,-0.052417036,-0.010018236,-0.0024255592373692704,0.010223764806320175,0.0032067733185471353,-0.004287812,-0.04166156,0.010890825,15.64828,-1.0,0.71018505,0.7292749,0.72915083,0.7290225,0.72768974
18.6,5.1758447,0.092678525,-2.4860368,-0.022885049,0.01991611,0.0070628673,-0.09106234,-0.044029422,-0.012246425,-0.002729992958603942,0.00673155873522536,0.004235886799122557,-0.0035931065,-0.027784565,0.010597828,15.642281,-1.0,0.70685196,0.7279589,0.7286937,0.7296603,0.7283902
18.7,5.175995,0.09942533,-2.4842968,-0.0281471,0.018680474,0.0068597062,-0.06881242,-0.042773496,-0.009472015,-0.0028558149031176123,0.004410356763942827,0.00547024882092671,-0.0012354153,-0.017736128,0.008650706,15.642281,-1.0,0.70685196,0.7275268,0.7277677,0.73022157,0.7293411
18.8,5.1775513,0.10640647,-2.4818604,-0.030138977,0.017450485,0.0065176203,-0.053615265,-0.03515265,-0.008379108,-0.0028284640525988803,0.002971513705505259,0.006766334988449622,0.0007559011,-0.009367454,0.006160081,15.636281,-1.0,0.70351887,0.72697634,0.7271144,0.73051506,0.73025566
18.900000000000002,5.1800404,0.11339991,-2.4791327,-0.030319316,0.016351908,0.0062953657,-0.036624666,-0.041644175,-0.00545755,-0.002764688277278314,0.0022180888935069963,0.0078050648633185395,0.00048954383,-0.0027526792,0.0037236155,15.630281,-1.0,0.7001858,0.7264621,0.72690094,0.7306323,0.7309681
19.0,5.1830893,0.11985418,-2.4768226,-0.029624905,0.015478894,0.0060544447,-0.041609246,-0.040968906,-0.005744863,-0.002646065434600429,0.0019002970611453971,0.008438474377119925,0.00045854397,0.0004569405,-7.415721e-05,15.630281,-1.0,0.7001858,0.726373,0.7268153,0.730988,0.73088205
19.1,5.187311,0.12653138,-2.4750583,-0.02846796,0.014792333,0.005490231,-0.03980795,-0.042002857,-0.0068149525,-0.0025586928965668815,0.001809954003034133,0.008716307017618047,0.00055532163,0.0009973556,-0.0039517926,15.624282,-1.0,0.6968527,0.7267794,0.7264914,0.73091877,0.7305994
19.200000000000003,5.191679,0.13216037,-2.4732041,-0.027315367,0.013956321,0.00498212,-0.03592754,-0.037342764,-0.005879439,-0.0024775649688493356,0.0018643643583523212,0.008685592173958187,0.00017784715,0.0032008651,-0.0067642755,15.624282,-1.0,0.6968527,0.72630745,0.72739416,0.73023105,0.73051584
19.3,5.197014,0.13820095,-2.4710774,-0.025750637,0.013412657,0.0048006894,-0.035172142,-0.037594035,0.0030980443,-0.00242331058606093,0.001973433422340376,0.008353104363498148,-0.0001205055,0.0025567512,-0.009219566,15.618282,-1.0,0.6935196,0.72716326,0.7274173,0.7300058,0.72989434
19.400000000000002,5.202449,0.14379944,-2.470056,-0.024177236,0.013304043,0.0044382587,-0.039117165,-0.03474725,0.0040926966,-0.002372121404195123,0.0021245042372914436,0.007745884171831438,-0.00037536948,0.0028653746,-0.0098305475,15.618282,-1.0,0.6935196,0.72749996,0.7279984,0.72944176,0.72943354
19.5,5.208144,0.14895,-2.4687603,-0.023008604,0.012525423,0.003977987,-0.044494238,-0.032493718,-0.006247777,-0.0023949020102467774,0.0023562219555240014,0.007137616781928178,-0.0012732875,0.005311516,-0.011210921,15.618282,-1.0,0.6935196,0.72743046,0.7287909,0.7288267,0.7290233
19.6,5.214013,0.15356235,-2.467669,-0.022476368,0.010768631,0.003499841,-0.04474887,-0.036225434,0.00086938957,-0.0023772938484710585,0.0025287371206443913,0.006608150011920178,0.0004020896,0.0033813533,-0.010675153,15.612283,-1.0,0.6901865,0.72792083,0.7287931,0.72848535,0.72853136
19.700000000000003,5.218475,0.15720128,-2.4668062,-0.023193965,0.008636113,0.003190097,-0.040556993,-0.033413913,-0.0014705582,-0.0022123313820261153,0.0026000935367683745,0.006207305772241695,0.0023525893,0.0015065635,-0.010805519,15.606283,-1.0,0.6868534,0.7282921,0.7287377,0.7279874,0.7285594
19.8,5.2220035,0.15968978,-2.465636,-0.024309505,0.006424138,0.0031371822,-0.04664915,-0.028024742,-0.0017876736,-0.0019788987500374148,0.00251670283930299,0.005932867868180321,0.0023166346,-0.0010158044,-0.010576186,15.606283,-1.0,0.6868534,0.7282307,0.7289665,0.7283632,0.72811395
19.900000000000002,5.2255087,0.16168916,-2.4638698,-0.025156252,0.0038377794,0.0031525902,-0.04279123,-0.032617398,0.006706919,-0.0016875587249619768,0.0023342724036057917,0.005694586130479309,0.0038079224,-0.0022037616,-0.009510076,15.600284,-1.0,0.6835203,0.7287323,0.728481,0.72840214,0.728176
20.0,5.2284217,0.16338545,-2.462431,-0.025782578,0.0020158156,0.003142811,-0.037816837,-0.023042873,-0.001370441,-0.0013153029591038044,0.0021009033363532867,0.005459841842917751,0.004187629,-0.0012509009,-0.009035434,15.600284,-1.0,0.6835203,0.7285575,0.7287623,0.72820336,0.7285219
20.1,5.231182,0.16563596,-2.4606218,-0.02644811,0.0012619232,0.0030735913,-0.036619127,-0.014002667,0.0017001292,-0.0009519872386792882,0.0018970712758424383,0.005147449184038943,0.0037494893,-0.00054805994,-0.007507761,15.594284,-1.0,0.6801872,0.7285819,0.7287719,0.7279222,0.72884655
20.200000000000003,5.233316,0.1676182,-2.4592888,-0.02700022,0.00071534177,0.002775817,-0.032006115,-0.017870307,0.0018863938,-0.0007557160534019938,0.0017031153884044194,0.004825141664934245,0.0013231898,-0.000917124,-0.008168309,15.594284,-1.0,0.6801872,0.7283644,0.72887355,0.72832084,0.728405
20.3,5.2349224,0.16981454,-2.4580047,-0.02777632,0.00047692156,0.0025535794,-0.026002496,-0.013328514,0.002020504,-0.000639712101526881,0.0015016294623903395,0.004492592554415955,0.0007060885,-0.0013181239,-0.007991339,15.5882845,-1.0,0.67685413,0.7286386,0.72861546,0.7281144,0.72846967
20.400000000000002,5.236025,0.1715961,-2.4571471,-0.028476464,7.692297e-05,0.002260604,-0.025146395,-0.011949627,0.0044843177,-0.0005649390579503548,0.0012958950898516125,0.004199115711931717,4.067469e-05,-0.0025154303,-0.007074471,15.5882845,-1.0,0.67685413,0.72867113,0.72852653,0.7285175,0.7279394
20.5,5.237055,0.17317101,-2.45683,-0.029015267,-0.00059625,0.0020822294,-0.023675008,-0.011636695,0.005315523,-0.0005121314633447638,0.0010813636642946723,0.003953990718333147,0.0005555345,-0.001541542,-0.006315558,15.5882845,-1.0,0.67685413,0.7285369,0.7285574,0.72823596,0.72823226
20.6,5.2385917,0.1743903,-2.4561217,-0.029088823,-0.0017044267,0.0020539225,-0.027557604,-0.01896072,4.796311e-05,-0.00043532782966640215,0.0008658929414763339,0.0036641117911968084,0.0001972701,-0.0006460607,-0.0057452046,15.582285,-1.0,0.67352104,0.7283523,0.7289804,0.72830766,0.72801775
20.700000000000003,5.240535,0.17488609,-2.4553847,-0.028677264,-0.0031306944,0.0020476049,-0.025610583,-0.011834621,-0.0046109776,-0.00027361804635658886,0.0006832509932414709,0.003445813470205817,0.0030495797,-0.000902207,-0.0059779547,15.576285,-1.0,0.67018795,0.7289186,0.72842926,0.72807515,0.7283641
20.8,5.2423916,0.17438667,-2.4547176,-0.027828237,-0.0048185005,0.0020278052,-0.017985461,-0.01612679,-0.0048736106,-0.00010507058982249565,0.000586150397936812,0.0032858431389952178,0.002241952,0.0006640653,-0.0052453508,15.576285,-1.0,0.67018795,0.72829515,0.72884303,0.72833115,0.72840005
20.900000000000002,5.243948,0.17318128,-2.453179,-0.027510416,-0.0066164234,0.0024853947,-0.021275878,-0.006267949,0.0007101334,0.00015681653360626152,0.0005840585962649602,0.003109514158750711,0.0038515555,0.0009371443,-0.0048389356,15.570286,-1.0,0.66685486,0.72885287,0.72860956,0.7282163,0.72877955
21.0,5.2444115,0.1717287,-2.4518802,-0.027806433,-0.007853128,0.0025253305,-0.018894384,0.0034950958,-0.0019110738,0.0004425632897375863,0.0005665124451727934,0.002971691447250149,0.003711984,0.0006088907,-0.0044360496,15.570286,-1.0,0.66685486,0.7285643,0.7289179,0.72830474,0.7289467
21.1,5.2437754,0.17037445,-2.4504852,-0.028937068,-0.008583122,0.0024516352,-0.01391352,-0.0022705966,-0.0010165385,0.0007077857939032691,0.0004949209456633222,0.002839418369968653,0.0029593704,-0.0014348088,-0.005337746,15.564286,-1.0,0.66352177,0.72898495,0.728572,0.72866833,0.72852695
21.200000000000003,5.2419467,0.16955538,-2.4503193,-0.03068523,-0.008266083,0.0020121764,-0.01523892,0.00669018,-0.009335111,0.0009375920666515558,0.0002957230980508863,0.0028089183160499615,0.0022156255,-0.0031445648,-0.0028728324,15.564286,-1.0,0.66352177,0.72892195,0.7283047,0.72851795,0.72866553
21.3,5.239223,0.16894862,-2.4508264,-0.032490022,-0.0074983872,0.0014821005,-0.0164791,0.010095928,-0.0066570933,0.0010226428679824878,-1.0226673123164919e-05,0.002792515658711609,-0.0003762447,-0.0037099868,-0.003750473,15.558287,-1.0,0.6601887,0.72828263,0.7286479,0.7285164,0.72851187
21.400000000000002,5.2370205,0.16851647,-2.451529,-0.033051968,-0.0068651144,0.0011276605,-0.009855104,0.0023729892,-0.0013238749,0.0009957324273064006,-0.00041076849571934746,0.0027719607975557107,-0.00028216452,-0.004552917,-0.0038914082,15.558287,-1.0,0.6601887,0.72869444,0.7280315,0.72859615,0.72823113
21.5,5.235205,0.16793068,-2.4526625,-0.033154253,-0.0064116823,0.0009133092,-0.011877754,-0.0029215273,-0.0030896624,0.0009167417273977549,-0.0007433826311422849,0.002733106404110994,-0.000741014,-0.0023570063,-0.004008117,15.558287,-1.0,0.6601887,0.7281821,0.72826195,0.72843844,0.7284736
21.6,5.2338123,0.16730228,-2.454408,-0.032708846,-0.0061207395,0.00049679884,-0.005170226,0.005598421,0.0026789492,0.0008672705255376315,-0.0009579147580517976,0.002637514673175763,-0.0011767339,-0.0017606602,-0.0035749462,15.552287,-1.0,0.6568556,0.72812927,0.72807956,0.7287016,0.72799456
21.700000000000003,5.2327113,0.16654243,-2.4564009,-0.031450793,-0.006029469,0.00031352104,-0.0025024372,-0.0033963546,0.0036349518,0.0008175933401361196,-0.0010793950599847803,0.0024644446310607806,0.00021728841,-0.0016722146,-0.0030897309,15.546288,-1.0,0.6535225,0.7286596,0.72753936,0.72869,0.72782624
21.8,5.231737,0.16582392,-2.45832,-0.030202705,-0.006165195,0.000339219,-0.0054180124,-0.0025213014,-0.0012661329,0.0007849368943280861,-0.0010674838207027338,0.0022333224302212374,0.0011879867,0.0017023375,-0.003882326,15.546288,-1.0,0.6535225,0.7282609,0.7281424,0.7277549,0.72860616
21.900000000000002,5.230483,0.16494739,-2.4602199,-0.02932337,-0.006245869,0.00034548363,-0.0048682946,0.0058608325,0.0063912007,0.0007934641838000317,-0.0010076324879377935,0.0019959581893714265,0.00060829293,0.00055383274,-0.0035822934,15.540288,-1.0,0.6501894,0.72837186,0.7281698,0.7282052,0.7280096
22.0,5.229132,0.16376072,-2.4616086,-0.028890107,-0.0068857563,0.00050849805,-0.011832764,-0.0018207153,0.0034561378,0.000805128510770814,-0.0009340161891012757,0.0017411243758136345,0.0012724705,0.00026396842,-0.0033955427,15.540288,-1.0,0.6501894,0.72862035,0.7281582,0.7280754,0.7281536
22.1,5.227248,0.1621113,-2.4623508,-0.028558964,-0.0076521533,0.00072205765,-0.0013847861,0.0051993937,-0.005863141,0.0008862001762370912,-0.0009359882203917784,0.0015071007068680226,0.0021965872,0.0005607377,-0.0029134918,15.534288,-1.0,0.6468563,0.72862476,0.7284327,0.72790396,0.72836864
22.200000000000003,5.225303,0.16058807,-2.4622693,-0.028308026,-0.007987924,0.001309146,-0.004239778,0.012350317,0.002538785,0.001009780215448928,-0.0009774322934640565,0.0013080522525850435,0.0018819248,-0.0007441866,-0.0022356734,15.534288,-1.0,0.6468563,0.7289561,0.728575,0.7283071,0.72820807
22.3,5.223049,0.15909651,-2.4616156,-0.028133856,-0.008183192,0.0014578395,-0.0046526482,0.0063179946,-0.013328622,0.0011235512376675375,-0.001006381967330734,0.0011905566895078126,0.0011765673,-0.00015185021,-0.0020163087,15.528289,-1.0,0.6435232,0.7288551,0.7288545,0.7283586,0.7283145
22.400000000000002,5.2206516,0.15804774,-2.461046,-0.027953815,-0.0078119226,0.0013710518,0.0058573685,0.005288778,-0.008526723,0.0012160933361644042,-0.0010886993417374433,0.001146902862253228,0.0005012693,-0.0013398074,-0.0023682297,15.528289,-1.0,0.6435232,0.72899735,0.72858906,0.7285227,0.7281839
22.5,5.217962,0.15789472,-2.460411,-0.02813304,-0.006670487,0.001419885,-0.0019750772,0.012468552,-0.005387235,0.0012572705168868781,-0.0011799057748472822,0.0012180468677115443,0.0002699768,-0.0005628538,-0.0016131047,15.528289,-1.0,0.6435232,0.7287661,0.7287389,0.7282036,0.7287206
22.6,5.2153006,0.15791078,-2.4601758,-0.02776895,-0.005510665,0.0012011264,0.004400392,0.010598225,-0.012533738,0.0011679860196251715,-0.001282068781672471,0.00133869408468196,-0.001264765,0.00046847493,-0.0013267752,15.522289,-1.0,0.6401901,0.7282926,0.7288557,0.7283201,0.7287867
22.700000000000003,5.21251,0.15796098,-2.4606497,-0.027330982,-0.0047079735,0.0007905378,0.0052988324,0.0070522567,-0.005106907,0.0010171118612554697,-0.0013519989787701765,0.001426667882431297,-0.0019007368,-0.00081885123,-0.0011008772,15.51629,-1.0,0.63685703,0.7284775,0.72826684,0.7287173,0.7284235
22.8,5.2099423,0.15830372,-2.4609737,-0.026981184,-0.0038220554,0.00060807954,0.0031198931,0.00484835,-0.0010547227,0.000869340926283503,-0.0013994074793342976,0.0014901883880580722,-0.0011329183,0.00081658934,-0.00088672095,15.51629,-1.0,0.63685703,0.7281262,0.7283719,0.72822905,0.7289269
22.900000000000002,5.20791,0.15849824,-2.461149,-0.025830159,-0.0036035392,0.0006003225,0.0064838873,-0.000949667,-0.0043502073,0.0007366842747058685,-0.0014566776949369315,0.001503582510771115,-0.0012918318,-0.0002665965,-0.0020702768,15.51029,-1.0,0.63352394,0.7282729,0.72811997,0.7287559,0.72856206
23.0,5.206681,0.15796241,-2.4616368,-0.023854362,-0.0041550747,0.0006742262,0.0009346172,0.0011442859,-0.0029345972,0.0006351156564344355,-0.0014379135325205555,0.0013319564103601484,-0.00019441932,0.00091033644,-0.0012477238,15.51029,-1.0,0.63352394,0.7285859,0.72795755,0.728874,0.7283866
23.1,5.205589,0.15646201,-2.4627285,-0.022128338,-0.005481449,0.00046757795,-0.0006168425,0.006262641,-0.0017103738,0.0006674160110365706,-0.001301759114839615,0.001030018955215891,0.0019377356,0.0028664214,-0.0011058867,15.504291,-1.0,0.63019085,0.72839344,0.72826266,0.72825384,0.72872627
23.200000000000003,5.204251,0.15416098,-2.4641423,-0.020895498,-0.0074278247,9.7829354e-05,-0.007051483,-0.00034652813,0.0025425104,0.0007910839221875356,-0.001137981652782387,0.0005724020494028009,0.0030141948,0.0020920637,-0.0013993843,15.504291,-1.0,0.63019085,0.72848976,0.7284695,0.7281916,0.7280276
23.3,5.2022924,0.15120953,-2.4653625,-0.020265615,-0.0094683515,-7.4677e-05,-0.0035939422,-0.0027840459,0.0014789401,0.001065357288902963,-0.0009508786806725295,0.00015628555010866434,0.0052377433,0.000969433,-0.0014201244,15.498291,-1.0,0.62685776,0.7293208,0.7279971,0.72774744,0.7279378
23.400000000000002,5.2001224,0.14823113,-2.4664927,-0.020123815,-0.010587937,-0.00021344822,-0.0014480783,0.00934354,0.006297137,0.001400853125915664,-0.0008547202725569377,-5.474345993114621e-05,0.003628667,0.0018508708,-0.00037531633,15.498291,-1.0,0.62685776,0.72832185,0.72896355,0.72760296,0.7279115
23.5,5.197849,0.14503609,-2.466727,-0.020249445,-0.011360925,0.00024340562,-0.0061380626,0.00777133,0.00063376495,0.001681125422660504,-0.0008541181965172492,-0.0001722299357404462,0.0032844539,-0.00031695215,8.438993e-05,15.498291,-1.0,0.62685776,0.7289874,0.728594,0.7278438,0.7279158
23.6,5.195515,0.1422523,-2.4665294,-0.020056454,-0.011454033,0.00061776413,0.0036765346,0.013910218,0.0010989605,0.0019427514366495951,-0.0008918820529102623,-0.00010762422156148441,0.0035597275,-0.00011953109,0.0020922853,15.492291,-1.0,0.62352467,0.7289492,0.72861624,0.7278719,0.72837174
23.700000000000003,5.1937656,0.14096493,-2.4659405,-0.019703912,-0.009712358,0.0009867746,-0.0087379925,0.024150334,-0.003531575,0.002079969895906131,-0.0009447176453484227,0.00014614141175729162,-7.0573165e-05,0.00043576743,0.0008604062,15.486292,-1.0,0.6201916,0.7285647,0.7289584,0.7281114,0.7286657
23.8,5.1928444,0.14043476,-2.4658482,-0.01888309,-0.00767911,0.0005048979,0.006922637,0.0151241645,-0.0037010757,0.0020265967238861137,-0.0009873476759351336,0.0005227747770658448,-0.0014072236,0.00049305,0.0018734667,15.486292,-1.0,0.6201916,0.72862196,0.7281463,0.72823733,0.7287553
23.900000000000002,5.192049,0.13973321,-2.4660895,-0.018250419,-0.006149277,0.00036471835,-0.0013193483,0.009852748,-0.0014686956,0.0017932250666103113,-0.0009685500956002305,0.0008544047048164287,-0.0036701646,0.0016342202,0.0012058383,15.480292,-1.0,0.6168585,0.72783035,0.7283885,0.728687,0.72871345
24.0,5.1911736,0.13874166,-2.4660826,-0.01780661,-0.005520001,0.0005624156,-0.009808616,0.007192904,-0.0010379589,0.0015172937464642885,-0.0009276631877219116,0.0010337574362783552,-0.0015438736,-0.00073232705,0.0008960499,15.480292,-1.0,0.6168585,0.7286731,0.72748446,0.72909725,0.7286272
24.1,5.1901665,0.1372968,-2.4664664,-0.01761927,-0.0054402766,0.00027860177,-0.001793251,0.0025513493,0.001606997,0.0013429089252636687,-0.0008902260306117948,0.0010321403957608312,-0.0017207675,0.0009673648,0.00015716578,15.474293,-1.0,0.6135254,0.7276596,0.7284579,0.72883123,0.72861475
24.200000000000003,5.189163,0.13618158,-2.467217,-0.017543389,-0.005505117,0.00018034459,-0.0029232004,0.017750159,-0.0021713783,0.001284767446376624,-0.0009162435884877805,0.0009502814129084576,-0.00032686486,-0.00047950583,-0.0011562197,15.474293,-1.0,0.6135254,0.7281463,0.7281314,0.72885257,0.72833997
24.3,5.187563,0.13517863,-2.468271,-0.018115243,-0.005733455,-0.00040894715,-0.006632366,0.004884714,0.0035087576,0.0012578854618517901,-0.0009270559146076063,0.0008809213097665987,1.8686344e-05,-0.0016393034,-0.001490028,15.468293,-1.0,0.6101923,0.7282241,0.7277815,0.7287411,0.7280403
24.400000000000002,5.185164,0.13435139,-2.469676,-0.019360775,-0.0055657,-0.0006547623,-0.0034160304,0.008507842,0.009351875,0.0012866525889104275,-0.0010131512222975169,0.0008333540487462877,0.0009575093,-0.0024035284,-0.0010081099,15.468293,-1.0,0.6101923,0.72827995,0.7277124,0.7282906,0.7281683
24.5,5.181628,0.13323694,-2.4711354,-0.021313308,-0.005699366,-0.0006758179,0.0008233882,0.005288201,-0.0012652016,0.001291820803965218,-0.0012055943045830898,0.0007982534630529076,-0.0002422333,-0.0028540548,-0.0007582131,15.468293,-1.0,0.6101923,0.7277513,0.72831005,0.7280387,0.7282968
24.6,5.1767697,0.13229573,-2.4726324,-0.023657482,-0.0053791343,-0.0005965568,0.0028865146,0.008953283,0.0031664965,0.0013307626968840007,-0.00150427746511179,0.0008075650408820923,-0.00021797058,-0.004732575,-0.00107535,15.462294,-1.0,0.6068592,0.7280477,0.7280818,0.72838783,0.72793984
24.700000000000003,5.171131,0.13199472,-2.4737225,-0.025738826,-0.004432977,-3.4484936e-05,0.006388427,0.0106376335,0.0076992433,0.0013393284076532405,-0.001934238150494761,0.0008844788755909162,-0.0008544664,-0.0059389384,-0.0012211598,15.456294,-1.0,0.6035261,0.72838545,0.72801256,0.728628,0.72801083
24.8,5.1660824,0.13205619,-2.4742434,-0.026741657,-0.0034157932,0.00026512484,0.01224264,0.009407975,0.005959067,0.0012934933045268624,-0.0023676127595512434,0.0009855965724909137,-0.0010310725,-0.0038552808,-0.0011581685,15.456294,-1.0,0.6035261,0.72816324,0.728359,0.72829145,0.72864705
24.900000000000002,5.160692,0.1320024,-2.4746993,-0.027311064,-0.0025117917,0.00036189493,0.0152015975,0.004384126,-0.004729721,0.0011421610756605436,-0.002729120057882752,0.0010085452214896088,-0.002469028,-0.0032531365,-0.0018448184,15.4502945,-1.0,0.600193,0.72807175,0.72856086,0.7286206,0.7283761
25.0,5.1556325,0.13184589,-2.4748673,-0.027451374,-0.00229697,0.00047918886,0.014181007,0.005653404,-0.0071064564,0.0010156220601686952,-0.002998023973035442,0.001020900779396677,0.00014207358,-0.0030467052,-0.0012047604,15.4502945,-1.0,0.600193,0.72882223,0.7277651,0.7283729,0.7288546
25.1,5.1503596,0.13096721,-2.4757755,-0.027118461,-0.0029262786,0.0004579471,0.01884032,-0.0013034586,-0.003634486,0.0009273580008921922,-0.003194456089373308,0.0008720040347393903,0.0011906284,-0.0017929558,-0.001369676,15.444295,-1.0,0.59685993,0.72878456,0.72796404,0.7283364,0.7287181
25.200000000000003,5.1458488,0.1302697,-2.4764183,-0.026811669,-0.0031315517,0.00056234485,0.021753937,0.011720705,0.010402407,0.0009328180126947073,-0.0033282329514256856,0.0006605322402925181,0.00047589754,-0.0011051259,-0.0022472616,15.444295,-1.0,0.59685993,0.7284338,0.7286324,0.728453,0.72839576
25.3,5.1413016,0.13002922,-2.4769928,-0.025789784,-0.0028669366,0.0005110116,0.026254669,0.009379157,-0.007189344,0.0009998272454052916,-0.0033635050823355374,0.0004919038106702169,0.0017611434,0.0009571698,-0.002177024,15.438295,-1.0,0.59352684,0.72879785,0.72842485,0.7278016,0.7289223
25.400000000000002,5.137361,0.13046429,-2.477987,-0.024870064,-0.0022517801,0.0002674492,0.0170238,0.0033898717,-0.0040405425,0.0009992026062906577,-0.0033773697978881335,0.00041038047086153754,0.000107690765,0.0012464306,-0.0017534362,15.438295,-1.0,0.59352684,0.72852904,0.7285848,0.72797257,0.72853047
25.5,5.133878,0.13142098,-2.4795213,-0.02379685,-0.0013830051,0.00021700407,0.016602129,0.005935893,0.0022249294,0.0009460060799676244,-0.0033196109736683614,0.00040959916096854857,-0.002282291,0.0006647359,-0.0016792371,15.438295,-1.0,0.59352684,0.72825253,0.7287705,0.728456,0.72808754
25.6,5.1308155,0.13230656,-2.4812322,-0.022131745,-0.0007214394,-0.0002286577,0.021308001,0.00020940819,0.0013820826,0.0008683406524560571,-0.0032473598346838967,0.00037783038946447186,-0.0010375946,0.00056633167,-0.0014384006,15.432296,-1.0,0.59019375,0.72850674,0.7282911,0.72837377,0.72787094
25.700000000000003,5.1281714,0.1326431,-2.4834297,-0.020672437,-0.00091657083,-0.0005500097,0.010549871,0.0034751007,0.0005997717,0.0007518981211938142,-0.003108778610912464,0.00034260825025970987,-0.0010901047,0.0018807523,-0.0009101844,15.426296,-1.0,0.58686066,0.7281377,0.72837657,0.7282463,0.7279251
25.8,5.1258087,0.13224745,-2.4852495,-0.019514851,-0.0013622292,-0.0008171916,0.016528457,-0.0011351077,0.0075683924,0.0006796070245060139,-0.0029447175892579665,0.00027126967950394696,0.0008843704,0.002198275,1.491225e-05,15.426296,-1.0,0.58686066,0.7282984,0.7279868,0.727784,0.7282192
25.900000000000002,5.1229444,0.13131988,-2.4869888,-0.019007396,-0.001903527,-0.0006021496,0.015507642,-0.0024358071,0.0012461095,0.0007191142311310878,-0.00280594983535006,0.00021705581924785712,0.0014052991,0.00028614927,4.761874e-05,15.420297,-1.0,0.58352757,0.7285393,0.7278252,0.72797555,0.728198
26.0,5.1205215,0.13026549,-2.4888353,-0.018542327,-0.002697469,-0.00046708182,0.016495937,-0.0038004029,0.0027455387,0.0007791210635607799,-0.0027434681532080975,0.00015577802308468138,0.0010899665,0.00028861227,-0.000643931,15.420297,-1.0,0.58352757,0.7281064,0.7283642,0.7280885,0.72807455
26.1,5.1184583,0.12891941,-2.491115,-0.01754019,-0.0036764564,-0.0006987731,0.019390883,0.0018681507,0.009730457,0.0009001188977789484,-0.0027020885139861766,0.00013294589188358005,0.0016582723,0.00022213622,0.00020379701,15.414297,-1.0,0.5801945,0.72822255,0.727997,0.7282155,0.72785383
26.200000000000003,5.1170526,0.12767068,-2.4929042,-0.016430058,-0.0038992972,-0.0007202519,0.015501459,0.005441916,0.008252914,0.0010556277014180655,-0.002647389008656351,0.00012974748076699418,0.0012544333,0.0009982373,0.0002719837,15.414297,-1.0,0.5801945,0.7279143,0.7282308,0.7281074,0.7280069
26.3,5.1161265,0.12642954,-2.4948828,-0.015099721,-0.0040285876,-0.0005016548,0.008309278,0.0040697176,0.006849877,0.001174038249211773,-0.0025599632438407915,0.00015737421653769657,0.0021043543,-0.00023942237,0.0010520177,15.408298,-1.0,0.5768614,0.72872543,0.7274476,0.7282885,0.7279971
26.400000000000002,5.116647,0.12542924,-2.4965916,-0.013246453,-0.0038783792,-0.0004536181,0.0037450835,0.0073969266,0.002895016,0.0012364789553637905,-0.0024496565923916897,0.00014238311691998015,0.0006889828,0.0023862673,1.0979296e-05,15.408298,-1.0,0.5768614,0.7281229,0.7281768,0.7279874,0.7282169
26.5,5.118112,0.124560595,-2.4981873,-0.010905771,-0.0035804664,-0.00022811646,0.011253525,0.009218671,0.009028706,0.0012771151337186953,-0.002234722966181822,0.00013474049288294626,-0.00013569632,0.003785434,-0.0001464248,15.408298,-1.0,0.5768614,0.72808856,0.72835106,0.72816813,0.72813654
26.6,5.119757,0.12376324,-2.500152,-0.009050274,-0.0030623956,-0.00020694398,1.2141753e-05,0.0107129915,0.005956273,0.0012901745476968866,-0.0019436080638135017,0.00018831594812738036,0.0002408298,0.0035114887,-0.00037473947,15.402298,-1.0,0.5735283,0.72822654,0.7280817,0.7282864,0.7281637
26.700000000000003,5.120798,0.12399268,-2.5017967,-0.008017072,-0.0014694256,-0.00046827618,0.00821663,0.0055318708,0.0025145707,0.001236414750335963,-0.0016427201011637105,0.00026322462824294866,-0.00059557095,0.0027243278,-0.0012076407,15.396298,-1.0,0.5701952,0.72829854,0.7278658,0.7279276,0.72836167
26.8,5.121284,0.124656945,-2.5033803,-0.007821005,-1.9228668e-05,-0.00033317786,-0.0006641521,0.0017041985,0.011008232,0.0010557516181003126,-0.0014365030778928402,0.0003519316652238161,-0.002314974,0.000408337,-0.00062721333,15.396298,-1.0,0.5701952,0.7282546,0.7279466,0.7282786,0.7280852
26.900000000000002,5.12206,0.12579365,-2.5053928,-0.0071225716,0.0013858642,-0.00019401559,0.0005189799,0.0028988146,0.008542555,0.0008372461163271,-0.001324570154992384,0.00043378200041790547,-0.0020969878,0.0025362126,1.9537409e-05,15.390299,-1.0,0.5668621,0.72788846,0.72830415,0.72776556,0.7287272
27.0,5.1226754,0.12729342,-2.5072675,-0.0067023193,0.0025320654,-0.0001819079,0.002807445,-0.004308955,0.0056503336,0.0006124741155496992,-0.0012680073340991505,0.0005084223412101216,-0.0037515117,0.00047172292,-0.00054586964,15.390299,-1.0,0.5668621,0.7279816,0.7281645,0.72858524,0.7279812
27.1,5.1228595,0.12861131,-2.5093527,-0.0064248815,0.0039399737,-0.015731346,-0.0022285643,0.0473494,-0.25879124,0.009137509294997738,-0.00121169757443719,0.0005619358807062661,0.33445072,0.00083204336,-0.0006813611,15.384299,-1.0,0.563529,0.72291124,0.74993503,0.7498597,0.72357404
27.200000000000003,5.12235,0.13041423,-2.5131435,-0.006486429,0.034780655,-0.03288458,0.0028380437,0.5638772,-0.07357029,0.064860957344634,-0.0012200026069886859,0.0005762729715107459,0.5867105,-0.0006924535,-0.0016426395,15.384299,-1.0,0.563529,0.7369544,0.72110885,0.721639,0.73703724
27.3,5.121227,0.13864322,-2.518478,-0.0069225184,0.12360149,-0.031150142,0.0065528536,1.049976,0.07762387,0.1111297848006743,-0.001252364022359061,0.0005473485724517112,0.3436872,-0.0017474792,-0.0009139564,15.3783,-1.0,0.5601959,0.73399234,0.7189548,0.7196159,0.7337275
27.400000000000002,5.1197324,0.15741575,-2.5227218,-0.007823913,0.2370088,-0.021396194,-0.0021685641,1.240187,0.11567818,0.1319109879773935,-0.0013378239175496813,0.0005935892966668741,0.107827805,-0.0016667414,-0.0013363083,15.3783,-1.0,0.5601959,0.7315028,0.72164595,0.7220554,0.73148674
27.5,5.1176243,0.19002427,-2.525586,-0.009191202,0.36143914,-0.010753632,0.007762426,1.2741144,0.10670116,0.13385476115480233,-0.001495798740824738,0.000838987050244397,-0.042249795,-0.0034628105,-0.0012677733,15.3783,-1.0,0.5601959,0.7297313,0.72552097,0.7261012,0.7295318
27.6,5.1156015,0.24122262,-2.5269313,-0.010449439,0.4940697,-0.0020116235,-0.00094522326,1.1752199,0.06594229,0.12483445591759586,-0.0017265147406785703,0.001246705284146484,-0.12229507,-0.00394163,-0.0016314206,15.3723,-1.0,0.55686283,0.729464,0.72743255,0.7284424,0.72959477
27.700000000000003,5.114334,0.30744892,-2.5270343,-0.010471364,0.61465985,0.0033046016,0.0031118218,1.0192801,0.030837951,0.11055661241407784,-0.002017453078584149,0.0014669536633393036,-0.15600446,-0.0030253557,-0.0023069312,15.366301,-1.0,0.55352974,0.7283786,0.7295247,0.7305979,0.72867364
27.8,5.113457,0.37982687,-2.526123,-0.010047402,0.71123326,0.005918904,0.0044533885,0.85600346,0.0062417234,0.09462022729983174,-0.0022250998390409595,0.0015165454678966388,-0.1623235,-0.0020849088,-0.0021466063,15.366301,-1.0,0.55352974,0.7281166,0.7302317,0.73173934,0.7281243
27.900000000000002,5.1129155,0.46759042,-2.5240595,-0.0088970605,0.7982661,0.0074461224,0.0033066142,0.6899253,0.004830304,0.07908781775854343,-0.0022934248590689953,0.0013426140751058965,-0.1513495,-0.00063074,-0.0034248538,15.360301,-1.0,0.55019665,0.7278658,0.7309227,0.73241913,0.72749424
28.0,5.11362,0.555224,-2.5218155,-0.0066608144,0.86319697,0.007270924,0.017628266,0.54787385,-0.020084435,0.06514074086375833,-0.0023053510525402566,0.0008406328831554457,-0.13201785,0.00011485246,-0.002990616,15.360301,-1.0,0.55019665,0.7281898,0.7306236,0.73205954,0.7271597
28.1,5.11563,0.65502465,-2.519365,-0.0030694425,0.9179745,0.0069734054,0.012280266,0.4175109,-0.011727213,0.053207794097247026,-0.0020764248214320113,8.599688424564798e-07,-0.11104215,0.003757137,-0.0035278688,15.354301,-1.0,0.54686356,0.72756946,0.73164487,0.73206663,0.7262479
28.200000000000003,5.1190147,0.74992937,-2.5172772,0.0009373154,0.9562966,0.006028781,-0.002323275,0.3232469,-0.015690455,0.043414790600927,-0.0016381042775364659,-0.0011739980180384894,-0.088300586,0.0061539044,-0.0028801379,15.354301,-1.0,0.54686356,0.72784525,0.73163897,0.73115355,0.72576004
28.3,5.1239595,0.85423785,-2.5151834,0.0054314733,0.9869721,0.0055175796,-0.0022863608,0.23692885,-0.0042533497,0.03567267965292185,-0.0010084103714379231,-0.002506137747228651,-0.06921479,0.007222582,-0.0009922549,15.348302,-1.0,0.54353046,0.728313,0.73200995,0.7307435,0.724818
28.400000000000002,5.1293335,0.9505342,-2.513195,0.009239775,1.0062566,0.005026528,0.0004197703,0.1716128,-0.013197306,0.029724893692260154,-0.0002696478217524228,-0.0036875764462140225,-0.051121272,0.008511129,0.0010170336,15.348302,-1.0,0.54353046,0.7286088,0.73246974,0.72992027,0.72453046
28.5,5.1348777,1.0465027,-2.511511,0.011828335,1.019337,0.0046326383,-0.008114708,0.12974036,-0.013233627,0.0253555084936336,0.00047811918949722075,-0.004466602065745414,-0.035590786,0.0075810296,0.0037269199,15.348302,-1.0,0.54353046,0.7290569,0.73236424,0.72943616,0.72441375
28.6,5.1410217,1.1503092,-2.5103536,0.013821367,1.0286434,0.0037302827,-0.020885654,0.10620105,-0.006021,0.022331982841103923,0.0011184766407312497,-0.004779292686402847,-0.023735765,0.0069800247,0.006179123,15.342302,-1.0,0.5401974,0.72856843,0.7322552,0.7290464,0.7245508
28.700000000000003,5.1472373,1.2538546,-2.5095532,0.014828316,1.0346307,0.0029774422,-0.023499371,0.08689474,-0.007706694,0.020232474017684982,0.0016085522053019747,-0.004677595369056858,-0.015984226,0.0051875575,0.009755317,15.336303,-1.0,0.5368633,0.72832245,0.7315574,0.7293922,0.7244998
28.8,5.1530414,1.3489369,-2.5091321,0.015255566,1.0376577,0.002926469,-0.0325072,0.06255909,0.0015585682,0.018811052540980932,0.0019327524232871087,-0.004304739648272576,-0.0107437605,0.0036976836,0.010483883,15.336303,-1.0,0.5368633,0.7279036,0.73117375,0.7297839,0.72494304
28.900000000000002,5.158877,1.4514378,-2.5089936,0.014811821,1.039453,0.0025868237,-0.026507342,0.05678482,-0.0021546145,0.017889014062551074,0.002135728709437239,-0.003600705136696497,-0.00597788,0.0013195233,0.0118459165,15.330303,-1.0,0.5335312,0.72758394,0.73026544,0.7303427,0.72540194
29.0,5.1635804,1.5460477,-2.5097346,0.013880652,1.0404869,0.001985648,-0.0277892,0.04847576,-0.006712507,0.01733223401320582,0.0022115092104053715,-0.0026840119924900307,-0.0035344737,0.00028464705,0.011425359,15.330303,-1.0,0.5335312,0.72697985,0.7295191,0.73049676,0.7259731
29.1,5.1682878,1.6485199,-2.5109959,0.012575661,1.0412316,0.001628609,-0.030309455,0.044400968,0.0071967947,0.01695766825840601,0.0022090651889007874,-0.0016671306902731658,-0.0011514918,-0.0005666566,0.01073412,15.324304,-1.0,0.53019714,0.7264579,0.7287486,0.730882,0.7265349
29.200000000000003,5.1724353,1.7437747,-2.5119963,0.0112889735,1.0421814,0.0016328102,-0.027777845,0.041847993,0.0054403204,0.01668117631193986,0.0020890451957404224,-0.000799001361477953,-0.0022218167,-0.0009623042,0.008997759,15.324304,-1.0,0.53019714,0.72584885,0.7287138,0.7314616,0.7266919
29.3,5.176815,1.8474722,-2.5127587,0.010217326,1.0432831,0.001936613,-0.034646194,0.038134847,0.003263354,0.01642879641573804,0.001923538489111903,-8.212402194051759e-05,-0.0026400783,-0.0009920244,0.0081303865,15.318304,-1.0,0.526865,0.7256995,0.72852796,0.7319111,0.7269867
29.400000000000002,5.180916,1.9430945,-2.512391,0.009782085,1.0438247,0.002460645,-0.022608403,0.039955825,-0.0012917443,0.01611461915084871,0.0017560152837440373,0.00038034124581270236,-0.0034532503,-0.0016299031,0.005586519,15.318304,-1.0,0.526865,0.72578937,0.72875017,0.7325561,0.72680473
29.5,5.184783,2.0380936,-2.511792,0.009177966,1.0429995,0.0025936752,-0.021405885,0.026979765,0.0017387791,0.015836726116717513,0.0016997946825503762,0.0006414276362563679,-0.0013896658,6.795497e-05,0.0038879127,15.318304,-1.0,0.526865,0.7259772,0.728915,0.7320967,0.7272217
29.6,5.1882887,2.140474,-2.5113652,0.008098163,1.0415657,0.002785667,-0.022754624,0.028176792,-0.0048726792,0.015705357358895975,0.0016307454346949208,0.0007665648802002076,-0.00011001741,-0.0005992339,0.0012099341,15.3123045,-1.0,0.52353096,0.7261695,0.72934264,0.7321994,0.72689956
29.700000000000003,5.191071,2.2427468,-2.511137,0.006436925,1.0399514,0.0025748238,-0.023463853,0.028438857,-0.0062715258,0.01569586669620967,0.0015293842319266478,0.0008059029691052064,0.0016223253,-0.00076419744,0.0005955605,15.306305,-1.0,0.5201988,0.7266073,0.7293428,0.7316531,0.7269511
29.8,5.193602,2.337349,-2.5111933,0.0054635145,1.0390085,0.0023979717,-0.020507377,0.029585239,0.0047776843,0.01578343418575104,0.0013665429064066326,0.0007640551342208226,0.0028460026,-0.0018138828,-0.0014999685,15.306305,-1.0,0.5201988,0.7271251,0.72912043,0.7313866,0.72682804
29.900000000000002,5.1966424,2.4400127,-2.5114431,0.0047523887,1.0381021,0.0020265987,-0.018706322,0.029556,-0.006292015,0.015861709947781424,0.0011994145410503306,0.0006031991228900713,0.0014905614,-0.0019309472,-0.0013976678,15.300305,-1.0,0.5168648,0.72724396,0.7293847,0.7314735,0.7260917
30.0,5.19959,2.5353022,-2.51191,0.004748991,1.0377444,0.001784527,-0.02212427,0.022938212,-0.0045010815,0.015903817299603103,0.0010558985699487937,0.00037136607998852024,0.00037311867,-0.001064831,-0.0016517662,15.300305,-1.0,0.5168648,0.72722125,0.7297851,0.7311565,0.72581214
30.1,5.202558,2.6389723,-2.5124216,0.004828233,1.0376728,0.0012409216,-0.013482639,0.028405126,-0.012118368,0.01591917432125421,0.0010123731658009272,0.0001974698596427532,-4.086105e-06,0.00062135694,-0.0016892708,15.3,-1.0,0.51382256,0.7270361,0.7299155,0.73055434,0.7260375
30.200000000000003,5.204476,2.735631,-2.512856,0.0041868635,1.0384597,0.0010585971,-0.015955497,0.031226756,0.005325302,0.015877221456340053,0.0010261121361468466,5.052401069475376e-05,-0.00049819995,-0.00053781486,-0.00030715665,15.3,-1.0,0.51382256,0.72734624,0.72963053,0.7306917,0.72557366
30.3,5.205513,2.8414152,-2.5135028,0.0030468733,1.0398452,0.0007612548,-0.024218714,0.025807122,0.0022840684,0.01567338526791584,0.0010239746974250383,-7.38877558563724e-05,-0.002100903,-1.9976527e-05,-0.0018789378,15.3,-1.0,0.51132774,0.7270898,0.7298841,0.7301138,0.7258614
30.400000000000002,5.205537,2.939433,-2.5142326,0.0011897564,1.0409658,0.00049921795,-0.011448875,0.022965591,0.0011743977,0.015379320347509962,0.000916826829487227,-0.00013624063313843763,-0.0035971948,-0.003100439,-5.239717e-05,15.3,-1.0,0.51132774,0.72729325,0.7295097,0.7306491,0.7251847
30.5,5.204839,3.03729,-2.515324,-0.0005346213,1.0412228,7.231915e-05,-0.013023872,0.012014337,0.0016391276,0.01503298211616533,0.0006755878375543982,-0.00014986108975046,-0.0031647335,-0.0024071783,-0.0007870055,15.3,-1.0,0.51132774,0.7265827,0.7299246,0.730205,0.72543424
30.6,5.203977,3.1435196,-2.5164351,-0.0022012617,1.0412405,0.00016569861,-0.006517697,0.019178245,0.009926035,0.014767924688039537,0.0004020925087620263,-0.00012175503048117686,-0.0011610031,-0.0028908849,-0.00028148634,15.3,-1.0,0.50928307,0.7270327,0.7294143,0.73019403,0.7256116
30.700000000000003,5.2035747,3.2506626,-2.5171003,-0.003138645,1.0417811,0.00016557303,-0.004988906,0.0074557243,-0.0014095566,0.014593914611617324,0.0001367782888369574,-0.00010732699808022878,-0.0017030485,-0.003034122,-1.7336111e-05,15.3,-1.0,0.5076084,0.7270364,0.72940665,0.7305778,0.72527945
30.8,5.2039165,3.3503482,-2.5173438,-0.0028009587,1.0427794,0.00056708325,-0.006967424,0.0104532,0.011244322,0.014393677462779511,-6.962349673874463e-05,-4.583445300573955e-05,-0.002926754,-0.0012551915,-9.640363e-05,15.3,-1.0,0.5076084,0.7269169,0.72960174,0.7307089,0.72549623
30.900000000000002,5.2053046,3.4589796,-2.5172448,-0.0014927492,1.044183,0.00091039564,0.0018660604,0.014563247,0.004849862,0.014146116936589353,-0.0001652105965374041,5.927523369318728e-05,-0.0028011505,-4.0471474e-05,-0.00018676862,15.3,-1.0,0.5062361,0.72723365,0.7293135,0.73078966,0.7257799
31.0,5.2068233,3.5594406,-2.5167403,-0.0002569216,1.0451477,0.00088235945,-0.001149974,0.006871094,-0.006302725,0.013788259215549182,-7.874329841160428e-05,0.00017198226410590012,-0.0035353515,0.0019819709,0.00093164656,15.3,-1.0,0.5062361,0.7269559,0.7295127,0.73075986,0.7259393
31.1,5.208157,3.668394,-2.516427,0.00078989245,1.0458859,0.001127478,0.00016593037,-0.0006844347,-0.00065658236,0.013441151438965836,0.00011679354969396319,0.00022820480221883997,-0.003544891,0.002666355,-0.0014135725,15.3,-1.0,0.5051117,0.72693914,0.7296949,0.73076457,0.72610456
31.200000000000003,5.208663,3.7689602,-2.5162032,0.00078529527,1.0462633,0.0012378936,-0.0085630035,-0.010101975,-0.009065027,0.0131262092538466,0.00031301368900530334,0.00024799328530346397,-0.0030840714,0.0014816641,-0.0005950498,15.3,-1.0,0.5051117,0.7270397,0.7296804,0.7310009,0.7259824
31.3,5.2079024,3.8775218,-2.5163286,-0.0005405462,1.0457348,0.0011014487,-0.0065869093,-0.0010340227,-0.006029382,0.012860550311858199,0.00043131902420394413,0.00021048753856735408,-0.0016343062,0.0010130164,0.00045775235,15.3,-1.0,0.5041895,0.7267157,0.72996783,0.73053414,0.7264429
31.400000000000002,5.206621,3.9771848,-2.5163643,-0.0018939624,1.0451207,0.0009886896,-0.003899164,-0.00789215,-0.0063162292,0.012668115939454197,0.00034619220659273017,0.0001215827765193944,-0.0010379959,-0.0027663982,-0.0015392116,15.3,-1.0,0.5041895,0.7272959,0.72947097,0.7309895,0.7257828
31.5,5.2055697,4.076359,-2.5164955,-0.0028120743,1.0437517,0.000886848,-0.008230479,-0.0026733612,-0.0015357508,0.012534769233804944,0.00015697557624256162,5.8403349509797226e-05,0.00044804867,-0.0035700072,0.00014674247,15.3,-1.0,0.5041895,0.7275389,0.7293001,0.7312043,0.72543633
31.6,5.2046084,4.18342,-2.5166292,-0.003345769,1.0419761,0.00079520326,0.0008535845,-0.008732211,-0.0044093463,0.012527012272680767,-3.6813254167791585e-05,5.6884718251204646e-05,0.00039946995,-0.0020537304,-0.00028607357,15.3,-1.0,0.5034332,0.72727686,0.7295367,0.73091835,0.72569925
31.700000000000003,5.2036843,4.2901254,-2.5168114,-0.0035724025,1.0402343,0.00059215253,0.0010518398,-0.0058513684,0.0015418044,0.012622493159575757,-0.00016044999808159703,5.143412080504382e-05,0.0015552219,-0.0007073986,-0.00079926447,15.3,-1.0,0.50281334,0.72699827,0.7297664,0.73095465,0.7255142
31.8,5.202894,4.388868,-2.5170414,-0.0034532389,1.0392578,0.0005628448,0.008104478,-0.0050008674,-0.006899237,0.012742260726788275,-0.0002340609741022235,7.594920338234032e-05,0.0018303619,-0.00025367195,-3.384935e-05,15.3,-1.0,0.50281334,0.7273641,0.7293189,0.7306981,0.7258533
31.900000000000002,5.201579,4.496004,-2.517824,-0.0037317863,1.0384504,1.6875838e-05,0.006913419,-0.0010376824,0.0041271555,0.012821115522836221,-0.00026848730873572246,7.860768512375026e-05,-2.305484e-05,-0.00068261387,-0.00047479043,15.3,-1.0,0.5023041,0.72686297,0.7294044,0.7309569,0.72540104
32.0,5.199535,4.5946665,-2.518536,-0.0050198617,1.0378014,-0.00010631673,0.0058877207,-0.005068468,0.0003208406,0.012851309995706354,-0.00027618992137802957,-4.155190310797611e-05,0.0013282114,-0.0019642278,-0.0011559103,15.3,-1.0,0.5023041,0.72729135,0.7290187,0.7305139,0.72563213
32.1,5.1966343,4.701149,-2.5197515,-0.0066058617,1.0365087,-0.011833338,0.0129651055,-0.026608933,-0.24377275,0.00686575452713886,-0.00041973149256182456,-0.0002509857891751753,-0.26492625,-0.0026356343,-0.0010307105,15.3,-1.0,0.5023041,0.75386167,0.7182158,0.7190607,0.7524882
32.2,5.193374,4.798599,-2.522447,-0.00841903,1.0094856,-0.028211972,0.009448224,-0.5344745,-0.08215568,-0.04719652410047797,-0.0006438717812974672,-0.0004927224585864974,-0.59718525,-0.0042705243,0.00017560988,15.3,-1.0,0.5018883,0.7214318,0.73733443,0.7382176,0.7195442
32.300000000000004,5.189299,4.8982058,-2.5257583,-0.010271148,0.9231468,-0.02652621,0.006216666,-1.0276347,0.07244944,-0.09566272926183768,-0.0009540670248341567,-0.000642725402577408,-0.3685411,-0.0043029217,0.00057519117,15.3,-1.0,0.5015478,0.7179246,0.7361238,0.73688805,0.7161225
32.4,5.185585,4.9791503,-2.52659,-0.011429538,0.8096377,-0.01650147,0.009042952,-1.2496178,0.10650418,-0.11840628502208535,-0.0012780815917041004,-0.0006738291184646173,-0.12319323,-0.0031975515,0.0005345697,15.3,-1.0,0.5015478,0.7208771,0.73395246,0.73429847,0.7196063
32.5,5.181868,5.0462513,-2.5253687,-0.011926336,0.6838928,-0.006196482,0.016146222,-1.2875105,0.084417865,-0.12146773556481084,-0.0015136219146937818,-0.0005937246136180415,0.03553111,-0.0029053383,0.0014575539,15.3,-1.0,0.5015478,0.72524256,0.73181754,0.73271334,0.7236453
32.6,5.177691,5.1025367,-2.522192,-0.012247514,0.5486376,0.0021507542,0.012428821,-1.1931466,0.053365245,-0.1128953076033682,-0.001676288582500226,-0.0004191163034049115,0.12131277,-0.00026624772,0.0017698522,15.3,-1.0,0.5012684,0.7271176,0.7320114,0.7322476,0.726488
32.7,5.1730814,5.143678,-2.517839,-0.012753978,0.42555428,0.0070466604,0.012885553,-1.0438643,0.024592502,-0.0985995507927345,-0.0017823872660922841,-0.00028187072601556037,0.15768161,-0.001488058,0.0015536217,15.3,-1.0,0.5010395,0.7295918,0.73056024,0.7317991,0.72841704
32.800000000000004,5.16785,5.17053,-2.513498,-0.0137776295,0.32733244,0.008900816,0.013628828,-0.88440865,-4.796311e-05,-0.08247126625715233,-0.0018593959805848575,-0.0003690532252106092,0.16345938,-0.00060954824,0.00043484592,15.3,-1.0,0.5010395,0.7299315,0.73061,0.7313288,0.7293741
32.9,5.161257,5.1892076,-2.5088184,-0.015857598,0.24475047,0.0089329,0.017903216,-0.7238072,-0.018188262,-0.0667791878549383,-0.0019682001416744138,-0.0008318556748641785,0.15288305,-0.002645104,0.0015479425,15.3,-1.0,0.5010395,0.73098785,0.72942346,0.73026204,0.72994304
33.0,5.1525073,5.202382,-2.5043907,-0.019351635,0.17264022,0.008128896,0.0154097825,-0.5613452,-0.025878193,-0.05266106015676971,-0.0022395841976659988,-0.001774382151472115,0.13313442,-0.0047077597,0.0010587835,15.3,-1.0,0.5008526,0.73072267,0.7297641,0.72955644,0.72943306
33.1,5.1428847,5.2103944,-2.5003026,-0.022819081,0.11684943,0.0070203724,0.027079232,-0.43438026,-0.027535016,-0.04065521011621043,-0.0027028523140728684,-0.0029487563601414287,0.11105384,-0.0057209386,0.0024244175,15.3,-1.0,0.5008526,0.73105013,0.72996426,0.7282305,0.729175
33.2,5.133401,5.21477,-2.4962604,-0.025705868,0.07740839,0.006268586,0.029786866,-0.32473668,-0.021443235,-0.03086507310388821,-0.0033002564429774612,-0.004044648490083714,0.088900685,-0.007330896,0.0038003519,15.3,-1.0,0.50069904,0.731515,0.7299637,0.7279776,0.72810525
33.300000000000004,5.122773,5.2169943,-2.4925594,-0.028092284,0.04503827,0.0053958655,0.04230087,-0.2568873,-0.0143907955,-0.023107785589871976,-0.003942196507432054,-0.004888548268898142,0.068279006,-0.0081972955,0.0059024454,15.3,-1.0,0.5005722,0.7315157,0.7302299,0.72772217,0.72734296
33.4,5.112656,5.218034,-2.4896207,-0.029908186,0.02327121,0.0047896416,0.040256944,-0.18796423,-0.01220079,-0.017048302142748054,-0.004511177896591985,-0.005408877441268921,0.05351452,-0.00634171,0.008663117,15.3,-1.0,0.5005722,0.7313668,0.73020524,0.72728515,0.72744477
33.5,5.101652,5.2187877,-2.4875274,-0.03195785,0.0077455286,0.004040723,0.042822104,-0.142408,-0.014747492,-0.012507349396683217,-0.004980346529861571,-0.0057829338350149275,0.03900728,-0.006211314,0.010902714,15.3,-1.0,0.5005722,0.7310405,0.7299944,0.72719395,0.727427
33.6,5.088606,5.2198324,-2.4853683,-0.03455587,-0.0039230287,0.0033833554,0.048344072,-0.1056835,-0.009097624,-0.009158901630496496,-0.005427017552969388,-0.006141378655164471,0.027597077,-0.0070332624,0.012307901,15.3,-1.0,0.50047016,0.7305651,0.72994983,0.72748196,0.72710776
33.7,5.0754766,5.221854,-2.4834354,-0.035972346,-0.011063487,0.003056613,0.05770127,-0.08180868,-0.007131602,-0.006769982021161677,-0.0059385400527566445,-0.00621996879727739,0.018946609,-0.006474396,0.014272924,15.3,-1.0,0.5003853,0.7303361,0.7296775,0.72749746,0.7274252
33.800000000000004,5.063528,5.2247276,-2.482476,-0.03693767,-0.014486663,0.0023774924,0.058943592,-0.06498893,-0.0035045666,-0.005177637924497793,-0.006383603435419694,-0.005916484384938688,0.01029767,-0.005566877,0.016522797,15.3,-1.0,0.5003853,0.72968656,0.72933775,0.7281125,0.72713095
33.9,5.051481,5.2279687,-2.4824045,-0.03750402,-0.01677631,0.0019261907,0.06201889,-0.05338733,0.0057537104,-0.004178680849775758,-0.006756294000793211,-0.00536615302156063,0.0062041287,-0.0051338817,0.016460806,15.3,-1.0,0.5003853,0.72918046,0.72876513,0.72841704,0.72749436
34.0,5.038799,5.231726,-2.4824913,-0.037384238,-0.018464535,0.0015070467,0.06279692,-0.050578535,-0.002949964,-0.0035937184482304893,-0.00707673475323494,-0.0046953084708110165,0.0051331786,-0.004928394,0.016862314,15.3,-1.0,0.50031567,0.72917104,0.72786653,0.72836626,0.7280662
34.1,5.0266123,5.2362432,-2.4824255,-0.036896937,-0.019014994,0.0012849751,0.07310615,-0.04877554,-0.0015003606,-0.0031788976883456417,-0.0072765291841101806,-0.0038407669551595146,0.0033215466,-0.0023892436,0.016356055,15.3,-1.0,0.50031567,0.7281304,0.72787756,0.72859377,0.7287329
34.2,5.016666,5.2409134,-2.4828908,-0.034877315,-0.01878847,0.00094545225,0.06643625,-0.036016542,0.0042566094,-0.002961817151129339,-0.0074317677451022825,-0.0028447806477047526,0.0007648754,-0.0011398726,0.014511539,15.3,-1.0,0.50025845,0.72777736,0.7272488,0.72903365,0.7288845
34.300000000000004,5.0073595,5.2469554,-2.483595,-0.03153105,-0.017763866,0.00070810737,0.06607957,-0.037777808,0.00049313525,-0.0028720052416685562,-0.0073549229113432524,-0.0017831871210090267,-0.0005416051,0.0005363937,0.013394938,15.3,-1.0,0.50021267,0.72760135,0.7266887,0.7295439,0.7289046
34.4,5.000317,5.253139,-2.4841814,-0.027969627,-0.016256778,0.0009329254,0.06043158,-0.03880617,0.006364658,-0.002913076703213293,-0.007106201283409222,-0.0007302463233857225,-0.0010831247,0.0031124435,0.00983225,15.3,-1.0,0.50021267,0.72733176,0.72653353,0.72937244,0.7297693
34.5,4.9950814,5.2592673,-2.4845364,-0.023637444,-0.014961954,0.00088858145,0.058849055,-0.038949057,-0.007206108,-0.003078243335077147,-0.006718383365556731,0.00021667067125765417,-0.00371485,0.0053111403,0.0077847927,15.3,-1.0,0.50021267,0.7265295,0.7270142,0.7299411,0.72951245
34.6,4.9908223,5.265725,-2.4847016,-0.018798657,-0.014126417,0.0010752194,0.06051556,-0.03890659,0.0042328606,-0.003271119830446674,-0.006163943001803434,0.0009852233584987159,-0.0021233356,0.006151158,0.0056837,15.3,-1.0,0.5001745,0.72702664,0.72646886,0.7299701,0.72980154
34.7,4.9867187,5.2719164,-2.4848676,-0.015151542,-0.013749564,0.0011858379,0.044175137,-0.046577908,0.003583729,-0.0034236705861337775,-0.005510722627046059,0.0014323356487684605,-0.0015678004,0.0077741384,0.0023297304,15.3,-1.0,0.5001421,0.72661334,0.72706634,0.7295503,0.7302086
34.800000000000004,4.98279,5.2772913,-2.4850218,-0.012847229,-0.013856679,0.001096856,0.038512126,-0.048148952,-0.0009653158,-0.003494262487095235,-0.0048845354677639185,0.0015391245278421255,-0.0008292477,0.0055362014,0.00045108658,15.3,-1.0,0.5001421,0.72700906,0.72709835,0.7296951,0.7296146
34.9,4.979047,5.2819514,-2.4854913,-0.011051494,-0.014294725,0.00069436035,0.035394404,-0.050250467,0.0017313285,-0.0035352803584710025,-0.004443561927091045,0.0013316528765416559,-0.0015664529,0.0035966001,-0.0016545737,15.3,-1.0,0.5001421,0.7271491,0.727576,0.72929054,0.7289713
35.0,4.9753666,5.285858,-2.4862218,-0.0095875235,-0.015880104,0.00062359683,0.026279641,-0.04203475,-0.006493646,-0.003460252756948375,-0.004113011181734014,0.0009632011594074044,0.00090049376,0.002645085,-0.0029418794,15.3,-1.0,0.50011826,0.72758013,0.7279659,0.72872716,0.7286697
35.1,4.972115,5.2890587,-2.4867916,-0.008195187,-0.017058155,0.0005521624,0.024977837,-0.03797861,0.005614012,-0.0032922090249510923,-0.0038814424365008608,0.000569660107792835,0.0016620192,0.001996147,-0.0034511015,15.3,-1.0,0.50011826,0.7280152,0.7281965,0.72833836,0.7283106
35.2,4.969169,5.2918825,-2.4871988,-0.007245782,-0.018270357,0.001048186,0.022445966,-0.046596438,0.0078058797,-0.003022665176463255,-0.0036832795121211973,0.00018048092415396834,0.0022097263,0.0018273428,-0.0033517242,15.3,-1.0,0.5000963,0.72844243,0.72867095,0.7281074,0.7282974
35.300000000000004,4.965874,5.2945604,-2.4876947,-0.006615555,-0.019144243,0.000910965,0.019267758,-0.035948824,0.0052182,-0.002756156726919516,-0.0035169214036377223,-0.00016765518924260786,0.002805774,9.269329e-06,-0.0018324599,15.3,-1.0,0.50007725,0.72910297,0.7283751,0.7280692,0.72784626
35.4,4.962953,5.297376,-2.4881897,-0.0060028294,-0.01930547,0.0006552552,0.02249977,-0.034278885,-0.0045918855,-0.0025111729134331216,-0.003399464537139099,-0.00042624250309820477,0.002124964,-0.00019500693,-0.0016361396,15.3,-1.0,0.50007725,0.72921324,0.7283653,0.72779876,0.72778064
35.5,4.9599485,5.3003893,-2.4881191,-0.005650205,-0.019014956,0.00087995897,0.021152902,-0.03151582,-0.0020079312,-0.002320274059063245,-0.003333271563490655,-0.0006016260945774998,9.597433e-05,-0.00044466127,-0.0013614919,15.3,-1.0,0.50007725,0.728866,0.7289419,0.72800434,0.72765374
35.6,4.9562464,5.302824,-2.4872026,-0.0055872747,-0.019286172,0.001139573,0.020678146,-0.032654203,-0.0033965332,-0.0022688733500775705,-0.0032599840446454835,-0.0006697849099288434,-0.0008039807,-0.0010127476,0.00082393247,15.3,-1.0,0.50006676,0.729103,0.72874886,0.7284441,0.7275355
35.7,4.9524555,5.303738,-2.4857998,-0.0056790905,-0.020593068,0.0016308994,0.0199751,-0.028008986,-0.00065797934,-0.002208837645681396,-0.003237317965772004,-0.0006623914821299476,0.0012009862,-0.00032932058,0.00049706677,15.3,-1.0,0.50005627,0.72888374,0.72901046,0.72810346,0.72842675
35.800000000000004,4.949548,5.3038087,-2.484488,-0.0055039986,-0.021795101,0.0016732006,0.016669817,-0.020434665,-0.009819864,-0.0020310448500740507,-0.0032946284354191412,-0.0006213732801022183,0.0015452048,-0.0007470739,0.0008230207,15.3,-1.0,0.50005627,0.7286124,0.72922087,0.7285524,0.72825235
35.9,4.947052,5.3031564,-2.4837723,-0.004895019,-0.023590539,0.0014224526,0.019342681,-0.020622605,0.0017723067,-0.0017827335276969208,-0.0033025874449171084,-0.0005081502018201932,0.0025522758,-3.5508565e-05,0.0011741911,15.3,-1.0,0.50005627,0.7286404,0.7287783,0.7286021,0.7284022
36.0,4.9443283,5.3020153,-2.4833808,-0.0043383976,-0.025143253,0.0012150113,0.014882401,-0.017835932,0.0011241062,-0.0014405613226669371,-0.003257478437566289,-0.00040997703936769667,0.0042609475,0.00024777275,0.0006845442,15.3,-1.0,0.5000458,0.7286977,0.72855824,0.7284252,0.7285833
36.1,4.941839,5.3007216,-2.4830315,-0.0038662245,-0.026142469,0.0008605511,0.017028503,-0.0074779866,-0.0046025957,-0.001108158915527702,-0.003205826245822842,-0.00027125277417410144,0.0023524745,0.0002765027,0.0012992363,15.3,-1.0,0.5000458,0.72819203,0.7287143,0.7285596,0.728464
36.2,4.9396253,5.299162,-2.4823933,-0.003753192,-0.02700804,0.0007423351,0.01779474,-0.01232035,-0.0042798924,-0.0007814312562737518,-0.0031257603393322372,-9.170111001758388e-05,0.0032128203,-0.00056986616,0.0016998393,15.3,-1.0,0.5000353,0.7285329,0.72806394,0.72864866,0.7285664
36.300000000000004,4.9375095,5.297353,-2.4825478,-0.0035471537,-0.027552854,0.0005092239,0.020196958,-0.009753939,-0.0063697803,-0.0005188517214245398,-0.0030987702080096163,3.022820104609767e-05,0.002549107,-0.00040342074,0.0018562938,15.3,-1.0,0.5000267,0.7282657,0.7282601,0.7285953,0.7285299
36.4,4.936395,5.2961135,-2.483565,-0.0027562992,-0.027345426,0.00037332845,0.021046303,-6.1253327e-06,0.0017806886,-0.00028844958758907405,-0.003078243622866414,0.00014994582982621497,0.0026591562,-0.00049466064,0.0001910314,15.3,-1.0,0.5000267,0.7285962,0.72772753,0.72842425,0.7286925
36.5,4.93675,5.294782,-2.485256,-0.00092292234,-0.026784388,5.4399738e-05,0.014747509,-0.003599739,0.0037448478,-0.00015769680860098297,-0.0030312156845907854,0.00017330217578483966,0.0011555455,0.001610784,-9.866972e-05,15.3,-1.0,0.5000267,0.7282915,0.7279283,0.7282859,0.7285664
36.6,4.9388323,5.2934747,-2.4870713,0.0017637302,-0.026318217,-0.0001513104,0.012492709,-0.010146153,0.0003292225,-0.00011453534727107684,-0.0028661329061573726,0.00011374234282068827,-3.6388137e-05,0.0021620204,-0.00067455706,15.3,-1.0,0.5000267,0.7283225,0.72791624,0.72869545,0.7278928
36.7,4.94167,5.292772,-2.488784,0.0046101934,-0.025259746,-0.0003294058,0.007136374,-0.0067836177,0.0071502286,-5.423486746393011e-05,-0.002533487262779773,6.188968770607392e-05,0.00040303814,0.005383119,-0.00026554434,15.3,-1.0,0.5000267,0.72798765,0.7281556,0.72782147,0.7286029
36.800000000000004,4.944262,5.2923803,-2.489936,0.006460513,-0.024321632,-0.0002438032,0.007172945,0.00049002195,0.0015445984,-7.64058997660918e-05,-0.0020987892058286933,1.803111477986062e-05,-0.0012898231,0.0052657756,0.00040972864,15.3,-1.0,0.5000267,0.72783124,0.7284329,0.7280843,0.7283293
36.9,4.946652,5.2920847,-2.4912655,0.007911585,-0.023145385,-0.0003469224,0.011430737,-0.00929545,0.0016544944,-0.00013625972547308044,-0.0017065493502118635,-7.091536277490528e-07,-0.001320202,0.0037202195,-0.00028672253,15.3,-1.0,0.5000267,0.72800714,0.72822326,0.72801113,0.7282994
37.0,4.949137,5.2922964,-2.492839,0.008871358,-0.021632012,-0.00018302289,0.0057960614,-0.01322285,0.0078137955,-0.0002220740967620923,-0.0013752562538700756,-1.290927338356929e-05,-0.0019543217,0.00268688,-0.00018989014,15.3,-1.0,0.5000267,0.7280881,0.7282972,0.7281958,0.72813463
37.1,4.951875,5.292456,-2.4947746,0.009582286,-0.020267623,-8.064418e-05,-0.0038423107,-0.004629014,0.0033807007,-0.00036881214062671296,-0.0011182814378935392,-4.5974761527728054e-05,-0.0011936835,0.0018985106,0.00038697012,15.3,-1.0,0.5000267,0.7286204,0.72789514,0.72806835,0.72825336
37.2,4.9542656,5.2919617,-2.4966338,0.009880181,-0.019843014,-2.790289e-05,-0.008856569,-0.010294506,0.004737172,-0.0005332402470169281,-0.0009365361964632755,-6.385745284970952e-05,-0.0021258881,0.0024599596,0.00047148805,15.3,-1.0,0.5000267,0.7277105,0.7287686,0.72800714,0.7284059
37.300000000000004,4.9570355,5.2906575,-2.4986463,0.010558891,-0.019988356,-0.00014263777,-0.0025778834,-0.005827176,0.0011539086,-0.0006011916234649637,-0.0008193594362234271,-0.00011280875210469942,0.00028951673,0.0024590318,0.0010731076,15.3,-1.0,0.5000267,0.7281489,0.7282904,0.7276783,0.7286525
37.4,4.9596453,5.2887697,-2.5006435,0.0109299645,-0.020706253,-0.00018667756,-0.00501349,-0.005347519,0.0079814335,-0.0006048738255211628,-0.0006928458622646065,-0.00018829249995585932,0.00039084704,0.0033891925,-0.0003078484,15.3,-1.0,0.5000267,0.7277586,0.728733,0.72768754,0.72850627
37.5,4.9616346,5.286026,-2.5025508,0.010751559,-0.022020314,-0.0003070478,-0.009384895,-0.006140797,0.007588416,-0.00045404028413157044,-0.0005283772996616877,-0.0002191942360898485,0.0017838638,0.0027333503,-0.00019289009,15.3,-1.0,0.5000267,0.7277472,0.72865784,0.7278559,0.7282647
37.6,4.963516,5.281993,-2.5043476,0.010360209,-0.024254126,1.2004941e-05,-0.016405206,-0.01010911,0.010548159,-0.00022989102233544466,-0.0004563421784864956,-0.00022507048211431403,0.0042242133,0.00025595797,0.00043676322,15.3,-1.0,0.5000267,0.72848856,0.7281016,0.7279649,0.72833395
37.7,4.9654984,5.2767487,-2.505624,0.010047388,-0.026821017,0.00018336331,-0.012988806,0.0017348953,0.0034631228,0.0001235026240521534,-0.00048132011593860326,-0.0002544443605966727,0.004296995,-0.00030309617,0.0006418231,15.3,-1.0,0.5000267,0.72827697,0.7284882,0.72840035,0.72791636
37.800000000000004,4.9676933,5.2713966,-2.5061018,0.010072486,-0.028935121,0.00037311745,-0.013989694,0.0049829986,-0.0005108304,0.0005550466955219006,-0.0005006727830558542,-0.00023018989053652492,0.0053438474,0.00096597,0.00062625663,15.3,-1.0,0.5000267,0.7280862,0.72871405,0.72819066,0.72835326
37.9,4.970268,5.2662487,-2.5061145,0.010184067,-0.03046034,0.0008785047,-0.015662001,0.01106209,0.00030314547,0.0010467932026393225,-0.00048756309566790274,-0.00022192442240544442,0.005496571,0.0009767435,4.277051e-05,15.3,-1.0,0.5000267,0.72848374,0.72860116,0.72837806,0.7285156
38.0,4.972843,5.2613487,-2.506081,0.01006192,-0.031238092,0.0009970418,-0.007149313,0.009242144,-0.004423316,0.0014694942282032,-0.0004545965250864491,-0.00017054877416650667,0.005589091,-4.387394e-05,3.6443016e-05,15.3,-1.0,0.5000267,0.7291038,0.7279593,0.72825634,0.7288585
38.1,4.9754243,5.257556,-2.5056083,0.0102215605,-0.030527854,0.0011815625,-0.009902225,0.012097034,-0.0022193415,0.0018154292621085156,-0.0004276712781192841,-0.00013107116250650965,0.0033809447,0.0002182833,0.00033198588,15.3,-1.0,0.5000267,0.72893745,0.7282216,0.72841084,0.7288734
38.2,4.9783497,5.254724,-2.5050616,0.010720532,-0.029142447,0.0008142325,-0.010904688,0.0123161655,-0.007210299,0.0019754319175611067,-0.0003853738904185585,-0.00013565052983045145,0.00062663446,0.0007890363,0.0009196765,15.3,-1.0,0.5000267,0.7285682,0.72842,0.72849697,0.72860545
38.300000000000004,4.981464,5.252259,-2.504308,0.010803196,-0.02717542,0.00068131223,-0.020964969,0.013778451,-0.0009769573,0.001949949442823779,-0.00031228464730652925,-0.00015538903402176685,-0.0023244733,0.0013187448,6.416965e-05,15.3,-1.0,0.5000267,0.72814524,0.7288127,0.7285704,0.72843355
38.400000000000006,4.9837656,5.2500963,-2.5032961,0.01020048,-0.025166634,0.0004920253,-0.008617484,0.019433253,-0.0008102506,0.0018283987638761335,-0.0002119068634921895,-0.0001318966896711775,-0.002702847,0.0007977204,0.0007777192,15.3,-1.0,0.5000267,0.7282639,0.7286739,0.72850126,0.7283519
38.5,4.985369,5.2478657,-2.5023332,0.009187402,-0.02365196,7.069032e-05,-0.002974559,0.014610297,-0.00025145707,0.0016009618922636307,-0.00019987059852796262,-3.3783404430525675e-05,-0.0036006446,-0.00035388613,-0.0004606598,15.3,-1.0,0.5000267,0.72801447,0.7286017,0.728497,0.72819614
38.6,4.986263,5.245327,-2.5011709,0.0073823705,-0.022667263,0.00028615617,-0.014938589,0.0056329435,-0.002481043,0.001384660072070995,-0.00028448345651149243,0.00010735310565226325,-0.0016523168,-0.0006174073,-0.000566208,15.3,-1.0,0.5000267,0.72796464,0.7286577,0.72825843,0.7286951
38.7,4.986511,5.243231,-2.5004935,0.005419301,-0.021828212,0.00024651177,-0.013269456,0.01126266,-0.0024149192,0.0012649818894233948,-0.0004695704782044524,0.0002454718562326539,-0.00025696252,-0.002726313,0.00030302734,15.3,-1.0,0.5000267,0.7282919,0.72819155,0.7283134,0.72878355
38.800000000000004,4.986577,5.2417636,-2.5005527,0.004269228,-0.02076579,-0.00017524285,-0.0024048178,0.010722049,-0.0018766149,0.001209709528784366,-0.0007223089699256964,0.0003116759529798583,-0.00011170689,-0.0018514593,-0.00030177907,15.3,-1.0,0.5000267,0.72793126,0.7283422,0.7280855,0.7286962
38.900000000000006,4.9862285,5.240357,-2.5006073,0.0034682595,-0.019864107,-0.00019195408,0.0011472208,0.005986288,0.004404224,0.0011145703106891747,-0.0009488670492369028,0.0003501812613084848,-0.00028330542,-0.0017960577,-0.00079827174,15.3,-1.0,0.5000267,0.72831684,0.72787815,0.7280941,0.7286998
39.0,4.9856124,5.2389703,-2.5003924,0.0023361628,-0.019232403,0.00011694473,-0.007826445,0.0011498802,0.0033108515,0.0010370457884700767,-0.0011187872545356612,0.0003659460566412613,-0.0011251834,-0.0037208835,-0.00038621353,15.3,-1.0,0.5000267,0.72857016,0.72780854,0.7289594,0.7280516
39.1,4.984431,5.23729,-2.500169,0.0011872172,-0.01863443,0.00046347486,-0.0021384694,0.0052060247,0.0048321667,0.0009457500473470127,-0.0012869844848955878,0.0003599873683887166,-0.00022088525,-0.0027418337,-0.0014882324,15.3,-1.0,0.5000267,0.72867846,0.7280302,0.72842205,0.7286297
39.2,4.983357,5.235404,-2.5001965,0.00019766239,-0.018666776,0.00045845314,0.0016137686,0.005989354,0.0030780209,0.0009240425638751109,-0.0014553427007954367,0.00035572874460570986,-0.00021995693,-0.0025568216,-0.0014996593,15.3,-1.0,0.5000267,0.7283926,0.7284173,0.7287566,0.7282695
39.300000000000004,4.982527,5.2337203,-2.5004742,-0.00022501433,-0.01830161,0.00048501263,0.005379334,0.005678983,0.0016363336,0.0009619185721520676,-0.0016318576979961123,0.00033924942416096304,0.00041825147,-0.0015253662,-0.0007937299,15.3,-1.0,0.5000267,0.72835964,0.72846204,0.7285011,0.72855544
39.400000000000006,4.98238,5.2324395,-2.5008564,4.493264e-05,-0.017469132,0.00018469553,0.008290179,0.009646869,-0.003238674,0.0009993622830689838,-0.0017653340224670696,0.00026780230092750967,7.565275e-06,-0.0026551695,-0.0015473199,15.3,-1.0,0.5000267,0.7288708,0.72788066,0.7287038,0.728102
39.5,4.9831324,5.2314773,-2.5013428,0.0007211311,-0.016367711,0.00020318574,0.003292863,0.0136804925,-0.00027287749,0.0009533383960058592,-0.0018008722143141008,0.0001601122747241987,-0.0009396367,-0.00026453912,-0.00058467675,15.3,-1.0,0.5000267,0.72862023,0.7282726,0.72839856,0.72829735
39.6,4.98483,5.230247,-2.5014632,0.0017505755,-0.01557501,0.00027444024,0.0007000971,0.0042894497,-0.0015539116,0.0008849177332475419,-0.0017647402396657429,-1.884828581111468e-05,-0.001429952,0.00027524028,-0.0013482948,15.3,-1.0,0.5000267,0.72871643,0.72842294,0.72850144,0.7280445
39.7,4.9867554,5.228729,-2.5006595,0.0031480752,-0.015033019,0.0007251057,0.003044445,0.002197762,-0.0024116596,0.0007861958548188517,-0.0016229899721880126,-0.0001424964988493717,-0.00051812164,0.002527397,-0.00026158264,15.3,-1.0,0.5000267,0.7286148,0.7288344,0.7281849,0.72860366
39.800000000000004,4.988535,5.22754,-2.4999282,0.004060765,-0.014575071,0.0006972662,-0.0019496636,0.0049062343,-0.0011008232,0.000735853832036436,-0.001419668626978545,-0.0002008977476602641,0.0004760253,0.0018271549,-8.649616e-05,15.3,-1.0,0.5000267,0.72900724,0.7283858,0.7283845,0.7284769
39.900000000000006,4.990453,5.2268295,-2.4994626,0.0046012853,-0.014008863,0.00050668954,-0.0039570285,0.0027934527,-0.008570961,0.0007253925236000628,-0.001226156008430799,-0.0002525125923321831,-0.0008307989,0.0023925405,-0.0003440954,15.3,-1.0,0.5000267,0.72841245,0.7289832,0.72833717,0.7284024
40.0,4.9921236,5.226513,-2.4991229,0.0051661115,-0.013003845,0.00045475163,0.00097286457,0.007074169,-0.0023418104,0.000688093774061443,-0.0010708775749288966,-0.00028249290187117406,-0.00023195245,0.0011329924,-7.434064e-06,15.3,-1.0,0.5000267,0.728828,0.7285493,0.72829187,0.72836685
40.1,4.9935594,5.225564,-2.4988177,0.005567897,-0.012885313,7.018859e-05,-0.0019825115,0.0018724692,0.0069704833,0.0005809520357072206,-0.0009425139898069629,-0.0002623667148168484,-0.00044080857,0.0016298442,-0.0001453809,15.3,-1.0,0.5000267,0.7285248,0.7285336,0.7281336,0.7283476
40.2,4.993962,5.223891,-2.4988723,0.0049748174,-0.013892678,-8.511755e-05,0.0015145255,0.005977848,0.0016833654,0.0005211594374318971,-0.0008363931842284095,-0.00014694526858551778,0.0005654148,-0.0001419556,0.0006104571,15.3,-1.0,0.5000267,0.7284481,0.728319,0.72847605,0.7281718
40.300000000000004,4.993831,5.221128,-2.4995718,0.0037685214,-0.015702665,-0.00029315462,-0.01114584,-0.0028662847,0.005519483,0.000629205273866283,-0.0008270934422367479,3.2701008170223076e-06,0.0025339553,-0.001405302,-7.125156e-06,15.3,-1.0,0.5000267,0.7281919,0.7282911,0.72848445,0.7281769
40.400000000000006,4.9937387,5.217855,-2.4998844,0.0028917477,-0.017298331,-0.00030263903,-0.0016663929,0.011641136,0.0051595266,0.0008657321594536085,-0.0009295903856964963,0.00011099908991344016,0.0035917214,-0.0013470305,0.00035755063,15.3,-1.0,0.5000267,0.72815484,0.7282571,0.7281894,0.7285282
40.5,4.994115,5.214788,-2.4999201,0.0026361665,-0.018488154,-0.00017783484,-0.008837818,0.007453245,3.073364e-05,0.0011928330805776562,-0.0010607847894538508,0.00018563979340904506,0.005154553,-0.0007905313,0.00081308646,15.3,-1.0,0.5000267,0.72851646,0.7278786,0.72818035,0.7286894
40.6,4.9949393,5.2123356,-2.4991477,0.0029461975,-0.018316561,0.00019166639,-0.006833778,0.015233511,-0.005579553,0.0014908773836237745,-0.0011546890079980067,0.00020612456101028697,0.0014114789,0.0005327435,0.0005888496,15.3,-1.0,0.5000267,0.72776204,0.72883624,0.72863007,0.72847056
40.7,4.9963727,5.211411,-2.498107,0.00359256,-0.017144531,0.0005117233,0.0015430063,0.012645242,-7.776543e-05,0.0016849108597735292,-0.00116496126680578,0.00022024293503191387,0.0012296102,0.00063587265,0.0007774105,15.3,-1.0,0.5000267,0.72839713,0.7282623,0.72853565,0.7288617
40.800000000000004,4.998225,5.2120137,-2.49674,0.004318632,-0.014631416,0.0006459016,-0.004866485,0.0019474854,0.002779532,0.0017148957545893705,-0.0011178246373264682,0.00015167706752984287,-0.0014359101,0.0006352741,0.0004954187,15.3,-1.0,0.5000267,0.72868294,0.7282546,0.7287579,0.7285909
40.900000000000006,5.0003557,5.213958,-2.4950962,0.005272473,-0.0112398155,0.0006942518,0.0055364245,0.008668503,-0.0069788652,0.0015164097616053402,-0.0009864865134143006,5.4260692211368444e-05,-0.0040401323,0.0014808422,-2.5635847e-05,15.3,-1.0,0.5000267,0.72862875,0.72858953,0.7286137,0.7285746
41.0,5.001983,5.21651,-2.4936478,0.005711647,-0.00802282,0.00062812894,-0.004241276,-0.0036174646,-0.009649898,0.001182793550222966,-0.0008311251250549527,-4.657160781441716e-05,-0.0053126425,0.0014692392,-0.00034719758,15.3,-1.0,0.5000267,0.7287197,0.7286792,0.7284783,0.72846735
41.1,5.0028877,5.2201486,-2.4924235,0.00504144,-0.004203071,0.00059053634,-0.0095394375,0.0007785249,-0.0098911105,0.0006830723951945092,-0.0006720332273950194,-6.568879821094291e-05,-0.0056705824,-7.6215336e-05,-0.0005613309,15.3,-1.0,0.5000267,0.7288989,0.72850585,0.728508,0.72848976
41.2,5.00324,5.223863,-2.4913278,0.0042896722,-0.0013739803,0.0004524701,-0.008142163,-0.0062570795,-0.001609791,0.00010469463460986993,-0.0006671207283234891,-5.8905928723224484e-05,-0.0061197174,-0.000323028,-0.000114810595,15.3,-1.0,0.5000267,0.72862446,0.72865415,0.7281958,0.72873425
41.300000000000004,5.0035095,5.227522,-2.4902947,0.0035482394,0.0006730363,0.0004583508,-0.00012711665,-0.0058127935,-0.0039143483,-0.0004319012082871644,-0.0007327889443454428,-4.6789362313036075e-05,-0.0052417484,6.3104244e-06,-0.0005945196,15.3,-1.0,0.5000267,0.72835696,0.7289475,0.72817606,0.72876555
41.400000000000006,5.0036626,5.2301426,-2.4892218,0.0029711786,0.0015089806,0.00050043094,-0.009271069,-0.02208774,0.0007813796,-0.0008714433309166711,-0.0008370711446802065,3.094383540885938e-06,-0.003920713,-0.0017641785,0.0006820869,15.3,-1.0,0.5000267,0.7289062,0.7282677,0.7288383,0.72830987
41.5,5.0032873,5.2320623,-2.4878352,0.0021793542,0.0012549111,0.0005683035,-0.004760595,-0.019357054,-0.0006984919,-0.0011453363067985382,-0.000923972707284379,4.607544354930371e-05,-0.0010136019,-0.0014761175,0.00013365228,15.3,-1.0,0.5000267,0.72891647,0.72826535,0.7286141,0.7286383
41.6,5.003012,5.2333694,-2.4866474,0.0016811137,0.00044749287,0.0002712039,-0.0021480075,-0.014678891,-0.0033108515,-0.0012461132347154475,-0.0010628610783693278,5.898763495836304e-05,-0.0005125289,-0.0014255375,0.0001834019,15.3,-1.0,0.5000267,0.7282998,0.7287467,0.7287187,0.7283421
41.7,5.0033627,5.234379,-2.4852374,0.0018084359,-0.00029199378,0.0004878729,-0.0049430123,-0.012511376,-0.0049304212,-0.0011982838905130722,-0.0011620236009101219,5.684853418543671e-05,0.000995981,-0.0005451593,-2.6815513e-05,15.3,-1.0,0.5000267,0.72864544,0.7285142,0.7284449,0.72878295
41.800000000000004,5.0037074,5.235596,-2.4841797,0.0019510101,-0.00040087418,0.0002465173,-0.0053389613,-0.018303955,-0.010217073,-0.0010873796887181635,-0.001199523000155208,3.680527134202556e-05,0.00038377443,0.00061971636,0.000105136845,15.3,-1.0,0.5000267,0.7285314,0.728506,0.72836673,0.7287148
41.900000000000006,5.003889,5.236533,-2.4827874,0.001942062,-0.0009096565,0.0006531956,-0.005644961,-0.020241208,0.00070128584,-0.0009931634266024674,-0.0011864985595434418,1.2055842246697369e-05,0.00075914984,0.00033964234,-0.00075499335,15.3,-1.0,0.5000267,0.7287572,0.72856325,0.7285007,0.7287358
42.0,5.003905,5.236476,-2.481437,0.0022343446,-0.0018291812,0.00086706714,-0.0043170904,-0.014886668,0.00014808027,-0.0009538918874678851,-0.001163420132848253,4.498545106289844e-05,-6.621936e-05,0.0013936269,-4.95149e-05,15.3,-1.0,0.5000267,0.72847056,0.7289059,0.72870445,0.72884107
42.1,5.0034847,5.2352967,-2.4810832,0.0018744073,-0.0032193845,-0.010502461,-0.0062136073,-0.022364201,-0.32064083,-0.004630975057970801,-0.0011031339266274558,4.7611346640121584e-05,-0.19268027,0.001116236,-0.0007644152,15.3,-1.0,0.5000267,0.7628194,0.7142235,0.71411186,0.76302975
42.2,5.0023365,5.232194,-2.4830508,0.001212205,-0.027817298,-0.030897029,0.000566059,-0.49202216,-0.116944775,-0.05584948274899968,-0.0010839873030644802,0.00011307020942550793,-0.60080874,0.0008908616,-0.00041182167,15.3,-1.0,0.5000267,0.72388786,0.7367645,0.7364869,0.7244632
42.300000000000004,5.0002737,5.2216854,-2.4867902,-0.0002461496,-0.11244523,-0.031973917,0.0003022146,-1.0055534,0.05992781,-0.10580542040939737,-0.0011128289107837789,0.0001546548105072343,-0.38491058,-0.0005377503,-0.00024289518,15.3,-1.0,0.5000267,0.71883184,0.73499197,0.73471487,0.7193121
42.400000000000006,4.998036,5.2004547,-2.4902332,-0.0015488471,-0.22630316,-0.022579167,-0.0010217299,-1.2330592,0.11703837,-0.12994752592312234,-0.0012442390139125313,0.00019757164310987493,-0.13278256,-0.0013535883,-0.00049691205,15.3,-1.0,0.5000267,0.7213892,0.7319951,0.7318774,0.7218872
42.5,4.9957643,5.1653037,-2.4926152,-0.0025937832,-0.35328075,-0.012288652,-0.00080269994,-1.2744664,0.10295072,-0.13375347953882008,-0.0014360044880530715,0.00020243194509871298,0.030916058,-0.0019547248,-1.5745114e-05,15.3,-1.0,0.5000267,0.7251152,0.72993493,0.72984964,0.72562295
42.6,4.9933276,5.1110425,-2.493666,-0.003043642,-0.4894725,-0.003131103,0.0043868534,-1.1878672,0.061967406,-0.12537738526916817,-0.0016200139526320434,0.00016607321111130257,0.12144445,-0.0011365713,0.00027908676,15.3,-1.0,0.5000267,0.72766244,0.7296183,0.729353,0.7281354
42.7,4.9909277,5.0420275,-2.494443,-0.0035343806,-0.61291885,0.002112324,0.00059499324,-1.0342997,0.035301313,-0.11103781101377418,-0.0017710166824178764,0.0001194949457192161,0.15938766,-0.0009292686,-0.0009697805,15.3,-1.0,0.5000267,0.73005724,0.72832906,0.72822034,0.7302103
42.800000000000004,4.9883347,4.967092,-2.4951754,-0.0038149809,-0.7116785,0.0043315478,0.0031690008,-0.8756208,0.02120435,-0.09478508865148802,-0.001850111943096147,-3.7004097445746554e-05,0.16568524,-0.00033897383,-0.00082787324,15.3,-1.0,0.5000267,0.7308151,0.7279895,0.72760785,0.73085034
42.900000000000006,4.9849243,4.876107,-2.4955802,-0.004988651,-0.8007103,0.0052588023,0.0037954303,-0.6967432,0.013976823,-0.07893817396620058,-0.0018946086940927387,-0.0003141890814129281,0.15364078,-0.0004884272,-3.847794e-05,15.3,-1.0,0.5000267,0.73088986,0.7278448,0.7269434,0.7312639
43.0,4.9811606,4.7852936,-2.4961216,-0.0065760724,-0.8670787,0.005365071,0.0038585246,-0.55216193,0.0057676802,-0.06465789059840847,-0.002016878572183287,-0.0007977871900254936,0.13527301,-0.002115132,0.00013029278,15.3,-1.0,0.5000267,0.73143697,0.72746813,0.7263206,0.7312403
43.1,4.976764,4.6818943,-2.4964416,-0.008306025,-0.9234656,0.0046921116,0.0027474978,-0.4244201,-0.0047185454,-0.05246991457322583,-0.0022200372378121816,-0.0013699158662378026,0.112543166,-0.0026273162,0.00023048336,15.3,-1.0,0.5000267,0.73149997,0.72732955,0.7255974,0.7310153
43.2,4.972531,4.5834327,-2.49698,-0.00987709,-0.9632885,0.004198693,0.014448707,-0.32533023,0.00059511507,-0.04245460013599025,-0.0024920740211031626,-0.0019179839260375139,0.090882145,-0.0040972005,0.00044793746,15.3,-1.0,0.5000267,0.73156977,0.7273419,0.72558635,0.73016745
43.300000000000004,4.967726,4.474298,-2.4980092,-0.011339143,-0.9955908,0.0035770931,0.010727932,-0.23441137,0.0018263235,-0.03447720674156001,-0.0028016795568957505,-0.002345403513068114,0.072421804,-0.0037922629,0.001967994,15.3,-1.0,0.5000267,0.73160243,0.72716975,0.72476906,0.7304457
43.400000000000006,4.9628496,4.372604,-2.4994915,-0.012748321,-1.0173247,0.0029270865,0.015651526,-0.17335838,0.0081891185,-0.028286174177035186,-0.0031070052515401758,-0.002602581419746812,0.054848738,-0.003782645,0.0031311712,15.3,-1.0,0.5000267,0.73116213,0.7271078,0.72504693,0.7299066
43.5,4.957674,4.2709417,-2.5008752,-0.013714142,-1.0327525,0.0024384423,0.014409714,-0.12550493,0.00435207,-0.02356547983116556,-0.003394436564942824,-0.0027507870794690635,0.041875467,-0.0029407546,0.0045103477,15.3,-1.0,0.5000267,0.73107696,0.7268913,0.7244436,0.7303074
43.6,4.951793,4.161242,-2.502177,-0.014390553,-1.0439435,0.0020508405,0.020389706,-0.08920119,0.004790257,-0.020100651503901473,-0.003641803454852807,-0.002695711654051489,0.029780215,-0.0021808047,0.006305523,15.3,-1.0,0.5000267,0.7305825,0.72691965,0.72462094,0.73021996
43.7,4.945702,4.0522428,-2.5033643,-0.015055085,-1.0509013,0.0022017595,0.02160358,-0.067114316,0.005880836,-0.01761951352682836,-0.0038677622178071953,-0.002475918747457543,0.020162584,-0.002393603,0.007003322,15.3,-1.0,0.5000267,0.7300954,0.7271179,0.7253051,0.7300743
43.800000000000004,4.940123,3.952564,-2.503933,-0.015078303,-1.0542384,0.0024253307,0.026730917,-0.044171277,-0.00059185544,-0.015892992151430987,-0.004049492710446838,-0.0020982470130251536,0.013681093,-0.0021128785,0.007930516,15.3,-1.0,0.5000267,0.7302919,0.72657293,0.7256634,0.73048186
43.900000000000006,4.9336324,3.845813,-2.5033603,-0.015444985,-1.0553436,0.0028515256,0.031042732,-0.026233776,0.0052750106,-0.014769998521986127,-0.004168385350044808,-0.001724787231003441,0.0070304433,-0.0013999946,0.0070323176,15.3,-1.0,0.5000267,0.7296697,0.72704995,0.7260755,0.7308077
44.0,4.927435,3.7480056,-2.5027087,-0.015937084,-1.0550503,0.0027371754,0.025484843,-0.022240652,-0.0032228415,-0.014118199157332114,-0.004290771340799604,-0.0014166736936446506,0.0036544683,-0.0014577941,0.006055047,15.3,-1.0,0.5000267,0.7296333,0.72686094,0.7260652,0.7311588
44.1,4.920602,3.642466,-2.5018642,-0.016354384,-1.0541794,0.0028734494,0.025453717,-0.02777395,-0.00053271645,-0.01382815083630389,-0.004424469907618287,-0.0011417311261528538,0.0012293218,-0.002895725,0.005546458,15.3,-1.0,0.5000267,0.7299386,0.7264879,0.72647387,0.7311421
44.2,4.9141264,3.5454192,-2.5016768,-0.016760284,-1.0531234,0.0026239303,0.027642958,-0.020093301,-6.5658234e-05,-0.013715551852421057,-0.004550355719702019,-0.000957778418316471,3.49755e-05,-0.002651913,0.0048091337,15.3,-1.0,0.5000267,0.7297316,0.72669905,0.72651225,0.7309782
44.300000000000004,4.9076247,3.4409742,-2.5014818,-0.01661263,-1.0515636,0.0023873728,0.033817485,-0.02168439,0.0001117587,-0.013667059383877618,-0.004699434570480963,-0.000765609980360127,-0.00013801466,-0.0019543844,0.0038232678,15.3,-1.0,0.5000267,0.72984946,0.7265141,0.7263281,0.73111147
44.400000000000006,4.902375,3.3448799,-2.5013638,-0.01581466,-1.0500689,0.0022109463,0.0290357,-0.01701718,-0.0018551945,-0.013732012215525492,-0.00481655383159821,-0.0005226448762609744,-0.0015234551,-0.0011495916,0.0039352113,15.3,-1.0,0.5000267,0.7295376,0.726653,0.7265099,0.73102176
44.5,4.89821,3.248865,-2.5011802,-0.014155034,-1.0485679,0.0019810854,0.032481283,-0.018352056,-0.0031045636,-0.01383569011860231,-0.00485357988329924,-0.0002503903857889302,-0.002881509,-0.0004678206,0.0027104497,15.3,-1.0,0.5000267,0.7294863,0.72649986,0.72685266,0.73072636
44.6,4.894601,3.1453803,-2.5008204,-0.01182092,-1.0470338,0.0017168408,0.02746172,-0.023551658,-0.004454981,-0.013928800462253843,-0.004713976462744201,-2.6983564508726987e-05,-0.0011785306,0.0017925184,0.0027373782,15.3,-1.0,0.5000267,0.7295662,0.7263739,0.7263947,0.7310279
44.7,4.8913736,3.0418231,-2.500902,-0.00950805,-1.0459036,0.0017079103,0.029849665,-0.02593273,-0.0017043202,-0.014005776707177744,-0.0044784951526053215,0.00013349940589359356,-0.0017560255,0.0028989168,0.0011924808,15.3,-1.0,0.5000267,0.7294538,0.7265948,0.72653675,0.7308861
44.800000000000004,4.888476,2.945447,-2.5014958,-0.0079154,-1.0456784,0.0016638162,0.023356397,-0.031100737,0.00054854894,-0.014090407228479453,-0.004183464513490488,0.00020500249829694,-0.0010563554,0.0020220308,-7.569036e-05,15.3,-1.0,0.5000267,0.7296489,0.7265133,0.7266414,0.73067975
44.900000000000006,4.8860054,2.8404565,-2.5027797,-0.005977649,-1.0459431,0.0012472711,0.012872638,-0.021477781,0.0033066606,-0.014078494168574904,-0.003923510773726072,0.0002477564723058223,0.0012712204,0.0029525524,0.000516639,15.3,-1.0,0.5000267,0.72941786,0.7265311,0.72599965,0.7311178
45.0,4.884343,2.743231,-2.504062,-0.0041027395,-1.046246,0.0010545907,0.018544978,-0.027630217,0.0023143364,-0.013941511271106172,-0.0036433995273067368,0.00019868159585984658,0.0013151246,0.003347439,-0.00035138754,15.3,-1.0,0.5000267,0.72939986,0.7267073,0.72592956,0.7308559
45.1,4.8826647,2.6371186,-2.5057507,-0.0024775052,-1.0469517,0.00091637624,0.009036398,-0.020041475,-0.0036507843,-0.013758370494405592,-0.0033561970965146105,0.00010966979363283254,0.0018977267,0.0028811425,-0.00070938264,15.3,-1.0,0.5000267,0.72963506,0.72666675,0.7258929,0.7306533
45.2,4.8812046,2.5382729,-2.5076456,-0.0013752078,-1.0478792,0.000912394,0.008364163,-0.013219373,-0.0024586914,-0.013514284776143142,-0.0030912695738884452,-7.81013073456685e-06,0.0021163346,0.0036251708,-0.00086007925,15.3,-1.0,0.5000267,0.729168,0.72728246,0.72580165,0.7305587
45.300000000000004,4.879557,2.4304547,-2.509865,-0.0007177462,-1.0490998,0.00064935884,0.0030361833,-0.011248051,0.0030831432,-0.013227261751994457,-0.0028594068044479944,-0.0001304314868691272,0.0033977006,0.0031506366,-0.00022990633,15.3,-1.0,0.5000267,0.7293622,0.727125,0.7254052,0.7306571
45.400000000000006,4.8774524,2.330833,-2.511797,-0.0010682283,-1.0500995,0.00089068466,0.008254071,-0.015260254,0.0048046927,-0.012892564924535378,-0.0026954512462061503,-0.00021810602067721184,0.0033385598,0.0009238922,0.00021069476,15.3,-1.0,0.5000267,0.72958696,0.7271651,0.7255817,0.730514
45.5,4.87484,2.2309058,-2.5131345,-0.0019800302,-1.0508317,0.0009840993,0.009495412,-0.0053066323,0.00387663,-0.012541835373560569,-0.0026517822149836486,-0.0002709253484499819,0.0045722118,3.066104e-05,0.00045196267,15.3,-1.0,0.5000267,0.7300052,0.72685546,0.7251884,0.73095536
45.6,4.87242,2.1224952,-2.5143206,-0.0026030024,-1.0514966,0.000972095,0.00703932,-0.0062549477,0.00297185,-0.012191758644696148,-0.002760717804452105,-0.000250285368916961,0.0040926393,-0.001717818,0.0011274754,15.3,-1.0,0.5000267,0.7300044,0.7267309,0.7255432,0.73076195
45.7,4.870563,2.0142004,-2.5149155,-0.0027064763,-1.0515215,0.0014320964,-0.0027093226,-0.003752564,-0.0012647359,-0.011872990295039203,-0.002859239913878414,-0.0002506188502375856,0.0030664194,-0.0012146897,0.0012685142,15.3,-1.0,0.5000267,0.73004186,0.72699404,0.72603804,0.73056155
45.800000000000004,4.869648,1.914486,-2.5149558,-0.002014111,-1.0508466,0.0017628146,0.005531259,0.0030245061,0.001257751,-0.011613727614996343,-0.0029513440912069225,-0.00027515493529023903,0.0028842504,-4.6500423e-05,0.0011615807,15.3,-1.0,0.5000267,0.73034275,0.7269976,0.72590655,0.7308902
45.900000000000006,4.870021,1.8065076,-2.5147462,-0.00020912827,-1.0500292,0.0016455009,0.0071709026,0.00019103389,-0.0038645228,-0.011472940726260993,-0.002964606414307427,-0.0003296138572713894,0.0015786914,0.001546143,0.0002087962,15.3,-1.0,0.5000267,0.73006076,0.72729045,0.72564495,0.73108923
46.0,4.871388,1.7068495,-2.514979,0.0021030577,-1.049341,0.0016421688,0.005227235,0.0019830076,-0.0016926787,-0.011382416651042226,-0.002778536561831086,-0.00040954360864796396,0.00055808795,0.0033060415,0.00018239135,15.3,-1.0,0.5000267,0.73015463,0.72726715,0.7261461,0.73061883
46.1,4.873441,1.5989004,-2.5153887,0.0043222094,-1.0482694,0.0013283753,-0.0011272413,0.008493006,-0.00066123897,-0.01130907509082157,-0.002489979584316699,-0.0004519537546578898,-0.0001035364,0.0039931857,0.00072330656,15.3,-1.0,0.5000267,0.7298838,0.7273774,0.7261318,0.7305038
46.2,4.8754573,1.4999897,-2.5165327,0.0059479102,-1.0469337,0.0008515151,-3.370678e-05,-9.914947e-05,-0.008889007,-0.011270399239406913,-0.002130731726888145,-0.000463638392994113,-0.0005834361,0.003125195,0.0016374786,15.3,-1.0,0.5000267,0.73000306,0.72695535,0.7262494,0.7301976
46.300000000000004,4.877865,1.3938556,-2.518148,0.007303103,-1.0446366,0.0005673758,-0.0023081282,0.009057879,0.00013131647,-0.011269935030118331,-0.001780605673915138,-0.00044630982530524747,-0.00063039584,0.0038094695,0.0011256371,15.3,-1.0,0.5000267,0.7299693,0.7267936,0.7257228,0.73067534
46.400000000000006,4.8798265,1.2960131,-2.5193646,0.007856889,-1.0426114,0.00035838236,-0.006881828,0.012254855,0.004082452,-0.011363454535985192,-0.0015108493339409683,-0.000393950106531068,-0.0006080989,0.004091557,0.0016306494,15.3,-1.0,0.5000267,0.7296749,0.7269115,0.72495323,0.7313661
46.5,4.8814964,1.1978931,-2.520211,0.007881288,-1.0415322,0.00053496927,-0.008535225,0.0038077012,0.005229376,-0.01154719783983681,-0.001299902333347034,-0.000307611267666045,-0.0029236283,0.0013235393,0.0004475999,15.3,-1.0,0.5000267,0.7293514,0.72727394,0.72614145,0.7303654
46.6,4.8830676,1.0910013,-2.5208137,0.007529525,-1.0408877,0.00064262317,-0.017414741,0.002312612,0.006266869,-0.01166737609990056,-0.0011968198069432139,-0.00018978321651818097,-0.0017323464,0.0008254784,0.0011846516,15.3,-1.0,0.5000267,0.72927564,0.72731394,0.72622204,0.730481
46.7,4.8838124,0.9839259,-2.5210538,0.0064067855,-1.0403769,0.0008687757,-0.014979067,-0.0017075144,0.0014039687,-0.011691894359309066,-0.00114592717331305,-7.527214125137477e-05,7.32928e-05,-0.0001539764,0.001046587,15.3,-1.0,0.5000267,0.7296177,0.727051,0.72604823,0.7308403
46.800000000000004,4.8835826,0.88495135,-2.521242,0.0049091703,-1.040045,0.0010775959,-0.009021272,0.0052906866,-0.0025811603,-0.011690518258418185,-0.0012280528939843291,4.854027170091194e-05,-0.00041007117,-0.002146719,0.00075229676,15.3,-1.0,0.5000267,0.7297034,0.72711444,0.72649294,0.73059314
46.900000000000006,4.882655,0.77762604,-2.5211914,0.0031696102,-1.0396172,0.000867458,-0.0061051724,0.0050865235,-0.0040074806,-0.011588102489847565,-0.001406879537275801,0.00014953158185157853,0.0019276922,-0.0025870807,3.2467215e-05,15.3,-1.0,0.5000267,0.7298913,0.7267747,0.7259828,0.731068
47.0,4.8812895,0.6785322,-2.5212724,0.0016683068,-1.0392889,0.0008494966,-0.0022445063,0.0034992406,-0.009995419,-0.011493480031590841,-0.0016335378454750814,0.0002304982985588075,0.00036477682,-0.002086536,-0.0005092751,15.3,-1.0,0.5000267,0.7294454,0.7272367,0.72608924,0.7309693
47.1,4.8799243,0.5709466,-2.521669,0.00058577623,-1.0390178,-0.004606957,-0.000121852274,0.002533903,-0.26590237,-0.010370412583828283,-0.0019035685722131985,0.0003164680311297646,0.072805375,-0.0029613648,-0.0005570594,15.3,-1.0,0.5000267,0.7083449,0.7680114,0.7671825,0.7096656
47.2,4.8787427,0.4718331,-2.523205,-0.00032384333,-1.0240442,-0.025462043,0.0014064735,0.38066196,-0.14079641,0.03424760579964058,-0.0021191160792425638,0.0003726167696494907,0.60919935,-0.002662147,-0.0012393137,15.3,-1.0,0.5000267,0.7367798,0.7245461,0.7240974,0.7377397
47.300000000000004,4.8776784,0.3695099,-2.5263991,-0.0007911379,-0.95036036,-0.028302064,-9.7334116e-05,0.9445432,0.042269003,0.0880105944102182,-0.0023342634395836534,0.00032220530664119166,0.43550825,-0.0011995967,-0.00028177717,15.3,-1.0,0.5000267,0.73672867,0.71775603,0.7165444,0.7380178
47.400000000000006,4.8766794,0.28578332,-2.52896,-0.0010648301,-0.8418009,-0.020062499,0.0064065554,1.219005,0.10688602,0.11679272529460905,-0.002484235265203149,0.0003191025549444365,0.1751835,-0.0011935353,-0.000562176,15.3,-1.0,0.5000267,0.7342534,0.7194896,0.71863383,0.73515636
47.5,4.8755717,0.2154734,-2.5307238,-0.0013995861,-0.71664053,-0.009810419,0.007838706,1.2979288,0.10323571,0.12372595002382258,-0.002593914621215081,0.0005350694002615149,-0.0060172556,-0.00066874066,-0.00070014683,15.3,-1.0,0.5000267,0.7317345,0.7237631,0.7229212,0.7329152
47.6,4.8743687,0.15554576,-2.5308206,-0.001944053,-0.5799861,-0.0006960582,0.010358586,1.2230823,0.061575785,0.11718080807205813,-0.0027095751441491935,0.001000517364136362,-0.10719535,-0.0023972138,-0.0002997671,15.3,-1.0,0.5000267,0.7311698,0.7264,0.72632426,0.73208433
47.7,4.873449,0.11120446,-2.52985,-0.0025595648,-0.45360792,0.005096442,0.0036721174,1.0757397,0.03392575,0.10378971316448142,-0.002785667051298346,0.0017373945344109042,-0.1519034,-0.0027468153,-0.0016907903,15.3,-1.0,0.5000267,0.73057044,0.72791314,0.72872156,0.73174614
47.800000000000004,4.8731537,0.08232191,-2.528651,-0.002979171,-0.351377,0.0074203126,0.0060629086,0.91640425,0.007902271,0.08782441128615699,-0.002917086131305118,0.0024874149410403492,-0.16515303,-0.0030774765,-0.002337171,15.3,-1.0,0.5000267,0.72943825,0.72900945,0.7302731,0.7312597
47.900000000000006,4.8735228,0.061442014,-2.5275445,-0.0028021857,-0.25806513,0.0077228984,0.015887631,0.7390206,-0.01249602,0.0718667346372214,-0.0030788236132699358,0.003010287930366029,-0.15627238,-0.0021515365,-0.0037463673,15.3,-1.0,0.5000267,0.7286103,0.72904336,0.73058236,0.7312317
48.0,4.8748484,0.049431507,-2.526983,-0.0011384498,-0.18818936,0.007192691,0.010681165,0.5969243,-0.0063227485,0.05728761058349583,-0.0031776042948786333,0.0030895504942580667,-0.13822371,-0.00059325964,-0.005097646,15.3,-1.0,0.5000267,0.7283081,0.7288424,0.7306887,0.7304965
48.1,4.8778205,0.04252473,-2.5263565,0.0016306662,-0.12785687,0.006474367,0.009612998,0.46515626,-0.016515141,0.04474815571217655,-0.0030745961171657473,0.0025993713357447515,-0.116724744,0.0008850838,-0.0069499244,15.3,-1.0,0.5000267,0.7283963,0.72891736,0.7306638,0.72956693
48.2,4.8819566,0.04007215,-2.5260568,0.005262282,-0.08451405,0.005532669,0.0039543137,0.36223915,-0.01466507,0.03433089109606105,-0.0027718307729620367,0.0016489113055538323,-0.094922386,0.004822219,-0.006615274,15.3,-1.0,0.5000267,0.72857195,0.7291315,0.72957224,0.7291004
48.300000000000004,4.8875494,0.040262144,-2.5260506,0.009265158,-0.048635703,0.004567373,-0.0011688917,0.26464105,-0.007872469,0.025927069401982684,-0.00227772804913124,0.0003868347309115965,-0.07627228,0.0063364506,-0.006530543,15.3,-1.0,0.5000267,0.7288519,0.7297027,0.7289165,0.727988
48.400000000000006,4.893346,0.041921705,-2.5261073,0.012803142,-0.024100559,0.0040336363,0.0020686884,0.19286011,-0.003092922,0.01929307319057589,-0.0016391667014965371,-0.0009239127853034072,-0.05964722,0.008137429,-0.006150593,15.3,-1.0,0.5000267,0.7289847,0.7306012,0.7279715,0.7273784
48.5,4.8993683,0.04390629,-2.5260556,0.015242208,-0.0064751487,0.0035623985,-0.013221669,0.14397588,-0.0012926756,0.014235843857487343,-0.0009305569124543961,-0.001973924816317615,-0.044446826,0.007273469,-0.0021623853,15.3,-1.0,0.5000267,0.72970396,0.7305128,0.7274203,0.7269166
48.6,4.906149,0.04565903,-2.525949,0.017274069,0.0065196315,0.0030991014,-0.0103947995,0.10242012,-0.005909707,0.010438311178378437,-0.00034926568969647476,-0.002708285245887013,-0.03144066,0.0063997367,-0.000846541,15.3,-1.0,0.5000267,0.7297957,0.73060715,0.72669905,0.72709364
48.7,4.913209,0.046810422,-2.526147,0.018708486,0.014596607,0.0027057456,-0.024735129,0.07640153,-0.0055874693,0.007757940949435859,0.0001376558114144509,-0.00315448990675635,-0.021232108,0.0058511477,0.0014619133,15.3,-1.0,0.5000267,0.7297237,0.7305237,0.7265439,0.72716296
48.800000000000004,4.9199843,0.04744374,-2.5265203,0.019969046,0.019504659,0.0024558485,-0.02723976,0.055485338,0.0013061798,0.00593604593933457,0.0005003461919491191,-0.0033492197849029214,-0.014376434,0.0038003107,0.0049177967,15.3,-1.0,0.5000267,0.7296335,0.7301068,0.7270816,0.7269233
48.900000000000006,4.927373,0.047447596,-2.5267048,0.021225648,0.022470303,0.0023837825,-0.027546896,0.048631422,-0.004533212,0.004703599116489323,0.0008483490525813105,-0.0033307875545458493,-0.007899002,0.0043195146,0.007605229,15.3,-1.0,0.5000267,0.72963905,0.7295362,0.72689146,0.72777027
49.0,4.9343176,0.046913147,-2.5268874,0.021969045,0.023865512,0.0021860285,-0.027416935,0.031306982,-0.0035334376,0.003926962792347853,0.0011573680599227538,-0.0031447555960975797,-0.0044019637,0.0036920013,0.008694632,15.3,-1.0,0.5000267,0.7293106,0.7291246,0.7273318,0.7279374
49.1,4.941329,0.045455303,-2.5273914,0.02249709,0.024184437,0.0021928996,-0.029569877,0.027735053,0.0010314396,0.0034736149645253076,0.0014365967164737974,-0.0027608644117646363,-0.003033453,0.0030200833,0.008878456,15.3,-1.0,0.5000267,0.7287617,0.7290065,0.72828937,0.72776747
49.2,4.947082,0.043410562,-2.5274594,0.022033218,0.02344799,0.0023017286,-0.036149193,0.02915653,0.002137385,0.003231359172740268,0.001663177953466832,-0.0021925176847335144,-0.00065236277,0.0027881158,0.009081018,15.3,-1.0,0.5000267,0.7282225,0.72888315,0.72843903,0.72856313
49.300000000000004,4.9524307,0.0409807,-2.5278778,0.020768696,0.022841455,0.0021376119,-0.029701035,0.03440179,-0.003535766,0.0031912823625017913,0.0017482475893206757,-0.0015502981758511614,0.0021980728,0.00093375606,0.008249879,15.3,-1.0,0.5000267,0.72835934,0.7281022,0.72840184,0.7292008
49.400000000000006,4.9563527,0.03888997,-2.5283487,0.019135835,0.022643177,0.0019906857,-0.02973025,0.022541888,-0.0063031907,0.0032118443554866698,0.0017254282359000378,-0.0009092939283197856,0.0013463987,-0.00048824798,0.00718141,15.3,-1.0,0.5000267,0.72797257,0.7279472,0.72870034,0.7293697
49.5,4.959422,0.03651709,-2.5287886,0.017229958,0.02210521,0.0019420654,-0.029932149,0.023302646,0.0013560056,0.003221246845932903,0.001583795201926744,-0.00027682197049426694,0.0012554204,-0.0014089271,0.0059465584,15.3,-1.0,0.5000267,0.72764665,0.72783226,0.7289907,0.72957003
49.6,4.9620824,0.033886008,-2.529191,0.014921531,0.02179312,0.0019926818,-0.030756265,0.025478566,-0.0051222737,0.003234894349292497,0.0013943648738344964,0.00023882359322818257,0.0003196327,-0.0011997055,0.0047843847,15.3,-1.0,0.5000267,0.72734386,0.72801274,0.7293733,0.7294881
49.7,4.964801,0.030909281,-2.530138,0.013541935,0.021241391,0.0015278766,-0.019073438,0.021826293,-0.012022908,0.0032526792761558504,0.0011277718817678372,0.0005821807437986925,0.000732879,-0.0023628594,0.0033303376,15.3,-1.0,0.5000267,0.72760826,0.72760326,0.72936565,0.7293096
49.800000000000004,4.967813,0.028059224,-2.5313337,0.0125826225,0.020641794,0.0011996864,-0.025116881,0.026832467,-0.0045313495,0.0032527029697668026,0.000888113920563297,0.0007741309546506986,-0.00012881562,-0.0013680622,0.0014258883,15.3,-1.0,0.5000267,0.7272067,0.7278502,0.7294383,0.7289727
49.900000000000006,4.9708047,0.025560202,-2.5330827,0.011704513,0.020487925,0.0006978723,-0.024315411,0.024817314,-0.0048722136,0.0032808375125489386,0.0007395730636895884,0.0008008538534011834,0.0010466428,-0.0030744213,0.00038493707,15.3,-1.0,0.5000267,0.72824204,0.72694767,0.72940385,0.72843707
50.0,4.9729233,0.023537993,-2.5347216,0.010615613,0.020587776,0.0004968697,-0.018018348,0.036325384,0.005952082,0.003299731425582371,0.0006340437141963602,0.0007493562797650425,-0.0008680616,-0.0012647118,-0.0012994315,15.3,-1.0,0.5000267,0.72744834,0.72796094,0.7288864,0.72843
50.1,4.9748263,0.021358993,-2.5372274,0.009281329,0.020713583,-3.366219e-05,-0.027691413,0.021781018,0.0014719552,0.003250032248972186,0.0005150684332500528,0.000665456719131115,0.00035486146,-0.00079518993,-0.000909291,15.3,-1.0,0.5000267,0.7277834,0.72771233,0.7281876,0.7285059
50.2,4.975821,0.019030046,-2.5395458,0.007869538,0.020274673,-0.00018612339,-0.02071904,0.0264457,0.009698792,0.003163723769918765,0.00039313926955976067,0.0005759834382636741,9.9631136e-05,-0.0021260935,-0.00073978934,15.3,-1.0,0.5000267,0.72805613,0.7276127,0.72840613,0.72785085
50.300000000000004,4.976603,0.016380975,-2.541834,0.0061640446,0.019585293,-7.278122e-05,-0.019092444,0.029481357,0.006704125,0.0031275474595311775,0.00020796807647814472,0.00047606391081251334,0.0017738737,-0.002730707,-0.0020760107,15.3,-1.0,0.5000267,0.72842413,0.7275621,0.7279548,0.7281228
50.400000000000006,4.977352,0.0150445085,-2.543285,0.0051034098,0.020001335,1.8166284e-05,-0.023279352,0.024454739,0.011702533,0.0031686317315127045,-2.5689938474478977e-05,0.00036386578382428423,0.0005342831,-0.0016607213,-0.0018269216,15.3,-1.0,0.5000267,0.7279905,0.7281871,0.72808576,0.7278937
50.5,4.978275,0.014721223,-2.5445404,0.0049347384,0.02067991,0.0001321971,-0.013127311,0.023204459,-7.962807e-05,0.0031078145713758724,-0.00022193471305028895,0.0002468090995275471,-0.0009173911,-0.0012098274,-0.0017659697,15.3,-1.0,0.5000267,0.7281024,0.72827786,0.72823143,0.72768414
50.6,4.9790015,0.01461394,-2.5450654,0.004379711,0.02168438,0.00041003758,-0.011566973,0.029692555,0.0035748815,0.002977888965275155,-0.0003392684686319644,0.0001477431981289392,-0.0010822293,0.00081718166,-0.0017659655,15.3,-1.0,0.5000267,0.727951,0.72868115,0.7275699,0.7284381
50.7,4.97895,0.014574373,-2.544424,0.00350135,0.022782484,0.0007848423,-0.0046814117,0.020165633,0.0043241302,0.00277687319543257,-0.0003794006081152413,0.0001077665419939221,-0.0015457163,0.00049596507,-0.0010339228,15.3,-1.0,0.5000267,0.7282746,0.72847986,0.727575,0.72872716
50.800000000000004,4.9785743,0.014658783,-2.5430984,0.0026349563,0.023294237,0.0012651031,-0.010169208,0.01938702,0.0047856006,0.0025212449524791847,-0.00046445249984231773,6.099378051842766e-05,-0.0022625101,-0.0009607424,-0.0013399627,15.3,-1.0,0.5000267,0.72850275,0.7286767,0.7282662,0.7282991
50.900000000000006,4.9786587,0.015016285,-2.5414836,0.0022393293,0.023887504,0.001195323,-0.005439229,0.01956279,-0.0064671035,0.0023281150903267413,-0.0006081655308180517,4.406541550039723e-05,-0.0016321483,-0.0012593489,-0.0007514179,15.3,-1.0,0.5000267,0.7285673,0.7286089,0.7284167,0.72817945
51.0,4.978995,0.015374509,-2.5404298,0.0024106472,0.02416468,0.0010222142,-0.002786484,0.016750952,-0.001081731,0.002121788942574009,-0.0006720517181129918,6.850218402467593e-05,-0.0017331013,-0.0001298348,-0.001106827,15.3,-1.0,0.5000267,0.7286921,0.7283178,0.7283756,0.72820634
51.1,4.9798155,0.015949272,-2.5398576,0.0028163502,0.024432333,0.00078607793,-0.011793954,0.01352119,-0.0011413357,0.001970279370962251,-0.0007227298984996752,0.00013666305291518986,-0.0015588314,-0.00042446904,0.00025125674,15.3,-1.0,0.5000267,0.72859555,0.72809404,0.7286835,0.7280171
51.2,4.9809756,0.016557544,-2.539651,0.0033143687,0.024575844,0.00063154957,-0.0074793333,0.014781151,-0.0028321517,0.0018445447044650443,-0.0006612826515127372,0.00017340486798784314,-0.0007364115,0.0005769531,-0.00024536127,15.3,-1.0,0.5000267,0.7284228,0.7281719,0.7284788,0.72814405
51.300000000000004,4.9820895,0.016618354,-2.5392158,0.0034095885,0.023951747,0.00081292656,-0.0064810086,0.013471122,0.0057304273,0.0016938647272785195,-0.0005904208572865254,0.00019388386099742974,-0.0020984856,0.0007385041,-0.0014142703,15.3,-1.0,0.5000267,0.727872,0.7288141,0.7287671,0.7279622
51.400000000000006,4.982716,0.0164375,-2.5388665,0.0028667054,0.023299951,0.0009113783,-0.009712789,0.011542387,-0.0011357478,0.001638952320087732,-0.0005148964434416452,0.00019712019046784027,0.00044194845,9.5197836e-05,0.0002713321,15.3,-1.0,0.5000267,0.72847134,0.728342,0.7285054,0.7283237
51.5,4.982264,0.016309766,-2.5387638,0.0017774885,0.022605967,0.0008135921,-0.007020956,0.008336952,0.0058980654,0.0016463532044479123,-0.0005130977543045833,0.00023885704387714105,0.0008925061,-0.0006142413,-0.0009255993,15.3,-1.0,0.5000267,0.72816366,0.7284357,0.72832257,0.7286561
51.6,4.9804835,0.01581447,-2.538655,-1.5546546e-05,0.021529572,0.000502162,-0.0022557788,0.0039994344,0.0039911824,0.0016750761252135652,-0.0005967906627995375,0.0002202603018465885,0.0012518803,-0.0013955449,-0.001450909,15.3,-1.0,0.5000267,0.72811383,0.72838527,0.7282884,0.72847056
51.7,4.978225,0.014748321,-2.538864,-0.0022068147,0.020251876,0.000157636,-0.0096116895,0.008566033,0.005309004,0.0017146465965894335,-0.000831835404876892,0.00017646852607175343,0.0011195781,-0.0020046486,-0.0007495327,15.3,-1.0,0.5000267,0.7278974,0.7284994,0.72796017,0.7285144
51.800000000000004,4.9758167,0.013508329,-2.5398579,-0.0036448222,0.018946642,-3.7325666e-05,0.0027869432,0.007894006,0.0048093493,0.0018079322043814908,-0.0011110296015448297,0.00010606315385609132,0.0013062301,-0.0036196045,-0.0012968555,15.3,-1.0,0.5000267,0.7280205,0.72840184,0.72826517,0.72795856
51.900000000000006,4.9729977,0.012308399,-2.5408418,-0.005030961,0.018030426,-9.3851624e-05,0.0011377773,0.011157035,0.00808481,0.0019538554564205446,-0.0014147213403617827,5.4566481157603675e-05,0.0006705374,-0.0032722813,-0.00047147484,15.3,-1.0,0.5000267,0.72809684,0.72831583,0.72834235,0.7277947
52.0,4.970319,0.011175407,-2.5413797,-0.0061341594,0.017409157,0.00011994534,0.0029525466,0.006447979,0.0046798955,0.002069283150551471,-0.0016790673559540868,3.533850533483595e-05,0.0014334731,-0.0023513045,-0.0008597819,15.3,-1.0,0.5000267,0.7282558,0.72826785,0.72811306,0.72819555
52.1,4.9670534,0.010089189,-2.5414662,-0.0068056257,0.016870106,0.00034645395,0.010356092,0.00969028,0.00068172807,0.0021537900038758637,-0.0019255423132928692,-1.8575551329219226e-06,0.00060612906,-0.0023871807,-0.00037975033,15.3,-1.0,0.5000267,0.7280909,0.7286463,0.72839963,0.72797465
52.2,4.9635997,0.009595898,-2.5409365,-0.0074339425,0.017004237,0.0006061087,0.008346622,0.016451946,0.0005261972,0.0021982088503691394,-0.002077278514410823,-1.2773461560353911e-06,0.0013345439,-0.0018688019,0.00017458625,15.3,-1.0,0.5000267,0.7286815,0.7281135,0.728205,0.7284462
52.300000000000004,4.959772,0.009499354,-2.5403256,-0.008038451,0.017083155,0.00053570955,0.012556525,0.011385944,-0.004037283,0.002190961137431274,-0.0022274584853217393,-7.6284584105214475e-06,-0.0008204511,-0.0016737075,-0.00021289426,15.3,-1.0,0.5000267,0.72826487,0.7284897,0.7285574,0.7281073
52.400000000000006,4.956153,0.009385677,-2.5399134,-0.008572242,0.017124146,0.0007180033,0.015667753,0.023930449,0.001995824,0.0021086605201451583,-0.0023702891864416766,-2.6769557366364018e-05,-0.00025922232,-0.0025456029,0.00049488794,15.3,-1.0,0.5000267,0.7287201,0.7281582,0.7284905,0.7282841
52.5,4.952831,0.009064834,-2.5398853,-0.008834558,0.01670215,0.00071283424,0.0107071735,0.003210971,-0.0006742775,0.0020281003457465942,-0.0024679938612465133,-4.4003337431806514e-05,-0.000292409,-0.00087031565,0.001035352,15.3,-1.0,0.5000267,0.72836226,0.7285214,0.72844225,0.72836465
52.6,4.950077,0.008091715,-2.5403924,-0.00827795,0.0156217655,0.0004833017,0.012058745,0.009223214,0.0010044313,0.0019656693696818296,-0.002593421605152362,-3.605542798734687e-05,0.00035454793,-0.0009598043,-0.0011863476,15.3,-1.0,0.5000267,0.72846127,0.72830915,0.7283113,0.7283671
52.7,4.948341,0.0072251833,-2.5406535,-0.0070632272,0.014492197,0.0004616145,0.019875102,0.0069101793,-0.0016465782,0.0020292606524051583,-0.0026073803914223133,3.601466797689808e-05,0.002192415,3.847117e-05,0.0002994071,15.3,-1.0,0.5000267,0.7284989,0.7281831,0.7284947,0.72829217
52.800000000000004,4.9474106,0.0069193374,-2.5406787,-0.0057186442,0.01408512,0.0004859513,0.015783237,0.014335807,0.0011757946,0.0021224443433654505,-0.0025436783063778126,9.272320802156323e-05,0.0010168066,0.00044722488,-0.00037150824,15.3,-1.0,0.5000267,0.7284666,0.72823566,0.7287776,0.728025
52.900000000000006,4.946116,0.0071884696,-2.5409472,-0.0046124966,0.014316304,0.00062733,0.012404315,0.013156654,0.006636604,0.0022125823848821863,-0.0023378425717403687,0.00012077428258457533,0.00040005633,0.0021427844,-0.0003476232,15.3,-1.0,0.5000267,0.7283574,0.72835726,0.7285948,0.7283404
53.0,4.944411,0.008395262,-2.541331,-0.004281714,0.015199247,0.0003621184,0.009085075,0.0060612806,-0.0023818573,0.0022140619451778906,-0.0021547920863392816,0.00010041126862560421,0.00073583185,0.00201093,0.0005944219,15.3,-1.0,0.5000267,0.728495,0.72814965,0.72801685,0.7287544
53.1,4.9418426,0.01026637,-2.541567,-0.0049241725,0.016446775,0.00044813196,0.01073701,0.0019025063,0.0026589257,0.002076650089095141,-0.002025957500113577,3.57863399720502e-05,-0.0017601373,-0.000977701,-0.00044039957,15.3,-1.0,0.5000267,0.72864854,0.72810626,0.72860026,0.7281288
53.2,4.939448,0.012542172,-2.5405777,-0.005490202,0.017768417,0.0008987709,0.009828276,0.011889547,-0.00936957,0.0018693616119079227,-0.0020513001634427388,-5.6404385253908965e-05,-0.0029105488,-0.00120337,-0.00021139119,15.3,-1.0,0.5000267,0.7284961,0.728727,0.72863865,0.72825396
53.300000000000004,4.937022,0.015699059,-2.538626,-0.005707975,0.019470807,0.0014258317,0.010154157,0.011822174,-0.0020596196,0.0016027490358189885,-0.0021538553141925328,-8.204683770897765e-05,-0.0032185062,-0.001053128,0.00042083426,15.3,-1.0,0.5000267,0.728714,0.7287874,0.72854984,0.7286409
53.400000000000006,4.9343243,0.019261722,-2.5359757,-0.0061175628,0.020943334,0.0020555954,0.0072123692,0.0014327487,-0.010589602,0.0013156425797637842,-0.0022075785669602075,-9.613732280626026e-05,-0.0021927063,-0.001283408,-0.0005272858,15.3,-1.0,0.5000267,0.7294579,0.72849566,0.72870207,0.72899806
53.5,4.930767,0.023066588,-2.533433,-0.0073357373,0.022469623,0.0021105248,0.014777594,0.0048732334,-0.007124617,0.0009649137817217634,-0.0022900979101685847,-0.00014018412173927313,-0.0035122938,-0.0016875408,-0.00042557882,15.3,-1.0,0.5000267,0.729154,0.7289325,0.7288266,0.7289285
53.6,4.9267836,0.02733274,-2.5314496,-0.00843873,0.02344256,0.0018292549,0.004839542,-0.0008069732,-0.016223637,0.0006433491030462025,-0.0024482328783900385,-0.00017846632476460375,-0.004159645,-0.0013194486,0.00031656906,15.3,-1.0,0.5000267,0.72850543,0.7295013,0.7288104,0.7288189
53.7,4.923551,0.031538688,-2.5307033,-0.008581709,0.02390823,0.0011847533,0.012583434,-0.0058017266,-0.0049727964,0.00035231921996679546,-0.002670189466436827,-0.00016798414527868525,-0.0020866431,-0.0027263646,-0.0008304595,15.3,-1.0,0.5000267,0.7290675,0.72854275,0.7287926,0.7285909
53.800000000000004,4.9217067,0.0351871,-2.530916,-0.0074379877,0.023940085,0.00031223375,0.0133258365,-0.0047760583,-0.0083334735,0.00011130273741784731,-0.0028068919180366915,-0.00010994041397106943,-0.0019522996,-0.0011840523,-0.00011063247,15.3,-1.0,0.5000267,0.7285724,0.72848135,0.72874594,0.7281655
53.900000000000006,4.9210796,0.038899623,-2.5316691,-0.0054389294,0.023541188,2.9589864e-05,0.015893012,-0.011212299,-0.0052968967,-2.8107711069177495e-05,-0.0027903484192749978,3.9311984330764864e-05,-0.00093044824,0.0016919989,0.0009460688,15.3,-1.0,0.5000267,0.72850335,0.7282418,0.7285571,0.7284093
54.0,4.9208674,0.04211526,-2.532902,-0.0036428792,0.022778455,-0.00027095468,0.007342875,-0.0178186,0.0010966322,-9.743071142992903e-05,-0.0026252502266092565,0.00018554233713733998,0.00066684687,0.002262287,0.0006925672,15.3,-1.0,0.5000267,0.7284925,0.72790396,0.7285202,0.7283557
54.1,4.9204726,0.045561343,-2.5345078,-0.0018927659,0.022313243,-0.0005363631,0.015012213,-0.010989067,0.0044517214,-0.00010308997759119281,-0.0023501817668698253,0.00028334253751517344,0.00046084356,0.0029307848,0.0003174851,15.3,-1.0,0.5000267,0.72828215,0.7278618,0.72840714,0.7283708
54.2,4.91983,0.048941344,-2.5364444,-0.0014935131,0.021818833,-0.00065772294,0.0121351415,-0.021003619,0.011473893,-7.613840148205581e-05,-0.0020717058456078507,0.0003113724320533676,-0.00014347926,0.002448916,-0.0003140226,15.3,-1.0,0.5000267,0.72795624,0.72811776,0.72836,0.72832125
54.300000000000004,4.9188333,0.05281841,-2.5389297,-0.0015201004,0.021647519,-0.00083277706,0.0009274599,-0.0129359625,0.0028191132,-7.505130012987546e-05,-0.0018735782934040139,0.00028537883919212045,0.00050742517,0.002288195,0.00035805287,15.3,-1.0,0.5000267,0.7278433,0.72817886,0.72785825,0.72867626
54.400000000000006,4.917143,0.056283973,-2.5410028,-0.0022914934,0.021605365,-0.0009962779,0.006566323,-0.013113201,0.0017271376,-0.00011224969918362457,-0.0017979852833892916,0.00019350730016808496,-0.0013736708,-0.00034817582,-0.00098683,15.3,-1.0,0.5000267,0.72793067,0.72809696,0.72811085,0.7281266
54.5,4.9144487,0.059231374,-2.5430157,-0.004022192,0.021140775,-0.0011386083,0.0019523121,-0.008811795,0.006204005,-0.00018950918974972614,-0.0018232508321976613,4.3679418320144095e-05,-0.0013630379,-0.0018241432,-0.0003599361,15.3,-1.0,0.5000267,0.72766864,0.7284086,0.72803235,0.72792685
54.6,4.9109898,0.062451314,-2.5451777,-0.005579932,0.020847952,-0.0009751855,0.0060563413,-0.008993905,0.011873896,-0.0001951933323313869,-0.0020124033021768255,-6.689431115381094e-05,-0.00059861975,-0.002986259,-3.143176e-05,15.3,-1.0,0.5000267,0.7279699,0.7282069,0.7282505,0.7277348
54.7,4.907379,0.06614697,-2.5468035,-0.006880417,0.021011654,-0.0008033183,0.005822547,-0.010497908,0.004677567,-0.00023210827233173807,-0.002289588922234844,-0.00019510662635059746,-0.000358972,-0.004548714,-0.0007138684,15.3,-1.0,0.5000267,0.72862756,0.7278528,0.72810286,0.72771496
54.800000000000004,4.904033,0.06980179,-2.5480347,-0.007464197,0.021309273,-0.0005849533,0.015740989,-0.013919463,0.011841766,-0.0003018440646790912,-0.002551296208108068,-0.00022221153439773601,-0.0014141492,-0.004277538,0.0005352412,15.3,-1.0,0.5000267,0.7285393,0.72797793,0.72831553,0.727696
54.900000000000006,4.900459,0.07385225,-2.5496304,-0.0077734515,0.021451002,-0.00041266653,0.0065745674,-0.012267208,0.0073383558,-0.00039076710511543955,-0.002723408217774344,-0.0002287746686057532,-0.0016918118,-0.0016729218,-0.0005112424,15.3,-1.0,0.5000267,0.7283222,0.7283159,0.7283051,0.72773623
55.0,4.8972898,0.07766232,-2.5507112,-0.0075526866,0.021206558,-0.00051999156,0.011016278,-0.018413473,-0.0018607824,-0.0004968160605020802,-0.002861086137283383,-0.0001899241760150489,-0.0021283976,-0.001040093,-0.000552358,15.3,-1.0,0.5000267,0.7279731,0.7285079,0.72837764,0.7276935
55.1,4.894444,0.0812741,-2.551349,-0.007251941,0.020470487,-0.00029886715,0.012205031,-0.012200406,0.005048699,-0.0005966962206888444,-0.002929248991225204,-0.0001339053967478354,-0.0005597097,-0.0005121219,0.00045269253,15.3,-1.0,0.5000267,0.72826666,0.7282072,0.72818255,0.7280941
55.2,4.8920116,0.083807684,-2.5515683,-0.0064186044,0.019250534,0.00017608472,0.013855649,-0.020166913,0.0017364508,-0.0006232238361071169,-0.002932030352404534,-9.78296131085573e-05,0.00037384202,-0.00019392384,0.00092678925,15.3,-1.0,0.5000267,0.7285538,0.7281705,0.72844625,0.728176
55.300000000000004,4.88962,0.08579355,-2.5514002,-0.005725842,0.017313657,0.00031759366,0.018948669,-0.012266722,-0.0012186355,-0.0005578372690635437,-0.0028591594017790146,-4.312216941531354e-05,0.0016967433,0.0015967292,0.0005899321,15.3,-1.0,0.5000267,0.72827107,0.72842246,0.72830015,0.72853714
55.400000000000006,4.887311,0.0869836,-2.5512745,-0.0051966324,0.015330705,0.00045510504,0.016967187,-0.022519212,0.00026589257,-0.0003921423998044346,-0.002777266823935742,-4.377980272212845e-05,0.0016303255,-0.00024685104,0.001660965,15.3,-1.0,0.5000267,0.72837013,0.7284742,0.72887194,0.7279984
55.5,4.884866,0.08745795,-2.5511029,-0.0048338026,0.0130664,0.0006025624,0.015179069,-0.010492638,0.0011017545,-0.0001663084247487348,-0.00268359446005037,-2.4621789999183885e-05,0.0027624462,1.3738347e-05,0.00029843254,15.3,-1.0,0.5000267,0.72834957,0.7285166,0.7288094,0.7282434
55.6,4.8823543,0.087581225,-2.55024,-0.004631088,0.011231858,0.00088545826,0.012289222,-0.0020293058,-0.0035846604,0.00014944378164032088,-0.0026149116325749596,-2.6660666667916888e-05,0.0031489632,7.868206e-05,0.0006095524,15.3,-1.0,0.5000267,0.72853166,0.7285337,0.7286399,0.72859854
55.7,4.880367,0.087473646,-2.5495672,-0.004597788,0.009705626,0.00063218485,0.00806587,-0.0048159906,-0.00063749024,0.0004315492330509635,-0.0025795057603231896,-3.2812392546903915e-05,0.0025081062,-0.00039629068,0.0005016064,15.3,-1.0,0.5000267,0.7285501,0.72841203,0.72877944,0.7283076
55.800000000000004,4.8793764,0.087262936,-2.5500534,-0.0038760006,0.0086375475,7.834355e-05,0.009737888,-0.0013533506,-0.0050170342,0.0006706660994578183,-0.002595522354321993,-1.6394601835828487e-05,0.0017347845,-0.00016107433,-0.0007019859,15.3,-1.0,0.5000267,0.7281566,0.72850853,0.7285646,0.7281778
55.900000000000006,4.8790226,0.08713536,-2.5504913,-0.002519982,0.007800948,-0.00022921417,0.01919282,0.008400698,-0.0014374963,0.0008633707126699999,-0.0025552190577921435,2.390981558826632e-05,0.0017628141,0.0004187243,0.00038790182,15.3,-1.0,0.5000267,0.72841406,0.728094,0.7284451,0.7281144
56.0,4.879355,0.08765749,-2.5507717,-0.0010793337,0.007792886,-0.0003401145,0.0011584924,0.0036116124,0.0002630986,0.0010263626148713336,-0.0024342216066489705,5.7640408254843374e-05,0.0004436181,0.00054031814,-0.0011030248,15.3,-1.0,0.5000267,0.7284533,0.7280333,0.72869056,0.7277035
56.1,4.8798227,0.08876127,-2.5515995,6.5109736e-05,0.008563788,-0.0002833489,0.008795612,0.004632749,0.009501352,0.0010714091602481864,-0.002205832987890482,0.00010771553240253515,-0.0006972073,0.0025631713,0.00010082827,15.3,-1.0,0.5000267,0.72812176,0.72829974,0.7281094,0.7283409
56.2,4.880107,0.08962303,-2.5531101,0.00077217113,0.008941681,-0.0007513553,0.008526822,-0.007938726,0.011597759,0.0009930085507025247,-0.0020109650925748557,0.0001567673312662954,-0.0021889794,0.0015404001,0.00064335717,15.3,-1.0,0.5000267,0.7277398,0.7283112,0.7284181,0.7278739
56.300000000000004,4.8805614,0.09046442,-2.5550578,0.0013007041,0.009021497,-0.000996908,-0.000240022,-0.003415859,0.012059229,0.000883034981847367,-0.0018320472770928964,0.00016126020609733474,-0.001982901,0.0015725628,0.00093425927,15.3,-1.0,0.5000267,0.72772294,0.7281453,0.7283325,0.72778463
56.400000000000006,4.881175,0.091399156,-2.556721,0.0014497677,0.009332581,-0.0009872961,0.0039824187,-0.00073911855,0.013884156,0.0008179174614043777,-0.001701871939074218,0.0001428918813152657,-0.0016925783,-3.4558496e-05,-0.00028238908,15.3,-1.0,0.5000267,0.72771925,0.7281683,0.7283974,0.7276661
56.5,4.8815536,0.09209531,-2.5582943,0.0008129798,0.009204209,-0.00088488526,-0.001650078,0.0041579357,0.008979811,0.0007222622308578231,-0.0016277115288646715,0.0001250997973353427,-0.00071169296,0.00041553823,0.00013320122,15.3,-1.0,0.5000267,0.7277869,0.7280885,0.7279691,0.72817737
56.6,4.8822165,0.09230076,-2.5591664,0.00014626709,0.008317052,-0.0006338867,0.00049391924,0.0021173186,0.009446404,0.0006602841771938592,-0.0016427789030311396,7.703966238285437e-05,0.00057270407,-0.0005838593,-0.00055519637,15.3,-1.0,0.5000267,0.7279252,0.72817683,0.7279862,0.7281866
56.7,4.8832574,0.09271148,-2.558723,3.0330153e-05,0.0076074176,-0.00033600847,-0.0023259271,-0.0037881513,0.004933681,0.0007198092704959221,-0.0017316525062432623,2.789508096323478e-05,0.0018320924,-0.0013940341,9.968906e-06,15.3,-1.0,0.5000267,0.72849894,0.7278458,0.72799635,0.7282077
56.800000000000004,4.885276,0.093669735,-2.5578065,0.00065666914,0.0076436005,0.00010323034,-0.0033593585,0.0007008277,0.0016819685,0.0008072381510907683,-0.0018054277873867709,6.415279969850682e-05,0.0007043093,-0.00040349842,0.0005124509,15.3,-1.0,0.5000267,0.72829616,0.7282231,0.72842747,0.72816163
56.900000000000006,4.8884535,0.09499997,-2.556462,0.0021593198,0.007764296,0.00047552807,0.01020026,-0.0021825016,-0.002954155,0.0008203728717141926,-0.0017962852509281824,6.036084495197333e-05,-0.00039872545,0.0015271008,-0.0021550409,15.3,-1.0,0.5000267,0.72838634,0.72852033,0.7282747,0.72837114
57.0,4.891799,0.09638787,-2.554879,0.0036179812,0.008262199,0.0007589241,-0.0015270042,0.0003740208,-0.0031474044,0.0008175683748884286,-0.0016482577954400448,0.00011219091329845609,-0.0012181149,0.0015557669,-0.00037427145,15.3,-1.0,0.5000267,0.7285012,0.7285006,0.72884613,0.72808844
57.1,4.895704,0.09736508,-2.5539231,0.005285586,0.008054425,-0.00764679,0.00557062,-0.0023662804,-0.31191063,0.0007243366548403497,0.0007153706773351468,0.00015638853630686232,-0.0011192757,0.12966767,0.0003285315,15.3,-1.0,0.5000267,0.7678956,0.7100867,0.76816696,0.7099109
57.2,4.898763,0.09783484,-2.5555384,-0.012278587,0.007643738,-0.029633218,-0.43497244,-0.00083684444,-0.13523082,0.0007094097611631078,0.049228619017425236,0.00020674584094580964,-0.0007838196,0.61058486,-0.00016673368,15.3,-1.0,0.5000267,0.7247314,0.7366125,0.7255013,0.73610556
57.300000000000004,4.8963704,0.098614395,-2.559519,-0.08950463,0.0076840585,-0.032102853,-0.96997815,-0.0011354958,0.057552937,0.0007377103005117519,0.10141832481832773,0.0002609156800852018,0.00023198547,0.4120603,0.00026854075,15.3,-1.0,0.5000267,0.7191773,0.73466617,0.71912736,0.73511475
57.400000000000006,4.8837733,0.099898785,-2.562678,-0.19859259,0.008204269,-0.02328381,-1.223463,-0.006139833,0.10518543,0.0007998964026869692,0.12813939421092468,0.0003241746025674693,0.00021453673,0.15748882,-0.0005844913,15.3,-1.0,0.5000267,0.7209264,0.7323077,0.7210247,0.73244375
57.5,4.858264,0.101679385,-2.564587,-0.32214764,0.008718466,-0.012603536,-1.2887957,-0.004505273,0.104023136,0.0007848548087497904,0.1337566775889395,0.0005351375393657998,-3.228106e-05,-0.014190573,8.566748e-05,15.3,-1.0,0.5000267,0.7251665,0.729922,0.7250006,0.7304059
57.6,4.8153014,0.103651546,-2.565999,-0.45574856,0.00919078,-0.0033702226,-1.2181967,-0.0021854676,0.072645016,0.0007666974175149974,0.12666141726673177,0.000976687279729314,0.0003887474,-0.10893591,-0.00013720032,15.3,-1.0,0.5000267,0.7278026,0.7289849,0.72779554,0.73011225
57.7,4.756698,0.10598575,-2.566483,-0.5791181,0.009777176,0.0023382101,-1.0647128,-0.0044089397,0.032128297,0.000715704178154228,0.11322297040079088,0.0014414844113316244,0.00014738881,-0.15189886,-0.00085052627,15.3,-1.0,0.5000267,0.73009515,0.7275257,0.73031867,0.72913754
57.800000000000004,4.6905036,0.10855598,-2.5661054,-0.678512,0.010185881,0.005003566,-0.91064894,-0.0049194684,0.0043818722,0.0006542074888200955,0.09747188696481653,0.0019320331275679836,0.00037443457,-0.162231,-0.0012730383,15.3,-1.0,0.5000267,0.730619,0.7269594,0.7312514,0.7290657
57.900000000000006,4.607848,0.11197205,-2.5646245,-0.7697075,0.0111958925,0.0065395595,-0.7387655,0.002378152,0.0006561167,0.0005819801363940325,0.08182949165252185,0.0021532979999162585,-0.00031303533,-0.15371425,-0.003904004,15.3,-1.0,0.5000267,0.73128164,0.72640216,0.73195046,0.72861797
58.0,4.524069,0.115540974,-2.5629535,-0.8382803,0.0122944545,0.006559122,-0.5931223,-0.0030011495,-0.002354849,0.0004525106679436287,0.06753528650136471,0.002170101963075914,-0.0016282115,-0.13657418,-0.003952851,15.3,-1.0,0.5000267,0.7312528,0.72619295,0.7318613,0.72825545
58.1,4.4274473,0.12039132,-2.561811,-0.89733195,0.014064584,0.0062260577,-0.45823234,-0.011981334,-0.0035255214,0.0002827330623630548,0.05515707719362963,0.0018755787101235313,-0.0030201348,-0.114692055,-0.0043159714,15.3,-1.0,0.5000267,0.7312138,0.72629595,0.73177314,0.7275839
58.2,4.334209,0.12527579,-2.5608196,-0.9396346,0.01618103,0.0054909904,-0.3590352,-0.0023966087,-0.0032577661,1.5282697057129577e-05,0.04489136306082311,0.0013863420304289175,-0.0034997072,-0.09325412,-0.005463828,15.3,-1.0,0.5000267,0.7315015,0.72613317,0.73070323,0.72756684
58.300000000000004,4.2301903,0.13074818,-2.5598588,-0.97431666,0.017801594,0.004998466,-0.2632751,-0.012837218,-0.010402407,-0.0003788103591282222,0.036582236059540064,0.0008337368788424295,-0.005210257,-0.074375965,-0.0058468464,15.3,-1.0,0.5000267,0.7313976,0.7266731,0.73071295,0.726654
58.400000000000006,4.132651,0.13624923,-2.5585551,-0.9980183,0.019308753,0.0047544534,-0.1988559,-0.014045364,-0.0091074025,-0.000764707454367392,0.03006166453856869,0.00025858000533590626,-0.0041529746,-0.05827712,-0.004790926,15.3,-1.0,0.5000267,0.7320265,0.7265189,0.7304655,0.72620195
58.5,4.0341854,0.14221127,-2.5565517,-1.0154575,0.020407619,0.0045178775,-0.15121181,-0.02015701,-0.0014812684,-0.001130843641285006,0.02506336377996539,-0.00023712316387210645,-0.0035296988,-0.042842533,-0.0034740414,15.3,-1.0,0.5000267,0.73191357,0.7268461,0.7296212,0.72671306
58.6,3.9272468,0.14935954,-2.5541677,-1.028726,0.021672493,0.0042406283,-0.10691871,-0.02359682,-0.0055050473,-0.0014522836774833604,0.02131636445608328,-0.0007531746245052904,-0.0043372107,-0.03199125,-0.0021077574,15.3,-1.0,0.5000267,0.73188585,0.7271171,0.72969747,0.7262714
58.7,3.8207502,0.15658146,-2.5516088,-1.0373719,0.022740236,0.004075775,-0.08430737,-0.027418267,-0.008803326,-0.0017791929681171162,0.018533792881333222,-0.001158727347748621,-0.0037441493,-0.022849103,-0.0011251839,15.3,-1.0,0.5000267,0.7321492,0.72705764,0.7294676,0.7263096
58.800000000000004,3.7225163,0.1634684,-2.5490901,-1.0424079,0.023548493,0.0042437143,-0.06108639,-0.028978722,-0.0065043564,-0.0020809170174481808,0.0165952412977183,-0.0014585006604846676,-0.004261961,-0.014995866,-0.00037281588,15.3,-1.0,0.5000267,0.7317832,0.7276922,0.72957397,0.726364
58.900000000000006,3.6155882,0.1710586,-2.5463593,-1.0464342,0.024277467,0.004396853,-0.035630208,-0.031581488,-0.00676047,-0.0023630904811266936,0.015258077643757363,-0.0016310117452890303,-0.0038413561,-0.009964634,0.0023453054,15.3,-1.0,0.5000267,0.7318573,0.7276244,0.72937334,0.7269448
59.0,3.5172968,0.17768599,-2.544453,-1.0485808,0.024391575,0.003996856,-0.03537097,-0.03392655,-0.018206423,-0.0026004526340376085,0.014292301003092384,-0.0016751742765254317,-0.0034063144,-0.0072096917,0.003334203,15.3,-1.0,0.5000267,0.73160607,0.7275656,0.72980607,0.7266197
59.1,3.4113424,0.18429655,-2.543017,-1.0499153,0.023967851,0.00346544,-0.024894105,-0.03734892,-0.0013317912,-0.002801658561640555,0.013584099650879044,-0.001513687028922342,-0.0029720215,-0.005594482,0.004104345,15.3,-1.0,0.5000267,0.7315601,0.72688437,0.72999567,0.7266881
59.2,3.3138788,0.18985261,-2.5416653,-1.050018,0.02303434,0.0030912901,-0.014294123,-0.029693004,-0.010899267,-0.0029170429916310545,0.013105003752723905,-0.0012566746064817688,-0.0027291747,-0.004116285,0.003608439,15.3,-1.0,0.5000267,0.73118544,0.7267889,0.73054826,0.7264056
59.300000000000004,3.2085176,0.1950597,-2.5403464,-1.0498396,0.021232478,0.0026828195,-0.018235946,-0.03746731,-0.0111311665,-0.0029042683488743402,0.012804202343591281,-0.0009157638104225017,-0.0005626438,-0.0017721326,0.003671732,15.3,-1.0,0.5000267,0.7309355,0.72652215,0.7301671,0.7270495
59.400000000000006,3.1110907,0.19893734,-2.5393107,-1.0495836,0.019144205,0.0025007287,-0.020708956,-0.029397648,0.0018221325,-0.0028087720676578873,0.012645224833184341,-0.00047112647792210157,0.0011373791,-0.00015105528,0.003745181,15.3,-1.0,0.5000267,0.7306394,0.72619504,0.73015475,0.727553
59.5,3.0138278,0.20218782,-2.5385697,-1.048918,0.017012525,0.0021338733,-0.014072185,-0.034658622,0.003820285,-0.002607337667453461,0.0124926692068602,-6.395973595369763e-05,0.0018906706,-0.0010761309,0.0033654142,15.3,-1.0,0.5000267,0.7305392,0.7257929,0.7305756,0.7273324
59.6,2.9091597,0.20451234,-2.5385485,-1.0472263,0.014248481,0.0015534579,-0.018414764,-0.03080576,0.0003916211,-0.0023500048511277977,0.012390876470318718,0.0003199225237005501,0.0039270255,-0.0003588517,0.002807736,15.3,-1.0,0.5000267,0.73049945,0.72528,0.730329,0.727565
59.7,2.8050265,0.20571876,-2.538844,-1.0451725,0.011109755,0.0008898019,-0.013512398,-0.026909333,-0.0045811753,-0.0020119193707549467,0.01243190934240011,0.0006447805432220001,0.0039371606,0.0021424433,0.0014219454,15.3,-1.0,0.5000267,0.72971994,0.72558135,0.7303082,0.72745645
59.800000000000004,2.7087364,0.20643035,-2.5389402,-1.0436983,0.008480228,0.00064172386,-0.012465836,-0.025046496,0.0032740643,-0.0016221043901413444,0.012554251882166054,0.000839358229866749,0.0060808803,0.0027948515,0.00091110397,15.3,-1.0,0.5000267,0.7301343,0.7250882,0.72958946,0.7279099
59.900000000000006,2.6047237,0.20730704,-2.5390115,-1.042129,0.006594951,0.0007203772,-0.017886788,-0.018245226,0.00018253921,-0.0011936067494792157,0.012670715615350525,0.0009484484922711053,0.004723892,0.0017552035,-0.0007211219,15.3,-1.0,0.5000267,0.7302851,0.7251064,0.7299096,0.72758955
60.0,2.5089972,0.20805664,-2.5389237,-1.0407444,0.005388356,0.0007950405,-0.01853245,-0.010423375,0.0023609025,-0.0008390202939154651,0.012788031758803069,0.0009663728519819466,0.0026054643,0.001370922,-0.0016922231,15.3,-1.0,0.5000267,0.7301814,0.7254415,0.7303112,0.7270643
60.1,2.4050517,0.20855653,-2.538324,-1.0395918,0.0042548017,0.0008349362,-0.02432441,-0.011451627,-0.0053411345,-0.0005832029080741622,0.012882948520238954,0.0008930867621884561,0.0024609321,0.0009338297,-0.0025597168,15.3,-1.0,0.5000267,0.73057675,0.725407,0.7300973,0.7270516
60.2,2.308485,0.20875387,-2.5378942,-1.0390893,0.003476352,0.00093713927,-0.024623655,-0.008939119,0.004476867,-0.0003952550100915157,0.012987367643169484,0.0007895805858104895,0.001932559,0.000862897,-0.0013309063,15.3,-1.0,0.5000267,0.7306923,0.7255793,0.7299641,0.7270197
60.300000000000004,2.2028785,0.20879534,-2.5369263,-1.0392503,0.002615947,0.0015051917,-0.018377787,-0.001911007,0.0033918766,-0.00026795449961200323,0.013011820655870922,0.0006402027853569148,0.0018665865,0.0006452914,-0.003275494,15.3,-1.0,0.5000267,0.7307249,0.7261413,0.7297448,0.7273011
60.400000000000006,2.1050274,0.20884354,-2.5359178,-1.039461,0.0017338481,0.0015810251,-0.020109087,-0.007003501,-0.0013518146,-0.00016056009937428562,0.012903151707998963,0.00046427020876338177,0.0012929536,-0.00056998135,-0.0024018856,15.3,-1.0,0.5000267,0.73090434,0.72637534,0.7297401,0.7271455
60.5,2.006839,0.20901108,-2.5347717,-1.0397503,0.0012096086,0.0015309468,-0.017445337,-0.0026647977,-0.006822403,-2.6670336642477112e-05,0.012745946187243427,0.00030821049795096427,0.0020280106,-0.0014250268,-0.00254515,15.3,-1.0,0.5000267,0.73132676,0.7261259,0.72949183,0.72724175
60.6,1.9000838,0.20903285,-2.5335643,-1.040221,0.0004172717,0.0012874071,-0.009509323,-0.0009970663,-0.0016749835,8.184686112404424e-05,0.012586261847482422,0.0001816465061217169,0.0015916143,-0.00083325175,-0.0017559262,15.3,-1.0,0.5000267,0.73096406,0.7264379,0.7294051,0.7271684
60.7,1.7934668,0.2091135,-2.533205,-1.0403687,-3.8193743e-05,0.00088272826,-0.015787467,-0.0027239593,-0.0014728865,0.00018506734869102754,0.01236424611193467,9.611792038332969e-05,0.0013859678,-0.0011159242,-0.0011668262,15.3,-1.0,0.5000267,0.73096883,0.72626877,0.7292171,0.72712547
60.800000000000004,1.6950434,0.20914452,-2.5331705,-1.0403969,-0.00028054818,0.00062220515,-0.011877396,-0.002654069,4.144385e-05,0.00026794330759674276,0.012178609541599118,5.333592213200596e-05,0.00020978204,-0.00075148145,-0.0008011102,15.3,-1.0,0.5000267,0.7305667,0.72645944,0.72954524,0.7267151
60.900000000000006,1.5881848,0.20906179,-2.533232,-1.0402669,-0.0008279724,0.000801457,-0.0043625804,-0.0027649594,0.0075930725,0.00032278476607376503,0.012012207515070554,3.383356320972575e-05,-0.00024083036,-0.0010494153,-0.0010793649,15.3,-1.0,0.5000267,0.73058766,0.7264922,0.7297929,0.7265915
61.0,1.4899517,0.20869707,-2.5327027,-1.0397757,-0.0012514256,0.00071129063,-0.0033907525,-0.002664371,-0.0081588505,0.00039958707171066705,0.011848028146609011,2.3938433226046668e-05,0.0015376786,-0.0008859584,-0.0007264073,15.3,-1.0,0.5000267,0.7310189,0.72603226,0.7295083,0.7269175
61.1,1.3842688,0.20851581,-2.5318847,-1.0386175,-0.001410669,0.0008002347,-0.0077096913,0.008351674,0.00072270626,0.0004883868844603031,0.011741562907555143,6.579074580877008e-05,0.0007751002,-0.00079645717,-0.00033915121,15.3,-1.0,0.5000267,0.7310347,0.7259169,0.7300215,0.7266369
61.2,1.2870427,0.20871015,-2.531326,-1.037464,-0.0010970222,0.0008989975,-0.0026422166,0.0032973224,0.0047264616,0.0005301678615955133,0.011716973655147237,0.00011666249278724103,0.0006729617,0.00057963136,-0.00055120105,15.3,-1.0,0.5000267,0.7309573,0.72602147,0.7296108,0.7272104
61.300000000000004,1.1815702,0.2091674,-2.5309443,-1.0364032,-0.00084174593,0.00082048256,0.0004681933,-0.0014473941,0.0057341526,0.0005537564357396834,0.011760581430336895,0.00015960127015232715,0.0012438009,0.00020202826,0.00011274268,15.3,-1.0,0.5000267,0.7313279,0.72561157,0.7296191,0.7271318
61.400000000000006,1.0836892,0.20958297,-2.5307217,-1.036117,-0.00072133966,0.0006544846,-0.008267463,0.0006221863,-0.0003231689,0.000498910804973481,0.011812728556046393,0.00021445728582430697,-0.0006333373,0.0011446128,-0.00085086713,15.3,-1.0,0.5000267,0.73056006,0.72622156,0.72973084,0.72707987
61.5,0.98509777,0.20974177,-2.5305705,-1.0366229,-0.0008105273,0.0006812083,-0.008172238,0.0068457504,-0.004966743,0.0004592248139371879,0.011788775182987358,0.0002418970237464595,-0.00015121207,-0.0012572976,-0.00029437323,15.3,-1.0,0.5000267,0.73087734,0.72584134,0.7299375,0.7269936
61.6,0.87801147,0.20966817,-2.5296652,-1.0369319,-0.0010206087,0.00076980743,-0.0012704767,0.0029487705,0.0040484588,0.0004279725224300727,0.011656259516915362,0.00022489679487181706,0.00017338099,-0.0017761536,-0.00049421354,15.3,-1.0,0.5000267,0.7309011,0.7259338,0.7297573,0.72720206
61.7,0.7707389,0.20960912,-2.5287025,-1.0373073,-0.0014449026,0.0008659078,-0.0066783535,-0.0007098443,-0.00640843,0.0004606543641310373,0.01149247383408445,0.0002006734707409221,0.00087927666,-0.0012686166,-0.00028897802,15.3,-1.0,0.5000267,0.73082465,0.7261345,0.72967595,0.72735065
61.800000000000004,0.6714786,0.20963481,-2.5285096,-1.0377973,-0.0018411946,0.00077219604,0.00035698756,-0.000114316885,-0.0080405725,0.0005130712578922567,0.011313606224548006,0.00021143439941609258,0.001273993,-0.0023770751,-0.00045767703,15.3,-1.0,0.5000267,0.73093665,0.7258949,0.7298948,0.7271597
61.900000000000006,0.5635736,0.20942917,-2.528901,-1.0383718,-0.002054122,0.0005752622,0.0051561906,0.002071988,-0.0002812594,0.000575431101969814,0.011105742540057759,0.00021469050071785286,0.00043946697,-0.002375926,-0.0018954461,15.3,-1.0,0.5000267,0.7306857,0.7260747,0.7299669,0.72695637
62.0,0.4634616,0.2084934,-2.529616,-1.0390141,-0.003026328,0.0004988448,0.008045022,0.0104170265,-0.0025550833,0.0006367086936508395,0.01087262809247979,0.00018837800324139018,0.00083957985,-0.0027057647,-0.0002689777,15.3,-1.0,0.5000267,0.7305698,0.72617894,0.73002374,0.7268454
62.1,0.35448784,0.20695417,-2.5308359,-1.0398164,-0.004365583,-0.00544293,0.001569755,0.0011992776,-0.2619135,0.0007255560820879844,0.009589445275923652,8.854028446522232e-05,0.0023012874,-0.074371085,-0.0005240211,15.3,-1.0,0.5000267,0.7095806,0.7671277,0.7082185,0.7682654
62.2,0.25403738,0.20544168,-2.5346355,-1.0251844,-0.0051775794,-0.02702153,0.39889297,0.003313236,-0.12984498,0.000881901246484752,-0.035171277522486034,-4.858402188212648e-05,0.0006199729,-0.6106941,0.00012481611,15.3,-1.0,0.5000267,0.7372681,0.7240956,0.7366876,0.7240247
62.300000000000004,0.15010951,0.20379262,-2.5406244,-0.95160484,-0.0058733122,-0.03032353,0.9567449,0.0062331297,0.05135871,0.0010628125730586984,-0.08904745386929062,-0.00019276521779227837,0.0020655585,-0.4375354,-0.0005923514,15.3,-1.0,0.5000267,0.7380776,0.71600693,0.7366069,0.7165447
62.400000000000006,0.06430839,0.20302713,-2.5458527,-0.8439278,-0.0057893274,-0.021937251,1.2292256,0.008763036,0.122604415,0.0011970679173983392,-0.11788372421343972,-0.0002997034495562049,0.00080086046,-0.1761013,-0.00040889622,15.3,-1.0,0.5000267,0.73474145,0.7185916,0.7339827,0.71850014
62.5,-0.008277644,0.20295304,-2.5495296,-0.7196115,-0.0050808173,-0.011184527,1.2957017,0.009756813,0.11749798,0.0012496766351594991,-0.12487488824542572,-0.0005819283809848053,-0.00011939971,0.0041784644,0.00033310376,15.3,-1.0,0.5000267,0.7328326,0.72266203,0.73140574,0.72318673
62.6,-0.07033423,0.20329373,-2.5516798,-0.58294386,-0.004254394,-0.0021707849,1.232052,0.015580054,0.075425014,0.0011959198696177614,-0.11846237372739755,-0.001224028359532727,-0.0013036974,0.10576732,0.00087416737,15.3,-1.0,0.5000267,0.7321881,0.7257899,0.73084474,0.72555494
62.7,-0.116306245,0.20326029,-2.5528316,-0.45626032,-0.004132689,0.0036964174,1.0901146,0.002505888,0.038365364,0.0010503590907399432,-0.10517335863626295,-0.0018502892714532058,-0.0006740071,0.1531435,0.0018070533,15.3,-1.0,0.5000267,0.73140454,0.7284548,0.72956496,0.7278964
62.800000000000004,-0.14714026,0.20283201,-2.5528653,-0.3540314,-0.004613871,0.0064734067,0.9246759,0.006745975,0.018570105,0.0009290879603330645,-0.08923902037676218,-0.002276760665979703,-0.00066698075,0.16498949,0.002648213,15.3,-1.0,0.5000267,0.73112637,0.72978526,0.72944486,0.7283673
62.900000000000006,-0.1706767,0.20185919,-2.5519657,-0.2611224,-0.005682984,0.007551762,0.7531939,0.009497427,0.0010351649,0.0009072779151953873,-0.07331837452810792,-0.0024463080712260536,0.0010581771,0.15577018,0.003940477,15.3,-1.0,0.5000267,0.73076874,0.7302688,0.72875285,0.7291435
63.0,-0.1855877,0.200598,-2.5508983,-0.19162697,-0.0065774946,0.0072058532,0.6118164,0.005103118,-0.00989437,0.0009876860505872314,-0.0587647366528742,-0.0023639231469443148,0.0018697699,0.1383641,0.0052146153,15.3,-1.0,0.5000267,0.7300815,0.73023814,0.7283539,0.7294323
63.1,-0.19639865,0.19812554,-2.5492935,-0.13203204,-0.0083409855,0.006678768,0.47697625,0.009578638,-0.017579643,0.0011235518927779412,-0.046269107980089985,-0.002464021916669279,0.0023654993,0.115937196,0.0053761303,15.3,-1.0,0.5000267,0.72964054,0.7301205,0.72853833,0.72921807
63.2,-0.2024684,0.19510394,-2.5477061,-0.088883504,-0.01033018,0.0063331816,0.36231148,0.0033070412,-0.00873953,0.0013440076010766118,-0.03593720579358433,-0.0028398311767309985,0.002704798,0.0935317,0.006289197,15.3,-1.0,0.5000267,0.7293726,0.73017585,0.72883576,0.72870046
63.300000000000004,-0.20650338,0.19103466,-2.5463865,-0.053592425,-0.0126237795,0.005341236,0.282892,0.01729078,-0.00839075,0.0016839412571537794,-0.027619974194408033,-0.0033823816441213503,0.004509643,0.07482197,0.006209224,15.3,-1.0,0.5000267,0.7293476,0.73004663,0.7278664,0.7288947
63.400000000000006,-0.20853208,0.18633686,-2.5455914,-0.02947372,-0.015230087,0.004417225,0.20783745,0.014168247,-0.014322809,0.0020965718907402535,-0.021076010510502268,-0.003972595898928594,0.005305295,0.05639247,0.008263654,15.3,-1.0,0.5000267,0.72974837,0.7294587,0.72795695,0.72804767
63.5,-0.20908833,0.18110958,-2.5447996,-0.011077411,-0.01743792,0.003934808,0.16642097,0.021940805,-0.0143013885,0.002571536732244973,-0.016100948342864452,-0.004422772449259602,0.007242923,0.043559667,0.008601206,15.3,-1.0,0.5000267,0.7298619,0.72942704,0.7270558,0.7284821
63.6,-0.20886026,0.17505625,-2.5434134,0.0035970625,-0.019117981,0.003918359,0.12608343,0.025434481,-0.003446359,0.0030445772387283393,-0.012321439924801201,-0.0046163095001550015,0.005530704,0.033072274,0.009578687,15.3,-1.0,0.5000267,0.72966206,0.7297503,0.72742295,0.728184
63.7,-0.20834437,0.169003,-2.5419776,0.013526091,-0.020048881,0.003628536,0.08747842,0.032908782,-0.008074566,0.00345915039782798,-0.009461894761122623,-0.004474015574275482,0.004775394,0.025202576,0.011381037,15.3,-1.0,0.5000267,0.7295064,0.72953534,0.72731596,0.7285643
63.800000000000004,-0.20808741,0.16411066,-2.54079,0.019567145,-0.020212403,0.0033069116,0.0664666,0.03196351,-0.005342997,0.003806094085675523,-0.007390797494374689,-0.003981739417181531,0.0042747227,0.016871445,0.01189241,15.3,-1.0,0.5000267,0.7294481,0.7289648,0.7277323,0.7285577
63.900000000000006,-0.20852353,0.15964852,-2.539736,0.023266101,-0.018864995,0.0028464915,0.050181877,0.03658418,-0.004133675,0.004014529605804858,-0.0059262689067878325,-0.0031640121743605923,0.0024283007,0.011562923,0.011605455,15.3,-1.0,0.5000267,0.72883296,0.7284837,0.72797483,0.7290669
64.0,-0.20951273,0.15580805,-2.539254,0.024761973,-0.017450426,0.002518189,0.039339833,0.028466415,0.0068633812,0.004019342022398271,-0.004970093850829308,-0.002203134232708889,-0.00026001493,0.0063135037,0.012984622,15.3,-1.0,0.5000267,0.72807354,0.72807294,0.728796,0.7291486
64.10000000000001,-0.21101442,0.15193991,-2.5382276,0.025414072,-0.015926933,0.0024252618,0.032464236,0.03926843,-0.0010081566,0.003926399759771388,-0.004403454187126342,-0.0013187541253824632,-0.0011842595,0.003666987,0.01074777,15.3,-1.0,0.5000267,0.7276513,0.7278239,0.7292623,0.7293698
64.2,-0.21310726,0.14861795,-2.5366263,0.025129743,-0.014641962,0.0023884543,0.03315108,0.028748749,-0.00525685,0.0037710333829065377,-0.004141369512438154,-0.0005451447297157996,-0.0015698104,0.00018037019,0.008980441,15.3,-1.0,0.5000267,0.7276564,0.72737175,0.7298163,0.72938514
64.3,-0.21581662,0.14581947,-2.534901,0.024433233,-0.013263417,0.0021159372,0.030690653,0.03094967,-0.0069579105,0.0036080606020764735,-0.004004733115305175,6.917252308359363e-05,-0.0014734382,-6.140872e-05,0.006669781,15.3,-1.0,0.5000267,0.72725546,0.7274686,0.7296402,0.72967154
64.4,-0.21975566,0.14356047,-2.5332384,0.022924138,-0.011130037,0.0019145833,0.027973711,0.024223587,-0.011068768,0.0034587267860064588,-0.00399076004669615,0.0005403341998268457,-0.0020052781,-0.0010779974,0.004438217,15.3,-1.0,0.5000267,0.727285,0.7274207,0.7295649,0.72965
64.5,-0.22430651,0.14227796,-2.5319707,0.021490414,-0.009181197,0.002035627,0.03712313,0.029254403,-0.0013494863,0.003218677872838238,-0.004090679728062819,0.0009088399163753101,-0.0019175644,-0.0039279233,0.0019354591,15.3,-1.0,0.5000267,0.72805285,0.7268647,0.72970945,0.7295492
64.60000000000001,-0.229785,0.14137581,-2.530887,0.019890185,-0.006876715,0.0016396453,0.035306256,0.023586918,-0.004933681,0.0029590144629170994,-0.004266913157523774,0.0011047791313751265,-0.0032880937,-0.003770876,0.0010554378,15.3,-1.0,0.5000267,0.7275843,0.7274497,0.7295057,0.72928363
64.7,-0.2354735,0.14045061,-2.530761,0.018375006,-0.005212839,0.0012856667,0.037386004,0.022223283,0.00068917865,0.002651523967721041,-0.004455771634793711,0.001127696034434602,-0.003913537,-0.0028108256,-0.00070801924,15.3,-1.0,0.5000267,0.72722167,0.7280434,0.72932553,0.72893286
64.8,-0.24013862,0.13919765,-2.5313988,0.01746538,-0.0046201646,0.0006328664,0.034204982,0.009663722,-0.004815403,0.0023524184244435005,-0.004662596894716334,0.0009748032480817365,-0.0022344529,-0.001470134,-0.0016559719,15.3,-1.0,0.5000267,0.7272771,0.72809,0.72866577,0.72874385
64.9,-0.24418151,0.13751161,-2.5317802,0.017597126,-0.004625483,0.00054556713,0.040884353,0.012051165,0.0020735895,0.0021751018563116744,-0.004818739301828546,0.0007085827432734649,0.0001322707,-0.0008640967,-0.001615215,15.3,-1.0,0.5000267,0.7280408,0.7277864,0.72811073,0.7287882
65.0,-0.24704479,0.13551292,-2.5325313,0.018397717,-0.004962125,0.00039493875,0.036853895,0.01815441,0.0073043625,0.002134239478936081,-0.004846589891653615,0.0003310164969557879,0.0009083042,-0.001309965,-0.0023797587,15.3,-1.0,0.5000267,0.7286316,0.7276944,0.72839624,0.7278294
65.10000000000001,-0.24917975,0.1330785,-2.533392,0.01980453,-0.005687899,0.00037473108,0.03529331,0.005048721,0.0044172625,0.0021530076057182986,-0.00477252952728169,-3.30530291046363e-05,0.00049231795,0.00068630156,-0.0020593444,15.3,-1.0,0.5000267,0.7282292,0.72850317,0.7282069,0.7276145
65.2,-0.25111452,0.13121036,-2.534196,0.020574175,-0.005950127,0.00053323474,0.035981636,0.0141051905,0.012365169,0.002269222126978757,-0.004538133442945501,-0.0003274909558177714,0.0030941463,0.0016351326,-0.0019245893,15.3,-1.0,0.5000267,0.729081,0.7279977,0.72760797,0.72807384
65.3,-0.2533476,0.1299705,-2.535023,0.020668684,-0.005686087,0.00063671183,0.026389716,0.023152769,0.003931112,0.0023731733639084872,-0.0042972807103556585,-0.0005174175578252061,0.0006581648,0.0014894415,-0.0015688543,15.3,-1.0,0.5000267,0.72847754,0.72884446,0.72792196,0.72767746
65.4,-0.25616655,0.12946202,-2.5361335,0.020453895,-0.004846306,0.00030930567,0.035811525,0.017470647,0.006213318,0.002419589153505319,-0.004154479531256125,-0.0005820566318695149,8.141304e-05,-5.7388846e-05,-0.00052111223,15.3,-1.0,0.5000267,0.72857815,0.7284717,0.7277198,0.72779036
65.5,-0.25901562,0.12971792,-2.5370638,0.019781552,-0.0036342703,0.00018279748,0.019189391,0.016700102,-0.00050524244,0.0023692629980849402,-0.004058685833560863,-0.0005360105179543662,-0.0017943613,-0.00028409014,0.0012502659,15.3,-1.0,0.5000267,0.72818077,0.72859454,0.7279487,0.72770315
65.60000000000001,-0.26195166,0.13087891,-2.5378344,0.018886425,-0.0020423597,0.0004952787,0.021424089,0.008273522,0.0040582377,0.002244018807344854,-0.0040348656643819725,-0.0004770916116073861,-0.0021611084,-0.0009983424,0.0010997683,15.3,-1.0,0.5000267,0.72841775,0.7284713,0.7281365,0.7277934
65.7,-0.2647537,0.13305032,-2.5385423,0.01839652,-2.3905224e-05,0.00052242476,0.028507687,0.008956511,-0.0025620682,0.002050106826101705,-0.004095389678565413,-0.00033748552751450885,-0.0020416314,-0.0021137411,0.001265305,15.3,-1.0,0.5000267,0.7286237,0.7280169,0.72829634,0.72797996
65.8,-0.26715022,0.13604955,-2.5396357,0.018182712,0.0021965893,0.00072600204,0.037454072,0.005225178,0.00666175,0.0017797780157092107,-0.004146105458150482,-0.00017459471495609314,-0.0039028672,-0.0013604625,0.00084806024,15.3,-1.0,0.5000267,0.72817206,0.72830784,0.7285596,0.7281122
65.9,-0.26907757,0.14010312,-2.5412977,0.018443538,0.0045002727,0.0007296396,0.025024544,0.008688332,0.002063345,0.0014673140726445193,-0.004154868803539603,-7.308698942748838e-05,-0.0035304388,0.00018891289,0.00036302986,15.3,-1.0,0.5000267,0.7282726,0.72819334,0.7282744,0.72846717
66.0,-0.26973617,0.14479688,-2.542729,0.019678378,0.0069748545,0.0006787447,0.0215015,-0.005929017,-0.0024833714,0.0010788975872875852,-0.0041458281546093555,-7.70909860508057e-06,-0.0059669735,0.00064320274,0.0016650488,15.3,-1.0,0.5000267,0.72801787,0.7284005,0.7285962,0.7281593
66.10000000000001,-0.2697209,0.15116498,-2.5445757,0.021201154,0.010040541,0.00014682846,0.02614101,-0.007555079,0.0023562459,0.0006695570627005235,-0.003951376898797315,3.488857897007604e-05,-0.0058166925,0.0024566737,0.0011806171,15.3,-1.0,0.5000267,0.72799253,0.7281172,0.72826827,0.72821796
66.2,-0.2691493,0.15725712,-2.5466123,0.022814468,0.012485147,0.00011075148,0.020725558,-0.0068239504,0.007733702,0.00020559894689370454,-0.00367954575956526,5.797202093319381e-05,-0.006861424,0.0029495724,0.00024962358,15.3,-1.0,0.5000267,0.7277151,0.72830075,0.7284937,0.72801805
66.3,-0.26857868,0.16393109,-2.548366,0.023761109,0.0149168,0.00024422718,0.01950878,-0.01210647,0.009990762,-0.000260587286358917,-0.0033599188226518853,1.4445166033888344e-06,-0.006060773,0.0023232794,7.709846e-05,15.3,-1.0,0.5000267,0.72803944,0.728223,0.7285162,0.7279177
66.4,-0.26847938,0.17122053,-2.5501966,0.023836056,0.01696121,0.0001216564,0.012839188,-0.018689847,0.004853587,-0.0007391567594391115,-0.003044142650831212,-4.649830153582992e-05,-0.0059144255,0.0025406703,1.4158691e-05,15.3,-1.0,0.5000267,0.72795206,0.72827095,0.728083,0.72825754
66.5,-0.268841,0.17754216,-2.551492,0.02343872,0.017784743,0.00010633777,0.0160549,-0.026136674,0.011471099,-0.0011764969137949672,-0.0028443001072840693,-6.680496355261452e-05,-0.0046430957,0.0011640897,0.0011001956,15.3,-1.0,0.5000267,0.7278877,0.7282967,0.72814125,0.7282234
66.60000000000001,-0.26941878,0.18358867,-2.552291,0.022968588,0.017688502,0.0005152055,0.009057113,-0.019326914,-0.0038156284,-0.0014920824159697095,-0.0027567257375402674,-9.357868174519006e-05,-0.0024363236,-0.000688826,0.0004996938,15.3,-1.0,0.5000267,0.72856534,0.7279594,0.7285235,0.728011
66.7,-0.26927012,0.18827146,-2.5529358,0.022947762,0.016062353,0.00074728247,0.016994622,-0.024443502,0.0018258578,-0.0016676815128151144,-0.002742565750957184,-0.00012107967258165255,-0.00074617297,-9.664907e-05,0.00053523056,15.3,-1.0,0.5000267,0.72822994,0.7285215,0.7284527,0.72813547
66.8,-0.26851845,0.19147095,-2.5533185,0.023172492,0.013818919,0.0007790799,0.01102953,-0.03475344,0.00030966473,-0.001628536313740946,-0.0027033600594401964,-0.00012036383679081038,0.0010486984,-0.00038454353,-1.4503716e-05,15.3,-1.0,0.5000267,0.7282989,0.72850287,0.7286844,0.72796285
66.9,-0.26719832,0.19365828,-2.5535727,0.023899784,0.0111244675,0.00079443585,0.015725335,-0.01884608,0.0016973353,-0.0014193856840377164,-0.002607855251850822,-0.0001398326393284742,0.0029725381,0.0006579633,-0.00015580506,15.3,-1.0,0.5000267,0.7284441,0.72846067,0.72837627,0.72820234
67.0,-0.26551807,0.19464558,-2.5533795,0.02472521,0.008422307,0.0009975878,0.017256554,-0.026767338,0.0048819925,-0.0010846600395145482,-0.0024598393337049683,-9.545033537341941e-05,0.003984674,0.0017243131,-5.2426913e-08,15.3,-1.0,0.5000267,0.72824204,0.7286854,0.7284885,0.72838145
67.10000000000001,-0.26317087,0.19549485,-2.5521615,0.025742017,0.006053957,0.0014288713,0.011006193,-0.017500628,-0.0029862856,-0.0006783041954677355,-0.002260145734109891,-6.57626493715616e-05,0.004005973,0.0017504354,0.00090244797,15.3,-1.0,0.5000267,0.7286256,0.72847253,0.7287899,0.72843957
67.2,-0.26086372,0.19645235,-2.5506895,0.026475701,0.0051486962,0.0015602692,0.0043700906,-0.016513575,-0.0109854145,-0.0002750935799882267,-0.002031787559872492,-0.00011728669310547682,0.0030807531,0.0022236605,0.0006890904,15.3,-1.0,0.5000267,0.7286998,0.728673,0.72865313,0.728599
67.3,-0.25862154,0.19699216,-2.5494037,0.027002512,0.0043318816,0.0018389081,0.0071768686,-0.015594744,-0.0022565944,-1.7131716401268484e-05,-0.0017975904058084831,-0.00013731647203622801,0.0015173244,0.002760917,0.0010023989,15.3,-1.0,0.5000267,0.728608,0.7289189,0.7286705,0.72885334
67.4,-0.2563071,0.19715787,-2.5477846,0.026993448,0.0034448488,0.0017637555,-0.0060395454,-0.005083489,-0.0006635673,0.00017137258647009545,-0.0015811283432433328,-0.00018019829265142597,0.002820334,0.0026985486,-4.475355e-06,15.3,-1.0,0.5000267,0.7289378,0.72868544,0.72836757,0.7290778
67.5,-0.25407317,0.19730614,-2.5462341,0.026824433,0.0030224188,0.0017944246,-0.0013433978,-0.004363419,-0.00071944663,0.000310142540582745,-0.001428775259962612,-0.00022787037100441209,0.00039364042,0.0008832797,0.00078114384,15.3,-1.0,0.5000267,0.72876036,0.729018,0.72893006,0.7284942
67.60000000000001,-0.2520193,0.19702546,-2.5438852,0.026078787,0.0023151462,0.0019712052,0.0036191393,-0.0040618456,-0.012181698,0.0003999034529503273,-0.0013167380878124685,-0.00022358273807974516,-5.394209e-05,0.0011703832,0.00053424155,15.3,-1.0,0.5000267,0.72847587,0.7293939,0.7287973,0.72886
67.7,-0.2505881,0.19616032,-2.541472,0.024762418,0.0014134661,0.0018068773,-0.007365721,-0.0044972147,-0.014482996,0.0004866060420046088,-0.0012576320351109025,-0.00018692739885824226,0.0014941918,-0.00017163427,0.0007283582,15.3,-1.0,0.5000267,0.7289509,0.7288491,0.72879833,0.72891897
67.8,-0.24984598,0.19504213,-2.5394368,0.02314593,0.0004978648,0.0016462654,-0.004676163,-0.0070175645,-0.01018634,0.0005925586024254488,-0.0013073165476132167,-0.0001347097082337191,0.001579826,-0.00044800967,0.001166462,15.3,-1.0,0.5000267,0.7287314,0.7289485,0.7285638,0.72912705
67.9,-0.24947338,0.19329755,-2.5377975,0.02101106,-0.00076349353,0.0010879203,-0.003630946,-0.0007997557,-0.004206318,0.0007331326175809182,-0.0014397476772321511,-5.5131049570807174e-05,0.0019378281,-0.0027127038,-0.00027150987,15.3,-1.0,0.5000267,0.72875524,0.7285197,0.7289377,0.72857517
68.0,-0.24928918,0.19141322,-2.5366533,0.019338341,-0.0019070206,0.00063797995,0.0004934818,-0.0015557911,-0.010792165,0.0009175459066101184,-0.0016310546105627773,-1.8964800894486394e-05,0.003185192,-0.00247811,4.9238326e-05,15.3,-1.0,0.5000267,0.72866595,0.72842026,0.7282996,0.7289268
68.10000000000001,-0.24859194,0.18931206,-2.536587,0.018216312,-0.0027794098,0.00035119525,0.0013417766,0.0024835174,-0.0013909301,0.0010933510096808824,-0.0018692277903271928,7.069449957706853e-06,0.001667137,-0.0025819961,0.00059876003,15.3,-1.0,0.5000267,0.7284276,0.7285604,0.7286772,0.72836393
68.2,-0.24721436,0.18753974,-2.5373006,0.018094296,-0.0035229733,-0.0002368052,0.0051404857,0.0040715463,0.003728084,0.001260635687549259,-0.0020537009953253754,6.436624446458556e-05,0.0012570691,-0.0012533214,-8.948913e-05,15.3,-1.0,0.5000267,0.7280915,0.7284212,0.72846085,0.7283353
68.3,-0.24577883,0.18587849,-2.538943,0.01785832,-0.00415211,-0.0009590741,0.0017401353,0.001669336,-0.0020987352,0.0014382446627072653,-0.002128253609024707,8.96425072913069e-05,0.0020100586,-6.962013e-05,0.00011417268,15.3,-1.0,0.5000267,0.7279198,0.7281599,0.7280943,0.72824985
68.4,-0.24377756,0.1844413,-2.5420868,0.01808679,-0.0042439983,-0.0016863648,0.0017666415,0.0031959352,0.0023441387,0.0015946117353647586,-0.0021132671381931833,9.729120032046559e-05,0.0020831067,0.0009627411,0.0004231434,15.3,-1.0,0.5000267,0.72771186,0.7278721,0.72773093,0.7281653
68.5,-0.24123773,0.18340272,-2.545464,0.01890952,-0.0037752448,-0.002050038,0.0013054414,0.009389686,0.014430377,0.001647090989711799,-0.0020679680369121854,0.00011349724733582943,-0.00024556374,0.0016801389,0.00011514949,15.3,-1.0,0.5000267,0.7273658,0.72787756,0.72795945,0.72773594
68.60000000000001,-0.23808138,0.18259287,-2.548924,0.019594194,-0.0030180202,-0.0019161609,0.0050181663,0.010596868,0.01606345,0.0016257852862134952,-0.0019071713618256576,6.406562702560021e-05,-0.0012343553,0.0017727088,-0.00013035281,15.3,-1.0,0.5000267,0.72750926,0.7278707,0.72800046,0.7275891
68.7,-0.2345406,0.18263783,-2.5515265,0.020441206,-0.0015509273,-0.0016989388,0.0018627169,0.0044996655,0.0013750977,0.0015591821783437953,-0.0017366923238532426,3.562587289504752e-06,-0.0018890593,0.0013630963,-0.00015373701,15.3,-1.0,0.5000267,0.727683,0.72787625,0.7279026,0.72774655
68.8,-0.23128785,0.18332492,-2.5534365,0.021169718,-0.00032320805,-0.0014226966,0.0006574396,0.008516126,0.0047413628,0.0014534562887741583,-0.0015305154776048386,-0.00010023944995857212,-0.0016855845,0.0015994854,-0.00028615582,15.3,-1.0,0.5000267,0.72807693,0.7276987,0.7278584,0.72772336
68.9,-0.22819468,0.1842818,-2.5546396,0.021486396,0.0012059836,-0.0008053709,-0.0045557544,0.008886037,0.008416361,0.0012484804281785657,-0.001335427487617185,-0.00016172888487388338,-0.0027532654,0.001572226,-0.00016457768,15.3,-1.0,0.5000267,0.72797006,0.7281013,0.72813404,0.72778213
69.0,-0.22551906,0.18514621,-2.5554047,0.021495964,0.002258555,-0.00040502235,-0.0075495215,0.0013080961,0.008394475,0.001019229412054727,-0.0011516819902667173,-0.00023292626783244847,-0.002442029,0.0009545808,0.00013188961,15.3,-1.0,0.5000267,0.7283453,0.7280561,0.7282214,0.7278359
69.10000000000001,-0.22253604,0.18597278,-2.5559394,0.02153878,0.0030176146,-4.8807633e-05,-0.012831753,-0.0020868713,0.0027869826,0.0008026385053226734,-0.0010404270344926364,-0.0002880316425665177,-0.0017515973,0.00076484605,-0.00039320355,15.3,-1.0,0.5000267,0.72851837,0.7281766,0.728149,0.7280076
69.2,-0.2201159,0.18658671,-2.5559082,0.021014804,0.0031537558,0.0001394231,-0.008072297,0.003874344,-0.0023734753,0.0006059764254007622,-0.0009462773818782191,-0.0003254801867455345,-0.0012577508,0.0017108977,0.00023810906,15.3,-1.0,0.5000267,0.7282216,0.7286956,0.72776484,0.7284111
69.3,-0.21784309,0.18749265,-2.5552795,0.02033392,0.0034090185,0.0006705926,-0.0042808494,-0.004880558,-0.008453614,0.000521579058303253,-0.0008919456475855723,-0.00031237416725103927,-0.00096016855,-0.0010915515,0.00090356707,15.3,-1.0,0.5000267,0.7286263,0.7285195,0.72874343,0.7278607
69.4,-0.21519153,0.18851143,-2.5548851,0.019857528,0.0034166814,0.0007295319,-0.0013805692,-0.0095893815,-0.005422625,0.0004487953054211518,-0.000928748736095652,-0.000267952836681289,-0.0007037155,-0.00015153273,0.0010956906,15.3,-1.0,0.5000267,0.72840476,0.72866213,0.7283158,0.7284846
69.5,-0.21282786,0.18937014,-2.554724,0.019237874,0.0032847223,0.00049346435,-0.011310362,-0.0070366096,-0.0015911645,0.0004264443701784462,-0.0009395560381829697,-0.0002164869518170788,4.6801575e-05,-0.0006328581,0.00027640036,15.3,-1.0,0.5000267,0.7284082,0.7284632,0.7285178,0.7282351
69.60000000000001,-0.21047145,0.18999973,-2.55491,0.018667856,0.002863452,0.0003790415,-0.0057817013,-0.0030831078,0.0013052485,0.0003944731908202041,-0.0009556143496421528,-0.00013253936463986232,-0.00014598845,-0.00088648614,0.0018641233,15.3,-1.0,0.5000267,0.7282948,0.72835726,0.72851664,0.72834545
69.7,-0.2085965,0.19021796,-2.5550983,0.017718606,0.0020532582,6.357202e-05,-0.0052117854,-0.010633354,0.00015785916,0.0004146815464855234,-0.0009721519747996412,-7.911818897314715e-05,0.0003192273,-0.00044084754,0.000939522,15.3,-1.0,0.5000267,0.7281523,0.7283776,0.7284056,0.72824085
69.8,-0.20752269,0.1902677,-2.5547588,0.016397249,0.0014688665,0.00015549667,-0.008917815,-0.0074737743,0.0064326446,0.0005023650004826095,-0.001009378537391241,-3.4905235267354138e-06,0.0015680587,-0.000916477,0.0015358248,15.3,-1.0,0.5000267,0.7282657,0.72820026,0.72830594,0.72845924
69.9,-0.20638494,0.18973008,-2.554581,0.0148591595,0.00025045496,0.0001278692,-0.011983933,0.0044110906,0.00015366821,0.0005832927240886772,-0.0011149016529842337,5.430498919713992e-05,0.0010584539,-0.00078785996,0.0002532464,15.3,-1.0,0.5000267,0.727843,0.72864145,0.72826195,0.7285267
70.0,-0.20472455,0.18905543,-2.554474,0.014404224,-0.00082936,9.780167e-06,-0.006199203,-0.00398037,0.00063376495,0.0007319479906921781,-0.0012761892570002707,0.0001276613667952623,0.0025090848,0.00048143018,0.00052832003,15.3,-1.0,0.5000267,0.7276978,0.72862095,0.7277832,0.72901237
70.10000000000001,-0.20254414,0.18845327,-2.554257,0.014073878,-0.0015562547,0.00014424638,-0.006146026,0.004202078,0.008672475,0.0009183252022608256,-0.0013775845903475743,0.00014233113150106266,0.0027327938,-0.00070494605,-3.263362e-05,15.3,-1.0,0.5000267,0.72837293,0.7280972,0.72819126,0.7285621
70.2,-0.20012634,0.18856359,-2.5544262,0.014150701,-0.001901178,-1.7509843e-05,-0.0021624535,0.004913573,-0.0030333174,0.0010722863239606693,-0.0014139365027501741,0.0001352767960090476,0.001675008,0.0005774064,0.00012495744,15.3,-1.0,0.5000267,0.72817767,0.72826946,0.72816294,0.72848684
70.3,-0.1971796,0.18954818,-2.5549765,0.014650361,-0.0013370296,-0.00023807156,-0.008638157,0.00032025488,-0.0025094484,0.0011856422141410972,-0.0014090207538232005,0.00011473110725752577,0.00044987808,0.00038423628,5.3219585e-05,15.3,-1.0,0.5000267,0.72819287,0.72807294,0.7282226,0.72833526
70.4,-0.19378981,0.19111644,-2.5554528,0.01516716,-0.00036271696,-0.00015274803,-0.00018631952,0.0069575394,-0.0003823079,0.0011894611571048037,-0.0013133581956835281,4.4601248867155394e-05,-0.0008839166,0.0024261756,-3.2093347e-05,15.3,-1.0,0.5000267,0.7278349,0.7286137,0.7278483,0.728616
70.5,-0.19068657,0.19259717,-2.5560496,0.015643744,0.0005772109,-0.00022291395,-0.00883528,0.0068571656,0.009201932,0.0011144676746882552,-0.0012115755632821012,-1.7359428379320495e-05,-0.00090250093,0.0012475398,-0.0008462235,15.3,-1.0,0.5000267,0.7283853,0.7280756,0.72797364,0.7283805
70.60000000000001,-0.1872876,0.19361578,-2.5564654,0.016056333,0.0008483103,3.9855462e-05,-0.008030938,0.0022029616,0.0050072554,0.0009717441643757028,-0.0010622666729815495,-8.669898986926067e-05,-0.0008648224,0.0016183236,-0.0003313962,15.3,-1.0,0.5000267,0.7283135,0.7284426,0.7280517,0.7283115
70.7,-0.18384555,0.19453318,-2.5563228,0.016463967,0.0012543484,0.0005212474,-0.009697939,-0.0042083943,0.007504597,0.0008648274026100296,-0.000954423355318521,-0.00014425440346678303,-0.00059630285,0.0006998993,-0.00084863894,15.3,-1.0,0.5000267,0.72871584,0.72835785,0.72840244,0.72813886
70.8,-0.1808747,0.19564313,-2.556416,0.016431652,0.0016198413,0.00048659684,-0.008214161,0.0013612697,-0.0013536772,0.0007793986939713852,-0.000798645135487199,-0.00014029988152408377,-0.002017534,0.0010117713,0.0008323038,15.3,-1.0,0.5000267,0.7283113,0.7286757,0.7286408,0.7280644
70.9,-0.17784594,0.19662963,-2.5560775,0.016209092,0.0020195146,0.00037395422,-0.011747713,-0.0058494434,-0.0021122394,0.0007181650072344683,-0.000691564942385993,-0.00014653030112353252,-0.0020922704,0.0014216634,0.000550947,15.3,-1.0,0.5000267,0.72802657,0.72887856,0.72866875,0.72803515
71.0,-0.1749708,0.19773151,-2.556052,0.016077613,0.0025474548,0.0002849556,-0.011758135,0.00079738966,-0.006577465,0.0006604796275536102,-0.0006393430245677361,-0.0001317453315451771,-0.00082414894,0.00039950886,9.1072216e-05,15.3,-1.0,0.5000267,0.72855014,0.728252,0.7285012,0.7281991
71.10000000000001,-0.17194329,0.19894037,-2.5561144,0.015892446,0.0028870308,0.00011661303,-0.008873977,-0.0038019053,-0.0036866402,0.0005632960152837591,-0.0005956529773411913,-0.00012891131644276424,-0.00057660165,0.0005657466,0.00071419915,15.3,-1.0,0.5000267,0.72857356,0.7281542,0.7282527,0.7283744
71.2,-0.16944382,0.19964008,-2.5557194,0.01568414,0.0028075902,0.00029982167,-0.006056365,-0.0051473463,-0.0015422701,0.0004726271342040996,-0.0005550317454755471,-0.00014564109336512364,-0.0010081282,0.00097449386,-0.0004951461,15.3,-1.0,0.5000267,0.72819525,0.72875017,0.7282201,0.7283801
71.3,-0.16726176,0.19994587,-2.5549364,0.015490147,0.0022769955,0.00048814883,-0.005475237,-0.0010268799,-0.0043842006,0.0004682728553664776,-0.0005244146797490972,-0.00010581227382636403,0.00069373363,0.0011792588,0.0002535358,15.3,-1.0,0.5000267,0.7284659,0.7284713,0.7282871,0.72856593
71.4,-0.16517347,0.19988455,-2.5539753,0.014962659,0.0016785563,0.0009210308,-0.01704601,-0.008857565,-0.00018905847,0.00047375366160164016,-0.0005308114277334656,-6.80843095705225e-05,0.0014894293,0.00032882177,0.00063616765,15.3,-1.0,0.5000267,0.72882,0.728347,0.7283505,0.72882843
71.5,-0.163677,0.20006809,-2.5529788,0.014202324,0.0014490611,0.00081315544,-0.008920656,-0.005780922,0.006048474,0.000541410737261842,-0.0005075990830176897,-1.1544781242003857e-05,-0.00043966598,0.00097392977,0.000915585,15.3,-1.0,0.5000267,0.728037,0.7289516,0.7286497,0.72862357
71.60000000000001,-0.1623499,0.20052955,-2.5520918,0.013316678,0.0018244294,0.0009281337,-0.011032136,-0.00030078762,-0.008136964,0.0005828618347087545,-0.0005409117598132718,1.9378334695714147e-05,-0.0006374403,-0.00078179466,0.00033246656,15.3,-1.0,0.5000267,0.7283824,0.7286704,0.72882587,0.7285741
71.7,-0.16047207,0.20082316,-2.552232,0.012813014,0.0017952793,0.0004933734,-0.010805415,-0.0050902413,0.001315493,0.0005783049076323954,-0.0006236738540882177,1.8480996670278568e-05,-0.0008597603,-0.0015773564,-0.00052963523,15.3,-1.0,0.5000267,0.72840923,0.7284675,0.7287976,0.7283154
71.8,-0.15811951,0.20063807,-2.5531871,0.0127318185,0.0015176351,-0.0002580979,-0.0069717714,-0.008839532,-0.00015646218,0.0005405449584975449,-0.0006767816299030174,4.435698094236719e-05,-0.0007046679,0.00065455266,-0.00035257655,15.3,-1.0,0.5000267,0.7277079,0.7286957,0.72831094,0.72837996
71.9,-0.15517056,0.20033942,-2.5546145,0.012872661,0.0010029533,-0.0005232178,-0.00945822,-0.0026981188,0.0046594064,0.0005695197404684188,-0.0006876441857916212,4.159401267979526e-05,6.036844e-06,0.000862865,8.0154365e-05,15.3,-1.0,0.5000267,0.7278789,0.72844076,0.72843087,0.7280307
72.0,-0.15213387,0.20034206,-2.5558643,0.013323187,0.0006910346,-0.00064957014,-0.0083732195,-0.0051714797,0.009698327,0.000602785142902912,-0.0006279162511834027,4.278601254805899e-05,-0.00062030856,0.0009830296,0.00010336102,15.3,-1.0,0.5000267,0.7279495,0.7282531,0.7285261,0.7278427
72.10000000000001,-0.14860143,0.20056365,-2.5569758,0.013918569,0.00060644647,-0.0006037663,-0.007920279,0.0021169148,-0.0024293547,0.0006578621868127148,-0.000552217035713066,4.6522880593065175e-05,-0.00036214018,0.0013371548,0.00059484644,15.3,-1.0,0.5000267,0.72800696,0.7282022,0.72838163,0.72806215
72.2,-0.14539331,0.20045248,-2.557204,0.014185905,-0.0002802874,0.0015623159,-0.01797231,-0.009324794,0.111346595,0.0006936852501258441,8.114474484063792e-05,4.9120440460328425e-05,0.0002331713,0.022682853,7.982777e-05,15.3,-1.0,0.5000267,0.71022856,0.7089428,0.71051335,0.7088034
72.3,-0.14220461,0.20027174,-2.5549877,0.012652255,-0.00093087286,0.043158043,-0.043189943,0.0018358714,0.7144422,0.0007000602620837072,0.002535830503733694,4.4056746403978805e-05,0.0011539214,0.004061508,-0.0010398884,15.3,-1.0,0.5000267,0.6884782,0.68964034,0.6885718,0.68954337
72.4,-0.13876538,0.20037475,-2.5438066,0.010697821,-0.0013467986,0.1474261,-0.028247938,-0.002671849,1.2232335,0.0008791286609883354,0.0016279802301608869,3.553050541480939e-05,0.0019931563,-0.0122996755,-0.0011189375,15.3,-1.0,0.5000267,0.65700346,0.65665454,0.6570911,0.6564744
72.5,-0.13579357,0.2008651,-2.520019,0.009667396,-0.001304542,0.28756395,-0.025319628,-0.00043193242,1.6279881,0.0010228037465543653,0.0005958894290630887,2.7654521809149444e-05,-0.00016416228,-0.007464858,-0.0005616596,15.3,-1.0,0.5000267,0.6497756,0.6497458,0.6502707,0.64912343
72.60000000000001,-0.13275422,0.20163238,-2.475147,0.009176838,-0.0009216655,0.4789922,-0.01814844,-0.0055109095,1.9274986,0.001100802450763093,9.883613320854662e-05,4.482741673920878e-05,0.0003649037,-0.0033658575,-0.0004362265,15.3,-1.0,0.5000267,0.6431487,0.642078,0.6428823,0.6423456
72.7,-0.1302926,0.20272303,-2.408356,0.008506744,-0.00038965675,0.63716334,-0.015322788,-0.0003892173,1.0886843,0.0010403921944300576,0.00016809057399045144,2.3597838241058614e-05,-0.0015019884,0.0028498888,-0.000677846,15.3,-1.0,0.5000267,0.6869957,0.6873464,0.68695676,0.68721056
72.8,-0.12862584,0.20436157,-2.3346422,0.0072898455,0.00048631773,0.70765984,-0.022704117,-0.004891126,0.38560197,0.0008851702424519199,0.00042511555419156617,2.3406645103796326e-05,-0.0015478556,0.0027716218,-0.0005736248,15.3,-1.0,0.5000267,0.71755373,0.71694386,0.7168541,0.71743894
72.9,-0.12706111,0.20629069,-2.2509618,0.0057602515,0.0014804131,0.7198338,-0.009133359,0.007418416,-0.1646513,0.0006065984803254169,0.0006925868358461597,4.224964379031557e-05,-0.0037222493,0.0025106051,-1.9843797e-05,15.3,-1.0,0.5000267,0.7406307,0.74074084,0.7405769,0.7407724
73.0,-0.12600388,0.20819761,-2.1765149,0.003950712,0.002110708,0.6842086,-0.027149962,-0.008955311,-0.5721226,0.00023076304173733154,0.0009097259827089075,3.175673538326204e-05,-0.0040031835,0.0023528715,-0.00063277263,15.3,-1.0,0.5000267,0.75399864,0.75400496,0.7538265,0.7540808
73.10000000000001,-0.12479536,0.210013,-2.1029427,0.0023608229,0.0022834246,0.63271534,-0.022120163,-0.011317481,-0.37433624,-0.00023292878274982083,0.001004952880362924,4.8748586905263126e-05,-0.004800644,-0.0009042177,0.0004805339,15.3,-1.0,0.5000267,0.74370086,0.7437023,0.74402314,0.74339265
73.2,-0.1238666,0.21153542,-2.040409,0.0010066412,0.0017242419,0.6092619,-0.02280792,-0.02035919,-0.1640697,-0.0006153207108938148,0.0008771734952082081,5.696768522399065e-05,-0.0032851119,-0.00021243363,-0.000614042,15.3,-1.0,0.5000267,0.7309292,0.7312104,0.73098934,0.73116434
73.3,-0.12324596,0.21305181,-1.9807085,-0.00028951748,0.001015071,0.60198915,-0.018484045,-0.01477907,-0.024955252,-0.0009051136589480496,0.0008123883941889598,7.578832872226055e-05,-0.0023999352,-0.0004899867,0.00031267342,15.3,-1.0,0.5000267,0.72968024,0.7295982,0.729788,0.7295577
73.4,-0.122981094,0.21447927,-1.9173485,-0.001678141,-0.000475458,0.60409606,-0.021914113,-0.022254312,0.04231743,-0.0010799926706727657,0.000736680408420248,8.71473680764181e-05,-0.0011779673,-0.0005062292,0.00025434908,15.3,-1.0,0.5000267,0.72364926,0.72348535,0.7235168,0.7237499
73.5,-0.123328336,0.21566974,-1.8591543,-0.003155607,-0.0017081297,0.61044145,-0.016117515,-0.020715058,0.09026378,-0.001186665242751313,0.0006613298622996412,0.00010573857504747366,-0.0008654326,-0.00053136307,0.00068015984,15.3,-1.0,0.5000267,0.7253187,0.72566414,0.72547454,0.7257536
73.60000000000001,-0.12421084,0.21695581,-1.795593,-0.00483782,-0.002659725,0.62032574,-0.02013162,-0.019132318,0.099720895,-0.0012601807721526223,0.0005122213783466868,0.00011692572054860334,-0.0006393117,-0.0013185047,-0.00041754037,15.3,-1.0,0.5000267,0.72181654,0.7216381,0.7214947,0.72215044
73.7,-0.12524012,0.21793842,-1.7307816,-0.0061600236,-0.0038810887,0.6308477,-0.010306824,-0.015629578,0.11888006,-0.0013652463881997081,0.0002608751773361392,8.689264979257666e-05,-0.0012597495,-0.002677148,-0.00084924075,15.3,-1.0,0.5000267,0.72519517,0.7251687,0.7249865,0.72532254
73.8,-0.1263278,0.2182013,-1.6697671,-0.0073745996,-0.0054610404,0.64043385,-0.007894849,-0.028589604,0.09929388,-0.001409710576868589,-3.1831317024834147e-05,7.827310267153088e-05,-0.00035068314,-0.0025945243,0.0004857178,15.3,-1.0,0.5000267,0.72231615,0.7224536,0.7222042,0.72257054
73.9,-0.12744476,0.21741778,-1.6029328,-0.008363902,-0.007960519,0.6495301,-0.013285614,-0.017046124,0.09498651,-0.0013746411938424393,-0.0003455212618186141,8.67513867106434e-05,0.0006200293,-0.0029057097,-0.0004990454,15.3,-1.0,0.5000267,0.7258427,0.7262372,0.7263465,0.7258545
74.0,-0.12815283,0.21623223,-1.5408455,-0.008546183,-0.009991808,0.65696037,-0.0019685498,-0.014999262,0.079601064,-0.0011566583208715343,-0.0006884116839085533,0.00010830771980884587,0.0028354647,-0.0023916054,-0.0003403501,15.3,-1.0,0.5000267,0.72279835,0.7231816,0.72318506,0.7229878
74.10000000000001,-0.12827739,0.21482648,-1.472903,-0.007949782,-0.012191127,0.6647966,-0.00812857,-0.014450667,0.08734222,-0.0007768414787801132,-0.0009426623145489479,7.490419399454608e-05,0.0048346315,-0.00075261906,-0.00068752334,15.3,-1.0,0.5000267,0.7268028,0.7267027,0.72655886,0.72690207
74.2,-0.12830088,0.21330734,-1.4092447,-0.007102531,-0.013635842,0.6709863,0.0029193566,-0.008875785,0.047187783,-0.0003156250002208228,-0.0010203764551290414,4.046401363585595e-05,0.004337022,0.00068420154,-0.00082061853,15.3,-1.0,0.5000267,0.7237409,0.72415656,0.7237974,0.7239155
74.3,-0.12847707,0.21170166,-1.3446051,-0.0069729304,-0.014442139,0.6767137,-0.007774755,-0.0058521135,0.06485078,0.00017316064090432386,-0.0009761707116741983,1.9021085609213582e-05,0.004631393,1.6030077e-05,4.1617743e-05,15.3,-1.0,0.5000267,0.72799903,0.72775024,0.72802806,0.7275946
74.4,-0.12848511,0.21005417,-1.2738498,-0.006459638,-0.014637418,0.6816403,0.002841635,0.0003276352,0.031797677,0.0005891052659659505,-0.0009204197113239176,-1.3398255456497467e-05,0.004052762,0.00018586921,0.00017755099,15.3,-1.0,0.5000267,0.7254434,0.72480756,0.72505766,0.7249742
74.5,-0.12854883,0.20873216,-1.2076691,-0.0058160555,-0.014509462,0.6850805,0.00023341044,0.0021622265,0.033805143,0.0009340884216598835,-0.0008896400798778046,-4.270040859113243e-05,0.0037665253,0.0016876445,-0.00117425,15.3,-1.0,0.5000267,0.7289161,0.7289918,0.7283641,0.729211
74.60000000000001,-0.12915778,0.20760414,-1.135363,-0.0054833293,-0.013642118,0.6880429,-0.00038848928,0.0019012301,0.01440104,0.0012290500493331727,-0.0007690195768216441,-5.527100350709516e-05,0.002710571,0.0012408294,0.0002490354,15.3,-1.0,0.5000267,0.72618896,0.7260856,0.72579485,0.72615045
74.7,-0.13002232,0.207061,-1.0631438,-0.005869073,-0.012335098,0.6899139,-0.014733738,0.0066894204,0.01704646,0.0014167617209189202,-0.000739362885901817,-2.0377610458146457e-05,0.0018366247,-0.0006064366,5.1030787e-05,15.3,-1.0,0.5000267,0.7298918,0.72921014,0.72931784,0.7297662
74.8,-0.13140483,0.20697731,-0.99646485,-0.006560707,-0.010803426,0.69108504,-0.012312312,0.0060358373,0.006517395,0.0014748998930923947,-0.0007853753784094674,7.991431718979004e-06,0.0011176143,-0.002033912,0.0004417329,15.3,-1.0,0.5000267,0.72689533,0.7256192,0.7260613,0.726499
74.9,-0.13407394,0.20724775,-0.9242197,-0.0080655785,-0.008829339,0.6926054,0.00033676132,0.007743378,0.01697894,0.0013731492932201222,-0.000982293608414872,4.4336837834699924e-05,-0.0010963494,-0.003970883,0.00042761254,15.3,-1.0,0.5000267,0.7299576,0.7293366,0.7295714,0.7298954
75.0,-0.13714305,0.20767717,-0.8573282,-0.009200732,-0.0071369903,0.6936327,0.0018572353,0.0051995693,-0.002023298,0.0011425829483076098,-0.0013377282689632688,9.419358652267846e-05,-0.0038576582,-0.0048848595,0.0013834531,15.3,-1.0,0.5000267,0.7262075,0.7265518,0.7264855,0.7265885
75.10000000000001,-0.14018352,0.2075696,-0.7848432,-0.010047477,-0.006352044,0.69453394,0.0091640055,0.002724507,0.017446464,0.0008440210682071584,-0.0018729313694718001,0.00011391016691783882,-0.0028728282,-0.006114557,-0.00017189285,15.3,-1.0,0.5000267,0.7296296,0.729783,0.7298487,0.7299046
75.2,-0.14239004,0.20700258,-0.7181759,-0.009608902,-0.0062368955,0.6949949,0.014937009,0.0060051335,-0.0022673046,0.0006507416103755162,-0.002502321471916735,0.00011329979945430494,-0.0012710453,-0.005228786,-0.00067090173,15.3,-1.0,0.5000267,0.7260767,0.7264749,0.72623336,0.7265674
75.3,-0.14420097,0.2063412,-0.65170467,-0.008246747,-0.005928368,0.69578284,0.01877666,0.00023245502,0.012082047,0.0005613659873116576,-0.002976393041078407,0.00011499147103284731,-0.0008432894,-0.0042829444,-0.0011987551,15.3,-1.0,0.5000267,0.7297236,0.72925735,0.72982067,0.7293989
75.4,-0.14540137,0.20526178,-0.5798259,-0.0061356025,-0.0062652957,0.69658756,0.015988702,-0.0050515146,0.004695728,0.0005645100817129727,-0.0032735537437113427,0.00010516305120262449,-0.00058467715,-0.0006037488,-0.00012085405,15.3,-1.0,0.5000267,0.72561175,0.7264082,0.72603494,0.7261483
75.5,-0.1458174,0.20362748,-0.5137178,-0.003496512,-0.006786962,0.697686,0.015677473,0.0025177773,0.016334465,0.0006563891410940267,-0.0033600565231818903,3.242818700257586e-05,0.0029705314,0.00025150573,-0.0009920505,15.3,-1.0,0.5000267,0.7296879,0.72890437,0.7289361,0.7294524
75.60000000000001,-0.14604186,0.20114918,-0.44206628,-0.00088041124,-0.00790156,0.6990974,0.014405646,-0.0020854285,0.00954233,0.0008373930316501918,-0.0032503491403430224,-1.8933741493268577e-05,0.003870198,0.0023828025,0.00014230485,15.3,-1.0,0.5000267,0.7260364,0.72580767,0.7255099,0.7261189
75.7,-0.14637522,0.19838123,-0.37037125,0.0012469185,-0.008993532,0.70075876,0.01326991,0.003103671,0.019242054,0.0012503842607641084,-0.0030092045842409587,-6.050020002910352e-05,0.0050011454,0.003304202,-0.000459349,15.3,-1.0,0.5000267,0.7290973,0.72947055,0.7291841,0.72917014
75.8,-0.14663962,0.19572288,-0.3037896,0.0027778095,-0.00925731,0.7022866,0.012094855,0.011408829,0.0090003,0.0017869169105465266,-0.0027813768760858995,-0.00011161476313526123,0.0064502037,0.0022560146,0.00012330235,15.3,-1.0,0.5000267,0.72642463,0.7259398,0.7257109,0.7263214
75.9,-0.1466241,0.19268364,-0.23127037,0.00441341,-0.009127487,0.7034944,0.019252228,0.017820215,0.017613636,0.002287156885574829,-0.002542362828320399,-0.00012732836012616526,0.004145117,0.0033035371,-0.00025387033,15.3,-1.0,0.5000267,0.72910506,0.7302044,0.7294145,0.7296336
76.0,-0.14645217,0.19010738,-0.16429904,0.0055791726,-0.008577742,0.70406705,0.007658309,0.01534085,0.0007869675,0.0027719692745289885,-0.0023344346236769857,-0.00014327325664851965,0.004714986,0.0034046602,0.0003732314,15.3,-1.0,0.5000267,0.72613454,0.7266996,0.72608614,0.72643614
76.10000000000001,-0.14588808,0.18727559,-0.09139505,0.006846114,-0.007354919,0.7049366,0.006512061,0.02653097,0.016559845,0.003231559930842932,-0.0021201567159986855,-0.00016363954114684783,0.0057087075,0.0019631977,0.00046574266,15.3,-1.0,0.5000267,0.73045194,0.7294446,0.7295,0.7299872
76.2,-0.14514753,0.18462771,-0.023832321,0.007772152,-0.0057644714,0.70532995,0.010487219,0.031175803,-0.0038673168,0.0035678894335976234,-0.00187265146025281,-0.00015491504367832963,0.0014722008,0.0029416797,-0.00013257508,15.3,-1.0,0.5000267,0.72629464,0.72738945,0.7270715,0.72626996
76.3,-0.1446658,0.1829971,-0.00531587,0.007496412,0.003567606,0.0071493923,-0.0009852365,0.0034581306,-0.00086240465,0.0036455808275486644,-0.001841330222439,-0.00019260061496654673,-0.00023924457,-0.0004503445,-0.0010260673,15.3,-1.0,0.5000267,0.50282663,0.5005658,0.5008471,0.50185513
76.4,-0.14496836,0.18176392,-0.01724194,0.007286766,0.003292351,0.00037540082,0.00653557,0.0048918454,0.0029220243,0.0036550283875190926,-0.001836116180086813,-0.00019328382810123362,-0.00059750385,0.00036699275,0.0010607967,15.3,-1.0,0.5000267,0.46131015,0.46111763,0.46096835,0.4607475
76.5,-0.14583509,0.18039943,-0.029174834,0.006637191,0.002819112,-0.0052943425,0.0076532518,-0.0039396673,0.0023455357,0.003695294849542086,-0.0017903930166955615,-0.0001676097956562443,0.00011532416,6.0577368e-05,-2.3677414e-05,15.3,-1.0,0.5000267,0.4297019,0.42954257,0.42951888,0.42915684
76.60000000000001,-0.14751811,0.1784388,-0.03945823,0.0054435786,0.0022124618,-0.009424817,0.0039201495,-0.00057045685,0.001146458,0.003662249610695924,-0.0017398926368661616,-0.0001611066984014186,-4.076536e-05,-0.0012473345,5.9793994e-05,15.3,-1.0,0.5000267,0.39158353,0.391641,0.39162216,0.39094767
76.7,-0.1501523,0.17573906,-0.04800242,0.003287172,0.00068710017,-0.012064583,-0.003708347,0.009014861,0.0006956979,0.0036307376973119276,-0.0016633675809593737,-0.0001556915683792146,4.5654317e-05,0.00019673823,-0.0008663446,15.3,-1.0,0.5000267,0.11922988,0.12109192,0.11984422,0.11983394
76.80000000000001,-0.15294987,0.17298852,-0.05482994,0.0013655042,-0.0008396839,-0.013805501,-0.0046688635,-0.0020495825,-0.005167443,0.0035943113443813704,-0.0015833724666991747,-0.00014773853428652544,-0.00057667244,-2.1334072e-05,0.0005396742,15.3,-1.0,0.5000267,0.12228413,0.11789945,0.11922476,0.120591626
76.9,-0.15557456,0.1698493,-0.061220154,-3.8329326e-05,-0.0027773688,-0.01499669,0.0007062212,-0.00437643,0.0030877998,0.0035293417330279314,-0.0015522623182327258,-0.00014587040994138602,-0.0005750635,0.00017481457,0.00022661322,15.3,-1.0,0.5000267,0.12248605,0.11763219,0.11904195,0.120839775
77.0,-0.15776978,0.16665597,-0.066305995,-0.0011239324,-0.0049080458,-0.015813047,-0.002314818,-0.002184668,-0.0033765098,0.003439133815659914,-0.0015358437678741315,-0.00017602379306322423,-0.00029290168,0.0007093664,-0.0007246067,15.3,-1.0,0.5000267,0.12284895,0.117309876,0.11877023,0.12107091
77.10000000000001,-0.15974016,0.16262744,-0.071253374,-0.0020368728,-0.007641565,-0.016384568,-0.0035786282,-0.0033352643,0.007997266,0.0033469264686797,-0.0015300038629077039,-0.00019923887467075953,0.00020496183,-0.0003307484,0.00027482014,15.3,-1.0,0.5000267,0.123264246,0.11689513,0.11872575,0.121114835
77.2,-0.16133133,0.1585998,-0.07563877,-0.002866893,-0.010290548,-0.016812604,-0.0021873664,-0.0023353095,0.0049588266,0.0032866284186878494,-0.001543858672801824,-0.00023912257473591135,-0.00023164168,0.00049799593,-0.00072507566,15.3,-1.0,0.5000267,0.122752234,0.11739987,0.118622266,0.12122559
77.30000000000001,-0.16302104,0.15415159,-0.08001459,-0.0035664341,-0.013011443,-0.017406663,0.0009908912,-0.008265855,0.0030468216,0.003202472965002186,-0.0015510882063516883,-0.0002458674170156288,0.00026525374,-0.00084908615,0.00043562442,15.3,-1.0,0.5000267,0.12313496,0.116929464,0.11895069,0.120984845
77.4,-0.16432562,0.15023363,-0.08375703,-0.004291671,-0.015282613,-0.018032214,0.0015112086,-0.011773693,-0.0031236557,0.00314910676092066,-0.0015442689156479272,-0.0002692580265358841,0.0005572114,-0.00033914502,0.00020087145,15.3,-1.0,0.5000267,0.0020000003,0.0,0.0019999999,0.0
77.5,-0.16546851,0.1469459,-0.08707461,-0.005072776,-0.016982611,-0.018219842,-0.00412006,-0.005192956,-0.0043469477,0.0031091471879007328,-0.00154521301163903,-0.00025458270169606746,-0.00059753837,0.00014654371,-7.3593925e-05,15.3,-1.0,0.5000267,0.0020255325,2.5532729e-05,0.0016158989,0.00033303554
77.60000000000001,-0.16723984,0.14424367,-0.09019101,-0.006548801,-0.018207634,-0.01839366,0.00096284243,-0.001955077,0.0016707926,0.0030319266461266863,-0.0015293070074302413,-0.00024706385349184046,-0.0019813378,-0.00032908918,-0.000100036625,15.3,-1.0,0.5000267,0.0020362916,3.6291833e-05,0.0018820037,4.541263e-05
77.7,-0.16987826,0.1419402,-0.09259787,-0.008426126,-0.019200346,-0.01846281,1.0199527e-05,-0.010784641,0.0076671126,0.002896434090854889,-0.0014584670837985573,-0.00023754503374281128,-0.0014763554,0.0003047039,-0.0003665362,15.3,-1.0,0.5000267,0.002045394,4.5393965e-05,0.0015890731,0.00032013885
77.80000000000001,-0.17293364,0.13997059,-0.0943003,-0.010616612,-0.019896764,-0.01844664,-0.0023213495,-0.011522042,-0.003501307,0.0026884614799177775,-0.0014013357465891027,-0.0002478178168986334,-0.002765453,-0.0003114547,-0.0006143295,15.3,-1.0,0.5000267,0.0020709762,7.097622e-05,0.0017804557,7.7591736e-05
77.9,-0.17678179,0.1386004,-0.09594908,-0.013226992,-0.020028122,-0.01832393,-0.004878965,-0.0075190333,0.001464039,0.002454080518892885,-0.0013183528024464466,-0.0002674203792291744,-0.0033692573,-0.0003387911,-0.0005865622,15.3,-1.0,0.5000267,0.002114706,0.00011470606,0.0016411217,0.000129466
78.0,-0.18044686,0.13750893,-0.09743038,-0.015227263,-0.019915491,-0.01827001,-0.0045473813,-0.0069517805,-0.0011380761,0.0021717150419581135,-0.001261908831432672,-0.00024305836801202937,-0.0031302974,-0.0010137664,0.0008032135,15.3,-1.0,0.5000267,0.0019999999,0.0,0.0019999999,0.0
78.10000000000001,-0.18392256,0.13641603,-0.099155426,-0.017227381,-0.019775704,-0.01839751,-0.0049334015,0.0031520783,-0.00029848886,0.0018401941413274843,-0.0011595439858819883,-0.00024416679750008207,-0.0042493762,0.0007560041,1.1542306e-06,15.3,-1.0,0.5000267,0.0020644711,6.4471176e-05,0.0014981363,0.0003729212
78.2,-0.18630365,0.13556604,-0.10019261,-0.018107262,-0.019178472,-0.018062927,-0.004444876,-0.006638009,0.0039138827,0.0015333838188164605,-0.0010676217397975788,-0.0002417162229064832,-0.0029938915,0.00039567787,-0.0002450538,15.3,-1.0,0.5000267,0.0020816743,8.167447e-05,0.001251321,0.0005853299
78.30000000000001,-0.18840033,0.13462783,-0.10053986,-0.018697392,-0.01859944,-0.017687421,-0.005732691,-0.0034799916,-0.007180031,0.0012992744239865405,-0.0010007483392016328,-0.0002417113099423144,-0.0024775597,0.00013195566,-0.0006336513,15.3,-1.0,0.5000267,0.0020786284,7.8628625e-05,0.0014273578,0.0004153848
78.4,-0.19007578,0.13428451,-0.10052481,-0.01925638,-0.017597936,-0.017168747,-0.009132418,-0.00012836562,2.1420417e-05,0.0011661513279517827,-0.0009762919123587666,-0.0002199580080730933,-0.001322852,0.0002284859,-0.00045394714,15.3,-1.0,0.5000267,0.0020425597,4.2559826e-05,0.0013037272,0.0006111531
78.5,-0.19101824,0.13449004,-0.10002634,-0.01919522,-0.0161594,-0.016277341,-0.004698752,-0.0008260362,-9.220093e-05,0.0010977549132651944,-0.0009649787586007408,-0.00022799775399692077,-0.00055129995,4.057661e-05,-0.0012408277,15.3,-1.0,0.5000267,0.0020847525,8.475257e-05,0.0012235566,0.00060693815
78.60000000000001,-0.1908669,0.13542266,-0.099650264,-0.018129999,-0.013972168,-0.015821509,-0.0044082017,0.0026257148,0.004706438,0.0010415238525910949,-0.000980662336422187,-0.00022056773321951572,-0.0011478766,0.00032252804,0.00010234813,15.3,-1.0,0.5000267,0.00207129,7.129027e-05,0.0013858969,0.00047152236
78.7,-0.18952768,0.13705933,-0.099080235,-0.016075056,-0.011516582,-0.01549295,-0.0021829554,0.0047609787,-0.0043730247,0.001010599073258822,-0.0010131128706591154,-0.00019637450004278935,-0.0011688746,-0.00021321014,0.0009030341,15.3,-1.0,0.5000267,0.0020455448,4.5545017e-05,0.0015834967,0.0003254131
78.80000000000001,-0.18800333,0.13834405,-0.09881809,-0.014003758,-0.010102226,-0.015150275,0.0062400964,-0.010179883,0.0027976928,0.0009888945833879483,-0.0010970868965108807,-0.00021976402040267635,-0.00084596267,-0.00027963566,-0.0007805876,15.3,-1.0,0.5000267,0.0021046882,0.00010468835,0.0015727539,0.00021786941
78.9,-0.18603055,0.139726,-0.099154115,-0.011870334,-0.008461462,-0.015145034,-0.0037078427,0.006579513,-0.0005345791,0.0009806424713952578,-0.0011359707263336744,-0.00022363432453070752,-0.00043557523,0.00084142317,0.0001797122,15.3,-1.0,0.5000267,0.0020997303,9.973039e-05,0.0010973995,0.0007031395
79.0,-0.18397647,0.1414989,-0.09924021,-0.009705702,-0.0067792237,-0.014756593,-0.00091622263,0.0011815343,0.0033369286,0.0009816827159228397,-0.0011869897703938952,-0.00019908918312281637,4.190921e-05,-0.00025151283,-0.00038815045,15.3,-1.0,0.5000267,0.0020367033,3.6703506e-05,0.0017832363,0.00014335653
79.10000000000001,-0.1813721,0.14381874,-0.099030286,-0.007489308,-0.0048634196,-0.014206147,-0.002745743,0.001299792,0.005139969,0.0009983529672780741,-0.0012490455424441374,-0.0002283963670849772,-0.00040097086,0.00017345359,-0.00025506312,15.3,-1.0,0.5000267,0.0021084333,0.00010843351,0.0013379253,0.0004452075
79.2,-0.17862332,0.14637358,-0.09858075,-0.0052560554,-0.0032757637,-0.013467267,-0.0010353137,-0.0048727444,-0.000746455,0.0010344895311014358,-0.0013066533029941257,-0.0002299980184363956,-0.00018319573,-7.93815e-06,-0.00091661065,15.3,-1.0,0.5000267,0.0020741308,7.413106e-05,0.0016039148,0.00024782296
79.30000000000001,-0.17565353,0.14928474,-0.09814021,-0.0030692136,-0.001556759,-0.012897537,0.006910802,0.0046126726,-0.0003543682,0.0010742763004617962,-0.0013617136095432215,-0.00021806330740367636,-0.00035669268,-0.0006065732,-0.00010784567,16.2,-1.0,0.50987816,0.0020592622,5.9262413e-05,0.0017246234,0.00015685169
79.4,-0.1734993,0.15225658,-0.09780988,-0.0016193815,0.00030660589,-0.012360848,-0.0032876276,0.0031411012,0.0056172716,0.001101291234563477,-0.0014068955878280807,-0.00017217392894983323,0.00018004881,0.00037243732,-0.00034067273,16.2,-1.0,0.50987816,0.0019999999,0.0,0.0010020399,0.00099796
79.5,-0.17204905,0.15526377,-0.09755075,-0.00078753126,0.00211183,-0.012054724,-0.0055762855,0.0026474267,-0.003240071,0.0011587921875346628,-0.0013999546402732503,-0.00013139376956333257,0.00034920164,-0.00013680191,0.0008483555,16.2,-1.0,0.50987816,0.0019999999,0.0,0.0012205958,0.000779404
79.60000000000001,-0.17143668,0.15919581,-0.098181665,-0.00030737167,0.0046308986,-0.011960205,0.0019961656,0.0034464097,-0.0048670913,0.001202492349085809,-0.0014103570761586158,-0.00013824662088093167,4.668204e-05,-0.00014390521,-0.0005323567,16.2,-1.0,0.59832287,0.002010795,1.0795251e-05,0.0011813627,0.00079704676
79.7,-0.172104,0.16367148,-0.09906694,-0.0009464213,0.007575741,-0.012080654,0.0017646102,0.0107673835,0.003404915,0.0012506022205514503,-0.0014072181301658174,-0.00010232598875604745,0.00012970724,0.00058452575,0.0005156697,16.2,-1.0,0.6708069,0.0019385855,0.0,0.0008999653,0.001161449
79.80000000000001,-0.17371108,0.16774316,-0.09989709,-0.0019371381,0.009956982,-0.011941901,0.005144158,0.0014144393,0.008687376,0.001296234093244241,-0.0013533367033555768,-8.083917220440013e-05,7.1018e-05,0.00027246383,-0.00045802182,16.2,-1.0,0.6708069,0.0019999999,0.0,0.0011256235,0.0008743764
79.9,-0.17596704,0.17144834,-0.10023707,-0.003257731,0.012465878,-0.01185316,-0.0037313323,0.0039405394,0.000659842,0.0013117996863663112,-0.0013069945005341047,-5.9711096914297454e-05,-0.00031451086,0.00020830269,9.005715e-05,16.2,-1.0,0.73021126,0.0019999999,0.0,0.0010170792,0.0009829206
80.0,-0.17773864,0.17407316,-0.10041082,-0.0041330163,0.013800297,-0.011556605,0.0046094395,0.00845253,-0.003349967,0.0013093582126257268,-0.001268201553281974,-7.648866088002581e-05,0.0003570923,-0.0001333907,-2.343618e-05,16.2,-1.0,0.73021126,0.002025402,2.5401963e-05,0.00113843,0.000810766
80.10000000000001,-0.17940126,0.17600729,-0.10037178,-0.00479559,0.014338302,-0.01138615,-0.003671019,-0.003641787,0.0046109776,0.0013035699264098651,-0.0012564050751817319,-7.753892140190077e-05,0.0006725937,0.00015809773,-0.00027664675,16.2,-1.0,0.77889633,0.0019999999,0.0,0.0007423254,0.0012576745
80.2,-0.18079934,0.17692707,-0.100009084,-0.0052096783,0.014241473,-0.011057578,0.0026905753,0.0043481677,0.002456363,0.0012900832745546805,-0.0012626237086030894,-9.735910904882062e-05,0.0006604913,-0.000603918,-8.623307e-06,16.2,-1.0,0.77889633,0.0020109394,1.09394705e-05,0.0012980615,0.0006800595
