timestamp,raw_status,confirmed_status,score,threshold,x,y,z,vx,vy,vz
2026-09-17T15:28:57.071838,NORMAL,NORMAL,15.014045,15.499893,-0.218477,0.173606,-0.044815,0.017432,0.023591,-0.009527
2026-09-17T15:28:57.288171,NORMAL,NORMAL,15.051025,15.499893,-0.217451,0.172666,-0.046524,0.017186,0.021738,-0.009858
2026-09-17T15:28:57.473865,NORMAL,NORMAL,15.082848,15.499893,-0.217937,0.172546,-0.049292,0.015428,0.021116,-0.010794
2026-09-17T15:28:57.653753,NORMAL,NORMAL,15.152398,15.499893,-0.220432,0.174256,-0.053382,0.012746,0.021637,-0.012227
2026-09-17T15:28:55.791817,NORMAL,NORMAL,15.229750,15.499893,-0.224090,0.175945,-0.057022,0.009925,0.021972,-0.012897
2026-09-17T15:28:55.987233,NORMAL,NORMAL,15.236313,15.499893,-0.228517,0.177930,-0.059012,0.007011,0.022207,-0.012893
2026-09-17T15:28:56.175426,NORMAL,NORMAL,15.231658,15.499893,-0.234952,0.181658,-0.059679,0.002345,0.023674,-0.012177
2026-09-17T15:28:56.370326,NORMAL,NORMAL,15.243674,15.499893,-0.241499,0.184699,-0.060371,-0.002440,0.024079,-0.011799
2026-09-17T15:28:56.558240,NORMAL,NORMAL,15.250226,15.499893,-0.247682,0.186275,-0.061629,-0.006339,0.023951,-0.011635
2026-09-17T15:28:56.749110,NORMAL,NORMAL,15.255707,15.499893,-0.251570,0.185442,-0.063124,-0.008116,0.022523,-0.011779
2026-09-17T15:28:56.931268,NORMAL,NORMAL,15.259761,15.499893,-0.252767,0.185151,-0.064572,-0.007922,0.021980,-0.011738
2026-09-17T15:28:57.113160,NORMAL,NORMAL,15.265180,15.499893,-0.253152,0.184034,-0.064123,-0.007045,0.021290,-0.010569
2026-09-17T15:28:57.294245,NORMAL,NORMAL,15.267489,15.499893,-0.253645,0.180799,-0.063677,-0.006510,0.018963,-0.010111
2026-09-17T15:28:57.465309,NORMAL,NORMAL,15.237551,15.499893,-0.252273,0.175298,-0.062187,-0.004363,0.014917,-0.008833
2026-09-17T15:28:57.644040,NORMAL,NORMAL,15.202371,15.499893,-0.248276,0.172497,-0.059964,-0.000786,0.012976,-0.007536
2026-09-17T15:28:57.828582,NORMAL,NORMAL,15.181868,15.499893,-0.243727,0.171143,-0.058353,0.002042,0.012540,-0.006545
2026-09-17T15:28:58.005676,NORMAL,NORMAL,15.152071,15.499893,-0.239495,0.169475,-0.057188,0.004397,0.011421,-0.005985
2026-09-17T15:28:58.213429,NORMAL,NORMAL,15.121892,15.499893,-0.235379,0.167105,-0.056766,0.006804,0.009688,-0.005857
2026-09-17T15:28:58.408183,NORMAL,NORMAL,15.091870,15.499893,-0.230317,0.162105,-0.057071,0.009048,0.005624,-0.006161
2026-09-17T15:28:58.608943,NORMAL,NORMAL,15.039575,15.499893,-0.225916,0.155815,-0.057151,0.010224,0.001043,-0.005990
2026-09-17T15:28:58.803537,NORMAL,NORMAL,14.984717,15.499893,-0.222262,0.149836,-0.056831,0.010802,-0.002895,-0.005336
2026-09-17T15:28:59.008192,NORMAL,NORMAL,14.977723,15.499893,-0.220527,0.144734,-0.056102,0.010645,-0.005462,-0.004271
2026-09-17T15:28:59.203984,NORMAL,NORMAL,14.972890,15.499893,-0.218804,0.140097,-0.055547,0.010994,-0.008162,-0.003008
2026-09-17T15:28:59.401915,NORMAL,NORMAL,14.901417,15.499893,-0.216907,0.136740,-0.054277,0.012164,-0.009623,-0.001901
2026-09-17T15:28:59.583918,NORMAL,NORMAL,14.810724,15.499893,-0.214219,0.134790,-0.053254,0.014318,-0.010520,-0.001131
2026-09-17T15:28:59.763448,NORMAL,NORMAL,14.733384,15.499893,-0.212323,0.133422,-0.052690,0.015415,-0.011446,-0.000944
2026-09-17T15:28:59.942774,NORMAL,NORMAL,14.654963,15.499893,-0.212126,0.130876,-0.051101,0.014775,-0.013221,-0.000298
2026-09-17T15:29:00.128395,NORMAL,NORMAL,14.583721,15.499893,-0.214729,0.128192,-0.049098,0.012027,-0.014882,0.000390
2026-09-17T15:29:00.305713,NORMAL,NORMAL,14.516986,15.499893,-0.218846,0.126347,-0.047065,0.008371,-0.016107,0.000746
2026-09-17T15:29:00.520005,NORMAL,NORMAL,14.477138,15.499893,-0.221521,0.125918,-0.045660,0.006270,-0.016186,0.001183
2026-09-17T15:29:00.717407,NORMAL,NORMAL,14.443824,15.499893,-0.222568,0.126482,-0.044557,0.005503,-0.015107,0.001555
2026-09-17T15:29:00.908902,NORMAL,NORMAL,14.379380,15.499893,-0.223699,0.125683,-0.043454,0.004730,-0.014806,0.001566
2026-09-17T15:29:01.123981,NORMAL,NORMAL,14.318170,15.499893,-0.224277,0.124625,-0.042751,0.004015,-0.014607,0.001115
2026-09-17T15:29:01.329855,NORMAL,NORMAL,14.288025,15.499893,-0.225138,0.124701,-0.042203,0.003382,-0.012950,0.000833
2026-09-17T15:29:01.527616,NORMAL,NORMAL,14.262701,15.499893,-0.226517,0.124943,-0.040881,0.002021,-0.011392,0.000248
2026-09-17T15:29:01.721913,NORMAL,NORMAL,14.230910,15.499893,-0.228088,0.126135,-0.039461,0.001064,-0.009664,0.000215
2026-09-17T15:29:01.909350,NORMAL,NORMAL,14.198774,15.499893,-0.232446,0.128677,-0.036701,-0.001971,-0.006844,0.000897
2026-09-17T15:29:02.089418,NORMAL,NORMAL,14.212835,15.499893,-0.239851,0.132285,-0.033385,-0.006280,-0.003382,0.001988
2026-09-17T15:29:02.268153,NORMAL,NORMAL,14.237088,15.499893,-0.247291,0.134710,-0.031618,-0.010317,-0.000989,0.002379
2026-09-17T15:29:02.448759,NORMAL,NORMAL,14.246995,15.499893,-0.255699,0.135763,-0.029229,-0.014678,0.000043,0.003470
2026-09-17T15:29:02.635348,NORMAL,NORMAL,14.263184,15.499893,-0.260958,0.135214,-0.026058,-0.016622,0.000056,0.004827
2026-09-17T15:29:02.844125,NORMAL,NORMAL,14.239405,15.499893,-0.264992,0.133685,-0.020298,-0.017221,-0.001061,0.006602
2026-09-17T15:29:03.067491,NORMAL,NORMAL,14.212311,15.499893,-0.267251,0.131184,-0.015866,-0.016863,-0.003143,0.007644
2026-09-17T15:29:03.259179,NORMAL,NORMAL,14.245351,15.499893,-0.267909,0.127097,-0.013953,-0.015365,-0.006089,0.007457
2026-09-17T15:29:03.452294,NORMAL,NORMAL,14.277633,15.499893,-0.268033,0.124098,-0.012869,-0.013908,-0.008414,0.007027
2026-09-17T15:29:03.644131,NORMAL,NORMAL,14.329869,15.499893,-0.268362,0.119601,-0.012174,-0.012348,-0.012079,0.006022
2026-09-17T15:29:03.839274,NORMAL,NORMAL,14.384114,15.499893,-0.268604,0.115296,-0.010371,-0.010960,-0.015546,0.005146
2026-09-17T15:29:04.024750,NORMAL,NORMAL,14.391553,15.499893,-0.268016,0.112522,-0.008645,-0.008936,-0.017258,0.004503
2026-09-17T15:29:04.217206,NORMAL,NORMAL,14.393512,15.499893,-0.267230,0.110707,-0.007833,-0.007486,-0.017530,0.004163
2026-09-17T15:29:04.424031,NORMAL,NORMAL,14.417596,15.499893,-0.265200,0.110031,-0.006664,-0.005206,-0.016907,0.003642
2026-09-17T15:29:04.639633,NORMAL,NORMAL,14.445020,15.499893,-0.265576,0.111537,-0.005436,-0.005333,-0.014783,0.003671
2026-09-17T15:29:04.832977,NORMAL,NORMAL,14.470055,15.499893,-0.264800,0.113388,-0.005142,-0.004091,-0.012335,0.003289
2026-09-17T15:29:05.016931,NORMAL,NORMAL,14.495626,15.499893,-0.261943,0.113002,-0.004594,-0.001213,-0.012120,0.003207
2026-09-17T15:29:05.217142,NORMAL,NORMAL,14.532649,15.499893,-0.256720,0.111223,-0.003551,0.003014,-0.013022,0.003748
2026-09-17T15:29:05.411192,NORMAL,NORMAL,14.578313,15.499893,-0.251596,0.110586,-0.001876,0.006613,-0.012674,0.004309
2026-09-17T15:29:05.599334,NORMAL,NORMAL,14.635645,15.499893,-0.247453,0.111941,0.001660,0.008713,-0.010885,0.004587
2026-09-17T15:29:05.789139,NORMAL,NORMAL,14.699709,15.499893,-0.245353,0.113488,0.003625,0.009059,-0.009120,0.004914
2026-09-17T15:29:05.978071,NORMAL,NORMAL,14.691955,15.499893,-0.243042,0.116308,0.003900,0.009206,-0.005714,0.005247
2026-09-17T15:29:06.209862,NORMAL,NORMAL,14.681343,15.499893,-0.242887,0.116421,0.003988,0.007378,-0.004955,0.005336
2026-09-17T15:29:06.389561,NORMAL,NORMAL,14.658518,15.499893,-0.247494,0.113373,0.003523,0.001620,-0.006532,0.004306
2026-09-17T15:29:06.570417,NORMAL,NORMAL,14.639421,15.499893,-0.252031,0.112975,0.003455,-0.002382,-0.005929,0.003901
2026-09-17T15:29:06.759065,NORMAL,NORMAL,14.637313,15.499893,-0.259078,0.113191,0.003170,-0.007884,-0.004831,0.003489
2026-09-17T15:29:06.950024,NORMAL,NORMAL,14.632417,15.499893,-0.263860,0.112885,0.002558,-0.010909,-0.004807,0.003063
2026-09-17T15:29:07.130188,NORMAL,NORMAL,14.629808,15.499893,-0.267069,0.111051,0.002291,-0.012316,-0.006332,0.002487
2026-09-17T15:29:07.308639,NORMAL,NORMAL,14.629899,15.499893,-0.269703,0.108946,0.001874,-0.013641,-0.007908,0.001600
2026-09-17T15:29:07.511498,NORMAL,NORMAL,14.610466,15.499893,-0.272090,0.106995,-0.000884,-0.014208,-0.008951,0.000166
2026-09-17T15:29:07.713070,NORMAL,NORMAL,14.590923,15.499893,-0.274377,0.105264,-0.003382,-0.014997,-0.009499,-0.001164
2026-09-17T15:29:07.913621,NORMAL,NORMAL,14.602523,15.499893,-0.276550,0.105699,-0.005479,-0.015452,-0.008337,-0.002596
2026-09-17T15:29:08.104815,NORMAL,NORMAL,14.610384,15.499893,-0.276541,0.109855,-0.008008,-0.013969,-0.004232,-0.003183
2026-09-17T15:29:08.300749,NORMAL,NORMAL,14.628989,15.499893,-0.272685,0.116495,-0.010414,-0.010626,0.001335,-0.004019
2026-09-17T15:29:08.492051,NORMAL,NORMAL,14.648307,15.499893,-0.268104,0.121916,-0.011987,-0.007452,0.005467,-0.004448
2026-09-17T15:29:08.695816,NORMAL,NORMAL,14.685677,15.499893,-0.262373,0.127689,-0.015292,-0.003650,0.009566,-0.005169
2026-09-17T15:29:08.892071,NORMAL,NORMAL,14.712152,15.499893,-0.256115,0.130994,-0.018917,-0.000682,0.011409,-0.006038
2026-09-17T15:29:09.079461,NORMAL,NORMAL,14.727809,15.499893,-0.250122,0.132600,-0.021359,0.001922,0.011560,-0.005910
2026-09-17T15:29:09.263919,NORMAL,NORMAL,14.750649,15.499893,-0.244058,0.134654,-0.023300,0.004166,0.012507,-0.005652
2026-09-17T15:29:09.466271,NORMAL,NORMAL,14.711184,15.499893,-0.238071,0.135570,-0.023357,0.006592,0.012504,-0.004769
2026-09-17T15:29:09.647123,NORMAL,NORMAL,14.665524,15.499893,-0.231590,0.136629,-0.021160,0.008390,0.012985,-0.003456
2026-09-17T15:29:09.841968,NORMAL,NORMAL,14.662981,15.499893,-0.230276,0.137229,-0.019883,0.007022,0.013370,-0.002230
2026-09-17T15:29:10.040422,NORMAL,NORMAL,14.660220,15.499893,-0.232856,0.137875,-0.017505,0.002735,0.014030,-0.001053
2026-09-17T15:29:10.229178,NORMAL,NORMAL,14.682150,15.499893,-0.238305,0.137321,-0.015584,-0.002333,0.013221,-0.000312
2026-09-17T15:29:10.420410,NORMAL,NORMAL,14.706149,15.499893,-0.242644,0.137112,-0.015399,-0.005093,0.012943,-0.000330
2026-09-17T15:29:10.613682,NORMAL,NORMAL,14.726078,15.499893,-0.247991,0.138555,-0.016040,-0.007956,0.013650,-0.000470
2026-09-17T15:29:10.799767,NORMAL,NORMAL,14.748344,15.499893,-0.253476,0.140352,-0.016567,-0.009944,0.013582,-0.000420
2026-09-17T15:29:10.987283,NORMAL,NORMAL,14.776403,15.499893,-0.256228,0.140450,-0.016337,-0.010516,0.012441,-0.000084
2026-09-17T15:29:11.169475,NORMAL,NORMAL,14.808598,15.499893,-0.258196,0.140861,-0.017148,-0.010050,0.011739,-0.000261
2026-09-17T15:29:11.349007,NORMAL,NORMAL,14.827663,15.499893,-0.259873,0.142104,-0.021135,-0.009887,0.011965,-0.001655
2026-09-17T15:29:11.529664,NORMAL,NORMAL,14.835991,15.499893,-0.261846,0.142419,-0.025094,-0.010398,0.011587,-0.003087
2026-09-17T15:29:11.716493,NORMAL,NORMAL,14.844534,15.499893,-0.265932,0.142631,-0.028741,-0.013103,0.011136,-0.004093
2026-09-17T15:29:11.909694,NORMAL,NORMAL,14.864534,15.499893,-0.272635,0.143473,-0.031304,-0.017058,0.011124,-0.004207
2026-09-17T15:29:12.099359,NORMAL,NORMAL,14.852442,15.499893,-0.275709,0.144279,-0.031977,-0.017444,0.010759,-0.003691
2026-09-17T15:29:12.288484,NORMAL,NORMAL,14.841394,15.499893,-0.275854,0.144818,-0.031641,-0.015974,0.010327,-0.003233
2026-09-17T15:29:12.488226,NORMAL,NORMAL,14.833903,15.499893,-0.274921,0.145137,-0.030348,-0.013830,0.009630,-0.002234
2026-09-17T15:29:12.672755,NORMAL,NORMAL,14.819585,15.499893,-0.274012,0.144365,-0.030461,-0.012502,0.007697,-0.002229
2026-09-17T15:29:12.866255,NORMAL,NORMAL,14.788912,15.499893,-0.271877,0.143966,-0.031894,-0.010310,0.006746,-0.002710
2026-09-17T15:29:13.086102,NORMAL,NORMAL,14.765138,15.499893,-0.269670,0.145689,-0.032580,-0.008250,0.007768,-0.002130
2026-09-17T15:29:13.330216,NORMAL,NORMAL,14.781426,15.499893,-0.266249,0.147247,-0.030466,-0.005097,0.008064,-0.000302
2026-09-17T15:29:13.517705,NORMAL,NORMAL,14.798767,15.499893,-0.262559,0.147019,-0.028650,-0.002134,0.006597,0.000870
2026-09-17T15:29:13.698303,NORMAL,NORMAL,14.791177,15.499893,-0.262400,0.145274,-0.029076,-0.002055,0.004511,0.001048
2026-09-17T15:29:13.881413,NORMAL,NORMAL,14.777257,15.499893,-0.263969,0.143183,-0.029540,-0.003137,0.002406,0.000835
2026-09-17T15:29:14.061660,NORMAL,NORMAL,14.748268,15.499893,-0.266111,0.139601,-0.028848,-0.003520,-0.000717,0.001130
2026-09-17T15:29:14.238209,NORMAL,NORMAL,14.726440,15.499893,-0.265380,0.134225,-0.028953,-0.001691,-0.004459,0.001286
2026-09-17T15:29:14.431353,NORMAL,NORMAL,14.690664,15.499893,-0.260078,0.127076,-0.030738,0.003157,-0.009092,0.000647
2026-09-17T15:29:14.618316,NORMAL,NORMAL,14.653796,15.499893,-0.252696,0.122284,-0.031134,0.008840,-0.011992,0.000544
2026-09-17T15:29:14.808413,NORMAL,NORMAL,14.612763,15.499893,-0.248135,0.118185,-0.030683,0.011149,-0.013938,0.000431
2026-09-17T15:29:14.994472,NORMAL,NORMAL,14.573190,15.499893,-0.246646,0.114982,-0.030230,0.011250,-0.014727,0.000586
2026-09-17T15:29:15.183730,NORMAL,NORMAL,14.542343,15.499893,-0.245073,0.112389,-0.029714,0.011872,-0.015907,0.000636
2026-09-17T15:29:15.365908,NORMAL,NORMAL,14.501558,15.499893,-0.245173,0.109633,-0.028908,0.010568,-0.017006,0.000936
2026-09-17T15:29:15.550810,NORMAL,NORMAL,14.502807,15.499893,-0.245788,0.107420,-0.028932,0.008898,-0.017772,0.001253
2026-09-17T15:29:15.746047,NORMAL,NORMAL,14.508550,15.499893,-0.245075,0.106301,-0.029602,0.007923,-0.018001,0.000874
2026-09-17T15:29:15.938575,NORMAL,NORMAL,14.479092,15.499893,-0.242987,0.107746,-0.030113,0.007796,-0.016043,0.000664
2026-09-17T15:29:16.142515,NORMAL,NORMAL,14.448699,15.499893,-0.241039,0.111031,-0.030507,0.008341,-0.013005,0.000417
2026-09-17T15:29:16.331337,NORMAL,NORMAL,14.440405,15.499893,-0.241576,0.114194,-0.030371,0.007394,-0.010481,0.000643
2026-09-17T15:29:16.516253,NORMAL,NORMAL,14.428680,15.499893,-0.242799,0.116539,-0.030041,0.006414,-0.008503,0.000964
2026-09-17T15:29:16.721000,NORMAL,NORMAL,14.413791,15.499893,-0.244332,0.119532,-0.029297,0.006016,-0.006432,0.000577
2026-09-17T15:29:16.921015,NORMAL,NORMAL,14.401265,15.499893,-0.245523,0.120079,-0.027456,0.005575,-0.006618,0.000937
2026-09-17T15:29:17.114100,NORMAL,NORMAL,14.410119,15.499893,-0.245402,0.117664,-0.026309,0.005657,-0.008509,0.001100
2026-09-17T15:29:17.304879,NORMAL,NORMAL,14.420168,15.499893,-0.242589,0.116020,-0.025164,0.007944,-0.009431,0.001734
2026-09-17T15:29:17.489625,NORMAL,NORMAL,14.391958,15.499893,-0.240802,0.114520,-0.023974,0.008811,-0.010138,0.002272
2026-09-17T15:29:17.680273,NORMAL,NORMAL,14.354382,15.499893,-0.240997,0.112603,-0.022132,0.008058,-0.010842,0.002746
2026-09-17T15:29:17.863969,NORMAL,NORMAL,14.323480,15.499893,-0.241693,0.109634,-0.018451,0.007388,-0.011526,0.003831
2026-09-17T15:29:18.052444,NORMAL,NORMAL,14.285395,15.499893,-0.241386,0.108566,-0.014777,0.007202,-0.010732,0.005299
2026-09-17T15:29:18.228955,NORMAL,NORMAL,14.308387,15.499893,-0.241599,0.106814,-0.010577,0.006621,-0.010383,0.006998
2026-09-17T15:29:18.406551,NORMAL,NORMAL,14.337690,15.499893,-0.242950,0.105470,-0.008764,0.005484,-0.010132,0.007454
2026-09-17T15:29:18.586676,NORMAL,NORMAL,14.309229,15.499893,-0.246227,0.105492,-0.008877,0.002601,-0.009126,0.007338
2026-09-17T15:29:18.763637,NORMAL,NORMAL,14.278908,15.499893,-0.249321,0.106929,-0.010323,0.000413,-0.006969,0.006652
2026-09-17T15:29:18.956620,NORMAL,NORMAL,14.279730,15.499893,-0.251500,0.110308,-0.011804,-0.001322,-0.003392,0.005755
2026-09-17T15:29:19.147069,NORMAL,NORMAL,14.285494,15.499893,-0.252583,0.115265,-0.014083,-0.001662,0.001546,0.004896
2026-09-17T15:29:19.377227,NORMAL,NORMAL,14.319280,15.499893,-0.253020,0.120228,-0.017649,-0.001622,0.005924,0.003364
2026-09-17T15:29:19.561349,NORMAL,NORMAL,14.353780,15.499893,-0.253072,0.124075,-0.022485,-0.001371,0.008479,0.001750
2026-09-17T15:29:19.750313,NORMAL,NORMAL,14.410554,15.499893,-0.253361,0.124213,-0.025082,-0.001454,0.008073,0.001093
2026-09-17T15:29:19.932386,NORMAL,NORMAL,14.458554,15.499893,-0.254628,0.121288,-0.027808,-0.002691,0.005330,0.000757
2026-09-17T15:29:20.120747,NORMAL,NORMAL,14.461132,15.499893,-0.255099,0.118153,-0.030122,-0.003460,0.003044,-0.000018
2026-09-17T15:29:20.300807,NORMAL,NORMAL,14.471426,15.499893,-0.254088,0.116078,-0.031776,-0.002751,0.001447,-0.000425
2026-09-17T15:29:20.478414,NORMAL,NORMAL,14.522370,15.499893,-0.252820,0.114709,-0.032759,-0.001824,0.000240,-0.000782
2026-09-17T15:29:20.657727,NORMAL,NORMAL,14.571830,15.499893,-0.250709,0.113327,-0.031498,-0.000059,-0.000649,-0.000741
2026-09-17T15:29:20.840128,NORMAL,NORMAL,14.593929,15.499893,-0.248237,0.113190,-0.029804,0.001881,-0.000811,-0.000658
2026-09-17T15:29:21.019468,NORMAL,NORMAL,14.611065,15.499893,-0.245009,0.113386,-0.027014,0.003955,-0.000721,-0.000187
2026-09-17T15:29:21.218579,NORMAL,NORMAL,14.630165,15.499893,-0.244408,0.113134,-0.023995,0.004028,-0.001541,0.000887
2026-09-17T15:29:21.421844,NORMAL,NORMAL,14.647217,15.499893,-0.246407,0.112359,-0.020985,0.001903,-0.002550,0.001503
2026-09-17T15:29:21.617772,NORMAL,NORMAL,14.690836,15.499893,-0.250070,0.113468,-0.020506,-0.001701,-0.001946,0.000820
2026-09-17T15:29:21.807491,NORMAL,NORMAL,14.744025,15.499893,-0.251700,0.116050,-0.021739,-0.003367,-0.000240,0.000101
2026-09-17T15:29:21.998176,NORMAL,NORMAL,14.750492,15.499893,-0.251543,0.115500,-0.022183,-0.003386,-0.001173,-0.000352
2026-09-17T15:29:22.186883,NORMAL,NORMAL,14.749151,15.499893,-0.252277,0.113832,-0.021541,-0.004334,-0.002985,-0.000562
2026-09-17T15:29:22.373614,NORMAL,NORMAL,14.804316,15.499893,-0.254373,0.110903,-0.019550,-0.006056,-0.005431,-0.000352
2026-09-17T15:29:22.586996,NORMAL,NORMAL,14.866303,15.499893,-0.256437,0.108554,-0.015840,-0.007390,-0.006825,0.000434
2026-09-17T15:29:22.773576,NORMAL,NORMAL,14.892093,15.499893,-0.258514,0.108727,-0.011400,-0.008379,-0.006664,0.001531
2026-09-17T15:29:22.964048,NORMAL,NORMAL,14.931425,15.499893,-0.263425,0.111127,-0.005602,-0.011004,-0.004913,0.003377
2026-09-17T15:29:23.143258,NORMAL,NORMAL,14.925793,15.499893,-0.267357,0.114613,-0.000050,-0.012347,-0.001891,0.005020
2026-09-17T15:29:23.325354,NORMAL,NORMAL,14.913929,15.499893,-0.267779,0.117261,0.003152,-0.011327,0.000233,0.005955
2026-09-17T15:29:23.525481,NORMAL,NORMAL,14.884816,15.499893,-0.266540,0.118465,0.004497,-0.009176,0.000778,0.005952
2026-09-17T15:29:23.724336,NORMAL,NORMAL,14.860144,15.499893,-0.263811,0.120488,0.004517,-0.005987,0.001616,0.005763
2026-09-17T15:29:23.918026,NORMAL,NORMAL,14.827965,15.499893,-0.263185,0.121989,0.004211,-0.004517,0.002196,0.005801
2026-09-17T15:29:24.103758,NORMAL,NORMAL,14.795773,15.499893,-0.263701,0.124701,0.002405,-0.003420,0.003382,0.005109
2026-09-17T15:29:24.293264,NORMAL,NORMAL,14.748560,15.499893,-0.265040,0.127619,0.000994,-0.003175,0.004409,0.004492
2026-09-17T15:29:24.480833,NORMAL,NORMAL,14.703437,15.499893,-0.266375,0.130049,-0.000410,-0.003224,0.005136,0.004384
2026-09-17T15:29:24.666513,NORMAL,NORMAL,14.654473,15.499893,-0.264920,0.131258,-0.002013,-0.001447,0.004871,0.004559
2026-09-17T15:29:24.859134,NORMAL,NORMAL,14.603511,15.499893,-0.260277,0.132296,-0.003092,0.002547,0.004925,0.004599
2026-09-17T15:29:25.045729,NORMAL,NORMAL,14.617997,15.499893,-0.257889,0.133114,-0.003019,0.003955,0.005629,0.004952
2026-09-17T15:29:25.225778,NORMAL,NORMAL,14.637187,15.499893,-0.257950,0.133769,-0.002014,0.004042,0.006056,0.005445
2026-09-17T15:29:25.408210,NORMAL,NORMAL,14.630809,15.499893,-0.258194,0.133579,-0.000188,0.003985,0.006225,0.005973
2026-09-17T15:29:25.594131,NORMAL,NORMAL,14.618556,15.499893,-0.259087,0.132408,0.003105,0.002826,0.005525,0.007017
2026-09-17T15:29:25.834035,NORMAL,NORMAL,14.627512,15.499893,-0.260366,0.129835,0.007278,0.001456,0.003091,0.008158
2026-09-17T15:29:26.026308,NORMAL,NORMAL,14.641199,15.499893,-0.260896,0.126227,0.012748,0.001012,-0.000532,0.009484
2026-09-17T15:29:26.218514,NORMAL,NORMAL,14.640707,15.499893,-0.260762,0.124759,0.014354,0.000748,-0.001807,0.009376
2026-09-17T15:29:26.435555,NORMAL,NORMAL,14.633992,15.499893,-0.261553,0.123206,0.014149,0.000105,-0.003119,0.008785
2026-09-17T15:29:26.624818,NORMAL,NORMAL,14.633717,15.499893,-0.264619,0.125363,0.009023,-0.002480,-0.001409,0.006259
2026-09-17T15:29:26.818096,NORMAL,NORMAL,14.635000,15.499893,-0.267071,0.128382,0.004761,-0.004820,0.000260,0.004841
2026-09-17T15:29:27.006514,NORMAL,NORMAL,14.649433,15.499893,-0.268049,0.133379,-0.000456,-0.006124,0.003184,0.002937
2026-09-17T15:29:27.192285,NORMAL,NORMAL,14.670559,15.499893,-0.268309,0.137130,-0.003538,-0.007040,0.005065,0.001743
2026-09-17T15:29:27.407624,NORMAL,NORMAL,14.673695,15.499893,-0.269002,0.138350,-0.005947,-0.007497,0.004924,0.001182
2026-09-17T15:29:27.594675,NORMAL,NORMAL,14.673213,15.499893,-0.269883,0.138497,-0.008244,-0.007554,0.004420,0.000081
2026-09-17T15:29:27.776228,NORMAL,NORMAL,14.686018,15.499893,-0.269211,0.138314,-0.008049,-0.006606,0.004025,-0.000333
2026-09-17T15:29:27.952880,NORMAL,NORMAL,14.700971,15.499893,-0.268306,0.139055,-0.005850,-0.005480,0.004615,0.000230
2026-09-17T15:29:26.100151,NORMAL,NORMAL,14.692320,15.499893,-0.267386,0.139384,-0.003117,-0.004881,0.004952,0.001025
2026-09-17T15:29:26.313257,NORMAL,NORMAL,14.672346,15.499893,-0.265728,0.140226,0.000170,-0.003594,0.005335,0.002002
2026-09-17T15:29:26.497223,NORMAL,NORMAL,14.707500,15.499893,-0.262956,0.141404,0.002928,-0.002069,0.005643,0.002571
2026-09-17T15:29:26.680746,NORMAL,NORMAL,14.754248,15.499893,-0.260812,0.143883,0.003131,-0.001038,0.006789,0.002247
2026-09-17T15:29:26.868468,NORMAL,NORMAL,14.736391,15.499893,-0.262175,0.144714,0.004216,-0.002453,0.006185,0.002315
2026-09-17T15:29:27.074592,NORMAL,NORMAL,14.715067,15.499893,-0.266405,0.144758,0.005762,-0.006204,0.004844,0.002394
2026-09-17T15:29:27.258655,NORMAL,NORMAL,14.717861,15.499893,-0.271318,0.142630,0.006353,-0.009658,0.002010,0.002151
2026-09-17T15:29:27.437267,NORMAL,NORMAL,14.727869,15.499893,-0.275364,0.139560,0.005877,-0.011669,-0.000345,0.001546
2026-09-17T15:29:27.619338,NORMAL,NORMAL,14.715862,15.499893,-0.278031,0.138273,0.005231,-0.012563,-0.000765,0.001299
2026-09-17T15:29:27.798199,NORMAL,NORMAL,14.705193,15.499893,-0.280777,0.136850,0.006553,-0.013615,-0.001168,0.001890
2026-09-17T15:29:27.973145,NORMAL,NORMAL,14.710345,15.499893,-0.283358,0.134787,0.008870,-0.015207,-0.002188,0.002554
2026-09-17T15:29:28.152202,NORMAL,NORMAL,14.713709,15.499893,-0.285612,0.131758,0.011060,-0.016185,-0.003908,0.003540
2026-09-17T15:29:28.340704,NORMAL,NORMAL,14.694973,15.499893,-0.286498,0.129161,0.013303,-0.015778,-0.004988,0.004124
2026-09-17T15:29:28.528128,NORMAL,NORMAL,14.672280,15.499893,-0.285637,0.128006,0.013603,-0.014541,-0.005444,0.004263
2026-09-17T15:29:28.715534,NORMAL,NORMAL,14.636115,15.499893,-0.283640,0.126835,0.012655,-0.012999,-0.005954,0.003782
2026-09-17T15:29:28.902950,NORMAL,NORMAL,14.590539,15.499893,-0.280875,0.125736,0.012139,-0.010961,-0.006407,0.004079
2026-09-17T15:29:29.102924,NORMAL,NORMAL,14.615245,15.499893,-0.276456,0.124934,0.009758,-0.008794,-0.006034,0.003471
2026-09-17T15:29:29.297270,NORMAL,NORMAL,14.646141,15.499893,-0.272509,0.126545,0.007221,-0.006758,-0.004113,0.003209
2026-09-17T15:29:29.495003,NORMAL,NORMAL,14.657977,15.499893,-0.268556,0.128564,0.005632,-0.004566,-0.002520,0.003363
2026-09-17T15:29:29.688298,NORMAL,NORMAL,14.664169,15.499893,-0.265531,0.129139,0.003498,-0.002940,-0.002402,0.003295
2026-09-17T15:29:29.879969,NORMAL,NORMAL,14.707615,15.499893,-0.261712,0.130221,0.001583,-0.000683,-0.002024,0.002904
2026-09-17T15:29:30.072842,NORMAL,NORMAL,14.751334,15.499893,-0.257824,0.131000,-0.000346,0.001555,-0.002116,0.002347
2026-09-17T15:29:30.304113,NORMAL,NORMAL,14.713006,15.499893,-0.254695,0.132593,-0.003731,0.003705,-0.001337,0.001209
2026-09-17T15:29:30.492665,NORMAL,NORMAL,14.672440,15.499893,-0.254165,0.133624,-0.008971,0.004035,-0.001006,-0.000556
2026-09-17T15:29:30.697971,NORMAL,NORMAL,14.699726,15.499893,-0.256114,0.134917,-0.012353,0.002779,0.000135,-0.001352
2026-09-17T15:29:30.896129,NORMAL,NORMAL,14.734460,15.499893,-0.258542,0.137768,-0.015381,0.000810,0.002276,-0.001829
2026-09-17T15:29:31.106608,NORMAL,NORMAL,14.724062,15.499893,-0.260337,0.138722,-0.018144,-0.000822,0.002639,-0.002040
2026-09-17T15:29:31.316672,NORMAL,NORMAL,14.707933,15.499893,-0.259186,0.138171,-0.018300,-0.000104,0.001886,-0.001869
2026-09-17T15:29:31.521429,NORMAL,NORMAL,14.707325,15.499893,-0.255532,0.137960,-0.016459,0.002650,0.001545,-0.001367
2026-09-17T15:29:31.730762,NORMAL,NORMAL,14.702179,15.499893,-0.247967,0.136747,-0.011575,0.007144,0.000632,0.000021
2026-09-17T15:29:31.935863,NORMAL,NORMAL,14.669193,15.499893,-0.243646,0.133976,-0.006648,0.008613,-0.001250,0.000846
2026-09-17T15:29:32.140780,NORMAL,NORMAL,14.640297,15.499893,-0.243272,0.129313,-0.003371,0.007288,-0.004435,0.001672
2026-09-17T15:29:32.335821,NORMAL,NORMAL,14.618957,15.499893,-0.245278,0.124221,-0.001174,0.004936,-0.008024,0.001880
2026-09-17T15:29:32.524751,NORMAL,NORMAL,14.604201,15.499893,-0.248478,0.120600,0.000410,0.002798,-0.010278,0.001759
2026-09-17T15:29:32.716744,NORMAL,NORMAL,14.594022,15.499893,-0.251555,0.119296,0.002386,0.001336,-0.009819,0.002163
2026-09-17T15:29:32.899772,NORMAL,NORMAL,14.585034,15.499893,-0.254287,0.120172,0.005330,-0.000260,-0.008235,0.002977
2026-09-17T15:29:33.108137,NORMAL,NORMAL,14.572311,15.499893,-0.256914,0.123377,0.008010,-0.002293,-0.004952,0.003598
2026-09-17T15:29:33.303070,NORMAL,NORMAL,14.567333,15.499893,-0.258940,0.125992,0.010280,-0.003547,-0.001950,0.004682
2026-09-17T15:29:33.520582,NORMAL,NORMAL,14.532460,15.499893,-0.261488,0.127293,0.011860,-0.004628,-0.000628,0.004897
2026-09-17T15:29:33.799390,NORMAL,NORMAL,14.506387,15.499893,-0.263140,0.128853,0.010417,-0.005906,0.000806,0.004201
2026-09-17T15:29:33.994807,NORMAL,NORMAL,14.519807,15.499893,-0.262096,0.130889,0.006598,-0.006555,0.002110,0.002382
2026-09-17T15:29:34.197307,NORMAL,NORMAL,14.537098,15.499893,-0.258872,0.131944,0.002801,-0.005397,0.002532,0.000882
2026-09-17T15:29:34.432775,NORMAL,NORMAL,14.576213,15.499893,-0.257580,0.134410,-0.000306,-0.005840,0.004304,0.000206
2026-09-17T15:29:34.630600,NORMAL,NORMAL,14.613534,15.499893,-0.258830,0.139387,-0.002994,-0.007801,0.007554,-0.000624
2026-09-17T15:29:34.835304,NORMAL,NORMAL,14.621840,15.499893,-0.259172,0.141616,-0.005837,-0.008847,0.008447,-0.001191
2026-09-17T15:29:35.025125,NORMAL,NORMAL,14.629561,15.499893,-0.259739,0.139807,-0.008169,-0.009584,0.006174,-0.001554
2026-09-17T15:29:35.225434,NORMAL,NORMAL,14.647929,15.499893,-0.259719,0.136771,-0.007564,-0.009661,0.003874,-0.000766
2026-09-17T15:29:35.419243,NORMAL,NORMAL,14.669255,15.499893,-0.259085,0.134857,-0.006014,-0.009376,0.002894,0.000033
2026-09-17T15:29:35.642903,NORMAL,NORMAL,14.675107,15.499893,-0.258498,0.134843,-0.002515,-0.009293,0.003556,0.001750
2026-09-17T15:29:35.882034,NORMAL,NORMAL,14.678655,15.499893,-0.258269,0.135781,0.002132,-0.009423,0.004484,0.003820
2026-09-17T15:29:36.092415,NORMAL,NORMAL,14.727673,15.499893,-0.258038,0.133314,0.005841,-0.008802,0.001628,0.005434
2026-09-17T15:29:36.302161,NORMAL,NORMAL,14.789780,15.499893,-0.256588,0.128491,0.007818,-0.007003,-0.002908,0.005917
2026-09-17T15:29:36.507309,NORMAL,NORMAL,14.814113,15.499893,-0.256183,0.125747,0.008134,-0.006661,-0.004961,0.005642
2026-09-17T15:29:36.718003,NORMAL,NORMAL,14.838379,15.499893,-0.255911,0.122648,0.008516,-0.007039,-0.006833,0.005233
2026-09-17T15:29:36.921657,NORMAL,NORMAL,14.856626,15.499893,-0.253845,0.119173,0.009613,-0.005970,-0.008371,0.004735
2026-09-17T15:29:37.214927,NORMAL,NORMAL,14.859417,15.499893,-0.253653,0.116182,0.009080,-0.005530,-0.008940,0.004160
2026-09-17T15:29:37.449563,NORMAL,NORMAL,14.867418,15.499893,-0.256196,0.114164,0.008508,-0.007663,-0.008782,0.003705
2026-09-17T15:29:37.691172,NORMAL,NORMAL,14.879013,15.499893,-0.256189,0.116155,0.006802,-0.007369,-0.005804,0.002862
2026-09-17T15:29:37.911867,NORMAL,NORMAL,14.926855,15.499893,-0.254906,0.117841,0.002971,-0.006164,-0.004015,0.001210
2026-09-17T15:29:38.138113,NORMAL,NORMAL,14.978310,15.499893,-0.253784,0.118369,0.001456,-0.005674,-0.002850,0.000626
2026-09-17T15:29:38.377902,NORMAL,NORMAL,14.916109,15.499893,-0.251909,0.117126,0.002872,-0.004113,-0.003325,0.000930
2026-09-17T15:29:38.616385,NORMAL,NORMAL,14.842102,15.499893,-0.250938,0.118316,0.004594,-0.002785,-0.001337,0.001335
2026-09-17T15:29:38.840719,NORMAL,NORMAL,14.846973,15.499893,-0.253271,0.122691,0.005883,-0.004011,0.002685,0.002088
2026-09-17T15:29:39.108355,NORMAL,NORMAL,14.851093,15.499893,-0.254709,0.125854,0.005561,-0.004105,0.005419,0.001930
2026-09-17T15:29:39.358025,NORMAL,NORMAL,14.872885,15.499893,-0.250741,0.126685,0.004379,-0.001184,0.005521,0.001206
2026-09-17T15:29:39.607489,NORMAL,NORMAL,14.899729,15.499893,-0.244857,0.127397,0.008070,0.002799,0.005537,0.002952
2026-09-17T15:29:39.838982,NORMAL,NORMAL,14.897716,15.499893,-0.239295,0.127081,0.011591,0.006639,0.004420,0.004137
2026-09-17T15:29:40.048218,NORMAL,NORMAL,14.889635,15.499893,-0.236315,0.125739,0.012497,0.007917,0.002581,0.004070
2026-09-17T15:29:40.248829,NORMAL,NORMAL,14.897058,15.499893,-0.234141,0.125694,0.012161,0.008768,0.001765,0.003742
2026-09-17T15:29:40.444101,NORMAL,NORMAL,14.896178,15.499893,-0.232459,0.128721,0.010211,0.009301,0.003350,0.003142
2026-09-17T15:29:40.640883,NORMAL,NORMAL,14.906326,15.499893,-0.232290,0.131198,0.008578,0.008498,0.004183,0.002251
2026-09-17T15:29:40.830678,NORMAL,NORMAL,14.911456,15.499893,-0.233119,0.132751,0.006069,0.006883,0.004647,0.001096
2026-09-17T15:29:41.049744,NORMAL,NORMAL,14.941710,15.499893,-0.231869,0.132846,0.001774,0.006962,0.004291,-0.000687
2026-09-17T15:29:41.259548,NORMAL,NORMAL,14.977542,15.499893,-0.229327,0.131307,-0.001960,0.007513,0.002561,-0.002296
2026-09-17T15:29:41.465720,NORMAL,NORMAL,14.941005,15.499893,-0.226395,0.126096,-0.005860,0.008580,-0.001787,-0.004117
2026-09-17T15:29:41.664972,NORMAL,NORMAL,14.899534,15.499893,-0.224090,0.119405,-0.007661,0.009157,-0.006888,-0.004645
2026-09-17T15:29:41.916632,NORMAL,NORMAL,14.838012,15.499893,-0.220589,0.115039,-0.007653,0.011426,-0.009895,-0.004658
2026-09-17T15:29:42.121573,NORMAL,NORMAL,14.766420,15.499893,-0.215663,0.111602,-0.006833,0.014197,-0.011953,-0.003699
2026-09-17T15:29:42.319192,NORMAL,NORMAL,14.739034,15.499893,-0.211978,0.105293,-0.006370,0.015273,-0.016516,-0.003164
2026-09-17T15:29:42.516354,NORMAL,NORMAL,14.703142,15.499893,-0.211376,0.102359,-0.005165,0.014143,-0.018444,-0.002396
2026-09-17T15:29:42.709895,NORMAL,NORMAL,14.690118,15.499893,-0.214276,0.099757,-0.002248,0.010775,-0.020213,-0.001216
2026-09-17T15:29:42.899791,NORMAL,NORMAL,14.688584,15.499893,-0.219525,0.098284,0.002354,0.006404,-0.021347,0.000246
2026-09-17T15:29:43.090773,NORMAL,NORMAL,14.636693,15.499893,-0.223319,0.098145,0.007220,0.003846,-0.021290,0.001858
2026-09-17T15:29:43.275657,NORMAL,NORMAL,14.599543,15.499893,-0.224168,0.102307,0.010990,0.004037,-0.017500,0.002865
2026-09-17T15:29:43.484484,NORMAL,NORMAL,14.549157,15.499893,-0.223502,0.105941,0.013419,0.005173,-0.014515,0.003476
2026-09-17T15:29:43.686959,NORMAL,NORMAL,14.491473,15.499893,-0.224796,0.107110,0.014894,0.004240,-0.013368,0.003790
2026-09-17T15:29:43.879673,NORMAL,NORMAL,14.471131,15.499893,-0.227477,0.107678,0.014706,0.002547,-0.012965,0.003867
2026-09-17T15:29:44.075719,NORMAL,NORMAL,14.457214,15.499893,-0.229820,0.108106,0.012281,0.001262,-0.012418,0.003217
2026-09-17T15:29:44.279715,NORMAL,NORMAL,14.449237,15.499893,-0.231516,0.111224,0.009338,0.000458,-0.009710,0.002581
2026-09-17T15:29:44.473232,NORMAL,NORMAL,14.449043,15.499893,-0.232699,0.116219,0.005753,-0.000622,-0.006419,0.001649
2026-09-17T15:29:44.677069,NORMAL,NORMAL,14.404591,15.499893,-0.236463,0.120926,0.002942,-0.004180,-0.003289,0.001006
2026-09-17T15:29:44.907007,NORMAL,NORMAL,14.352018,15.499893,-0.240085,0.124190,0.000226,-0.007008,-0.001382,0.000717
2026-09-17T15:29:45.095351,NORMAL,NORMAL,14.325523,15.499893,-0.241101,0.125515,-0.001275,-0.007162,-0.001252,0.000532
2026-09-17T15:29:45.287169,NORMAL,NORMAL,14.293411,15.499893,-0.239885,0.125437,-0.000500,-0.005253,-0.001783,0.000385
2026-09-17T15:29:45.487843,NORMAL,NORMAL,14.332730,15.499893,-0.236477,0.125381,-0.000187,-0.001997,-0.001798,0.000478
2026-09-17T15:29:45.682590,NORMAL,NORMAL,14.378071,15.499893,-0.233269,0.126628,0.000734,0.000782,-0.001140,0.000538
2026-09-17T15:29:45.884710,NORMAL,NORMAL,14.425617,15.499893,-0.231711,0.129725,0.002732,0.002577,0.001251,0.001357
2026-09-17T15:29:46.091596,NORMAL,NORMAL,14.490370,15.499893,-0.229162,0.132863,0.003006,0.005399,0.003319,0.001670
2026-09-17T15:29:46.288361,NORMAL,NORMAL,14.526770,15.499893,-0.224324,0.133067,0.002690,0.009203,0.002369,0.001692
2026-09-17T15:29:46.488467,NORMAL,NORMAL,14.563147,15.499893,-0.218183,0.130555,0.004130,0.012403,-0.000228,0.002805
2026-09-17T15:29:46.683428,NORMAL,NORMAL,14.584385,15.499893,-0.212914,0.127335,0.006313,0.014335,-0.003178,0.004157
2026-09-17T15:29:46.868742,NORMAL,NORMAL,14.595787,15.499893,-0.210186,0.124747,0.008271,0.014608,-0.005061,0.004977
2026-09-17T15:29:47.055251,NORMAL,NORMAL,14.597108,15.499893,-0.208611,0.122985,0.010059,0.013589,-0.005913,0.005618
2026-09-17T15:29:47.246612,NORMAL,NORMAL,14.599057,15.499893,-0.207151,0.119684,0.011733,0.012662,-0.007308,0.006103
2026-09-17T15:29:47.430638,NORMAL,NORMAL,14.610296,15.499893,-0.205129,0.117575,0.013540,0.013252,-0.007391,0.006359
2026-09-17T15:29:47.607701,NORMAL,NORMAL,14.626981,15.499893,-0.203925,0.115334,0.015412,0.014379,-0.007839,0.006724
2026-09-17T15:29:47.786524,NORMAL,NORMAL,14.604378,15.499893,-0.204758,0.112785,0.015610,0.014155,-0.009088,0.006696
2026-09-17T15:29:47.966791,NORMAL,NORMAL,14.579390,15.499893,-0.205543,0.110934,0.014465,0.014667,-0.009810,0.005769
2026-09-17T15:29:48.167451,NORMAL,NORMAL,14.537127,15.499893,-0.206961,0.109924,0.012153,0.014087,-0.009986,0.004699
2026-09-17T15:29:48.374371,NORMAL,NORMAL,14.497495,15.499893,-0.207921,0.110757,0.009938,0.013835,-0.008361,0.003975
2026-09-17T15:29:48.576661,NORMAL,NORMAL,14.508949,15.499893,-0.208439,0.112078,0.006353,0.013524,-0.006705,0.003228
2026-09-17T15:29:48.774951,NORMAL,NORMAL,14.523406,15.499893,-0.211764,0.113436,0.002011,0.010675,-0.005969,0.002415
2026-09-17T15:29:48.971786,NORMAL,NORMAL,14.531548,15.499893,-0.219864,0.114527,-0.000783,0.004823,-0.005313,0.002148
2026-09-17T15:29:49.180707,NORMAL,NORMAL,14.537975,15.499893,-0.228587,0.115604,-0.004619,-0.000312,-0.004672,0.001118
2026-09-17T15:29:49.373282,NORMAL,NORMAL,14.515378,15.499893,-0.235777,0.117224,-0.008888,-0.004107,-0.003756,0.000007
2026-09-17T15:29:49.560393,NORMAL,NORMAL,14.492064,15.499893,-0.242291,0.119078,-0.010325,-0.006832,-0.003300,0.000231
2026-09-17T15:29:49.749061,NORMAL,NORMAL,14.469794,15.499893,-0.249687,0.122081,-0.011052,-0.010832,-0.001937,0.000228
2026-09-17T15:29:49.929121,NORMAL,NORMAL,14.447356,15.499893,-0.256473,0.125105,-0.012027,-0.014255,-0.000500,-0.000217
2026-09-17T15:29:50.117005,NORMAL,NORMAL,14.416439,15.499893,-0.263523,0.128190,-0.014037,-0.017353,0.001458,-0.000608
2026-09-17T15:29:50.299956,NORMAL,NORMAL,14.379097,15.499893,-0.267256,0.130580,-0.015532,-0.018576,0.003094,-0.000448
2026-09-17T15:29:50.489371,NORMAL,NORMAL,14.392168,15.499893,-0.266844,0.133274,-0.017264,-0.016624,0.004950,-0.000407
2026-09-17T15:29:50.688861,NORMAL,NORMAL,14.402224,15.499893,-0.264285,0.134927,-0.017963,-0.013850,0.005569,-0.000465
2026-09-17T15:29:50.877905,NORMAL,NORMAL,14.434903,15.499893,-0.260607,0.137106,-0.017128,-0.011046,0.006632,-0.000233
2026-09-17T15:29:51.059126,NORMAL,NORMAL,14.457216,15.499893,-0.257636,0.138929,-0.016429,-0.009238,0.007592,-0.000184
2026-09-17T15:29:51.253029,NORMAL,NORMAL,14.470622,15.499893,-0.257337,0.140974,-0.018098,-0.009569,0.007827,-0.001390
2026-09-17T15:29:51.481210,NORMAL,NORMAL,14.486756,15.499893,-0.257997,0.144057,-0.020830,-0.010119,0.008512,-0.003047
2026-09-17T15:29:51.671372,NORMAL,NORMAL,14.523264,15.499893,-0.257841,0.149917,-0.023272,-0.009310,0.010771,-0.003899
2026-09-17T15:29:51.854701,NORMAL,NORMAL,14.570283,15.499893,-0.254919,0.156537,-0.025846,-0.006822,0.014140,-0.004626
2026-09-17T15:29:52.078569,NORMAL,NORMAL,14.632239,15.499893,-0.252208,0.162983,-0.028433,-0.004737,0.017212,-0.005572
2026-09-17T15:29:52.287292,NORMAL,NORMAL,14.696207,15.499893,-0.250078,0.166414,-0.030311,-0.003145,0.017682,-0.005869
2026-09-17T15:29:52.467838,NORMAL,NORMAL,14.722835,15.499893,-0.246248,0.166715,-0.032618,-0.000023,0.015735,-0.006666
2026-09-17T15:29:52.641336,NORMAL,NORMAL,14.752653,15.499893,-0.242987,0.166606,-0.034506,0.002825,0.014813,-0.006887
2026-09-17T15:29:52.833438,NORMAL,NORMAL,14.763302,15.499893,-0.240764,0.166007,-0.035189,0.005264,0.013649,-0.006525
2026-09-17T15:29:53.067664,NORMAL,NORMAL,14.771842,15.499893,-0.239945,0.164851,-0.035203,0.006719,0.011838,-0.006445
2026-09-17T15:29:53.255911,NORMAL,NORMAL,14.801353,15.499893,-0.239131,0.164914,-0.036072,0.008475,0.011549,-0.006570
2026-09-17T15:29:53.439316,NORMAL,NORMAL,14.831427,15.499893,-0.237308,0.163802,-0.038204,0.010659,0.011126,-0.007007
2026-09-17T15:29:53.621350,NORMAL,NORMAL,14.857691,15.499893,-0.235809,0.163498,-0.040204,0.011989,0.011056,-0.007502
2026-09-17T15:29:53.803281,NORMAL,NORMAL,14.875473,15.499893,-0.234901,0.162892,-0.043451,0.012561,0.010450,-0.008114
2026-09-17T15:29:53.986643,NORMAL,NORMAL,14.914223,15.499893,-0.232986,0.161253,-0.045902,0.013625,0.009090,-0.008798
2026-09-17T15:29:54.174732,NORMAL,NORMAL,14.954769,15.499893,-0.231575,0.158277,-0.049325,0.014030,0.006736,-0.009156
2026-09-17T15:29:54.350639,NORMAL,NORMAL,14.977133,15.499893,-0.231947,0.155490,-0.051326,0.013255,0.004891,-0.008758
2026-09-17T15:29:54.562310,NORMAL,NORMAL,15.006339,15.499893,-0.233913,0.151986,-0.053078,0.011400,0.002359,-0.008638
2026-09-17T15:29:54.739124,NORMAL,NORMAL,15.025542,15.499893,-0.235341,0.147059,-0.055140,0.009322,-0.000004,-0.008362
2026-09-17T15:29:54.912238,NORMAL,NORMAL,15.038604,15.499893,-0.234406,0.144874,-0.055726,0.008919,-0.000650,-0.008207
2026-09-17T15:29:55.100212,NORMAL,NORMAL,15.036629,15.499893,-0.231593,0.144037,-0.055738,0.010195,-0.000472,-0.008002
2026-09-17T15:29:55.288626,NORMAL,NORMAL,15.039407,15.499893,-0.226331,0.144055,-0.055281,0.012713,0.000113,-0.007585
2026-09-17T15:29:55.477666,NORMAL,NORMAL,15.004585,15.499893,-0.222790,0.142978,-0.054282,0.013903,-0.000744,-0.006710
2026-09-17T15:29:55.669399,NORMAL,NORMAL,14.966368,15.499893,-0.222137,0.141903,-0.053474,0.013164,-0.001562,-0.006269
2026-09-17T15:29:55.865676,NORMAL,NORMAL,14.957843,15.499893,-0.223193,0.140462,-0.051737,0.011773,-0.002517,-0.005638
2026-09-17T15:29:56.065676,NORMAL,NORMAL,14.961203,15.499893,-0.224669,0.139487,-0.050460,0.010173,-0.002166,-0.005086
2026-09-17T15:29:56.245086,NORMAL,NORMAL,14.954352,15.499893,-0.226975,0.140308,-0.048926,0.007948,0.000373,-0.004230
2026-09-17T15:29:56.427670,NORMAL,NORMAL,14.955663,15.499893,-0.227598,0.142558,-0.047584,0.007101,0.003575,-0.003732
2026-09-17T15:29:56.608819,NORMAL,NORMAL,14.959151,15.499893,-0.228775,0.146837,-0.046536,0.005900,0.007614,-0.003406
2026-09-17T15:29:56.784833,NORMAL,NORMAL,14.969347,15.499893,-0.229451,0.149339,-0.044343,0.005258,0.009445,-0.002850
2026-09-17T15:29:56.962686,NORMAL,NORMAL,14.976717,15.499893,-0.230319,0.150552,-0.042902,0.003951,0.010320,-0.002334
2026-09-17T15:29:57.137485,NORMAL,NORMAL,14.989331,15.499893,-0.231835,0.149585,-0.040286,0.001862,0.008914,-0.001505
2026-09-17T15:29:57.326107,NORMAL,NORMAL,14.997759,15.499893,-0.233728,0.148209,-0.037776,0.000066,0.006961,-0.001040
2026-09-17T15:29:57.513870,NORMAL,NORMAL,15.003150,15.499893,-0.236718,0.147148,-0.036110,-0.001669,0.005159,-0.000627
2026-09-17T15:29:57.709413,NORMAL,NORMAL,14.945115,15.499893,-0.241037,0.145552,-0.034121,-0.003371,0.003126,-0.000081
2026-09-17T15:29:57.894177,NORMAL,NORMAL,14.879902,15.499893,-0.242121,0.140676,-0.031173,-0.002732,-0.001120,0.001141
2026-09-17T15:29:58.083790,NORMAL,NORMAL,14.838535,15.499893,-0.240879,0.133344,-0.028316,-0.002046,-0.006563,0.001770
2026-09-17T15:29:58.277915,NORMAL,NORMAL,14.792462,15.499893,-0.239033,0.127845,-0.026561,-0.001137,-0.009841,0.002030
2026-09-17T15:29:56.341750,NORMAL,NORMAL,14.771255,15.499893,-0.235666,0.123638,-0.024712,0.000222,-0.011599,0.002276
2026-09-17T15:29:56.528875,NORMAL,NORMAL,14.754505,15.499893,-0.233967,0.121567,-0.023295,0.000501,-0.011784,0.002092
2026-09-17T15:29:56.714549,NORMAL,NORMAL,14.717645,15.499893,-0.235711,0.121783,-0.021449,-0.001941,-0.009669,0.001929
2026-09-17T15:29:56.947293,NORMAL,NORMAL,14.679152,15.499893,-0.238977,0.121980,-0.020465,-0.004322,-0.008274,0.001741
2026-09-17T15:29:57.125767,NORMAL,NORMAL,14.699915,15.499893,-0.243301,0.121446,-0.020302,-0.006649,-0.007813,0.001255
2026-09-17T15:29:57.307639,NORMAL,NORMAL,14.720447,15.499893,-0.246072,0.120686,-0.021361,-0.008187,-0.008016,0.000379
2026-09-17T15:29:57.506238,NORMAL,NORMAL,14.672371,15.499893,-0.248348,0.118595,-0.022200,-0.009286,-0.009629,0.000127
2026-09-17T15:29:57.696908,NORMAL,NORMAL,14.612846,15.499893,-0.248156,0.116270,-0.021722,-0.008111,-0.010588,0.000343
2026-09-17T15:29:57.885400,NORMAL,NORMAL,14.609732,15.499893,-0.247709,0.116273,-0.021670,-0.006923,-0.009217,0.000547
2026-09-17T15:29:58.078622,NORMAL,NORMAL,14.614461,15.499893,-0.249247,0.116026,-0.021512,-0.007078,-0.008583,0.000807
2026-09-17T15:29:58.268783,NORMAL,NORMAL,14.603813,15.499893,-0.250206,0.114828,-0.019825,-0.006325,-0.009354,0.001501
2026-09-17T15:29:58.456610,NORMAL,NORMAL,14.586628,15.499893,-0.250368,0.115009,-0.016796,-0.004814,-0.008911,0.002349
2026-09-17T15:29:58.640502,NORMAL,NORMAL,14.510071,15.499893,-0.250841,0.114701,-0.015041,-0.004244,-0.008993,0.002763
2026-09-17T15:29:58.824234,NORMAL,NORMAL,14.428581,15.499893,-0.250707,0.115705,-0.013561,-0.002923,-0.007393,0.002807
2026-09-17T15:29:59.002493,NORMAL,NORMAL,14.385632,15.499893,-0.251294,0.118998,-0.012034,-0.002651,-0.004269,0.002947
2026-09-17T15:29:59.181920,NORMAL,NORMAL,14.349275,15.499893,-0.253388,0.123209,-0.009573,-0.003620,-0.001132,0.003786
2026-09-17T15:29:59.357083,NORMAL,NORMAL,14.365243,15.499893,-0.255835,0.126096,-0.006867,-0.004970,0.000381,0.004283
2026-09-17T15:29:59.536754,NORMAL,NORMAL,14.381100,15.499893,-0.259195,0.127292,-0.004666,-0.007204,0.000686,0.004923
2026-09-17T15:29:59.736721,NORMAL,NORMAL,14.399509,15.499893,-0.260447,0.125805,-0.002473,-0.006998,-0.001316,0.005432
2026-09-17T15:29:59.942529,NORMAL,NORMAL,14.406834,15.499893,-0.262121,0.124937,-0.000628,-0.007314,-0.002230,0.006010
2026-09-17T15:30:00.130464,NORMAL,NORMAL,14.416821,15.499893,-0.262411,0.125831,0.000943,-0.006615,-0.001492,0.006359
2026-09-17T15:30:00.322673,NORMAL,NORMAL,14.430366,15.499893,-0.261538,0.125802,0.001967,-0.005241,-0.001814,0.006510
2026-09-17T15:30:00.528293,NORMAL,NORMAL,14.463296,15.499893,-0.261635,0.124230,0.002661,-0.004585,-0.003352,0.006907
2026-09-17T15:30:00.718232,NORMAL,NORMAL,14.492912,15.499893,-0.261426,0.123373,0.002485,-0.004220,-0.004344,0.006346
2026-09-17T15:30:00.907116,NORMAL,NORMAL,14.476880,15.499893,-0.259242,0.123852,-0.000685,-0.002918,-0.004388,0.004643
2026-09-17T15:30:01.104827,NORMAL,NORMAL,14.456285,15.499893,-0.259643,0.126335,-0.006762,-0.004035,-0.003140,0.001972
2026-09-17T15:30:01.307845,NORMAL,NORMAL,14.437687,15.499893,-0.260618,0.128781,-0.011421,-0.005357,-0.002108,0.000293
2026-09-17T15:30:01.508835,NORMAL,NORMAL,14.425665,15.499893,-0.260956,0.131675,-0.015352,-0.006674,-0.000880,-0.000976
2026-09-17T15:30:01.741635,NORMAL,NORMAL,14.435799,15.499893,-0.258733,0.133993,-0.015269,-0.005719,0.000024,-0.000820
2026-09-17T15:30:01.928312,NORMAL,NORMAL,14.445951,15.499893,-0.256095,0.137029,-0.013100,-0.004238,0.001543,-0.000075
2026-09-17T15:30:02.139436,NORMAL,NORMAL,14.429953,15.499893,-0.255852,0.139634,-0.012302,-0.004437,0.002278,-0.000052
2026-09-17T15:30:02.344645,NORMAL,NORMAL,14.409697,15.499893,-0.258327,0.142661,-0.010754,-0.005847,0.004150,0.000244
2026-09-17T15:30:02.544062,NORMAL,NORMAL,14.476108,15.499893,-0.257968,0.145697,-0.010111,-0.004274,0.006128,0.000273
2026-09-17T15:30:02.750570,NORMAL,NORMAL,14.545498,15.499893,-0.255688,0.149335,-0.013498,-0.001443,0.008008,-0.001172
2026-09-17T15:30:02.958232,NORMAL,NORMAL,14.555300,15.499893,-0.253715,0.152264,-0.018936,0.000675,0.008375,-0.003363
2026-09-17T15:30:03.163737,NORMAL,NORMAL,14.570534,15.499893,-0.251116,0.153469,-0.021987,0.003024,0.008076,-0.004296
2026-09-17T15:30:03.348009,NORMAL,NORMAL,14.589456,15.499893,-0.247554,0.154734,-0.022756,0.005656,0.008058,-0.003982
2026-09-17T15:30:03.544178,NORMAL,NORMAL,14.609694,15.499893,-0.243983,0.154080,-0.022661,0.007847,0.006387,-0.003440
2026-09-17T15:30:03.729497,NORMAL,NORMAL,14.638859,15.499893,-0.241145,0.152808,-0.022749,0.009038,0.005248,-0.003783
2026-09-17T15:30:03.921516,NORMAL,NORMAL,14.677371,15.499893,-0.239717,0.150713,-0.021469,0.009354,0.004195,-0.003510
2026-09-17T15:30:04.116878,NORMAL,NORMAL,14.689274,15.499893,-0.241061,0.149211,-0.017395,0.007638,0.003828,-0.002287
2026-09-17T15:30:04.303681,NORMAL,NORMAL,14.696411,15.499893,-0.244041,0.149819,-0.013162,0.005086,0.005418,-0.001225
2026-09-17T15:30:04.500734,NORMAL,NORMAL,14.719387,15.499893,-0.247168,0.151579,-0.010363,0.003069,0.007113,-0.000545
2026-09-17T15:30:04.699037,NORMAL,NORMAL,14.740604,15.499893,-0.247910,0.153508,-0.008803,0.003379,0.008527,-0.000443
2026-09-17T15:30:04.904309,NORMAL,NORMAL,14.735599,15.499893,-0.245531,0.155267,-0.007448,0.004554,0.009639,0.000393
2026-09-17T15:30:05.102702,NORMAL,NORMAL,14.728592,15.499893,-0.241852,0.157186,-0.006191,0.006483,0.010918,0.000436
2026-09-17T15:30:05.323302,NORMAL,NORMAL,14.796560,15.499893,-0.238466,0.160805,-0.006278,0.007970,0.013126,-0.000126
2026-09-17T15:30:05.507648,NORMAL,NORMAL,14.854110,15.499893,-0.236706,0.162629,-0.003272,0.008259,0.013804,0.000598
2026-09-17T15:30:05.688525,NORMAL,NORMAL,14.839102,15.499893,-0.236868,0.162184,-0.001611,0.007148,0.012630,0.001125
2026-09-17T15:30:05.868626,NORMAL,NORMAL,14.819042,15.499893,-0.238970,0.159317,-0.001080,0.004584,0.009689,0.001008
2026-09-17T15:30:06.048159,NORMAL,NORMAL,14.853696,15.499893,-0.241782,0.156202,-0.000091,0.002219,0.007224,0.001160
2026-09-17T15:30:06.224033,NORMAL,NORMAL,14.893973,15.499893,-0.245999,0.152215,0.001658,-0.000481,0.004380,0.001849
2026-09-17T15:30:06.421435,NORMAL,NORMAL,14.861965,15.499893,-0.249035,0.150332,0.002937,-0.002220,0.003256,0.002138
2026-09-17T15:30:06.611142,NORMAL,NORMAL,14.828797,15.499893,-0.252814,0.148641,0.003348,-0.004483,0.002585,0.002189
2026-09-17T15:30:06.809459,NORMAL,NORMAL,14.795311,15.499893,-0.256844,0.146976,0.002917,-0.006802,0.001360,0.001969
2026-09-17T15:30:07.000939,NORMAL,NORMAL,14.751876,15.499893,-0.259744,0.143672,0.003048,-0.008020,-0.000519,0.002026
2026-09-17T15:30:07.187147,NORMAL,NORMAL,14.720365,15.499893,-0.261073,0.140362,0.004125,-0.007706,-0.002251,0.002698
2026-09-17T15:30:07.377555,NORMAL,NORMAL,14.693288,15.499893,-0.261933,0.137281,0.005008,-0.007016,-0.003757,0.003216
2026-09-17T15:30:07.569994,NORMAL,NORMAL,14.664494,15.499893,-0.263272,0.134389,0.005921,-0.006927,-0.005090,0.003312
2026-09-17T15:30:07.764506,NORMAL,NORMAL,14.643124,15.499893,-0.265092,0.131161,0.007145,-0.007460,-0.006564,0.003907
2026-09-17T15:30:07.950914,NORMAL,NORMAL,14.608117,15.499893,-0.266206,0.127466,0.005684,-0.007986,-0.008472,0.003368
2026-09-17T15:30:08.137388,NORMAL,NORMAL,14.536684,15.499893,-0.266360,0.124366,0.001929,-0.007949,-0.009799,0.002423
2026-09-17T15:30:08.347093,NORMAL,NORMAL,14.475991,15.499893,-0.265695,0.122593,-0.000813,-0.007653,-0.010184,0.001624
2026-09-17T15:30:08.533740,NORMAL,NORMAL,14.196141,15.499893,-0.265577,0.119487,-0.003162,-0.007717,-0.011176,0.001228
2026-09-17T15:30:08.725755,NORMAL,NORMAL,14.024378,15.499893,-0.266865,0.115622,-0.004154,-0.008830,-0.012457,0.001000
2026-09-17T15:30:08.917179,NORMAL,NORMAL,13.481399,15.499893,-0.269325,0.112925,-0.005777,-0.010752,-0.012559,0.000124
2026-09-17T15:30:09.118167,NORMAL,NORMAL,13.155147,15.499893,-0.272733,0.110956,-0.007954,-0.012503,-0.012064,-0.000735
2026-09-17T15:30:09.318240,NORMAL,NORMAL,13.113897,15.499893,-0.276706,0.108641,-0.008705,-0.014351,-0.012592,-0.001005
2026-09-17T15:30:09.546255,NORMAL,NORMAL,12.418333,15.499893,-0.280494,0.107133,-0.008997,-0.016125,-0.013111,-0.000851
2026-09-17T15:30:09.783288,NORMAL,NORMAL,12.270065,15.499893,-0.282524,0.106762,-0.009774,-0.016351,-0.012699,-0.001119
2026-09-17T15:30:09.986514,NORMAL,NORMAL,11.946660,15.499893,-0.282493,0.107108,-0.011368,-0.014841,-0.011949,-0.001840
2026-09-17T15:30:10.201624,NORMAL,NORMAL,12.298212,15.499893,-0.282401,0.108638,-0.014151,-0.013500,-0.010367,-0.002973
2026-09-17T15:30:10.392799,NORMAL,NORMAL,12.283440,15.499893,-0.282731,0.112457,-0.016383,-0.012463,-0.007554,-0.003793
2026-09-17T15:30:10.578440,NORMAL,NORMAL,12.687773,15.499893,-0.282966,0.116565,-0.017757,-0.011380,-0.004355,-0.004337
2026-09-17T15:30:10.762813,NORMAL,NORMAL,12.733267,15.499893,-0.283367,0.119563,-0.017371,-0.011011,-0.002531,-0.004175
2026-09-17T15:30:10.941990,NORMAL,NORMAL,13.047948,15.499893,-0.284275,0.123907,-0.015658,-0.011832,0.000374,-0.003517
2026-09-17T15:30:11.166586,NORMAL,NORMAL,13.144975,15.499893,-0.284995,0.127387,-0.014301,-0.013202,0.001747,-0.014317
2026-09-17T15:30:11.382951,NORMAL,NORMAL,13.110245,15.499893,-0.287248,0.128424,-0.031741,-0.019554,-0.004805,-0.157845
2026-09-17T15:30:11.582734,NORMAL,NORMAL,12.881436,15.499893,-0.288870,0.126590,-0.096663,-0.025759,-0.015100,-0.360218
2026-09-17T15:30:11.774675,NORMAL,NORMAL,13.788650,15.499893,-0.288422,0.124000,-0.194082,-0.026618,-0.020718,-0.538901
2026-09-17T15:30:11.961421,NORMAL,NORMAL,13.895550,15.499893,-0.287705,0.120116,-0.305373,-0.024312,-0.022538,-0.685737
2026-09-17T15:30:12.147860,ANOMALY,NORMAL,15.738371,15.499893,-0.285780,0.114176,-0.469353,-0.009501,-0.015932,-0.815885
2026-09-17T15:30:12.336783,ANOMALY,NORMAL,15.802070,15.499893,-0.279595,0.110224,-0.638929,0.028320,0.008197,-0.760788
2026-09-17T15:30:12.524962,NORMAL,NORMAL,15.039031,15.499893,-0.269919,0.110703,-0.766889,0.045160,0.029556,-0.721558
2026-09-17T15:30:12.705379,NORMAL,NORMAL,15.431804,15.499893,-0.261665,0.113605,-0.913431,0.007123,0.021212,-0.711321
2026-09-17T15:30:12.887427,ANOMALY,NORMAL,17.528002,15.499893,-0.266098,0.111376,-1.034748,-0.042624,-0.014340,-0.701566
2026-09-17T15:30:13.065870,ANOMALY,NORMAL,17.037671,15.499893,-0.278990,0.101265,-1.175699,-0.048722,-0.040714,-0.690803
2026-09-17T15:30:13.247700,ANOMALY,NORMAL,16.645825,15.499893,-0.286772,0.092653,-1.290421,-0.036349,-0.037923,-0.672938
2026-09-17T15:30:13.426774,ANOMALY,NORMAL,16.691399,15.499893,-0.294022,0.085028,-1.421781,-0.029327,-0.024578,-0.646473
2026-09-17T15:30:13.607141,ANOMALY,NORMAL,16.529279,15.499893,-0.299111,0.082457,-1.527324,-0.025497,-0.010929,-0.621040
2026-09-17T15:30:13.799879,ANOMALY,NORMAL,16.712955,15.499893,-0.303402,0.084386,-1.623631,-0.021676,0.002790,-0.594016
2026-09-17T15:30:13.994319,ANOMALY,NORMAL,16.314511,15.499893,-0.307452,0.090690,-1.736305,-0.016013,0.017113,-0.557413
2026-09-17T15:30:14.182166,ANOMALY,NORMAL,16.029379,15.499893,-0.307079,0.098590,-1.836949,-0.007416,0.025217,-0.465333
2026-09-17T15:30:14.373781,ANOMALY,NORMAL,15.590517,15.499893,-0.303159,0.107912,-1.900605,0.004370,0.031000,-0.237835
2026-09-17T15:30:14.560397,NORMAL,NORMAL,15.394622,15.499893,-0.298269,0.116951,-1.921333,0.014736,0.035601,-0.141870
2026-09-17T15:30:14.754222,NORMAL,NORMAL,14.977601,15.499893,-0.290977,0.126637,-1.938718,0.023393,0.035907,-0.156526
2026-09-17T15:30:14.938032,NORMAL,NORMAL,14.944574,15.499893,-0.284953,0.134096,-1.970251,0.023455,0.028771,-0.211871
2026-09-17T15:30:15.120720,NORMAL,NORMAL,15.192944,15.499893,-0.283327,0.139849,-2.005853,0.018153,0.021707,-0.227382
2026-09-17T15:30:15.318218,NORMAL,NORMAL,15.360557,15.499893,-0.287760,0.145927,-2.050412,0.009236,0.014357,-0.220305
2026-09-17T15:30:15.501242,ANOMALY,NORMAL,15.665922,15.499893,-0.295256,0.150663,-2.092559,0.003221,0.007926,-0.202069
2026-09-17T15:30:15.678888,ANOMALY,NORMAL,15.996562,15.499893,-0.299604,0.153810,-2.123975,0.003368,0.003270,-0.185865
2026-09-17T15:30:15.862609,NORMAL,NORMAL,15.354531,15.499893,-0.300030,0.157000,-2.151939,0.008405,-0.000355,-0.171211
2026-09-17T15:30:16.053890,NORMAL,NORMAL,14.948631,15.499893,-0.296136,0.158462,-2.181091,0.016962,-0.006037,-0.156440
2026-09-17T15:30:16.238490,ANOMALY,NORMAL,17.056007,15.499893,-0.288793,0.155206,-2.206738,0.024657,-0.013273,-0.144972
2026-09-17T15:30:16.427958,ANOMALY,NORMAL,18.172779,15.499893,-0.280312,0.150485,-2.227624,0.029093,-0.017802,-0.136630
2026-09-17T15:30:16.611979,ANOMALY,NORMAL,16.333063,15.499893,-0.269349,0.145940,-2.252315,0.030287,-0.018758,-0.126277
2026-09-17T15:30:16.802399,NORMAL,NORMAL,12.997076,15.499893,-0.262039,0.142900,-2.270178,0.027284,-0.017141,-0.117183
2026-09-17T15:30:16.990446,NORMAL,NORMAL,12.317617,15.499893,-0.255995,0.140805,-2.290117,0.019064,-0.013027,-0.107435
2026-09-17T15:30:17.178468,NORMAL,NORMAL,12.134749,15.499893,-0.251402,0.137708,-2.308781,0.011024,-0.010587,-0.098632
2026-09-17T15:30:17.358563,NORMAL,NORMAL,11.980972,15.499893,-0.249361,0.134978,-2.323352,0.004699,-0.008497,-0.091488
2026-09-17T15:30:17.542110,NORMAL,NORMAL,12.087754,15.499893,-0.251287,0.133183,-2.338731,-0.004451,-0.004924,-0.083406
2026-09-17T15:30:17.715223,NORMAL,NORMAL,12.473572,15.499893,-0.255158,0.133361,-2.350818,-0.010828,-0.000619,-0.077643
2026-09-17T15:30:17.889001,NORMAL,NORMAL,12.495082,15.499893,-0.260188,0.135319,-2.362118,-0.014966,0.004030,-0.071939
2026-09-17T15:30:18.067350,NORMAL,NORMAL,12.428676,15.499893,-0.266236,0.139496,-2.374457,-0.016127,0.008877,-0.065399
2026-09-17T15:30:18.256824,NORMAL,NORMAL,12.393757,15.499893,-0.269330,0.142968,-2.383198,-0.013248,0.010078,-0.060732
2026-09-17T15:30:18.445208,NORMAL,NORMAL,12.341953,15.499893,-0.270584,0.145793,-2.392250,-0.007527,0.008905,-0.055914
2026-09-17T15:30:18.630122,NORMAL,NORMAL,12.394238,15.499893,-0.270144,0.145872,-2.399151,-0.002810,0.005509,-0.052825
2026-09-17T15:30:18.814254,NORMAL,NORMAL,12.569733,15.499893,-0.268858,0.144149,-2.408507,0.001320,0.001372,-0.049789
2026-09-17T15:30:19.030129,NORMAL,NORMAL,12.930488,15.499893,-0.266329,0.141528,-2.416158,0.004357,-0.001492,-0.045781
2026-09-17T15:30:19.211866,NORMAL,NORMAL,13.196781,15.499893,-0.260798,0.135837,-2.426144,0.008466,-0.003669,-0.039518
2026-09-17T15:30:19.393333,NORMAL,NORMAL,12.635639,15.499893,-0.255664,0.131658,-2.433229,0.010051,-0.003779,-0.035589
2026-09-17T15:30:19.588992,NORMAL,NORMAL,12.230247,15.499893,-0.249359,0.129165,-2.441236,0.009311,-0.000422,-0.030113
2026-09-17T15:30:19.770974,NORMAL,NORMAL,11.825173,15.499893,-0.246704,0.128566,-2.447903,0.003928,0.003849,-0.025306
2026-09-17T15:30:19.947034,NORMAL,NORMAL,11.659875,15.499893,-0.247862,0.130141,-2.452070,-0.002254,0.007831,-0.021869
2026-09-17T15:30:20.125426,NORMAL,NORMAL,11.575800,15.499893,-0.251259,0.133283,-2.455863,-0.008565,0.011443,-0.019911
2026-09-17T15:30:20.304609,NORMAL,NORMAL,11.707458,15.499893,-0.256664,0.137677,-2.461927,-0.013404,0.013333,-0.017839
2026-09-17T15:30:20.495206,NORMAL,NORMAL,11.741267,15.499893,-0.263771,0.142092,-2.466846,-0.016837,0.013745,-0.013966
2026-09-17T15:30:20.684365,NORMAL,NORMAL,11.721734,15.499893,-0.270517,0.148254,-2.468029,-0.015087,0.013305,-0.010139
2026-09-17T15:30:20.870463,NORMAL,NORMAL,11.790256,15.499893,-0.273448,0.151646,-2.467470,-0.010028,0.009707,-0.010670
2026-09-17T15:30:21.053068,NORMAL,NORMAL,11.903117,15.499893,-0.275454,0.154156,-2.468221,-0.003762,0.004212,-0.012329
2026-09-17T15:30:21.248489,NORMAL,NORMAL,12.256481,15.499893,-0.275021,0.155645,-2.469728,0.002439,-0.001223,-0.013375
2026-09-17T15:30:21.441443,NORMAL,NORMAL,12.907411,15.499893,-0.273161,0.153869,-2.471303,0.006621,-0.006948,-0.013292
2026-09-17T15:30:21.636530,NORMAL,NORMAL,13.854609,15.499893,-0.269985,0.149892,-2.473134,0.009914,-0.012052,-0.013231
2026-09-17T15:30:21.867246,NORMAL,NORMAL,14.416611,15.499893,-0.266338,0.147048,-2.474478,0.011035,-0.012075,-0.012416
2026-09-17T15:30:22.050742,NORMAL,NORMAL,14.326934,15.499893,-0.260725,0.145544,-2.477832,0.010858,-0.008649,-0.011455
2026-09-17T15:30:22.238352,NORMAL,NORMAL,14.195540,15.499893,-0.256980,0.146480,-2.480639,0.009682,-0.004563,-0.009635
2026-09-17T15:30:22.413624,NORMAL,NORMAL,13.911919,15.499893,-0.253330,0.147288,-2.483713,0.006708,-0.001953,-0.007651
2026-09-17T15:30:22.630047,NORMAL,NORMAL,13.805670,15.499893,-0.249564,0.147598,-2.485355,0.005082,-0.001599,-0.006138
2026-09-17T15:30:22.815160,NORMAL,NORMAL,13.689757,15.499893,-0.243509,0.149010,-2.486276,0.003201,-0.001074,-0.004328
2026-09-17T15:30:22.999320,NORMAL,NORMAL,13.347755,15.499893,-0.240266,0.150936,-2.485716,0.000418,-0.000226,-0.004553
2026-09-17T15:30:23.184204,NORMAL,NORMAL,13.242961,15.499893,-0.238630,0.152723,-2.486296,-0.004418,-0.000108,-0.005451
2026-09-17T15:30:23.372500,NORMAL,NORMAL,13.257948,15.499893,-0.238593,0.152998,-2.487434,-0.008517,-0.001215,-0.005393
2026-09-17T15:30:23.555256,NORMAL,NORMAL,13.657672,15.499893,-0.237798,0.153035,-2.489388,-0.011122,-0.003219,-0.004594
2026-09-17T15:30:23.735890,NORMAL,NORMAL,14.055557,15.499893,-0.237522,0.152424,-2.492060,-0.013348,-0.004878,-0.002836
2026-09-17T15:30:23.912139,NORMAL,NORMAL,14.706281,15.499893,-0.238703,0.150403,-2.494587,-0.015174,-0.007262,-0.001043
2026-09-17T15:30:24.091578,ANOMALY,NORMAL,15.542769,15.499893,-0.240988,0.148221,-2.497354,-0.017189,-0.008978,0.001195
2026-09-17T15:30:24.268841,ANOMALY,NORMAL,16.141797,15.499893,-0.246573,0.145471,-2.499432,-0.020510,-0.009722,0.004142
2026-09-17T15:30:24.446606,ANOMALY,NORMAL,16.530869,15.499893,-0.253325,0.144536,-2.499965,-0.022966,-0.007915,0.005522
2026-09-17T15:30:24.619920,ANOMALY,NORMAL,16.121795,15.499893,-0.260223,0.145248,-2.499697,-0.023515,-0.004441,0.005984
2026-09-17T15:30:24.791027,ANOMALY,NORMAL,15.530060,15.499893,-0.267908,0.144926,-2.498262,-0.022488,-0.002593,0.005860
2026-09-17T15:30:24.975320,NORMAL,NORMAL,15.066700,15.499893,-0.275060,0.144345,-2.494831,-0.016832,-0.001550,0.003941
2026-09-17T15:30:25.161718,NORMAL,NORMAL,14.773204,15.499893,-0.277393,0.144480,-2.493137,-0.008426,-0.000763,0.000989
2026-09-17T15:30:25.350556,NORMAL,NORMAL,14.516083,15.499893,-0.276053,0.144314,-2.492585,0.001716,-0.000592,-0.001464
2026-09-17T15:30:25.531102,NORMAL,NORMAL,14.228307,15.499893,-0.272514,0.142846,-2.493531,0.008854,-0.002022,-0.002226
2026-09-17T15:30:25.718992,NORMAL,NORMAL,14.182089,15.499893,-0.269058,0.140019,-2.495258,0.012856,-0.003719,-0.001454
2026-09-17T15:30:25.899747,NORMAL,NORMAL,14.053522,15.499893,-0.268607,0.138721,-2.496683,0.011925,-0.003507,-0.000342
2026-09-17T15:30:26.086621,NORMAL,NORMAL,14.018984,15.499893,-0.270728,0.137485,-2.499632,0.007676,-0.002501,0.001128
2026-09-17T15:30:26.302366,NORMAL,NORMAL,13.866630,15.499893,-0.274224,0.134345,-2.500294,0.004179,-0.002074,0.003691
2026-09-17T15:30:26.492792,NORMAL,NORMAL,13.613754,15.499893,-0.275095,0.130851,-2.499367,0.005327,-0.001543,0.003977
2026-09-17T15:30:26.666714,NORMAL,NORMAL,13.633359,15.499893,-0.271010,0.129957,-2.497991,0.010684,0.001723,0.003417
2026-09-17T15:30:26.843358,NORMAL,NORMAL,13.545189,15.499893,-0.265314,0.131635,-2.495641,0.014226,0.006302,0.002195
2026-09-17T15:30:27.016344,NORMAL,NORMAL,13.272917,15.499893,-0.258535,0.134773,-2.493562,0.015731,0.010391,-0.000111
2026-09-17T15:30:27.203887,NORMAL,NORMAL,13.482493,15.499893,-0.251011,0.138618,-2.491353,0.015166,0.012322,-0.002184
2026-09-17T15:30:27.394775,NORMAL,NORMAL,13.569447,15.499893,-0.241239,0.145412,-2.489890,0.012874,0.014121,-0.004704
2026-09-17T15:30:27.575080,NORMAL,NORMAL,14.042674,15.499893,-0.233936,0.153500,-2.488643,0.006494,0.014141,-0.006504
2026-09-17T15:30:27.757733,NORMAL,NORMAL,14.298147,15.499893,-0.230992,0.160578,-2.487386,-0.001574,0.012197,-0.007852
2026-09-17T15:30:27.970899,NORMAL,NORMAL,14.948935,15.499893,-0.231301,0.168734,-2.487467,-0.011507,0.008166,-0.009604
2026-09-17T15:30:28.155103,NORMAL,NORMAL,15.489983,15.499893,-0.234754,0.177139,-2.489387,-0.019710,0.003481,-0.009157
2026-09-17T15:30:28.336301,ANOMALY,NORMAL,16.694223,15.499893,-0.237336,0.183606,-2.491442,-0.023332,-0.002824,-0.006986
2026-09-17T15:30:28.512075,ANOMALY,NORMAL,18.214409,15.499893,-0.236983,0.184868,-2.492403,-0.021990,-0.010962,-0.005359
2026-09-17T15:30:28.689922,ANOMALY,NORMAL,18.827078,15.499893,-0.234512,0.182393,-2.491931,-0.018904,-0.019756,-0.004431
2026-09-17T15:30:26.775550,ANOMALY,NORMAL,18.375190,15.499893,-0.230674,0.174316,-2.490093,-0.015828,-0.030599,-0.004952
2026-09-17T15:30:26.947770,ANOMALY,NORMAL,17.769786,15.499893,-0.227887,0.164093,-2.488420,-0.015642,-0.037210,-0.006367
2026-09-17T15:30:27.122845,ANOMALY,NORMAL,17.931602,15.499893,-0.226274,0.153378,-2.487180,-0.017006,-0.039292,-0.008241
2026-09-17T15:30:27.317296,ANOMALY,NORMAL,17.945282,15.499893,-0.225844,0.144591,-2.485821,-0.019455,-0.035692,-0.009712
2026-09-17T15:30:27.495514,ANOMALY,NORMAL,17.987272,15.499893,-0.230017,0.139212,-2.482977,-0.025163,-0.024887,-0.011675
2026-09-17T15:30:27.679550,ANOMALY,NORMAL,17.871813,15.499893,-0.238963,0.137923,-2.480573,-0.031352,-0.013377,-0.014268
2026-09-17T15:30:27.869297,ANOMALY,NORMAL,18.360101,15.499893,-0.247321,0.137252,-2.478863,-0.033352,-0.006645,-0.016251
2026-09-17T15:30:28.050299,ANOMALY,NORMAL,19.008168,15.499893,-0.255303,0.136137,-2.478470,-0.029599,-0.001561,-0.018395
2026-09-17T15:30:28.234413,ANOMALY,NORMAL,19.457357,15.499893,-0.259814,0.135974,-2.480263,-0.023400,0.001557,-0.019066
2026-09-17T15:30:28.418692,ANOMALY,NORMAL,18.465578,15.499893,-0.264864,0.135995,-2.484445,-0.016912,0.004624,-0.016544
2026-09-17T15:30:28.634289,ANOMALY,NORMAL,17.753358,15.499893,-0.268398,0.136507,-2.487090,-0.012225,0.006238,-0.013133
2026-09-17T15:30:28.811023,ANOMALY,NORMAL,17.353289,15.499893,-0.270798,0.136739,-2.489304,-0.005324,0.006263,-0.009189
2026-09-17T15:30:29.022375,ANOMALY,NORMAL,17.480021,15.499893,-0.272102,0.136933,-2.489888,-0.001466,0.005585,-0.007458
2026-09-17T15:30:29.204426,ANOMALY,NORMAL,17.592335,15.499893,-0.275926,0.135786,-2.491228,0.000107,0.003468,-0.006574
2026-09-17T15:30:29.382589,ANOMALY,NORMAL,16.876992,15.499893,-0.279541,0.135272,-2.492614,0.001724,0.003151,-0.005592
2026-09-17T15:30:29.572579,ANOMALY,NORMAL,15.586181,15.499893,-0.281160,0.135310,-2.496268,0.004614,0.004104,-0.004682
2026-09-17T15:30:29.765761,NORMAL,NORMAL,15.382320,15.499893,-0.280418,0.137446,-2.502563,0.009913,0.006784,-0.000394
2026-09-17T15:30:29.967335,NORMAL,NORMAL,14.969334,15.499893,-0.277898,0.141653,-2.507398,0.014185,0.008917,0.005765
2026-09-17T15:30:30.167291,NORMAL,NORMAL,13.823344,15.499893,-0.275182,0.145416,-2.508719,0.016368,0.008530,0.010378
2026-09-17T15:30:30.370203,NORMAL,NORMAL,12.514396,15.499893,-0.271350,0.146770,-2.508107,0.017894,0.004800,0.011723
2026-09-17T15:30:30.562065,NORMAL,NORMAL,12.376240,15.499893,-0.266553,0.146885,-2.505455,0.018868,0.000847,0.011618
2026-09-17T15:30:30.742464,NORMAL,NORMAL,12.351212,15.499893,-0.261710,0.147515,-2.503768,0.018830,-0.001104,0.009380
2026-09-17T15:30:30.921380,NORMAL,NORMAL,12.349884,15.499893,-0.253720,0.149389,-2.504504,0.018536,-0.001469,0.007744
2026-09-17T15:30:31.112460,NORMAL,NORMAL,13.112730,15.499893,-0.245925,0.150503,-2.504256,0.017792,-0.002390,0.008087
2026-09-17T15:30:31.354818,NORMAL,NORMAL,13.776657,15.499893,-0.237473,0.153993,-2.505210,0.013896,-0.001792,0.007630
2026-09-17T15:30:31.552712,NORMAL,NORMAL,15.056885,15.499893,-0.233263,0.159738,-2.506248,0.002034,-0.000633,0.009000
2026-09-17T15:30:31.738798,ANOMALY,NORMAL,16.068250,15.499893,-0.235328,0.162931,-2.505342,-0.009331,-0.002802,0.009499
2026-09-17T15:30:31.930324,ANOMALY,NORMAL,16.683677,15.499893,-0.240874,0.163439,-2.504339,-0.017666,-0.006386,0.008410
2026-09-17T15:30:32.122562,ANOMALY,NORMAL,17.317410,15.499893,-0.249472,0.162529,-2.503963,-0.022463,-0.009070,0.001911
2026-09-17T15:30:32.305446,ANOMALY,NORMAL,17.327896,15.499893,-0.257207,0.163862,-2.504851,-0.020114,-0.005333,-0.000121
2026-09-17T15:30:32.491786,ANOMALY,NORMAL,17.375256,15.499893,-0.262731,0.166175,-2.505031,-0.016817,-0.000943,-0.000247
2026-09-17T15:30:32.684694,ANOMALY,NORMAL,17.476303,15.499893,-0.265568,0.168587,-2.503904,-0.010919,0.001876,0.000337
2026-09-17T15:30:32.880642,ANOMALY,NORMAL,17.298752,15.499893,-0.263638,0.170167,-2.502174,-0.004509,0.001951,0.000300
2026-09-17T15:30:33.063468,ANOMALY,NORMAL,17.401606,15.499893,-0.257400,0.173709,-2.498805,0.001525,0.003504,0.000840
2026-09-17T15:30:33.250503,ANOMALY,NORMAL,17.535530,15.499893,-0.252066,0.178331,-2.495908,0.003778,0.005716,0.000758
2026-09-17T15:30:33.431286,ANOMALY,NORMAL,18.712141,15.499893,-0.246464,0.183204,-2.492038,0.004347,0.006718,0.000840
2026-09-17T15:30:33.609642,ANOMALY,NORMAL,19.487407,15.499893,-0.242402,0.185270,-2.489167,0.004018,0.005222,0.000520
2026-09-17T15:30:33.778037,ANOMALY,NORMAL,19.035428,15.499893,-0.236213,0.183674,-2.487756,0.004839,0.000637,-0.000376
2026-09-17T15:30:33.948927,ANOMALY,NORMAL,18.163354,15.499893,-0.231652,0.180832,-2.488678,0.005395,-0.002250,-0.000834
2026-09-17T15:30:34.138944,ANOMALY,NORMAL,17.300124,15.499893,-0.227449,0.178197,-2.489829,0.005993,-0.003453,-0.000860
2026-09-17T15:30:34.325164,ANOMALY,NORMAL,16.886650,15.499893,-0.225128,0.176615,-2.490702,0.004940,-0.003206,-0.000774
2026-09-17T15:30:34.505690,ANOMALY,NORMAL,16.404836,15.499893,-0.223514,0.177350,-2.491286,0.003409,-0.000390,-0.000488
2026-09-17T15:30:34.688026,ANOMALY,NORMAL,16.040688,15.499893,-0.222562,0.178971,-2.490935,0.002505,0.001753,-0.000201
2026-09-17T15:30:34.875201,ANOMALY,NORMAL,15.683270,15.499893,-0.223754,0.180357,-2.490147,-0.000289,0.002177,0.000095
2026-09-17T15:30:35.062976,ANOMALY,NORMAL,15.549903,15.499893,-0.225218,0.180548,-2.490246,-0.001651,0.000957,0.000126
2026-09-17T15:30:35.243343,NORMAL,NORMAL,15.439664,15.499893,-0.227484,0.178963,-2.490562,-0.002978,-0.001217,0.000145
2026-09-17T15:30:35.418412,NORMAL,NORMAL,15.016670,15.499893,-0.232005,0.175634,-2.491012,-0.005330,-0.003664,-0.000174
2026-09-17T15:30:35.596548,NORMAL,NORMAL,14.687739,15.499893,-0.239908,0.169894,-2.492878,-0.008736,-0.006204,-0.000553
2026-09-17T15:30:35.775480,NORMAL,NORMAL,15.136634,15.499893,-0.248185,0.165088,-2.494351,-0.011665,-0.006593,-0.000833
2026-09-17T15:30:35.952039,NORMAL,NORMAL,15.385883,15.499893,-0.256743,0.161998,-2.495219,-0.013280,-0.005095,-0.000954
2026-09-17T15:30:36.125417,NORMAL,NORMAL,15.476291,15.499893,-0.266077,0.160113,-2.496173,-0.013247,-0.002243,-0.000617
2026-09-17T15:30:36.323770,NORMAL,NORMAL,14.369474,15.499893,-0.270295,0.159228,-2.497717,-0.010030,-0.000409,-0.000543
2026-09-17T15:30:36.516272,NORMAL,NORMAL,13.432695,15.499893,-0.270157,0.158632,-2.499314,-0.004146,0.000766,-0.000253
2026-09-17T15:30:36.714093,NORMAL,NORMAL,12.625952,15.499893,-0.267096,0.158579,-2.500201,0.001974,0.001521,0.000281
2026-09-17T15:30:36.908875,NORMAL,NORMAL,12.060188,15.499893,-0.262773,0.156730,-2.499283,0.006096,0.000611,0.000357
2026-09-17T15:30:37.104870,NORMAL,NORMAL,11.544805,15.499893,-0.261114,0.155537,-2.497685,0.006128,0.000259,0.000592
2026-09-17T15:30:37.299228,NORMAL,NORMAL,11.360884,15.499893,-0.263487,0.153360,-2.496032,0.001589,-0.000318,0.000350
2026-09-17T15:30:37.492486,NORMAL,NORMAL,11.614934,15.499893,-0.267123,0.149323,-2.493171,-0.002255,-0.002235,0.000630
2026-09-17T15:30:37.677546,NORMAL,NORMAL,11.471407,15.499893,-0.269749,0.146231,-2.489780,-0.002899,-0.002569,0.000569
2026-09-17T15:30:37.890478,NORMAL,NORMAL,11.214356,15.499893,-0.276078,0.146781,-2.487110,-0.005762,0.000439,0.000650
2026-09-17T15:30:38.067454,NORMAL,NORMAL,10.940593,15.499893,-0.282908,0.147692,-2.485214,-0.008537,0.001769,0.000305
2026-09-17T15:30:38.242727,NORMAL,NORMAL,10.834397,15.499893,-0.286523,0.148717,-2.484985,-0.008201,0.002398,-0.000046
2026-09-17T15:30:38.415547,NORMAL,NORMAL,10.807329,15.499893,-0.288767,0.149429,-2.484271,-0.006714,0.002606,-0.000139
2026-09-17T15:30:38.606493,NORMAL,NORMAL,10.493352,15.499893,-0.289350,0.147892,-2.482558,-0.003854,0.000387,0.000153
2026-09-17T15:30:38.792252,NORMAL,NORMAL,10.369961,15.499893,-0.287045,0.145599,-2.480980,-0.000222,-0.001346,0.000589
2026-09-17T15:30:38.986332,NORMAL,NORMAL,10.127701,15.499893,-0.280319,0.143269,-2.478678,0.004766,-0.002211,0.000772
2026-09-17T15:30:39.180825,NORMAL,NORMAL,10.183043,15.499893,-0.271286,0.140208,-2.476628,0.008342,-0.002989,0.000538
2026-09-17T15:30:39.360720,NORMAL,NORMAL,10.911863,15.499893,-0.259660,0.136490,-2.476770,0.011200,-0.003710,-0.000108
2026-09-17T15:30:39.537722,NORMAL,NORMAL,11.370580,15.499893,-0.250495,0.133148,-2.478510,0.011939,-0.004163,-0.000573
2026-09-17T15:30:39.713027,NORMAL,NORMAL,11.651737,15.499893,-0.242101,0.129843,-2.480558,0.012309,-0.004135,-0.000826
2026-09-17T15:30:39.888267,NORMAL,NORMAL,11.938218,15.499893,-0.233380,0.126703,-2.482666,0.010938,-0.003732,-0.000270
2026-09-17T15:30:40.062455,NORMAL,NORMAL,11.721576,15.499893,-0.227918,0.126317,-2.484209,0.008993,-0.001975,-0.000083
2026-09-17T15:30:40.235442,NORMAL,NORMAL,11.079891,15.499893,-0.223239,0.127473,-2.486986,0.007229,0.000366,-0.000640
2026-09-17T15:30:40.402581,NORMAL,NORMAL,10.826331,15.499893,-0.220123,0.129929,-2.491768,0.004661,0.002596,-0.001151
2026-09-17T15:30:40.575695,NORMAL,NORMAL,10.830919,15.499893,-0.217825,0.131317,-2.496690,0.002706,0.002656,-0.001372
2026-09-17T15:30:40.759569,NORMAL,NORMAL,10.730865,15.499893,-0.216366,0.131632,-2.499798,0.001599,0.001875,-0.001081
2026-09-17T15:30:40.942057,NORMAL,NORMAL,10.549296,15.499893,-0.215154,0.131495,-2.502458,0.001489,0.001442,-0.000582
2026-09-17T15:30:41.125767,NORMAL,NORMAL,10.373173,15.499893,-0.214518,0.130928,-2.502908,0.002042,0.001174,-0.000029
2026-09-17T15:30:41.304666,NORMAL,NORMAL,10.282753,15.499893,-0.217274,0.129210,-2.502813,0.000110,0.000331,0.000024
2026-09-17T15:30:41.484003,NORMAL,NORMAL,10.786230,15.499893,-0.221116,0.127281,-2.504257,-0.002042,-0.000567,-0.000326
2026-09-17T15:30:41.663580,NORMAL,NORMAL,11.490232,15.499893,-0.222867,0.126360,-2.507285,-0.001991,-0.000291,-0.000385
2026-09-17T15:30:41.851822,NORMAL,NORMAL,11.449163,15.499893,-0.223012,0.125888,-2.510105,-0.001032,0.000075,-0.000381
2026-09-17T15:30:42.025922,NORMAL,NORMAL,11.353235,15.499893,-0.222325,0.124807,-2.512674,-0.000324,-0.000103,-0.000207
2026-09-17T15:30:42.198791,NORMAL,NORMAL,11.110652,15.499893,-0.221998,0.124294,-2.513623,0.000165,-0.000260,-0.000015
2026-09-17T15:30:42.375875,NORMAL,NORMAL,9.774060,15.499893,-0.221851,0.124032,-2.513406,-0.000076,-0.000000,0.000350
2026-09-17T15:30:42.551138,NORMAL,NORMAL,9.705581,15.499893,-0.221862,0.123943,-2.513391,-0.000317,-0.000034,0.000216
2026-09-17T15:30:42.719620,NORMAL,NORMAL,9.708891,15.499893,-0.221985,0.123981,-2.513523,-0.000292,0.000424,0.000575
2026-09-17T15:30:42.907703,NORMAL,NORMAL,9.921752,15.499893,-0.222149,0.124110,-2.513434,-0.000561,0.000617,0.000321
2026-09-17T15:30:43.087464,NORMAL,NORMAL,10.170814,15.499893,-0.222363,0.124276,-2.512862,-0.000593,0.000482,0.000706
2026-09-17T15:30:43.269433,NORMAL,NORMAL,10.090695,15.499893,-0.222590,0.124440,-2.511481,-0.000427,0.000248,0.000333
2026-09-17T15:30:43.451736,NORMAL,NORMAL,9.823966,15.499893,-0.222748,0.124608,-2.510937,-0.000396,0.000647,0.000317
2026-09-17T15:30:43.630069,NORMAL,NORMAL,9.830225,15.499893,-0.222955,0.124857,-2.512001,-0.000596,0.000716,0.000045
2026-09-17T15:30:43.807524,NORMAL,NORMAL,9.855221,15.499893,-0.223119,0.125093,-2.511969,-0.000478,0.000889,0.000271
2026-09-17T15:30:43.987624,NORMAL,NORMAL,9.937087,15.499893,-0.223282,0.125298,-2.510614,-0.000810,0.000642,0.000612
2026-09-17T15:30:44.161899,NORMAL,NORMAL,10.037078,15.499893,-0.223463,0.125496,-2.509201,-0.000523,0.000311,0.000260
2026-09-17T15:30:44.336107,NORMAL,NORMAL,10.195634,15.499893,-0.223575,0.125616,-2.507915,-0.000422,0.000137,0.000087
2026-09-17T15:30:44.513612,NORMAL,NORMAL,10.457618,15.499893,-0.223655,0.125693,-2.507244,-0.000324,0.000195,0.000090
2026-09-17T15:30:44.682917,NORMAL,NORMAL,10.430113,15.499893,-0.223774,0.125825,-2.507556,-0.000620,0.000451,0.000086
2026-09-17T15:30:44.848531,NORMAL,NORMAL,10.446653,15.499893,-0.223905,0.125973,-2.505822,-0.000737,0.000668,0.000271
2026-09-17T15:30:45.032132,NORMAL,NORMAL,10.498458,15.499893,-0.224026,0.126133,-2.504190,-0.000679,0.000727,0.000285
2026-09-17T15:30:45.210956,NORMAL,NORMAL,10.471876,15.499893,-0.224083,0.126312,-2.503262,-0.000460,0.000673,0.000045
2026-09-17T15:30:45.389923,NORMAL,NORMAL,10.290303,15.499893,-0.224112,0.126492,-2.503853,-0.000355,0.000531,-0.000022
2026-09-17T15:30:45.573937,NORMAL,NORMAL,10.149521,15.499893,-0.224080,0.126669,-2.504641,-0.000164,0.000212,0.000033
2026-09-17T15:30:45.750075,NORMAL,NORMAL,10.097433,15.499893,-0.224006,0.126795,-2.505618,-0.000286,0.000186,-0.000018
2026-09-17T15:30:45.925889,NORMAL,NORMAL,9.946325,15.499893,-0.223933,0.126923,-2.505869,-0.000219,0.000239,0.000183
2026-09-17T15:30:46.101091,NORMAL,NORMAL,10.054321,15.499893,-0.223839,0.127019,-2.504268,-0.000203,0.000206,0.000402
2026-09-17T15:30:46.271631,NORMAL,NORMAL,10.111201,15.499893,-0.223698,0.127095,-2.504143,0.000069,0.000273,0.000002
2026-09-17T15:30:46.445159,NORMAL,NORMAL,10.100343,15.499893,-0.223486,0.127187,-2.502874,-0.000057,0.000416,0.000169
2026-09-17T15:30:46.618635,NORMAL,NORMAL,10.231066,15.499893,-0.223260,0.127300,-2.503777,-0.000193,0.000529,-0.000362
2026-09-17T15:30:46.790762,NORMAL,NORMAL,10.277460,15.499893,-0.223053,0.127383,-2.503927,-0.000075,0.000460,-0.000110
2026-09-17T15:30:46.958314,NORMAL,NORMAL,11.965142,15.499893,-0.222802,0.127444,-2.497880,-0.000503,-0.000006,0.239018
2026-09-17T15:30:47.136997,ANOMALY,NORMAL,21.426501,15.499893,-0.222726,0.127371,-2.400573,-0.002428,-0.001169,0.899590
2026-09-17T15:30:47.504981,ANOMALY,NORMAL,19.472426,15.499893,-0.222829,0.127007,-2.219246,-0.005191,-0.003089,1.182514
2026-09-17T15:30:47.727568,ANOMALY,NORMAL,28.799356,15.499893,-0.222408,0.124742,-1.835293,-0.010594,-0.007829,0.700538
2026-09-17T15:30:47.911360,ANOMALY,NORMAL,27.917170,15.499893,-0.221663,0.122294,-1.765023,-0.013148,-0.010950,-0.069132
2026-09-17T15:30:48.090948,ANOMALY,NORMAL,26.795861,15.499893,-0.220985,0.119555,-1.799109,-0.015566,-0.013227,-0.178735
2026-09-17T15:30:48.266162,ANOMALY,NORMAL,25.728479,15.499893,-0.220458,0.116872,-1.817768,-0.017435,-0.015278,-0.022594
2026-09-17T15:30:48.438565,ANOMALY,NORMAL,25.354500,15.499893,-0.220077,0.113814,-1.817074,-0.019249,-0.017585,0.044365
2026-09-17T15:30:48.616311,ANOMALY,NORMAL,25.602660,15.499893,-0.219784,0.110510,-1.810476,-0.020625,-0.019608,0.056269
2026-09-17T15:30:48.789354,ANOMALY,NORMAL,25.417973,15.499893,-0.219490,0.105957,-1.801724,-0.022527,-0.021722,0.049780
2026-09-17T15:30:48.961044,ANOMALY,NORMAL,25.175556,15.499893,-0.219314,0.101720,-1.796399,-0.023992,-0.023742,0.040270
2026-09-17T15:30:49.133476,ANOMALY,NORMAL,24.960844,15.499893,-0.219204,0.097179,-1.793702,-0.025204,-0.025644,0.031642
2026-09-17T15:30:49.305644,ANOMALY,NORMAL,24.279485,15.499893,-0.218972,0.092276,-1.792983,-0.026139,-0.027364,0.026376
2026-09-17T15:30:49.472304,ANOMALY,NORMAL,23.843527,15.499893,-0.218858,0.087055,-1.792090,-0.027232,-0.029329,0.022758
2026-09-17T15:30:49.656543,ANOMALY,NORMAL,23.691694,15.499893,-0.218636,0.081502,-1.791250,-0.028540,-0.031210,0.019709
2026-09-17T15:30:49.832887,ANOMALY,NORMAL,23.505638,15.499893,-0.218411,0.074439,-1.790558,-0.029468,-0.033397,0.016531
2026-09-17T15:30:50.012568,ANOMALY,NORMAL,23.320905,15.499893,-0.218138,0.068441,-1.789915,-0.030082,-0.035041,0.014065
2026-09-17T15:30:50.192152,ANOMALY,NORMAL,23.964679,15.499893,-0.217637,0.060499,-1.789276,-0.030370,-0.036682,0.011478
2026-09-17T15:30:50.369025,ANOMALY,NORMAL,23.829559,15.499893,-0.216981,0.053563,-1.791763,-0.030913,-0.038509,0.010406
2026-09-17T15:30:50.548043,ANOMALY,NORMAL,23.728579,15.499893,-0.216240,0.046266,-1.792521,-0.031411,-0.040146,0.010782
2026-09-17T15:30:50.723411,ANOMALY,ANOMALY,24.296799,15.499893,-0.214950,0.037152,-1.792887,-0.031923,-0.041895,0.010419
2026-09-17T15:30:50.896081,ANOMALY,ANOMALY,24.635786,15.499893,-0.213745,0.029186,-1.793838,-0.032127,-0.043582,0.009646
2026-09-17T15:30:51.069172,ANOMALY,ANOMALY,21.224342,15.499893,-0.212315,0.020899,-1.795254,-0.032034,-0.044971,0.009730
2026-09-17T15:30:51.248156,ANOMALY,ANOMALY,18.239770,15.499893,-0.210755,0.012410,-1.795831,-0.031853,-0.046370,0.010433
2026-09-17T15:30:51.414728,NORMAL,NORMAL,13.780774,15.499893,-0.208552,0.001895,-1.795099,-0.031716,-0.048115,0.009644
2026-09-17T15:30:51.620813,NORMAL,NORMAL,13.666469,15.499893,-0.206284,-0.006960,-1.794263,-0.031528,-0.049639,0.008933
2026-09-17T15:30:51.810058,NORMAL,NORMAL,12.771037,15.499893,-0.203107,-0.018444,-1.793376,-0.030598,-0.051417,0.006960
2026-09-17T15:30:51.992551,NORMAL,NORMAL,13.315775,15.499893,-0.199461,-0.030351,-1.793877,-0.029593,-0.053098,0.005722
2026-09-17T15:30:52.172506,NORMAL,NORMAL,9.530602,15.499893,-0.195696,-0.040719,-1.793587,-0.029121,-0.054719,0.005317
2026-09-17T15:30:52.355649,NORMAL,NORMAL,9.576808,15.499893,-0.191760,-0.051294,-1.793017,-0.028313,-0.056107,0.004255
2026-09-17T15:30:52.527769,NORMAL,NORMAL,9.607634,15.499893,-0.186688,-0.064251,-1.793825,-0.027006,-0.057632,0.003800
2026-09-17T15:30:52.704056,NORMAL,NORMAL,9.730718,15.499893,-0.182459,-0.075487,-1.794057,-0.026127,-0.059493,0.003849
2026-09-17T15:30:52.882479,NORMAL,NORMAL,9.779173,15.499893,-0.177688,-0.087310,-1.794982,-0.025251,-0.060828,0.003794
2026-09-17T15:30:53.060844,NORMAL,NORMAL,9.939586,15.499893,-0.452089,-0.180001,-1.786211,-0.076161,-0.076915,0.003715
2026-09-17T15:30:53.238591,NORMAL,NORMAL,10.202325,15.499893,-0.632215,-0.243788,-1.771423,-0.109976,-0.089190,-0.006008
2026-09-17T15:30:53.411691,NORMAL,NORMAL,10.349502,15.499893,-0.740006,-0.284415,-1.761431,-0.130312,-0.096347,-0.019786
2026-09-17T15:30:53.583825,NORMAL,NORMAL,10.676136,15.499893,-0.824510,-0.319969,-1.757704,-0.144931,-0.103521,-0.031779
2026-09-17T15:30:53.764501,NORMAL,NORMAL,11.030080,15.499893,-0.868874,-0.340240,-1.756848,-0.151403,-0.103754,-0.035798
2026-09-17T15:30:53.961261,NORMAL,NORMAL,11.610550,15.499893,-0.900814,-0.354087,-1.757583,-0.155336,-0.099331,-0.036766
2026-09-17T15:30:54.147818,ANOMALY,NORMAL,19.980432,15.499893,-0.931518,-0.366251,-1.755720,-0.151118,-0.088554,-0.008505
2026-09-17T15:30:54.370227,ANOMALY,NORMAL,16.451752,15.499893,-0.956116,-0.374154,-1.749909,-0.117934,-0.061392,0.001077
2026-09-17T15:30:54.556062,NORMAL,NORMAL,14.385580,15.499893,-0.972340,-0.376549,-1.744477,-0.078964,-0.033797,0.002486
2026-09-17T15:30:54.754315,NORMAL,NORMAL,12.520617,15.499893,-0.978987,-0.375355,-1.737596,-0.046278,-0.015244,0.003037
2026-09-17T15:30:54.939884,NORMAL,NORMAL,11.610510,15.499893,-0.979639,-0.372942,-1.730132,-0.024129,-0.005158,0.002926
2026-09-17T15:30:55.152001,NORMAL,NORMAL,11.408307,15.499893,-0.977453,-0.371401,-1.726154,-0.011013,-0.001155,0.002232
2026-09-17T15:30:55.329095,NORMAL,NORMAL,11.286451,15.499893,-0.968368,-0.370540,-1.723691,0.002787,0.000322,0.000989
2026-09-17T15:30:55.501462,NORMAL,NORMAL,11.360904,15.499893,-0.959379,-0.372970,-1.724239,0.009653,-0.001602,0.000391
2026-09-17T15:30:55.672628,NORMAL,NORMAL,11.353244,15.499893,-0.948671,-0.376968,-1.724473,0.015071,-0.003611,0.000574
2026-09-17T15:30:55.844260,NORMAL,NORMAL,11.326222,15.499893,-0.936450,-0.381261,-1.721977,0.019064,-0.004386,0.001395
2026-09-17T15:30:56.018460,NORMAL,NORMAL,11.579859,15.499893,-0.925553,-0.385650,-1.717422,0.020134,-0.004804,0.001878
2026-09-17T15:30:56.209921,NORMAL,NORMAL,11.455586,15.499893,-0.914347,-0.391209,-1.711273,0.018829,-0.004969,0.001607
2026-09-17T15:30:56.384252,NORMAL,NORMAL,11.273314,15.499893,-0.908808,-0.394540,-1.708223,0.015157,-0.004122,0.000654
2026-09-17T15:30:56.567184,NORMAL,NORMAL,11.231279,15.499893,-0.906761,-0.397534,-1.707700,0.009629,-0.003209,0.000376
2026-09-17T15:30:56.746544,NORMAL,NORMAL,11.050753,15.499893,-0.908810,-0.400811,-1.706797,0.004909,-0.003602,0.000604
2026-09-17T15:30:56.925399,NORMAL,NORMAL,11.038567,15.499893,-0.909840,-0.405935,-1.705267,0.002537,-0.005315,0.000686
2026-09-17T15:30:57.102932,NORMAL,NORMAL,11.174077,15.499893,-0.908662,-0.409480,-1.704070,0.002683,-0.005826,0.000728
2026-09-17T15:30:57.284891,NORMAL,NORMAL,10.915796,15.499893,-0.907319,-0.410400,-1.702245,0.002507,-0.003788,0.001005
2026-09-17T15:30:57.461087,NORMAL,NORMAL,10.668652,15.499893,-0.907802,-0.408438,-1.701675,-0.000311,0.000317,0.000462
2026-09-17T15:30:57.636112,NORMAL,NORMAL,10.284185,15.499893,-0.909393,-0.405198,-1.702229,-0.002323,0.003251,0.000232
2026-09-17T15:30:57.809504,NORMAL,NORMAL,9.589284,15.499893,-0.910618,-0.402706,-1.703753,-0.002422,0.004089,-0.000078
2026-09-17T15:30:57.981743,NORMAL,NORMAL,10.383336,15.499893,-0.908621,-0.400896,-1.705334,0.000890,0.003053,0.000263
2026-09-17T15:30:58.153538,NORMAL,NORMAL,11.107270,15.499893,-0.904259,-0.400668,-1.705565,0.005306,0.001366,0.000335
2026-09-17T15:30:58.343347,NORMAL,NORMAL,11.288603,15.499893,-0.897759,-0.401582,-1.705437,0.009786,-0.000093,0.000449
2026-09-17T15:30:58.523843,NORMAL,NORMAL,12.243266,15.499893,-0.890701,-0.403132,-1.705888,0.013033,-0.001328,0.000044
2026-09-17T15:30:58.702550,NORMAL,NORMAL,12.742182,15.499893,-0.880586,-0.405016,-1.706053,0.016350,-0.001931,0.000013
2026-09-17T15:30:58.875816,NORMAL,NORMAL,13.113255,15.499893,-0.871952,-0.406048,-1.705510,0.017710,-0.001526,0.000275
2026-09-17T15:30:56.993503,NORMAL,NORMAL,12.449456,15.499893,-0.863665,-0.404914,-1.703901,0.016990,0.000770,0.000522
2026-09-17T15:30:57.168890,NORMAL,NORMAL,12.358733,15.499893,-0.855306,-0.401266,-1.701598,0.014548,0.003987,0.000378
2026-09-17T15:30:57.347604,NORMAL,NORMAL,12.319304,15.499893,-0.848890,-0.397248,-1.699935,0.012629,0.006157,0.000282
2026-09-17T15:30:57.521675,NORMAL,NORMAL,12.446966,15.499893,-0.845174,-0.391830,-1.697677,0.009106,0.008191,0.000759
2026-09-17T15:30:57.692204,NORMAL,NORMAL,12.534435,15.499893,-0.843843,-0.383487,-1.694282,0.004656,0.011100,0.000310
2026-09-17T15:30:57.868669,NORMAL,NORMAL,12.490430,15.499893,-0.844982,-0.375795,-1.691719,0.001379,0.012928,0.000419
2026-09-17T15:30:58.039492,NORMAL,NORMAL,12.216768,15.499893,-0.846652,-0.370130,-1.689619,-0.000906,0.012356,0.000029
2026-09-17T15:30:58.210648,NORMAL,NORMAL,11.784624,15.499893,-0.848669,-0.367259,-1.688344,-0.002169,0.009085,-0.000043
2026-09-17T15:30:58.412673,NORMAL,NORMAL,11.413279,15.499893,-0.847945,-0.366275,-1.688891,-0.000539,0.005134,-0.000135
2026-09-17T15:30:58.593939,NORMAL,NORMAL,10.925704,15.499893,-0.845238,-0.367268,-1.691580,0.002692,0.001102,-0.000534
2026-09-17T15:30:58.768119,NORMAL,NORMAL,10.361833,15.499893,-0.842064,-0.369194,-1.694674,0.004144,-0.001335,-0.000694
2026-09-17T15:30:58.940476,NORMAL,NORMAL,10.018812,15.499893,-0.838912,-0.369567,-1.698200,0.005178,-0.001243,-0.001042
2026-09-17T15:30:59.115661,NORMAL,NORMAL,10.112985,15.499893,-0.836573,-0.368858,-1.701680,0.005141,0.000007,-0.001028
2026-09-17T15:30:59.291182,NORMAL,NORMAL,9.988517,15.499893,-0.835439,-0.365558,-1.703921,0.004591,0.002841,-0.000383
2026-09-17T15:30:59.469332,NORMAL,NORMAL,9.737343,15.499893,-0.836641,-0.359962,-1.704232,0.002296,0.005796,0.000433
2026-09-17T15:30:59.643471,NORMAL,NORMAL,9.456664,15.499893,-0.837673,-0.355943,-1.704216,0.001226,0.006622,0.000341
2026-09-17T15:30:59.814437,NORMAL,NORMAL,9.682010,15.499893,-0.837129,-0.353637,-1.702799,0.001901,0.005606,0.000632
2026-09-17T15:30:59.990112,ANOMALY,NORMAL,21.636435,15.499893,-0.836257,-0.351833,-1.705765,-0.012386,0.004440,-0.031035
2026-09-17T15:31:00.168745,ANOMALY,NORMAL,18.559083,15.499893,-0.856414,-0.347451,-1.717260,-0.201240,0.005773,-0.025895
2026-09-17T15:31:00.351048,ANOMALY,NORMAL,16.240979,15.499893,-0.918027,-0.342642,-1.724136,-0.430141,0.006902,-0.005686
2026-09-17T15:31:00.543046,NORMAL,NORMAL,15.258607,15.499893,-1.045395,-0.338675,-1.726731,-0.669117,0.005171,0.005141
2026-09-17T15:31:00.726034,NORMAL,NORMAL,14.699405,15.499893,-1.183921,-0.336266,-1.725834,-0.813082,0.002801,0.006460
2026-09-17T15:31:00.914528,NORMAL,NORMAL,14.358037,15.499893,-1.372061,-0.333410,-1.723159,-0.923646,0.001792,0.005437
2026-09-17T15:31:01.110666,NORMAL,NORMAL,14.227265,15.499893,-1.539833,-0.328987,-1.721293,-0.979219,0.004020,0.004278
2026-09-17T15:31:01.346186,NORMAL,NORMAL,14.135729,15.499893,-1.743960,-0.322747,-1.719599,-1.015695,0.007272,0.003639
2026-09-17T15:31:01.557464,NORMAL,NORMAL,14.144886,15.499893,-1.983044,-0.315382,-1.716881,-1.037174,0.009014,0.003534
2026-09-17T15:31:01.750418,NORMAL,NORMAL,14.104597,15.499893,-2.223225,-0.308401,-1.714577,-1.047095,0.009032,0.003222
2026-09-17T15:31:01.934969,NORMAL,NORMAL,14.082184,15.499893,-2.429980,-0.304153,-1.714624,-1.049955,0.008107,0.002395
2026-09-17T15:31:02.109221,NORMAL,NORMAL,14.087129,15.499893,-2.602607,-0.300652,-1.716946,-1.050045,0.007616,0.001529
2026-09-17T15:31:02.279245,NORMAL,NORMAL,14.106717,15.499893,-2.772694,-0.296891,-1.719588,-1.048320,0.007189,0.001207
2026-09-17T15:31:02.453463,NORMAL,NORMAL,14.125080,15.499893,-2.932758,-0.293624,-1.722617,-1.045434,0.006822,0.000841
2026-09-17T15:31:02.630421,NORMAL,NORMAL,14.185071,15.499893,-3.131926,-0.291228,-1.725581,-1.041962,0.004999,0.001079
2026-09-17T15:31:02.836384,NORMAL,NORMAL,14.270924,15.499893,-3.298074,-0.289177,-1.725665,-1.038723,0.004375,0.002026
2026-09-17T15:31:03.016943,NORMAL,NORMAL,14.337479,15.499893,-3.496924,-0.286190,-1.724840,-1.036850,0.004495,0.001812
2026-09-17T15:31:03.205630,NORMAL,NORMAL,14.427633,15.499893,-3.665903,-0.281993,-1.722787,-1.037354,0.006238,0.002004
2026-09-17T15:31:03.384378,NORMAL,NORMAL,14.565192,15.499893,-3.870563,-0.276923,-1.720466,-1.039356,0.007475,0.001655
2026-09-17T15:31:03.566531,NORMAL,NORMAL,14.760719,15.499893,-4.045753,-0.275426,-1.718966,-1.042287,0.005487,0.001263
2026-09-17T15:31:03.753174,NORMAL,NORMAL,12.308146,15.499893,-4.257049,-0.275776,-1.717675,-1.045471,0.002393,0.001220
2026-09-17T15:31:03.933088,NORMAL,NORMAL,10.448257,15.499893,-4.471142,-0.279563,-1.717482,-1.047643,-0.002395,0.001200
2026-09-17T15:31:04.111523,NORMAL,NORMAL,11.005055,15.499893,-4.652908,-0.282464,-1.715975,-1.049077,-0.004262,0.000796
2026-09-17T15:31:04.285617,NORMAL,NORMAL,11.680580,15.499893,-4.835218,-0.283766,-1.713769,-1.050019,-0.003862,0.001305
2026-09-17T15:31:04.458318,NORMAL,NORMAL,13.317808,15.499893,-5.007452,-0.283553,-1.713155,-1.048580,-0.002279,0.000527
2026-09-17T15:31:04.632323,ANOMALY,NORMAL,16.740638,15.499893,-5.236236,-0.281754,-1.713064,-1.043960,0.000231,0.000005
2026-09-17T15:31:04.809724,ANOMALY,NORMAL,18.205463,15.499893,-5.409864,-0.278521,-1.714793,-1.040223,0.002118,-0.012669
2026-09-17T15:31:04.998201,ANOMALY,NORMAL,17.427917,15.499893,-5.583290,-0.276476,-1.719551,-1.016160,0.002055,-0.037185
2026-09-17T15:31:05.190475,ANOMALY,NORMAL,18.713389,15.499893,-5.768937,-0.276351,-1.724760,-0.822844,0.000249,-0.021479
2026-09-17T15:31:05.368228,ANOMALY,NORMAL,17.398271,15.499893,-5.906325,-0.278659,-1.721089,-0.554365,-0.002893,0.001686
2026-09-17T15:31:05.547236,ANOMALY,NORMAL,16.142485,15.499893,-5.972027,-0.282632,-1.715607,-0.373912,-0.006392,0.008685
2026-09-17T15:31:05.726112,NORMAL,NORMAL,15.127909,15.499893,-6.013158,-0.289891,-1.709308,-0.228916,-0.011697,0.009955
2026-09-17T15:31:05.901572,NORMAL,NORMAL,14.707360,15.499893,-6.039644,-0.301080,-1.703074,-0.114097,-0.017334,0.008674
2026-09-17T15:31:06.076848,NORMAL,NORMAL,14.026552,15.499893,-6.053052,-0.312161,-1.698362,-0.056133,-0.021184,0.007315
2026-09-17T15:31:06.260001,NORMAL,NORMAL,13.990515,15.499893,-6.061574,-0.324378,-1.694515,-0.022296,-0.024035,0.005845
2026-09-17T15:31:06.432829,NORMAL,NORMAL,13.742284,15.499893,-6.069450,-0.337818,-1.690756,0.001392,-0.024116,0.004791
2026-09-17T15:31:06.605892,NORMAL,NORMAL,13.570371,15.499893,-6.076042,-0.345765,-1.686890,0.010521,-0.020266,0.004277
2026-09-17T15:31:06.778266,NORMAL,NORMAL,13.319922,15.499893,-6.083565,-0.351510,-1.682837,0.014496,-0.015817,0.004134
2026-09-17T15:31:06.949925,NORMAL,NORMAL,13.246741,15.499893,-6.090414,-0.355397,-1.679430,0.016970,-0.011178,0.003545
2026-09-17T15:31:07.132959,NORMAL,NORMAL,13.304677,15.499893,-6.096332,-0.359768,-1.674816,0.019500,-0.007596,0.003601
2026-09-17T15:31:07.312547,NORMAL,NORMAL,13.481684,15.499893,-6.099859,-0.364177,-1.670624,0.021227,-0.006789,0.003431
2026-09-17T15:31:07.490591,NORMAL,NORMAL,13.793526,15.499893,-6.101560,-0.367094,-1.666615,0.023652,-0.005167,0.002974
2026-09-17T15:31:07.674591,NORMAL,NORMAL,14.280658,15.499893,-6.101334,-0.370712,-1.662157,0.026450,-0.004296,0.002460
2026-09-17T15:31:07.849318,NORMAL,NORMAL,14.721744,15.499893,-6.099606,-0.373224,-1.658542,0.028100,-0.003720,0.002298
2026-09-17T15:31:08.024862,NORMAL,NORMAL,15.189504,15.499893,-6.096235,-0.376021,-1.654929,0.029797,-0.003199,0.002291
2026-09-17T15:31:08.198954,ANOMALY,NORMAL,15.779872,15.499893,-6.090249,-0.379639,-1.650229,0.031336,-0.002899,0.002001
2026-09-17T15:31:08.372526,ANOMALY,NORMAL,16.489936,15.499893,-6.084136,-0.382118,-1.646794,0.032377,-0.001594,0.001453
2026-09-17T15:31:08.552994,ANOMALY,NORMAL,15.828799,15.499893,-6.078236,-0.384309,-1.642327,0.032393,-0.001016,0.001912
2026-09-17T15:31:08.725178,ANOMALY,NORMAL,16.644877,15.499893,-6.072391,-0.387657,-1.637731,0.031476,-0.001541,0.001331
2026-09-17T15:31:08.897999,ANOMALY,NORMAL,17.383023,15.499893,-6.067211,-0.390800,-1.635707,0.031087,-0.002092,0.000877
2026-09-17T15:31:09.093141,ANOMALY,NORMAL,17.714970,15.499893,-6.061355,-0.394295,-1.633995,0.031041,-0.003186,0.000811
2026-09-17T15:31:09.301405,NORMAL,NORMAL,15.279635,15.499893,-6.054168,-0.399092,-1.632262,0.031042,-0.005299,0.000570
2026-09-17T15:31:09.514991,NORMAL,NORMAL,14.857186,15.499893,-6.047225,-0.403050,-1.630339,0.030142,-0.006352,0.000352
2026-09-17T15:31:09.706316,NORMAL,NORMAL,13.207991,15.499893,-6.041715,-0.404392,-1.628502,0.027956,-0.004760,0.000239
2026-09-17T15:31:09.894585,NORMAL,NORMAL,13.423681,15.499893,-6.036954,-0.403127,-1.627241,0.025498,-0.001592,0.000002
2026-09-17T15:31:10.083180,NORMAL,NORMAL,12.984760,15.499893,-6.033837,-0.400051,-1.627593,0.022812,0.001514,0.000048
2026-09-17T15:31:10.268738,NORMAL,NORMAL,13.222253,15.499893,-6.031782,-0.396970,-1.629910,0.020826,0.003378,-0.000503
2026-09-17T15:31:10.441081,NORMAL,NORMAL,13.584550,15.499893,-6.028193,-0.391969,-1.634517,0.020540,0.005609,-0.001224
2026-09-17T15:31:10.614466,NORMAL,NORMAL,14.066835,15.499893,-6.025390,-0.386424,-1.637515,0.019974,0.007005,-0.000714
2026-09-17T15:31:10.789323,NORMAL,NORMAL,14.545434,15.499893,-6.023298,-0.379777,-1.637471,0.019147,0.009309,-0.000152
2026-09-17T15:31:10.961910,NORMAL,NORMAL,14.934709,15.499893,-6.019607,-0.371152,-1.637385,0.019574,0.011485,-0.000014
2026-09-17T15:31:11.136682,NORMAL,NORMAL,15.235290,15.499893,-6.015087,-0.365414,-1.637149,0.020692,0.011224,-0.000008
2026-09-17T15:31:11.306494,ANOMALY,NORMAL,15.557798,15.499893,-6.009498,-0.361358,-1.637164,0.021901,0.009615,-0.000254
2026-09-17T15:31:11.487952,ANOMALY,NORMAL,15.836786,15.499893,-6.003118,-0.358446,-1.635817,0.022961,0.007499,0.000120
2026-09-17T15:31:11.670092,ANOMALY,NORMAL,15.807396,15.499893,-5.997542,-0.355589,-1.632587,0.022054,0.005781,0.000922
2026-09-17T15:31:11.851700,ANOMALY,NORMAL,15.710703,15.499893,-5.993806,-0.353940,-1.630897,0.021082,0.004653,0.000739
2026-09-17T15:31:12.030075,ANOMALY,NORMAL,15.798112,15.499893,-5.992134,-0.352293,-1.629553,0.017791,0.004484,0.000190
2026-09-17T15:31:12.210940,ANOMALY,NORMAL,15.964338,15.499893,-5.991966,-0.350738,-1.627827,0.015336,0.004604,0.000529
2026-09-17T15:31:12.389882,ANOMALY,NORMAL,16.042096,15.499893,-5.990853,-0.348276,-1.625727,0.014776,0.005184,0.000502
2026-09-17T15:31:12.566220,ANOMALY,NORMAL,16.142898,15.499893,-5.986937,-0.345316,-1.624949,0.015941,0.004659,0.000321
2026-09-17T15:31:12.739474,ANOMALY,NORMAL,16.336307,15.499893,-5.983067,-0.343357,-1.624977,0.017145,0.003487,0.000206
2026-09-17T15:31:12.914620,ANOMALY,NORMAL,16.576209,15.499893,-5.980876,-0.342540,-1.624411,0.016812,0.001571,0.000389
2026-09-17T15:31:13.085334,ANOMALY,NORMAL,16.991884,15.499893,-5.979220,-0.341964,-1.622406,0.016302,-0.000067,0.000599
2026-09-17T15:31:13.260265,ANOMALY,NORMAL,17.398576,15.499893,-5.977459,-0.341611,-1.619069,0.015820,-0.000890,0.000745
2026-09-17T15:31:13.435621,ANOMALY,NORMAL,17.716423,15.499893,-5.975153,-0.340720,-1.613748,0.015502,-0.000195,0.000978
2026-09-17T15:31:13.615450,ANOMALY,NORMAL,17.969423,15.499893,-5.973044,-0.338218,-1.609744,0.015103,0.001679,0.001018
2026-09-17T15:31:13.803704,ANOMALY,NORMAL,18.229404,15.499893,-5.970247,-0.334458,-1.606196,0.015190,0.004497,0.000422
2026-09-17T15:31:13.983631,ANOMALY,NORMAL,18.443461,15.499893,-5.967591,-0.329521,-1.603157,0.014524,0.006852,-0.000201
2026-09-17T15:31:14.163368,ANOMALY,NORMAL,18.431683,15.499893,-5.965391,-0.325150,-1.602659,0.013961,0.007897,-0.000567
2026-09-17T15:31:14.345899,ANOMALY,NORMAL,18.327417,15.499893,-5.964483,-0.321494,-1.603191,0.011642,0.007272,-0.000800
2026-09-17T15:31:14.522022,ANOMALY,NORMAL,18.120991,15.499893,-5.965194,-0.319138,-1.602847,0.008564,0.006520,-0.000456
2026-09-17T15:31:14.694461,ANOMALY,ANOMALY,17.941262,15.499893,-5.966058,-0.318369,-1.600941,0.006164,0.005141,0.000301
2026-09-17T15:31:14.867662,ANOMALY,ANOMALY,17.788368,15.499893,-5.966440,-0.319665,-1.597683,0.005689,0.003312,0.001119
2026-09-17T15:31:15.045198,ANOMALY,ANOMALY,17.623454,15.499893,-5.967203,-0.322862,-1.592903,0.003978,-0.000107,0.027258
2026-09-17T15:31:15.216630,ANOMALY,ANOMALY,20.481975,15.499893,-5.968269,-0.328104,-1.570748,0.002267,-0.004423,0.199396
2026-09-17T15:31:15.388439,ANOMALY,ANOMALY,20.233950,15.499893,-5.970025,-0.334011,-1.505858,0.001444,-0.006662,0.491138
2026-09-17T15:31:15.564632,ANOMALY,ANOMALY,19.260071,15.499893,-5.972587,-0.340928,-1.366559,0.001562,-0.005297,0.706440
2026-09-17T15:31:15.748997,ANOMALY,ANOMALY,18.524060,15.499893,-5.973276,-0.345671,-1.235330,0.004141,-0.000758,0.694252
2026-09-17T15:31:15.931911,ANOMALY,ANOMALY,17.026076,15.499893,-5.972683,-0.349692,-1.119651,0.007536,0.004029,0.620595
2026-09-17T15:31:16.113466,ANOMALY,ANOMALY,17.015159,15.499893,-5.970680,-0.353046,-0.997229,0.010174,0.009327,0.605612
2026-09-17T15:31:16.289801,ANOMALY,ANOMALY,16.513554,15.499893,-5.968491,-0.351670,-0.899971,0.011472,0.015880,0.619326
2026-09-17T15:31:16.467129,ANOMALY,ANOMALY,16.004216,15.499893,-5.965600,-0.346608,-0.773422,0.012366,0.023964,0.639987
2026-09-17T15:31:16.643916,ANOMALY,ANOMALY,15.691847,15.499893,-5.962801,-0.340770,-0.664193,0.012079,0.028860,0.654050
2026-09-17T15:31:16.822407,NORMAL,NORMAL,15.401743,15.499893,-5.960055,-0.335365,-0.552318,0.010542,0.029943,0.665077
2026-09-17T15:31:16.997615,NORMAL,NORMAL,15.233928,15.499893,-5.956393,-0.330720,-0.416279,0.008664,0.026771,0.673986
2026-09-17T15:31:17.168933,NORMAL,NORMAL,15.236645,15.499893,-5.951861,-0.328525,-0.301598,0.007685,0.022063,0.678809
2026-09-17T15:31:17.341693,NORMAL,NORMAL,15.332818,15.499893,-5.946128,-0.327770,-0.192831,0.007698,0.016884,0.682746
2026-09-17T15:31:17.510394,NORMAL,NORMAL,15.457452,15.499893,-5.939560,-0.327923,-0.079339,0.006781,0.012039,0.687146
2026-09-17T15:31:17.683688,NORMAL,NORMAL,15.496899,15.499893,-5.934531,-0.326952,0.033497,0.003575,0.010207,0.692184
2026-09-17T15:31:17.872404,NORMAL,NORMAL,15.171826,15.499893,-5.934371,-0.328220,0.042869,-0.005893,-0.010780,0.013448
2026-09-17T15:31:18.053747,NORMAL,NORMAL,14.842840,15.499893,-5.937776,-0.330019,0.019970,-0.008787,-0.010990,0.001332
2026-09-17T15:31:18.229883,NORMAL,NORMAL,14.928655,15.499893,-5.939904,-0.329640,0.006598,-0.010328,-0.009505,-0.004117
2026-09-17T15:31:18.408066,NORMAL,NORMAL,15.052167,15.499893,-5.938199,-0.325850,-0.000119,-0.009129,-0.005706,-0.006138
2026-09-17T15:31:18.582183,ANOMALY,NORMAL,16.243427,15.499893,-5.933628,-0.321374,-0.004016,-0.005946,-0.001820,-0.006901
2026-09-17T15:31:18.763314,ANOMALY,NORMAL,16.891265,15.499893,-5.927446,-0.317360,-0.005451,-0.002205,0.000932,-0.006139
2026-09-17T15:31:18.939005,ANOMALY,NORMAL,17.105080,15.499893,-5.920954,-0.313157,-0.005602,0.000400,0.003747,-0.005570
2026-09-17T15:31:19.113098,ANOMALY,NORMAL,17.105162,15.499893,-5.917755,-0.311564,-0.004603,0.000675,0.004231,-0.004894
2026-09-17T15:31:19.284417,NORMAL,NORMAL,13.540114,15.499893,-5.914744,-0.311455,-0.002625,0.001303,0.003331,-0.003947
2026-09-17T15:31:19.456986,NORMAL,NORMAL,12.322117,15.499893,-5.913523,-0.311348,-0.002253,0.000599,0.002390,-0.003839
2026-09-17T15:31:19.625981,NORMAL,NORMAL,11.464348,15.499893,-5.915058,-0.310439,-0.003780,-0.002024,0.002263,-0.004623
2026-09-17T15:31:19.804216,NORMAL,NORMAL,11.609512,15.499893,-5.918735,-0.308591,-0.007071,-0.005209,0.003548,-0.006005
2026-09-17T15:31:19.986762,NORMAL,NORMAL,12.070953,15.499893,-5.921624,-0.304938,-0.011701,-0.006913,0.006409,-0.007540
2026-09-17T15:31:20.168935,NORMAL,NORMAL,12.668462,15.499893,-5.923670,-0.299681,-0.017990,-0.007393,0.010592,-0.009402
2026-09-17T15:31:20.346098,NORMAL,NORMAL,13.353310,15.499893,-5.924850,-0.296219,-0.021812,-0.007660,0.012818,-0.010473
2026-09-17T15:31:20.523038,NORMAL,NORMAL,13.879548,15.499893,-5.925933,-0.294078,-0.024447,-0.007866,0.014111,-0.010977
2026-09-17T15:31:20.696635,NORMAL,NORMAL,14.301899,15.499893,-5.926076,-0.292912,-0.026756,-0.007457,0.014285,-0.011550
2026-09-17T15:31:20.874030,NORMAL,NORMAL,14.241282,15.499893,-5.923131,-0.292628,-0.029463,-0.004788,0.014230,-0.011757
2026-09-17T15:31:21.052542,NORMAL,NORMAL,13.564862,15.499893,-5.917978,-0.293810,-0.032964,-0.000710,0.013318,-0.012419
2026-09-17T15:31:21.228653,NORMAL,NORMAL,13.971755,15.499893,-5.910644,-0.297474,-0.036481,0.004465,0.010974,-0.012287
2026-09-17T15:31:21.400142,NORMAL,NORMAL,13.620387,15.499893,-5.904779,-0.301122,-0.038695,0.007362,0.008875,-0.011681
2026-09-17T15:31:21.576265,NORMAL,NORMAL,14.220447,15.499893,-5.899209,-0.305478,-0.041415,0.009847,0.006057,-0.011921
2026-09-17T15:31:21.745589,ANOMALY,NORMAL,17.275201,15.499893,-5.893664,-0.310411,-0.043232,0.012401,0.002759,-0.011972
2026-09-17T15:31:21.917134,ANOMALY,NORMAL,15.992255,15.499893,-5.888208,-0.314460,-0.044906,0.014465,0.000507,-0.011845
2026-09-17T15:31:22.100140,ANOMALY,NORMAL,16.426868,15.499893,-5.885569,-0.316738,-0.045483,0.014051,-0.000524,-0.011446
2026-09-17T15:31:22.278070,ANOMALY,NORMAL,16.735151,15.499893,-5.885758,-0.318276,-0.045489,0.010948,-0.000481,-0.010681
2026-09-17T15:31:22.454103,ANOMALY,NORMAL,16.915513,15.499893,-5.886014,-0.318792,-0.045281,0.009156,0.000040,-0.009654
2026-09-17T15:31:22.634717,ANOMALY,NORMAL,16.814312,15.499893,-5.886322,-0.316854,-0.045141,0.007649,0.001772,-0.008750
2026-09-17T15:31:22.812647,ANOMALY,NORMAL,16.775163,15.499893,-5.888588,-0.313558,-0.045575,0.004880,0.004398,-0.007881
2026-09-17T15:31:22.994569,ANOMALY,NORMAL,16.738594,15.499893,-5.890132,-0.311046,-0.044636,0.003121,0.005826,-0.006599
2026-09-17T15:31:23.169583,ANOMALY,NORMAL,16.699544,15.499893,-5.890277,-0.309168,-0.043638,0.002806,0.006525,-0.005733
2026-09-17T15:31:23.343211,ANOMALY,NORMAL,16.702421,15.499893,-5.889781,-0.308837,-0.042999,0.003147,0.006107,-0.005194
2026-09-17T15:31:23.514878,ANOMALY,NORMAL,16.706499,15.499893,-5.889740,-0.308328,-0.042787,0.003404,0.005733,-0.004413
2026-09-17T15:31:23.687320,ANOMALY,NORMAL,16.709168,15.499893,-5.890038,-0.308767,-0.042334,0.002986,0.004772,-0.003640
2026-09-17T15:31:23.865563,ANOMALY,NORMAL,16.673788,15.499893,-5.891987,-0.311334,-0.040022,0.001091,0.001730,-0.002534
2026-09-17T15:31:24.040965,ANOMALY,NORMAL,16.619759,15.499893,-5.893935,-0.313949,-0.037967,-0.000507,-0.000594,-0.001574
2026-09-17T15:31:24.223361,ANOMALY,NORMAL,16.591251,15.499893,-5.895397,-0.315706,-0.036155,-0.001617,-0.001256,-0.000887
2026-09-17T15:31:24.408168,ANOMALY,NORMAL,16.624900,15.499893,-5.893729,-0.316784,-0.034097,0.000327,-0.001094,-0.000059
2026-09-17T15:31:24.588915,ANOMALY,NORMAL,16.685531,15.499893,-5.890880,-0.317686,-0.032591,0.002654,-0.000930,0.000610
2026-09-17T15:31:24.765610,ANOMALY,NORMAL,16.791511,15.499893,-5.888877,-0.317746,-0.030473,0.003944,0.000078,0.001138
2026-09-17T15:31:24.938279,ANOMALY,NORMAL,17.042102,15.499893,-5.888726,-0.316370,-0.028412,0.004236,0.001923,0.001733
2026-09-17T15:31:25.118237,ANOMALY,ANOMALY,17.410463,15.499893,-5.889760,-0.314304,-0.025855,0.003882,0.003711,0.002320
2026-09-17T15:31:25.292844,ANOMALY,ANOMALY,17.269981,15.499893,-5.892486,-0.310567,-0.022043,0.003285,0.006611,0.003834
2026-09-17T15:31:25.465246,ANOMALY,ANOMALY,17.149046,15.499893,-5.894678,-0.308248,-0.019440,0.002418,0.007793,0.005046
2026-09-17T15:31:25.638371,ANOMALY,ANOMALY,17.040810,15.499893,-5.896296,-0.307824,-0.017974,0.002339,0.007280,0.005643
2026-09-17T15:31:25.811517,ANOMALY,ANOMALY,16.900048,15.499893,-5.897304,-0.308475,-0.018182,0.002340,0.006300,0.005334
2026-09-17T15:31:25.986264,ANOMALY,ANOMALY,16.755479,15.499893,-5.898739,-0.309510,-0.019163,0.001485,0.005330,0.004728
2026-09-17T15:31:26.156685,ANOMALY,ANOMALY,16.663835,15.499893,-5.898887,-0.312125,-0.020596,0.001079,0.003290,0.004090
2026-09-17T15:31:26.337096,ANOMALY,ANOMALY,16.582998,15.499893,-5.897072,-0.314362,-0.021911,0.002426,0.001586,0.003595
2026-09-17T15:31:26.555408,ANOMALY,ANOMALY,16.543306,15.499893,-5.894507,-0.316530,-0.022953,0.003625,0.000028,0.002927
2026-09-17T15:31:26.736639,ANOMALY,ANOMALY,16.503721,15.499893,-5.891960,-0.321816,-0.024014,0.004399,-0.003517,0.002233
2026-09-17T15:31:26.921251,ANOMALY,ANOMALY,16.482400,15.499893,-5.889951,-0.325166,-0.024486,0.005498,-0.005617,0.001684
2026-09-17T15:31:27.126904,ANOMALY,ANOMALY,16.483742,15.499893,-5.888730,-0.324535,-0.025506,0.005498,-0.003717,0.000937
2026-09-17T15:31:27.324811,ANOMALY,ANOMALY,16.515057,15.499893,-5.887527,-0.320384,-0.027559,0.005952,0.000099,-0.000053
2026-09-17T15:31:27.514586,ANOMALY,ANOMALY,16.513079,15.499893,-5.886185,-0.314176,-0.030091,0.006870,0.004706,-0.001005
2026-09-17T15:31:27.703103,ANOMALY,ANOMALY,16.513705,15.499893,-5.884295,-0.309358,-0.031063,0.007587,0.007387,-0.001431
2026-09-17T15:31:27.875148,ANOMALY,ANOMALY,16.523409,15.499893,-5.881720,-0.305065,-0.030500,0.009093,0.009803,-0.000656
2026-09-17T15:31:28.042930,ANOMALY,ANOMALY,16.512896,15.499893,-5.878761,-0.301291,-0.028204,0.011088,0.012360,-0.000093
2026-09-17T15:31:28.213208,ANOMALY,ANOMALY,16.507941,15.499893,-5.875915,-0.298143,-0.024522,0.012883,0.014067,0.001253
2026-09-17T15:31:28.381415,ANOMALY,ANOMALY,16.520448,15.499893,-5.875409,-0.297616,-0.021078,0.012687,0.013765,0.002327
2026-09-17T15:31:28.565096,ANOMALY,ANOMALY,16.519465,15.499893,-5.878180,-0.299584,-0.018645,0.010213,0.011641,0.003018
2026-09-17T15:31:28.746543,ANOMALY,ANOMALY,16.532789,15.499893,-5.884053,-0.302049,-0.016069,0.006171,0.009478,0.004080
2026-09-17T15:31:28.927700,ANOMALY,ANOMALY,16.568115,15.499893,-5.889784,-0.302936,-0.014902,0.002823,0.008655,0.004380
2026-09-17T15:31:29.105064,ANOMALY,ANOMALY,16.601175,15.499893,-5.897493,-0.302615,-0.014263,-0.001053,0.009404,0.004165
2026-09-17T15:31:29.281288,ANOMALY,ANOMALY,16.626981,15.499893,-5.904177,-0.301597,-0.014243,-0.004593,0.010363,0.004006
2026-09-17T15:31:27.441671,ANOMALY,ANOMALY,16.610041,15.499893,-5.908656,-0.301619,-0.013859,-0.005862,0.009730,0.004263
2026-09-17T15:31:27.616337,ANOMALY,ANOMALY,16.597896,15.499893,-5.910974,-0.303699,-0.013342,-0.005467,0.007282,0.004231
2026-09-17T15:31:27.787007,ANOMALY,ANOMALY,16.591147,15.499893,-5.911760,-0.304321,-0.012789,-0.004838,0.006651,0.004288
2026-09-17T15:31:27.961382,ANOMALY,ANOMALY,16.588097,15.499893,-5.911984,-0.303572,-0.011597,-0.003608,0.006682,0.004660
2026-09-17T15:31:28.133147,ANOMALY,ANOMALY,16.564353,15.499893,-5.911951,-0.302973,-0.009995,-0.002440,0.006211,0.005330
2026-09-17T15:31:28.304650,ANOMALY,ANOMALY,16.555701,15.499893,-5.912426,-0.302472,-0.008433,-0.000838,0.005284,0.005925
2026-09-17T15:31:28.475086,ANOMALY,ANOMALY,16.541868,15.499893,-5.914371,-0.302832,-0.007793,-0.001358,0.003854,0.005899
2026-09-17T15:31:28.659561,ANOMALY,ANOMALY,16.532027,15.499893,-5.916040,-0.303795,-0.008164,-0.001747,0.002442,0.005354
2026-09-17T15:31:28.840412,ANOMALY,ANOMALY,16.523576,15.499893,-5.915768,-0.305422,-0.009309,-0.000876,0.000690,0.004234
2026-09-17T15:31:29.026652,ANOMALY,ANOMALY,16.514731,15.499893,-5.912154,-0.307640,-0.012136,0.001840,-0.000930,0.002670
2026-09-17T15:31:29.211504,ANOMALY,ANOMALY,16.507064,15.499893,-5.907590,-0.310103,-0.015798,0.004935,-0.002395,0.001286
2026-09-17T15:31:29.389773,ANOMALY,ANOMALY,16.511942,15.499893,-5.903836,-0.311691,-0.019031,0.007217,-0.002584,-0.000287
2026-09-17T15:31:29.571201,ANOMALY,ANOMALY,16.503189,15.499893,-5.901853,-0.310573,-0.020161,0.008295,-0.001094,-0.000729
2026-09-17T15:31:29.751746,ANOMALY,ANOMALY,16.497627,15.499893,-5.899604,-0.307554,-0.020406,0.009580,0.001630,-0.000408
2026-09-17T15:31:29.926904,ANOMALY,ANOMALY,16.503883,15.499893,-5.899557,-0.305239,-0.020828,0.009052,0.003740,-0.000928
2026-09-17T15:31:30.100476,ANOMALY,ANOMALY,16.511388,15.499893,-5.900324,-0.303562,-0.021774,0.007794,0.004718,-0.001458
2026-09-17T15:31:30.281110,ANOMALY,ANOMALY,16.532404,15.499893,-5.900854,-0.301862,-0.022640,0.006931,0.005588,-0.001607
2026-09-17T15:31:30.457083,ANOMALY,ANOMALY,16.545636,15.499893,-5.901875,-0.299788,-0.021485,0.005565,0.007508,-0.001327
2026-09-17T15:31:30.641768,ANOMALY,ANOMALY,16.542987,15.499893,-5.902188,-0.297067,-0.018881,0.005331,0.009830,-0.000455
2026-09-17T15:31:30.829749,ANOMALY,ANOMALY,16.558557,15.499893,-5.901259,-0.295571,-0.017107,0.005997,0.011094,-0.000217
2026-09-17T15:31:31.015152,ANOMALY,ANOMALY,16.578552,15.499893,-5.900083,-0.296081,-0.018501,0.006731,0.010537,-0.000701
2026-09-17T15:31:31.193257,ANOMALY,ANOMALY,16.590744,15.499893,-5.899306,-0.296216,-0.019174,0.007273,0.010328,-0.000675
2026-09-17T15:31:31.438405,ANOMALY,ANOMALY,16.598630,15.499893,-5.900060,-0.298059,-0.019941,0.006654,0.008615,-0.000691
2026-09-17T15:31:31.635211,ANOMALY,ANOMALY,16.605827,15.499893,-5.902183,-0.300632,-0.021287,0.005489,0.006883,-0.000746
2026-09-17T15:31:31.863925,ANOMALY,ANOMALY,16.630908,15.499893,-5.900836,-0.300394,-0.020493,0.006758,0.007232,-0.000007
2026-09-17T15:31:32.048988,ANOMALY,ANOMALY,16.674841,15.499893,-5.899650,-0.300494,-0.021181,0.007303,0.007961,-0.000221
2026-09-17T15:31:32.276495,ANOMALY,ANOMALY,16.697258,15.499893,-5.898870,-0.301342,-0.022987,0.007522,0.007289,-0.000757
2026-09-17T15:31:32.462910,ANOMALY,ANOMALY,16.722783,15.499893,-5.900145,-0.305186,-0.023538,0.005794,0.004480,-0.000936
2026-09-17T15:31:32.642056,ANOMALY,ANOMALY,16.727531,15.499893,-5.902313,-0.308777,-0.023362,0.003954,0.001743,-0.000944
2026-09-17T15:31:32.820223,ANOMALY,ANOMALY,16.730599,15.499893,-5.903413,-0.311992,-0.022831,0.002843,-0.000133,-0.000831
2026-09-17T15:31:32.992826,ANOMALY,ANOMALY,16.718414,15.499893,-5.902864,-0.315338,-0.021542,0.002946,-0.002056,-0.000609
2026-09-17T15:31:33.188839,ANOMALY,ANOMALY,16.698662,15.499893,-5.903183,-0.319356,-0.020776,0.002806,-0.004282,-0.000390
2026-09-17T15:31:33.391066,ANOMALY,ANOMALY,16.665374,15.499893,-5.905374,-0.323639,-0.019271,0.000903,-0.006626,0.000070
2026-09-17T15:31:33.577937,ANOMALY,ANOMALY,16.634005,15.499893,-5.907948,-0.327157,-0.017482,-0.001436,-0.008280,0.000213
2026-09-17T15:31:33.764259,ANOMALY,ANOMALY,16.609354,15.499893,-5.910503,-0.331143,-0.015797,-0.002990,-0.009821,0.000297
2026-09-17T15:31:33.950492,ANOMALY,ANOMALY,16.589371,15.499893,-5.914145,-0.335691,-0.015314,-0.005185,-0.012522,0.000414
2026-09-17T15:31:34.138738,ANOMALY,ANOMALY,16.564729,15.499893,-5.917322,-0.339743,-0.015827,-0.006805,-0.014776,-0.000093
2026-09-17T15:31:34.378090,ANOMALY,ANOMALY,16.544791,15.499893,-5.919173,-0.341875,-0.017496,-0.007341,-0.015234,-0.000495
2026-09-17T15:31:34.562532,ANOMALY,ANOMALY,16.541676,15.499893,-5.920225,-0.341882,-0.020484,-0.007774,-0.013873,-0.001584
2026-09-17T15:31:34.744111,ANOMALY,ANOMALY,16.526972,15.499893,-5.919519,-0.342232,-0.021522,-0.006805,-0.013530,-0.002049
2026-09-17T15:31:34.968607,ANOMALY,ANOMALY,16.499745,15.499893,-5.917114,-0.342424,-0.021034,-0.004497,-0.012797,-0.001514
2026-09-17T15:31:35.164798,ANOMALY,ANOMALY,16.475469,15.499893,-5.916572,-0.340740,-0.021417,-0.003809,-0.010389,-0.001401
2026-09-17T15:31:35.361575,ANOMALY,ANOMALY,16.473840,15.499893,-5.917318,-0.340003,-0.023360,-0.004489,-0.009124,-0.001741
2026-09-17T15:31:35.617875,ANOMALY,ANOMALY,16.475826,15.499893,-5.919068,-0.339110,-0.026250,-0.005557,-0.007980,-0.002340
2026-09-17T15:31:35.810705,ANOMALY,ANOMALY,16.447768,15.499893,-5.921228,-0.338210,-0.026938,-0.006168,-0.007352,-0.002371
2026-09-17T15:31:35.995977,ANOMALY,ANOMALY,16.422568,15.499893,-5.920971,-0.339658,-0.024155,-0.004241,-0.009384,-0.001328
2026-09-17T15:31:36.186769,ANOMALY,ANOMALY,16.369461,15.499893,-5.920656,-0.340736,-0.021761,-0.003096,-0.010735,-0.000379
2026-09-17T15:31:36.372095,ANOMALY,ANOMALY,16.314665,15.499893,-5.921123,-0.341925,-0.018993,-0.002958,-0.011438,0.000755
2026-09-17T15:31:36.557672,ANOMALY,ANOMALY,16.306864,15.499893,-5.921293,-0.343181,-0.016786,-0.002681,-0.012323,0.001178
2026-09-17T15:31:36.741960,ANOMALY,ANOMALY,16.285061,15.499893,-5.920698,-0.343814,-0.016849,-0.001755,-0.012684,0.001039
2026-09-17T15:31:36.923875,ANOMALY,ANOMALY,16.289714,15.499893,-5.918825,-0.345080,-0.016946,-0.000223,-0.012974,0.001391
2026-09-17T15:31:37.105338,ANOMALY,ANOMALY,16.284915,15.499893,-5.916664,-0.346421,-0.018075,0.000961,-0.013934,0.001299
2026-09-17T15:31:37.291299,ANOMALY,ANOMALY,16.292011,15.499893,-5.914901,-0.348147,-0.018578,0.001399,-0.015314,0.001023
2026-09-17T15:31:37.471073,ANOMALY,ANOMALY,16.309159,15.499893,-5.914905,-0.350749,-0.018411,0.000705,-0.017606,0.000764
2026-09-17T15:31:37.687837,ANOMALY,ANOMALY,16.305540,15.499893,-5.916075,-0.353309,-0.018538,-0.000058,-0.019476,0.000455
2026-09-17T15:31:37.879883,ANOMALY,ANOMALY,16.299673,15.499893,-5.916944,-0.355592,-0.019022,-0.000673,-0.020900,-0.000096
2026-09-17T15:31:38.072440,ANOMALY,ANOMALY,16.304581,15.499893,-5.918884,-0.358045,-0.018730,-0.001810,-0.022159,-0.000363
2026-09-17T15:31:38.260481,ANOMALY,ANOMALY,16.301914,15.499893,-5.920058,-0.361515,-0.016860,-0.001829,-0.024260,0.000278
2026-09-17T15:31:38.448281,ANOMALY,ANOMALY,16.285962,15.499893,-5.918803,-0.364100,-0.015687,-0.000309,-0.025493,0.000533
2026-09-17T15:31:38.639026,ANOMALY,ANOMALY,16.274380,15.499893,-5.919124,-0.365337,-0.013662,-0.000627,-0.025400,0.001151
2026-09-17T15:31:38.829803,ANOMALY,ANOMALY,16.259926,15.499893,-5.922759,-0.364810,-0.011851,-0.003312,-0.024219,0.002138
2026-09-17T15:31:39.016931,ANOMALY,ANOMALY,16.250680,15.499893,-5.925852,-0.362572,-0.012099,-0.005125,-0.021396,0.001715
2026-09-17T15:31:39.201907,ANOMALY,ANOMALY,16.235519,15.499893,-5.927413,-0.360729,-0.013607,-0.005558,-0.019644,0.001082
2026-09-17T15:31:39.384148,ANOMALY,ANOMALY,16.220951,15.499893,-5.927385,-0.358445,-0.015622,-0.004963,-0.017800,0.000079
2026-09-17T15:31:39.622074,ANOMALY,ANOMALY,16.241822,15.499893,-5.926342,-0.355795,-0.016927,-0.004545,-0.015992,-0.000506
2026-09-17T15:31:39.807676,ANOMALY,ANOMALY,16.241905,15.499893,-5.925408,-0.352547,-0.018288,-0.004196,-0.014027,-0.001318
2026-09-17T15:31:40.003211,ANOMALY,ANOMALY,16.244759,15.499893,-5.923097,-0.351490,-0.019724,-0.002656,-0.013587,-0.001531
2026-09-17T15:31:40.232130,ANOMALY,ANOMALY,16.262968,15.499893,-5.919760,-0.353457,-0.020594,-0.000551,-0.015772,-0.001709
2026-09-17T15:31:40.415906,ANOMALY,ANOMALY,16.263247,15.499893,-5.913815,-0.356438,-0.022545,0.003393,-0.018129,-0.002330
2026-09-17T15:31:40.613880,ANOMALY,ANOMALY,16.262312,15.499893,-5.909423,-0.357635,-0.024941,0.005879,-0.018781,-0.003642
2026-09-17T15:31:40.834169,ANOMALY,ANOMALY,16.271239,15.499893,-5.906726,-0.357992,-0.028734,0.006223,-0.018609,-0.005653
2026-09-17T15:31:41.017130,ANOMALY,ANOMALY,16.287331,15.499893,-5.907975,-0.357234,-0.031609,0.003585,-0.017454,-0.007333
2026-09-17T15:31:41.206348,ANOMALY,ANOMALY,16.274090,15.499893,-5.911135,-0.355023,-0.032901,-0.000057,-0.015565,-0.007928
2026-09-17T15:31:41.381776,ANOMALY,ANOMALY,16.260211,15.499893,-5.913928,-0.350639,-0.035889,-0.002139,-0.012259,-0.008914
2026-09-17T15:31:41.567295,ANOMALY,ANOMALY,16.262067,15.499893,-5.916091,-0.346912,-0.038949,-0.002980,-0.009876,-0.010124
2026-09-17T15:31:41.746374,ANOMALY,ANOMALY,16.263531,15.499893,-5.918182,-0.341085,-0.042134,-0.003743,-0.005817,-0.011081
2026-09-17T15:31:41.936002,ANOMALY,ANOMALY,16.281762,15.499893,-5.920363,-0.335664,-0.044358,-0.004878,-0.002800,-0.011254
2026-09-17T15:31:42.146905,ANOMALY,ANOMALY,16.303039,15.499893,-5.924013,-0.331729,-0.046557,-0.007142,-0.001110,-0.011827
2026-09-17T15:31:42.336082,ANOMALY,ANOMALY,16.322051,15.499893,-5.927246,-0.329651,-0.047052,-0.009243,-0.001055,-0.011266
2026-09-17T15:31:42.529711,ANOMALY,ANOMALY,16.343030,15.499893,-5.930964,-0.328494,-0.046604,-0.011335,-0.001575,-0.010983
2026-09-17T15:31:42.724043,ANOMALY,ANOMALY,16.357331,15.499893,-5.933193,-0.327336,-0.044995,-0.012160,-0.001243,-0.009981
2026-09-17T15:31:42.922001,ANOMALY,ANOMALY,16.358054,15.499893,-5.936120,-0.326791,-0.041473,-0.013612,-0.001030,-0.008562
2026-09-17T15:31:43.125891,ANOMALY,ANOMALY,16.389625,15.499893,-5.941152,-0.326368,-0.037837,-0.017014,-0.000996,-0.007117
2026-09-17T15:31:43.329817,ANOMALY,ANOMALY,16.430823,15.499893,-5.944333,-0.324820,-0.035054,-0.018407,-0.000004,-0.006311
2026-09-17T15:31:43.518167,ANOMALY,ANOMALY,16.433426,15.499893,-5.944306,-0.322919,-0.034131,-0.017617,0.001046,-0.006227
2026-09-17T15:31:43.709004,ANOMALY,ANOMALY,16.427121,15.499893,-5.941568,-0.321151,-0.033463,-0.014777,0.001884,-0.005811
2026-09-17T15:31:43.896434,ANOMALY,ANOMALY,16.447456,15.499893,-5.936936,-0.318797,-0.032022,-0.011071,0.003614,-0.004412
2026-09-17T15:31:44.087904,ANOMALY,ANOMALY,16.459947,15.499893,-5.932178,-0.316120,-0.030757,-0.008080,0.005525,-0.003575
2026-09-17T15:31:44.273348,ANOMALY,ANOMALY,16.473173,15.499893,-5.927007,-0.312788,-0.031892,-0.005589,0.007493,-0.003443
2026-09-17T15:31:44.452739,ANOMALY,ANOMALY,16.496111,15.499893,-5.923505,-0.311283,-0.033476,-0.005039,0.008007,-0.003556
2026-09-17T15:31:44.625354,ANOMALY,ANOMALY,16.499873,15.499893,-5.921181,-0.311457,-0.033801,-0.004995,0.007242,-0.003198
2026-09-17T15:31:44.811689,ANOMALY,ANOMALY,16.494520,15.499893,-5.919518,-0.312382,-0.034378,-0.005012,0.006220,-0.003221
2026-09-17T15:31:44.996037,ANOMALY,ANOMALY,16.501460,15.499893,-5.916913,-0.313671,-0.035595,-0.004096,0.004837,-0.003801
2026-09-17T15:31:45.180460,ANOMALY,ANOMALY,16.504876,15.499893,-5.915116,-0.314267,-0.035835,-0.003162,0.004554,-0.003400
2026-09-17T15:31:45.365613,ANOMALY,ANOMALY,16.536205,15.499893,-5.916270,-0.316234,-0.035011,-0.004655,0.002474,-0.002829
2026-09-17T15:31:45.545078,ANOMALY,ANOMALY,16.571397,15.499893,-5.916118,-0.318671,-0.032536,-0.004466,-0.000313,-0.001606
2026-09-17T15:31:45.747913,ANOMALY,ANOMALY,16.547085,15.499893,-5.915816,-0.320043,-0.028665,-0.003741,-0.002132,0.000253
2026-09-17T15:31:45.949462,ANOMALY,ANOMALY,16.530066,15.499893,-5.915623,-0.320725,-0.022602,-0.003019,-0.003649,0.003243
2026-09-17T15:31:46.129752,ANOMALY,ANOMALY,16.530418,15.499893,-5.915778,-0.320816,-0.015931,-0.002299,-0.004274,0.005587
2026-09-17T15:31:46.312206,ANOMALY,ANOMALY,16.527768,15.499893,-5.915096,-0.318763,-0.010871,-0.001300,-0.002593,0.006645
2026-09-17T15:31:46.494442,ANOMALY,ANOMALY,16.539538,15.499893,-5.915091,-0.316770,-0.006349,-0.000629,-0.001335,0.008025
2026-09-17T15:31:46.674774,ANOMALY,ANOMALY,16.560278,15.499893,-5.916125,-0.315344,-0.002490,-0.001567,-0.000377,0.009046
2026-09-17T15:31:46.852506,ANOMALY,ANOMALY,16.573028,15.499893,-5.916259,-0.316610,0.000442,-0.001085,-0.001490,0.009518
2026-09-17T15:31:47.070801,ANOMALY,ANOMALY,16.583239,15.499893,-5.914776,-0.318680,0.000229,0.000833,-0.002977,0.009031
2026-09-17T15:31:47.258581,ANOMALY,ANOMALY,16.577279,15.499893,-5.913456,-0.321302,-0.000532,0.002342,-0.004528,0.008004
2026-09-17T15:31:47.456944,ANOMALY,ANOMALY,16.569966,15.499893,-5.913745,-0.322669,-0.001692,0.002543,-0.004926,0.007220
2026-09-17T15:31:47.689057,ANOMALY,ANOMALY,16.575982,15.499893,-5.915292,-0.323591,-0.003816,0.001802,-0.004404,0.006199
2026-09-17T15:31:47.896420,ANOMALY,ANOMALY,16.575607,15.499893,-5.917185,-0.323910,-0.005753,0.000998,-0.003144,0.005733
2026-09-17T15:31:48.094361,ANOMALY,ANOMALY,16.583244,15.499893,-5.917979,-0.323517,-0.005824,0.001098,-0.001837,0.005494
2026-09-17T15:31:48.284517,ANOMALY,ANOMALY,16.595431,15.499893,-5.917705,-0.323761,-0.003648,0.002048,-0.001900,0.006197
2026-09-17T15:31:48.466238,ANOMALY,ANOMALY,16.601709,15.499893,-5.915052,-0.323693,-0.003102,0.004612,-0.001406,0.005509
2026-09-17T15:31:48.648517,ANOMALY,ANOMALY,16.601670,15.499893,-5.914009,-0.323818,-0.005085,0.005334,-0.000907,0.004162
2026-09-17T15:31:48.830648,ANOMALY,ANOMALY,16.612149,15.499893,-5.914524,-0.324334,-0.007104,0.004572,-0.001213,0.003070
2026-09-17T15:31:49.024789,ANOMALY,ANOMALY,16.637299,15.499893,-5.915886,-0.324222,-0.008109,0.003193,-0.000624,0.002103
2026-09-17T15:31:49.209701,ANOMALY,ANOMALY,16.634601,15.499893,-5.918123,-0.322573,-0.008528,0.001471,0.000909,0.001490
2026-09-17T15:31:49.445538,ANOMALY,ANOMALY,16.625969,15.499893,-5.922058,-0.319478,-0.008848,-0.001248,0.002645,0.000986
2026-09-17T15:31:49.653579,ANOMALY,ANOMALY,16.641423,15.499893,-5.925348,-0.315867,-0.011949,-0.003079,0.004100,-0.000369
2026-09-17T15:31:49.841632,ANOMALY,ANOMALY,16.648892,15.499893,-5.925994,-0.312778,-0.016187,-0.002888,0.004651,-0.001923
2026-09-17T15:31:50.073721,ANOMALY,ANOMALY,16.654369,15.499893,-5.925236,-0.309531,-0.019810,-0.001690,0.005274,-0.002992
2026-09-17T15:31:50.274656,ANOMALY,ANOMALY,16.662544,15.499893,-5.923139,-0.308614,-0.023022,0.000538,0.004626,-0.003985
2026-09-17T15:31:50.470245,ANOMALY,ANOMALY,16.678832,15.499893,-5.922460,-0.307516,-0.026592,0.001122,0.004871,-0.005252
2026-09-17T15:31:50.654698,ANOMALY,ANOMALY,16.698428,15.499893,-5.921633,-0.306216,-0.028311,0.001927,0.005148,-0.005128
2026-09-17T15:31:50.848159,ANOMALY,ANOMALY,16.688740,15.499893,-5.920628,-0.305976,-0.027724,0.002593,0.004397,-0.004084
2026-09-17T15:31:51.030680,ANOMALY,ANOMALY,16.683263,15.499893,-5.920070,-0.307210,-0.025676,0.002975,0.002603,-0.003138
2026-09-17T15:31:51.207187,ANOMALY,ANOMALY,16.696542,15.499893,-5.918614,-0.309173,-0.024101,0.004275,0.000693,-0.002515
2026-09-17T15:31:51.394220,ANOMALY,ANOMALY,16.702906,15.499893,-5.915997,-0.309056,-0.024223,0.006241,0.000803,-0.002455
2026-09-17T15:31:51.576267,ANOMALY,ANOMALY,16.692710,15.499893,-5.912740,-0.306207,-0.024674,0.008160,0.003247,-0.002466
2026-09-17T15:31:51.782184,ANOMALY,ANOMALY,16.683533,15.499893,-5.908556,-0.301149,-0.024256,0.009745,0.007123,-0.002262
2026-09-17T15:31:51.973819,ANOMALY,ANOMALY,16.693732,15.499893,-5.906641,-0.297245,-0.022347,0.009772,0.009312,-0.001909
2026-09-17T15:31:52.200423,ANOMALY,ANOMALY,16.710153,15.499893,-5.906692,-0.293390,-0.020846,0.007975,0.011071,-0.001314
2026-09-17T15:31:52.395184,ANOMALY,ANOMALY,16.706737,15.499893,-5.907187,-0.286557,-0.019535,0.006013,0.015070,-0.000497
2026-09-17T15:31:52.597345,ANOMALY,ANOMALY,16.710374,15.499893,-5.906974,-0.280921,-0.019005,0.005428,0.017940,0.000220
2026-09-17T15:31:52.791933,ANOMALY,ANOMALY,16.729853,15.499893,-5.908213,-0.277133,-0.018658,0.003990,0.019101,0.000639
2026-09-17T15:31:53.017459,ANOMALY,ANOMALY,16.731659,15.499893,-5.911545,-0.278374,-0.017051,0.000908,0.016691,0.001181
2026-09-17T15:31:53.206758,ANOMALY,ANOMALY,16.720418,15.499893,-5.915447,-0.283252,-0.015469,-0.001554,0.012532,0.001541
2026-09-17T15:31:53.388139,ANOMALY,ANOMALY,16.710460,15.499893,-5.917380,-0.289191,-0.014322,-0.002581,0.008593,0.001918
2026-09-17T15:31:53.569342,ANOMALY,ANOMALY,16.723781,15.499893,-5.917611,-0.294088,-0.013080,-0.002160,0.005591,0.002426
2026-09-17T15:31:53.746867,ANOMALY,ANOMALY,16.741889,15.499893,-5.916392,-0.299064,-0.010647,-0.000633,0.003184,0.002988
2026-09-17T15:31:54.000829,ANOMALY,ANOMALY,16.738326,15.499893,-5.915637,-0.302247,-0.006595,0.000089,0.001968,0.003892
2026-09-17T15:31:54.201799,ANOMALY,ANOMALY,16.743426,15.499893,-5.915121,-0.305979,-0.002444,-0.000362,0.000945,0.005145
2026-09-17T15:31:54.392179,ANOMALY,ANOMALY,16.690460,15.499893,-5.914753,-0.308295,-0.000003,-0.000819,0.000433,0.005704
2026-09-17T15:31:54.581483,ANOMALY,ANOMALY,16.651178,15.499893,-5.913332,-0.309108,0.002035,-0.000306,0.001355,0.005532
2026-09-17T15:31:54.815030,ANOMALY,ANOMALY,16.619266,15.499893,-5.911677,-0.309510,0.002578,0.000273,0.002190,0.005410
2026-09-17T15:31:54.996545,ANOMALY,ANOMALY,16.598879,15.499893,-5.910748,-0.309471,0.001069,0.000600,0.002851,0.004289
2026-09-17T15:31:55.180034,ANOMALY,ANOMALY,16.587831,15.499893,-5.909435,-0.310667,-0.000042,0.001311,0.001546,0.003946
2026-09-17T15:31:55.364771,ANOMALY,ANOMALY,16.581904,15.499893,-5.908703,-0.312995,0.000108,0.001530,-0.001043,0.004118
2026-09-17T15:31:55.546490,ANOMALY,ANOMALY,16.565215,15.499893,-5.908476,-0.316424,0.002158,0.002073,-0.004267,0.005185
2026-09-17T15:31:55.722273,ANOMALY,ANOMALY,16.545359,15.499893,-5.908503,-0.320630,0.004635,0.002233,-0.007736,0.006583
2026-09-17T15:31:55.899262,ANOMALY,ANOMALY,16.506193,15.499893,-5.908774,-0.324447,0.007658,0.001924,-0.010534,0.007736
2026-09-17T15:31:56.076872,ANOMALY,ANOMALY,16.470551,15.499893,-5.909404,-0.327266,0.010805,0.001724,-0.011946,0.008791
2026-09-17T15:31:56.250855,ANOMALY,ANOMALY,16.478407,15.499893,-5.908663,-0.328264,0.012704,0.002452,-0.012102,0.008777
2026-09-17T15:31:56.443837,ANOMALY,ANOMALY,16.493588,15.499893,-5.906719,-0.328680,0.015675,0.003030,-0.011969,0.009158
2026-09-17T15:31:56.627825,ANOMALY,ANOMALY,16.471975,15.499893,-5.904034,-0.327596,0.019363,0.003463,-0.009987,0.010251
2026-09-17T15:31:56.811487,ANOMALY,ANOMALY,16.458935,15.499893,-5.899921,-0.324005,0.022182,0.004787,-0.006318,0.011348
2026-09-17T15:31:56.997222,ANOMALY,ANOMALY,16.479645,15.499893,-5.897369,-0.319799,0.022335,0.005319,-0.002545,0.010799
2026-09-17T15:31:57.179084,ANOMALY,ANOMALY,16.497843,15.499893,-5.895542,-0.315514,0.021653,0.005205,0.000570,0.010291
2026-09-17T15:31:57.354623,ANOMALY,ANOMALY,16.504271,15.499893,-5.894198,-0.313373,0.023645,0.005078,0.002044,0.010846
2026-09-17T15:31:57.536618,ANOMALY,ANOMALY,16.512647,15.499893,-5.891819,-0.313949,0.027603,0.005613,0.001213,0.011890
2026-09-17T15:31:57.724538,ANOMALY,ANOMALY,16.523264,15.499893,-5.887302,-0.320844,0.031885,0.007960,-0.003893,0.013007
2026-09-17T15:31:57.900371,ANOMALY,ANOMALY,16.516370,15.499893,-5.884707,-0.327434,0.035014,0.008546,-0.008192,0.013688
2026-09-17T15:31:58.073873,ANOMALY,ANOMALY,16.528525,15.499893,-5.882167,-0.332314,0.037792,0.009609,-0.010289,0.014277
2026-09-17T15:31:58.251531,ANOMALY,ANOMALY,16.536523,15.499893,-5.880592,-0.333659,0.040356,0.010636,-0.009355,0.014507
2026-09-17T15:31:58.423862,ANOMALY,ANOMALY,16.531206,15.499893,-5.880210,-0.333115,0.043031,0.010484,-0.006867,0.014747
2026-09-17T15:31:58.610237,ANOMALY,ANOMALY,16.540060,15.499893,-5.880954,-0.329764,0.043993,0.009584,-0.002535,0.014903
2026-09-17T15:31:58.835014,ANOMALY,ANOMALY,16.566126,15.499893,-5.882374,-0.324731,0.042618,0.008386,0.001924,0.014175
2026-09-17T15:31:59.019225,ANOMALY,ANOMALY,16.580884,15.499893,-5.884817,-0.319905,0.039095,0.006013,0.005002,0.012503
2026-09-17T15:31:59.206478,ANOMALY,ANOMALY,16.577056,15.499893,-5.885726,-0.317510,0.038260,0.005132,0.005901,0.011614
2026-09-17T15:31:59.393950,ANOMALY,ANOMALY,16.573722,15.499893,-5.886890,-0.317937,0.039080,0.003530,0.004233,0.011166
2026-09-17T15:31:59.588006,ANOMALY,ANOMALY,16.588525,15.499893,-5.886927,-0.320316,0.040593,0.002339,0.001273,0.010862
2026-09-17T15:31:57.695325,ANOMALY,ANOMALY,16.600234,15.499893,-5.886535,-0.322635,0.042433,0.001857,-0.000725,0.010498
2026-09-17T15:31:57.885335,ANOMALY,ANOMALY,16.577103,15.499893,-5.887517,-0.322809,0.044926,0.000777,-0.000698,0.010170
2026-09-17T15:31:58.067596,ANOMALY,ANOMALY,16.557059,15.499893,-5.889221,-0.320196,0.047173,-0.000386,0.001628,0.010304
2026-09-17T15:31:58.253545,ANOMALY,ANOMALY,16.549150,15.499893,-5.888922,-0.316461,0.048590,-0.000301,0.004063,0.010219
2026-09-17T15:31:58.426027,ANOMALY,ANOMALY,16.525306,15.499893,-5.888914,-0.313024,0.049731,-0.000650,0.005923,0.010152
2026-09-17T15:31:58.602989,ANOMALY,ANOMALY,16.504045,15.499893,-5.890090,-0.310395,0.050830,-0.002050,0.006763,0.010117
2026-09-17T15:31:58.797994,ANOMALY,ANOMALY,16.479380,15.499893,-5.890366,-0.309900,0.051339,-0.002740,0.005919,0.009597
2026-09-17T15:31:58.987855,ANOMALY,ANOMALY,16.460083,15.499893,-5.890457,-0.309861,0.051813,-0.002909,0.005388,0.009002
2026-09-17T15:31:59.170020,ANOMALY,ANOMALY,16.452948,15.499893,-5.888650,-0.311121,0.051566,-0.001527,0.003929,0.008443
2026-09-17T15:31:59.365755,ANOMALY,ANOMALY,16.454886,15.499893,-5.883585,-0.311261,0.051428,0.001963,0.003615,0.007829
2026-09-17T15:31:59.552000,ANOMALY,ANOMALY,16.461146,15.499893,-5.878605,-0.311209,0.051476,0.005165,0.003647,0.007612
2026-09-17T15:31:59.735980,ANOMALY,ANOMALY,16.445511,15.499893,-5.874686,-0.311668,0.050249,0.006820,0.002918,0.006916
2026-09-17T15:31:59.917153,ANOMALY,ANOMALY,16.426240,15.499893,-5.873152,-0.313283,0.048210,0.006557,0.000941,0.006424
2026-09-17T15:32:00.099792,ANOMALY,ANOMALY,16.422057,15.499893,-5.873751,-0.314837,0.045537,0.005053,-0.000735,0.005540
2026-09-17T15:32:00.276818,ANOMALY,ANOMALY,16.423401,15.499893,-5.876059,-0.315724,0.041498,0.002722,-0.001468,0.004738
2026-09-17T15:32:00.451789,ANOMALY,ANOMALY,16.413971,15.499893,-5.876376,-0.316327,0.037917,0.002073,-0.002012,0.003933
2026-09-17T15:32:00.631821,ANOMALY,ANOMALY,16.414740,15.499893,-5.875913,-0.317120,0.034846,0.001362,-0.002301,0.003158
2026-09-17T15:32:00.815199,ANOMALY,ANOMALY,16.404313,15.499893,-5.876086,-0.318427,0.030624,0.000251,-0.003355,0.001892
2026-09-17T15:32:01.006579,ANOMALY,ANOMALY,16.394884,15.499893,-5.877027,-0.320098,0.023656,-0.001238,-0.004896,-0.000266
2026-09-17T15:32:01.201392,ANOMALY,ANOMALY,16.400605,15.499893,-5.879316,-0.322163,0.017956,-0.002426,-0.006259,-0.002066
2026-09-17T15:32:01.395993,ANOMALY,ANOMALY,16.404835,15.499893,-5.882356,-0.323107,0.011623,-0.003445,-0.006254,-0.003775
2026-09-17T15:32:01.599278,ANOMALY,ANOMALY,16.412084,15.499893,-5.883951,-0.322349,0.005856,-0.003799,-0.004953,-0.005075
2026-09-17T15:32:01.785382,ANOMALY,ANOMALY,16.420809,15.499893,-5.885228,-0.319308,0.000126,-0.003812,-0.002224,-0.006288
2026-09-17T15:32:01.980102,ANOMALY,ANOMALY,16.416470,15.499893,-5.885843,-0.315078,-0.001922,-0.003535,0.000633,-0.006233
2026-09-17T15:32:02.195916,ANOMALY,ANOMALY,16.420612,15.499893,-5.886066,-0.309296,-0.004367,-0.002966,0.004052,-0.006748
2026-09-17T15:32:02.391509,ANOMALY,ANOMALY,16.440000,15.499893,-5.884695,-0.304339,-0.007740,-0.001042,0.006704,-0.007536
2026-09-17T15:32:02.579060,ANOMALY,ANOMALY,16.463094,15.499893,-5.882994,-0.301683,-0.010633,0.001184,0.007656,-0.008200
2026-09-17T15:32:02.766035,ANOMALY,ANOMALY,16.461451,15.499893,-5.883147,-0.299959,-0.013996,0.001737,0.008592,-0.009230
2026-09-17T15:32:02.940946,ANOMALY,ANOMALY,16.473257,15.499893,-5.884873,-0.298412,-0.015520,0.001179,0.009133,-0.009286
2026-09-17T15:32:03.121357,ANOMALY,ANOMALY,16.466193,15.499893,-5.888095,-0.296409,-0.016643,-0.000152,0.009941,-0.009256
2026-09-17T15:32:03.334845,ANOMALY,ANOMALY,16.447809,15.499893,-5.892775,-0.294792,-0.018212,-0.002125,0.010043,-0.009444
2026-09-17T15:32:03.526591,ANOMALY,ANOMALY,16.471300,15.499893,-5.898472,-0.293015,-0.018706,-0.004252,0.010833,-0.008893
2026-09-17T15:32:03.709533,ANOMALY,ANOMALY,16.502102,15.499893,-5.904674,-0.292382,-0.018958,-0.006212,0.010261,-0.007872
2026-09-17T15:32:03.910575,ANOMALY,ANOMALY,16.536334,15.499893,-5.907330,-0.292860,-0.018695,-0.005487,0.008847,-0.007141
2026-09-17T15:32:04.100993,ANOMALY,ANOMALY,16.571352,15.499893,-5.908285,-0.294819,-0.016845,-0.004298,0.006637,-0.006184
2026-09-17T15:32:04.326855,ANOMALY,ANOMALY,16.569191,15.499893,-5.910014,-0.296396,-0.014695,-0.004152,0.005171,-0.005339
2026-09-17T15:32:04.568339,ANOMALY,ANOMALY,16.553886,15.499893,-5.914131,-0.295773,-0.012306,-0.006127,0.005810,-0.004075
2026-09-17T15:32:04.743239,ANOMALY,ANOMALY,16.574513,15.499893,-5.922729,-0.295656,-0.010187,-0.010969,0.006411,-0.002951
2026-09-17T15:32:04.965477,ANOMALY,ANOMALY,16.588370,15.499893,-5.929904,-0.294659,-0.010406,-0.014546,0.007406,-0.002791
2026-09-17T15:32:05.156528,ANOMALY,ANOMALY,16.595039,15.499893,-5.935744,-0.293904,-0.011120,-0.017136,0.007424,-0.002628
2026-09-17T15:32:05.334566,ANOMALY,ANOMALY,16.608603,15.499893,-5.938696,-0.295371,-0.012242,-0.017571,0.005448,-0.002762
2026-09-17T15:32:05.522448,ANOMALY,ANOMALY,16.602938,15.499893,-5.939308,-0.297672,-0.014801,-0.016675,0.003393,-0.003439
2026-09-17T15:32:05.718765,ANOMALY,ANOMALY,16.590751,15.499893,-5.940463,-0.300276,-0.017335,-0.016247,0.001258,-0.004137
2026-09-17T15:32:05.902678,ANOMALY,ANOMALY,16.622168,15.499893,-5.939980,-0.300867,-0.018589,-0.014545,0.001028,-0.004013
2026-09-17T15:32:06.107161,ANOMALY,ANOMALY,16.657513,15.499893,-5.938816,-0.300088,-0.019880,-0.013202,0.002074,-0.004162
2026-09-17T15:32:06.295149,ANOMALY,ANOMALY,16.633053,15.499893,-5.937197,-0.298781,-0.021455,-0.012004,0.003078,-0.004174
2026-09-17T15:32:06.484966,ANOMALY,ANOMALY,16.602443,15.499893,-5.934636,-0.297865,-0.022912,-0.009711,0.003881,-0.003992
2026-09-17T15:32:06.717061,ANOMALY,ANOMALY,16.610913,15.499893,-5.930569,-0.297300,-0.024200,-0.006473,0.004144,-0.003779
2026-09-17T15:32:06.895698,ANOMALY,ANOMALY,16.614359,15.499893,-5.930165,-0.298104,-0.026487,-0.006675,0.003426,-0.004288
2026-09-17T15:32:07.080460,ANOMALY,ANOMALY,16.638957,15.499893,-5.930959,-0.298949,-0.028645,-0.007194,0.003114,-0.004901
2026-09-17T15:32:07.265988,ANOMALY,ANOMALY,16.673096,15.499893,-5.932205,-0.298560,-0.031059,-0.007508,0.003714,-0.004981
2026-09-17T15:32:07.444244,ANOMALY,ANOMALY,16.654461,15.499893,-5.931709,-0.297417,-0.031054,-0.006544,0.004247,-0.004893
2026-09-17T15:32:07.625076,ANOMALY,ANOMALY,16.622861,15.499893,-5.929018,-0.297575,-0.030511,-0.003376,0.003466,-0.004655
2026-09-17T15:32:07.800923,ANOMALY,ANOMALY,16.607244,15.499893,-5.924123,-0.298199,-0.029912,0.001182,0.002868,-0.004483
2026-09-17T15:32:07.999401,ANOMALY,ANOMALY,16.588253,15.499893,-5.917015,-0.297449,-0.029684,0.006562,0.003811,-0.004443
2026-09-17T15:32:08.227872,ANOMALY,ANOMALY,16.601847,15.499893,-5.910839,-0.297228,-0.029161,0.010104,0.004531,-0.004703
2026-09-17T15:32:08.420878,ANOMALY,ANOMALY,16.619386,15.499893,-5.905470,-0.295279,-0.027225,0.012063,0.006547,-0.003824
2026-09-17T15:32:08.612672,ANOMALY,ANOMALY,16.608295,15.499893,-5.901994,-0.292037,-0.023935,0.012342,0.009324,-0.002320
2026-09-17T15:32:08.802812,ANOMALY,ANOMALY,16.597681,15.499893,-5.897751,-0.289820,-0.022518,0.013559,0.010026,-0.001812
2026-09-17T15:32:08.990116,ANOMALY,ANOMALY,16.577866,15.499893,-5.892686,-0.289262,-0.022497,0.015053,0.009424,-0.001598
2026-09-17T15:32:09.175521,ANOMALY,ANOMALY,16.545363,15.499893,-5.888702,-0.289463,-0.022158,0.015688,0.008280,-0.001505
2026-09-17T15:32:09.363521,ANOMALY,ANOMALY,16.542792,15.499893,-5.885050,-0.291066,-0.021626,0.015603,0.006117,-0.001488
2026-09-17T15:32:09.543721,ANOMALY,ANOMALY,16.539978,15.499893,-5.881985,-0.294271,-0.021897,0.015516,0.003355,-0.001800
2026-09-17T15:32:09.722087,ANOMALY,ANOMALY,16.508478,15.499893,-5.878767,-0.298784,-0.022797,0.015070,0.000191,-0.002190
2026-09-17T15:32:09.901771,ANOMALY,ANOMALY,16.473493,15.499893,-5.875835,-0.301743,-0.022907,0.015554,-0.001345,-0.002100
2026-09-17T15:32:10.081361,ANOMALY,ANOMALY,16.481029,15.499893,-5.874105,-0.304757,-0.021212,0.014799,-0.002314,-0.001127
2026-09-17T15:32:10.275356,ANOMALY,ANOMALY,16.495916,15.499893,-5.874999,-0.306485,-0.019388,0.012421,-0.002723,-0.000356
2026-09-17T15:32:10.471550,ANOMALY,ANOMALY,16.498075,15.499893,-5.877325,-0.307821,-0.017485,0.008692,-0.003225,0.000389
2026-09-17T15:32:10.694084,ANOMALY,ANOMALY,16.500911,15.499893,-5.878869,-0.310023,-0.017785,0.006414,-0.004379,0.000296
2026-09-17T15:32:10.881865,ANOMALY,ANOMALY,16.464920,15.499893,-5.880550,-0.313492,-0.018538,0.005969,-0.006388,0.000182
2026-09-17T15:32:11.066572,ANOMALY,ANOMALY,16.422529,15.499893,-5.884320,-0.316788,-0.020709,0.003647,-0.007525,-0.000572
2026-09-17T15:32:11.256084,ANOMALY,ANOMALY,16.408658,15.499893,-5.886914,-0.318109,-0.021630,0.002111,-0.007182,-0.000823
2026-09-17T15:32:11.451752,ANOMALY,ANOMALY,16.398749,15.499893,-5.888548,-0.319367,-0.021441,0.001875,-0.006580,-0.001149
2026-09-17T15:32:11.642795,ANOMALY,ANOMALY,16.392927,15.499893,-5.887967,-0.319573,-0.021176,0.003063,-0.004954,-0.001204
2026-09-17T15:32:11.835728,ANOMALY,ANOMALY,16.399145,15.499893,-5.887175,-0.320167,-0.019069,0.003911,-0.004147,-0.000623
2026-09-17T15:32:12.026416,ANOMALY,ANOMALY,16.387584,15.499893,-5.890229,-0.323857,-0.012806,0.000981,-0.006005,0.001685
2026-09-17T15:32:12.218383,ANOMALY,ANOMALY,16.360311,15.499893,-5.896219,-0.328847,-0.006546,-0.003502,-0.009285,0.003501
2026-09-17T15:32:12.410532,ANOMALY,ANOMALY,16.346885,15.499893,-5.904239,-0.333078,-0.000572,-0.009351,-0.011346,0.005465
2026-09-17T15:32:12.606455,ANOMALY,ANOMALY,16.332914,15.499893,-5.910367,-0.336053,0.005189,-0.013299,-0.012361,0.007039
2026-09-17T15:32:12.795739,ANOMALY,ANOMALY,16.317695,15.499893,-5.913608,-0.337200,0.008778,-0.015194,-0.012329,0.007803
2026-09-17T15:32:12.986143,ANOMALY,ANOMALY,16.303688,15.499893,-5.915547,-0.336936,0.010701,-0.015618,-0.011001,0.007863
2026-09-17T15:32:13.169452,ANOMALY,ANOMALY,16.294724,15.499893,-5.916824,-0.336649,0.010312,-0.015388,-0.010005,0.006972
2026-09-17T15:32:13.358694,ANOMALY,ANOMALY,16.299388,15.499893,-5.919252,-0.336086,0.009322,-0.016348,-0.008793,0.006471
2026-09-17T15:32:13.544106,ANOMALY,ANOMALY,16.309364,15.499893,-5.924218,-0.335088,0.007818,-0.018679,-0.007040,0.005588
2026-09-17T15:32:13.731180,ANOMALY,ANOMALY,16.318200,15.499893,-5.927648,-0.333451,0.007307,-0.019972,-0.004788,0.004905
2026-09-17T15:32:13.917048,ANOMALY,ANOMALY,16.319194,15.499893,-5.931610,-0.329885,0.007449,-0.020549,-0.000729,0.004294
2026-09-17T15:32:14.097568,ANOMALY,ANOMALY,16.317487,15.499893,-5.932990,-0.326166,0.008739,-0.019397,0.002993,0.004163
2026-09-17T15:32:14.274652,ANOMALY,ANOMALY,16.314256,15.499893,-5.931674,-0.324038,0.009453,-0.016631,0.004710,0.003856
2026-09-17T15:32:14.460674,ANOMALY,ANOMALY,16.300243,15.499893,-5.929772,-0.323432,0.009553,-0.014339,0.005057,0.003638
2026-09-17T15:32:14.678043,ANOMALY,ANOMALY,16.313152,15.499893,-5.927559,-0.325184,0.009106,-0.012583,0.003075,0.002870
2026-09-17T15:32:14.871692,ANOMALY,ANOMALY,16.322464,15.499893,-5.926203,-0.330217,0.008771,-0.012644,-0.000584,0.002188
2026-09-17T15:32:15.071136,ANOMALY,ANOMALY,16.329359,15.499893,-5.924209,-0.334139,0.008479,-0.011590,-0.002983,0.001488
2026-09-17T15:32:15.265084,ANOMALY,ANOMALY,16.331896,15.499893,-5.920744,-0.338589,0.008527,-0.009359,-0.005442,0.001682
2026-09-17T15:32:15.462687,ANOMALY,ANOMALY,16.308719,15.499893,-5.916921,-0.343668,0.007534,-0.007009,-0.008577,0.001465
2026-09-17T15:32:15.665965,ANOMALY,ANOMALY,16.291124,15.499893,-5.913498,-0.345401,0.005153,-0.005971,-0.008848,0.000727
2026-09-17T15:32:15.887621,ANOMALY,ANOMALY,16.293907,15.499893,-5.909694,-0.343836,0.000955,-0.004238,-0.006622,-0.000144
2026-09-17T15:32:16.093265,ANOMALY,ANOMALY,16.290477,15.499893,-5.906454,-0.339811,-0.006183,-0.002732,-0.003035,-0.002087
2026-09-17T15:32:16.300469,ANOMALY,ANOMALY,16.315951,15.499893,-5.905993,-0.336649,-0.008610,-0.002539,-0.001316,-0.002341
2026-09-17T15:32:16.530653,ANOMALY,ANOMALY,16.331842,15.499893,-5.905674,-0.334607,-0.009086,-0.002428,-0.000649,-0.001991
2026-09-17T15:32:16.735979,ANOMALY,ANOMALY,16.354453,15.499893,-5.902832,-0.333116,-0.008363,0.000130,-0.000263,-0.001944
2026-09-17T15:32:16.940460,ANOMALY,ANOMALY,16.377526,15.499893,-5.898574,-0.330536,-0.005760,0.003205,0.001625,-0.001042
2026-09-17T15:32:17.133520,ANOMALY,ANOMALY,16.386520,15.499893,-5.894419,-0.328224,-0.002351,0.005381,0.003467,0.000062
2026-09-17T15:32:17.332218,ANOMALY,ANOMALY,16.379900,15.499893,-5.891071,-0.327901,0.000366,0.007368,0.003109,0.000984
2026-09-17T15:32:17.532208,ANOMALY,ANOMALY,16.385296,15.499893,-5.888572,-0.329283,0.002546,0.008760,0.001597,0.001989
2026-09-17T15:32:17.745157,ANOMALY,ANOMALY,16.390506,15.499893,-5.886939,-0.327960,0.005663,0.009263,0.002717,0.003164
2026-09-17T15:32:17.936999,ANOMALY,ANOMALY,16.400174,15.499893,-5.888818,-0.327128,0.009164,0.007301,0.003362,0.004320
2026-09-17T15:32:18.149543,ANOMALY,ANOMALY,16.405191,15.499893,-5.893725,-0.328279,0.012593,0.003297,0.002129,0.005365
2026-09-17T15:32:18.342590,ANOMALY,ANOMALY,16.414656,15.499893,-5.899730,-0.327618,0.015197,-0.000049,0.001911,0.005553
2026-09-17T15:32:18.536493,ANOMALY,ANOMALY,16.423110,15.499893,-5.903375,-0.325684,0.016135,-0.001837,0.002532,0.005354
2026-09-17T15:32:18.725423,ANOMALY,ANOMALY,16.429946,15.499893,-5.903409,-0.322691,0.014886,-0.000439,0.003903,0.004918
2026-09-17T15:32:18.912975,ANOMALY,ANOMALY,16.440100,15.499893,-5.902958,-0.318914,0.013225,0.000415,0.005981,0.004387
2026-09-17T15:32:19.101595,ANOMALY,ANOMALY,16.467986,15.499893,-5.902491,-0.317375,0.010787,0.001665,0.006356,0.002952
2026-09-17T15:32:19.282538,ANOMALY,ANOMALY,16.483238,15.499893,-5.901591,-0.316871,0.007668,0.003222,0.005870,0.001886
2026-09-17T15:32:19.467090,ANOMALY,ANOMALY,16.511454,15.499893,-5.898917,-0.315641,0.006608,0.006353,0.005889,0.001547
2026-09-17T15:32:19.661702,ANOMALY,ANOMALY,16.545799,15.499893,-5.895828,-0.314870,0.006990,0.009853,0.005569,0.002085
2026-09-17T15:32:19.853976,ANOMALY,ANOMALY,16.562590,15.499893,-5.894181,-0.313684,0.008355,0.012143,0.006124,0.002989
2026-09-17T15:32:20.043792,ANOMALY,ANOMALY,16.582911,15.499893,-5.895121,-0.312403,0.008537,0.012314,0.006895,0.003062
2026-09-17T15:32:20.241519,ANOMALY,ANOMALY,16.580631,15.499893,-5.898677,-0.312939,0.005629,0.009973,0.005767,0.001417
2026-09-17T15:32:20.428468,ANOMALY,ANOMALY,16.570863,15.499893,-5.903837,-0.313977,0.003154,0.006350,0.004548,0.000506
2026-09-17T15:32:20.623532,ANOMALY,ANOMALY,16.569380,15.499893,-5.908217,-0.313471,0.002781,0.003257,0.005356,0.000444
2026-09-17T15:32:20.844252,ANOMALY,ANOMALY,16.577959,15.499893,-5.910133,-0.311738,0.002354,0.002259,0.006337,0.000616
2026-09-17T15:32:21.028582,ANOMALY,ANOMALY,16.603349,15.499893,-5.911417,-0.308328,0.001089,0.001608,0.008166,0.000371
2026-09-17T15:32:21.213217,ANOMALY,ANOMALY,16.636259,15.499893,-5.912001,-0.304927,-0.003267,0.001947,0.009230,-0.000712
2026-09-17T15:32:21.405711,ANOMALY,ANOMALY,16.646221,15.499893,-5.912021,-0.303443,-0.008312,0.002219,0.008991,-0.002089
2026-09-17T15:32:21.591013,ANOMALY,ANOMALY,16.667075,15.499893,-5.913328,-0.302638,-0.013300,0.000636,0.007292,-0.003860
2026-09-17T15:32:21.776369,ANOMALY,ANOMALY,16.670401,15.499893,-5.916371,-0.301217,-0.016473,-0.002202,0.006875,-0.004324
2026-09-17T15:32:21.978213,ANOMALY,ANOMALY,16.674829,15.499893,-5.918136,-0.299424,-0.017674,-0.003525,0.007476,-0.004027
2026-09-17T15:32:22.176778,ANOMALY,ANOMALY,16.678870,15.499893,-5.918529,-0.298547,-0.017373,-0.004350,0.007157,-0.003228
2026-09-17T15:32:22.374199,ANOMALY,ANOMALY,16.681825,15.499893,-5.917131,-0.298345,-0.015614,-0.003879,0.007023,-0.002151
2026-09-17T15:32:22.564076,ANOMALY,ANOMALY,16.677821,15.499893,-5.913630,-0.298525,-0.014389,-0.001840,0.006694,-0.001728
2026-09-17T15:32:22.753304,ANOMALY,ANOMALY,16.681401,15.499893,-5.909186,-0.299049,-0.011815,0.001229,0.006254,-0.000615
2026-09-17T15:32:22.938962,ANOMALY,ANOMALY,16.671835,15.499893,-5.905635,-0.299295,-0.009363,0.003726,0.005974,0.000384
2026-09-17T15:32:23.125703,ANOMALY,ANOMALY,16.674848,15.499893,-5.903664,-0.300764,-0.005373,0.004356,0.004361,0.002235
2026-09-17T15:32:23.309645,ANOMALY,ANOMALY,16.647232,15.499893,-5.903140,-0.301890,-0.001528,0.004250,0.003184,0.003480
2026-09-17T15:32:23.528494,ANOMALY,ANOMALY,16.630045,15.499893,-5.901890,-0.304208,0.001535,0.004358,0.001042,0.004272
2026-09-17T15:32:23.750771,ANOMALY,ANOMALY,16.609001,15.499893,-5.899712,-0.308225,0.006619,0.004761,-0.002678,0.006209
2026-09-17T15:32:23.936800,ANOMALY,ANOMALY,16.584227,15.499893,-5.899865,-0.309708,0.009713,0.003300,-0.003917,0.006932
2026-09-17T15:32:24.117831,ANOMALY,ANOMALY,16.551768,15.499893,-5.900496,-0.309701,0.010948,0.002328,-0.003954,0.007065
2026-09-17T15:32:24.309180,ANOMALY,ANOMALY,16.534644,15.499893,-5.901293,-0.308126,0.010212,0.001204,-0.002880,0.006530
2026-09-17T15:32:24.505430,ANOMALY,ANOMALY,16.540530,15.499893,-5.902494,-0.305928,0.008812,-0.000457,-0.001639,0.005629
2026-09-17T15:32:24.703841,ANOMALY,ANOMALY,16.550660,15.499893,-5.905668,-0.304227,0.008488,-0.003462,-0.000966,0.005482
2026-09-17T15:32:24.890250,ANOMALY,ANOMALY,16.538262,15.499893,-5.907261,-0.305637,0.009260,-0.005314,-0.002993,0.005533
2026-09-17T15:32:25.076929,ANOMALY,ANOMALY,16.526288,15.499893,-5.909218,-0.307696,0.009053,-0.006402,-0.005191,0.005006
2026-09-17T15:32:25.265659,ANOMALY,ANOMALY,16.481852,15.499893,-5.912359,-0.308152,0.008804,-0.008447,-0.005583,0.004525
2026-09-17T15:32:25.454366,ANOMALY,ANOMALY,16.435516,15.499893,-5.917178,-0.309225,0.006901,-0.011114,-0.006052,0.003738
2026-09-17T15:32:25.638550,ANOMALY,ANOMALY,16.415392,15.499893,-5.920738,-0.310650,0.003574,-0.012961,-0.006572,0.002613
2026-09-17T15:32:25.823985,ANOMALY,ANOMALY,16.403806,15.499893,-5.925083,-0.313157,-0.000935,-0.014768,-0.008341,0.001005
2026-09-17T15:32:26.001290,ANOMALY,ANOMALY,16.378827,15.499893,-5.928234,-0.317161,-0.005937,-0.015477,-0.010941,-0.000864
2026-09-17T15:32:26.184256,ANOMALY,ANOMALY,16.364878,15.499893,-5.929348,-0.320476,-0.008398,-0.014671,-0.012822,-0.001796
2026-09-17T15:32:26.362322,ANOMALY,ANOMALY,16.363952,15.499893,-5.927706,-0.322739,-0.008154,-0.011254,-0.013784,-0.001401
2026-09-17T15:32:26.597875,ANOMALY,ANOMALY,16.351032,15.499893,-5.923891,-0.324764,-0.006501,-0.006184,-0.013941,-0.000902
2026-09-17T15:32:26.779502,ANOMALY,ANOMALY,16.341644,15.499893,-5.921432,-0.326079,-0.006514,-0.003498,-0.013520,-0.001194
2026-09-17T15:32:26.967065,ANOMALY,ANOMALY,16.331900,15.499893,-5.921179,-0.326010,-0.008364,-0.003416,-0.012499,-0.001921
2026-09-17T15:32:27.146243,ANOMALY,ANOMALY,16.335618,15.499893,-5.921818,-0.325131,-0.009417,-0.004356,-0.010734,-0.002494
2026-09-17T15:32:27.327315,ANOMALY,ANOMALY,16.335087,15.499893,-5.922246,-0.325036,-0.009510,-0.005494,-0.010079,-0.002461
2026-09-17T15:32:27.509993,ANOMALY,ANOMALY,16.334280,15.499893,-5.923917,-0.325322,-0.009483,-0.007887,-0.009689,-0.002397
2026-09-17T15:32:27.696129,ANOMALY,ANOMALY,16.334918,15.499893,-5.924563,-0.325534,-0.009699,-0.008922,-0.009176,-0.002348
2026-09-17T15:32:27.872835,ANOMALY,ANOMALY,16.334651,15.499893,-5.923005,-0.323090,-0.010001,-0.008247,-0.006190,-0.002404
2026-09-17T15:32:28.051807,ANOMALY,ANOMALY,16.336208,15.499893,-5.921041,-0.318101,-0.009320,-0.007213,-0.001433,-0.002099
2026-09-17T15:32:28.227401,ANOMALY,ANOMALY,16.343887,15.499893,-5.919130,-0.312024,-0.009069,-0.005595,0.003394,-0.001999
2026-09-17T15:32:28.408175,ANOMALY,ANOMALY,16.351873,15.499893,-5.915642,-0.305409,-0.010904,-0.002438,0.008219,-0.002860
2026-09-17T15:32:28.584921,ANOMALY,ANOMALY,16.362018,15.499893,-5.913479,-0.300980,-0.013706,-0.000067,0.011006,-0.003887
2026-09-17T15:32:28.773993,ANOMALY,ANOMALY,16.368963,15.499893,-5.912799,-0.297820,-0.016631,0.000280,0.012825,-0.004934
2026-09-17T15:32:28.955382,ANOMALY,ANOMALY,16.427720,15.499893,-5.912764,-0.294628,-0.018689,-0.000281,0.014424,-0.005179
2026-09-17T15:32:29.135790,ANOMALY,ANOMALY,16.476255,15.499893,-5.912955,-0.293407,-0.019525,-0.001480,0.014337,-0.004877
2026-09-17T15:32:29.319078,ANOMALY,ANOMALY,16.502255,15.499893,-5.913444,-0.293366,-0.020530,-0.002252,0.013745,-0.004775
2026-09-17T15:32:29.501635,ANOMALY,ANOMALY,16.513442,15.499893,-5.913269,-0.294453,-0.021241,-0.002201,0.012357,-0.004444
2026-09-17T15:32:29.678566,ANOMALY,ANOMALY,16.558730,15.499893,-5.912536,-0.296786,-0.022822,-0.001690,0.010220,-0.004693
2026-09-17T15:32:29.859983,ANOMALY,ANOMALY,16.610645,15.499893,-5.911032,-0.299097,-0.025890,-0.000520,0.008016,-0.005154
2026-09-17T15:32:28.008554,ANOMALY,ANOMALY,16.623094,15.499893,-5.908824,-0.300891,-0.028802,0.001203,0.007119,-0.005117
2026-09-17T15:32:28.184542,ANOMALY,ANOMALY,16.647462,15.499893,-5.907678,-0.302756,-0.028773,0.002530,0.006356,-0.004068
2026-09-17T15:32:28.358621,ANOMALY,ANOMALY,16.675175,15.499893,-5.908121,-0.304111,-0.026698,0.003353,0.005636,-0.002826
2026-09-17T15:32:28.535367,ANOMALY,ANOMALY,16.696472,15.499893,-5.909348,-0.304961,-0.026094,0.003223,0.005502,-0.002623
2026-09-17T15:32:28.707070,ANOMALY,ANOMALY,16.709893,15.499893,-5.911010,-0.304599,-0.026403,0.003209,0.006098,-0.002433
2026-09-17T15:32:28.892783,ANOMALY,ANOMALY,16.720841,15.499893,-5.912408,-0.301838,-0.026602,0.002942,0.008599,-0.002501
2026-09-17T15:32:29.075647,ANOMALY,ANOMALY,16.736620,15.499893,-5.913154,-0.297721,-0.026611,0.003104,0.011590,-0.002364
2026-09-17T15:32:29.262677,ANOMALY,ANOMALY,16.742458,15.499893,-5.913745,-0.295899,-0.027505,0.003332,0.012871,-0.002666
2026-09-17T15:32:29.447101,ANOMALY,ANOMALY,16.761619,15.499893,-5.913824,-0.295641,-0.028722,0.003646,0.012692,-0.002920
2026-09-17T15:32:29.631917,ANOMALY,ANOMALY,16.772785,15.499893,-5.911917,-0.294405,-0.030383,0.005390,0.012912,-0.002928
2026-09-17T15:32:29.857916,ANOMALY,ANOMALY,16.786681,15.499893,-5.909183,-0.294384,-0.029979,0.007334,0.012681,-0.002755
2026-09-17T15:32:30.051622,ANOMALY,ANOMALY,16.795109,15.499893,-5.907435,-0.296143,-0.027131,0.008528,0.010820,-0.001288
2026-09-17T15:32:30.239631,ANOMALY,ANOMALY,16.790328,15.499893,-5.908482,-0.298254,-0.024114,0.006771,0.008391,0.000049
2026-09-17T15:32:30.423055,ANOMALY,ANOMALY,16.784794,15.499893,-5.910671,-0.301655,-0.021390,0.004523,0.005131,0.000901
2026-09-17T15:32:30.606438,ANOMALY,ANOMALY,16.760412,15.499893,-5.912861,-0.306269,-0.018454,0.002718,0.001476,0.001675
2026-09-17T15:32:30.792688,ANOMALY,ANOMALY,16.745023,15.499893,-5.914497,-0.309906,-0.014744,0.001350,-0.001162,0.002987
2026-09-17T15:32:30.973943,ANOMALY,ANOMALY,16.708282,15.499893,-5.915527,-0.311255,-0.010869,0.000373,-0.002110,0.003632
2026-09-17T15:32:31.164847,ANOMALY,ANOMALY,16.673874,15.499893,-5.916728,-0.311333,-0.007820,-0.001027,-0.002262,0.004221
2026-09-17T15:32:31.345595,ANOMALY,ANOMALY,16.661017,15.499893,-5.919192,-0.311496,-0.002644,-0.003685,-0.002316,0.005545
2026-09-17T15:32:31.532913,ANOMALY,ANOMALY,16.645800,15.499893,-5.920887,-0.312219,0.001479,-0.005731,-0.003471,0.006484
2026-09-17T15:32:31.718227,ANOMALY,ANOMALY,16.625607,15.499893,-5.923308,-0.312860,0.003761,-0.008510,-0.004118,0.006441
2026-09-17T15:32:31.938785,ANOMALY,ANOMALY,16.609082,15.499893,-5.927198,-0.311806,0.006380,-0.011618,-0.004048,0.006642
2026-09-17T15:32:32.143619,ANOMALY,ANOMALY,16.593906,15.499893,-5.932518,-0.309141,0.009034,-0.015396,-0.002805,0.007055
2026-09-17T15:32:32.330954,ANOMALY,ANOMALY,16.562931,15.499893,-5.936675,-0.305616,0.011697,-0.017416,-0.000474,0.008306
2026-09-17T15:32:32.502304,ANOMALY,ANOMALY,16.541764,15.499893,-5.940574,-0.303782,0.014562,-0.019247,0.000824,0.009666
2026-09-17T15:32:32.683860,ANOMALY,ANOMALY,16.526563,15.499893,-5.945596,-0.303088,0.016232,-0.021821,0.001245,0.010584
2026-09-17T15:32:32.868173,ANOMALY,ANOMALY,16.534734,15.499893,-5.951259,-0.304775,0.014317,-0.023942,-0.000388,0.010142
2026-09-17T15:32:33.046145,ANOMALY,ANOMALY,16.548489,15.499893,-5.953560,-0.306096,0.011027,-0.023684,-0.001116,0.008995
2026-09-17T15:32:33.224711,ANOMALY,ANOMALY,16.526621,15.499893,-5.954316,-0.305726,0.006431,-0.021087,-0.000630,0.007307
2026-09-17T15:32:33.413685,ANOMALY,ANOMALY,16.529837,15.499893,-5.954279,-0.305658,0.002275,-0.018838,-0.000292,0.006154
2026-09-17T15:32:33.599048,ANOMALY,ANOMALY,16.526691,15.499893,-5.952528,-0.306254,-0.002695,-0.014579,-0.000611,0.004416
2026-09-17T15:32:33.785593,ANOMALY,ANOMALY,16.514558,15.499893,-5.947103,-0.306966,-0.009063,-0.008762,-0.001028,-0.016586
2026-09-17T15:32:33.977701,ANOMALY,ANOMALY,16.503583,15.499893,-5.938800,-0.306410,-0.019460,-0.001649,-0.000096,-0.027978
2026-09-17T15:32:34.158480,ANOMALY,ANOMALY,16.497339,15.499893,-5.930667,-0.306850,-0.029390,0.003931,0.000596,-0.032794
2026-09-17T15:32:34.340185,ANOMALY,ANOMALY,16.500478,15.499893,-5.925427,-0.309428,-0.035148,0.006988,-0.000593,-0.033874
2026-09-17T15:32:34.520899,ANOMALY,ANOMALY,16.507625,15.499893,-5.920539,-0.314141,-0.039818,0.009481,-0.002991,-0.033648
2026-09-17T15:32:34.700475,ANOMALY,ANOMALY,16.524914,15.499893,-5.918262,-0.319389,-0.041267,0.010350,-0.006069,-0.032437
2026-09-17T15:32:34.881941,ANOMALY,ANOMALY,16.542992,15.499893,-5.917568,-0.323792,-0.040737,0.010621,-0.008792,-0.030741
2026-09-17T15:32:35.062429,ANOMALY,ANOMALY,16.542423,15.499893,-5.917870,-0.329868,-0.038584,0.010639,-0.012423,-0.028415
2026-09-17T15:32:35.234362,ANOMALY,ANOMALY,16.538494,15.499893,-5.916924,-0.335101,-0.035825,0.011335,-0.015069,-0.026117
2026-09-17T15:32:35.411293,ANOMALY,ANOMALY,16.553053,15.499893,-5.914334,-0.338607,-0.033572,0.012589,-0.015805,-0.024096
2026-09-17T15:32:35.620376,ANOMALY,ANOMALY,16.561580,15.499893,-5.911057,-0.340614,-0.032601,0.013656,-0.015170,-0.022086
2026-09-17T15:32:35.811373,ANOMALY,ANOMALY,16.567503,15.499893,-5.909226,-0.341152,-0.032671,0.013255,-0.013838,-0.020767
2026-09-17T15:32:36.004581,ANOMALY,ANOMALY,16.574916,15.499893,-5.907574,-0.341203,-0.031661,0.013009,-0.013023,-0.018602
2026-09-17T15:32:36.188922,ANOMALY,ANOMALY,16.596175,15.499893,-5.905124,-0.340947,-0.031372,0.013531,-0.012344,-0.016699
2026-09-17T15:32:36.370555,ANOMALY,ANOMALY,16.606740,15.499893,-5.902987,-0.341008,-0.032598,0.013215,-0.012242,-0.016198
2026-09-17T15:32:36.561646,ANOMALY,ANOMALY,16.607595,15.499893,-5.903061,-0.341980,-0.032994,0.011846,-0.013043,-0.015057
2026-09-17T15:32:36.741594,ANOMALY,ANOMALY,16.599496,15.499893,-5.901559,-0.340716,-0.032876,0.011769,-0.011843,-0.013981
2026-09-17T15:32:36.918112,ANOMALY,ANOMALY,16.585913,15.499893,-5.899265,-0.334457,-0.032928,0.012027,-0.006182,-0.013334
2026-09-17T15:32:37.099897,ANOMALY,ANOMALY,16.575936,15.499893,-5.898004,-0.327542,-0.032645,0.011788,-0.001210,-0.012330
2026-09-17T15:32:37.275629,ANOMALY,ANOMALY,16.581153,15.499893,-5.898736,-0.321012,-0.031802,0.009925,0.002849,-0.011272
2026-09-17T15:32:37.453871,ANOMALY,ANOMALY,16.578540,15.499893,-5.898792,-0.314748,-0.030483,0.009020,0.006265,-0.010103
2026-09-17T15:32:37.634495,ANOMALY,ANOMALY,16.587658,15.499893,-5.899619,-0.310575,-0.028818,0.007813,0.008109,-0.009341
2026-09-17T15:32:37.827031,ANOMALY,ANOMALY,16.591022,15.499893,-5.900540,-0.306469,-0.027527,0.006480,0.009944,-0.008591
2026-09-17T15:32:38.009879,ANOMALY,ANOMALY,16.601975,15.499893,-5.899792,-0.302468,-0.026333,0.006241,0.011485,-0.008157
2026-09-17T15:32:38.197070,ANOMALY,ANOMALY,16.616840,15.499893,-5.897997,-0.298986,-0.025735,0.007162,0.012342,-0.007518
2026-09-17T15:32:38.381651,ANOMALY,ANOMALY,16.613802,15.499893,-5.897418,-0.298398,-0.024304,0.006894,0.011528,-0.006620
2026-09-17T15:32:38.564594,ANOMALY,ANOMALY,16.599885,15.499893,-5.897973,-0.298841,-0.020065,0.005555,0.009303,-0.004458
2026-09-17T15:32:38.753645,ANOMALY,ANOMALY,16.576331,15.499893,-5.899037,-0.300410,-0.016320,0.003629,0.007117,-0.002700
2026-09-17T15:32:38.930932,ANOMALY,ANOMALY,16.559096,15.499893,-5.898169,-0.302932,-0.015464,0.003338,0.005065,-0.001834
2026-09-17T15:32:39.106263,ANOMALY,ANOMALY,16.569102,15.499893,-5.896981,-0.306816,-0.015999,0.003555,0.002232,-0.001400
2026-09-17T15:32:39.286751,ANOMALY,ANOMALY,16.584768,15.499893,-5.896304,-0.310390,-0.018075,0.002872,-0.000230,-0.001857
2026-09-17T15:32:39.464157,ANOMALY,ANOMALY,16.562560,15.499893,-5.896811,-0.313610,-0.019740,0.002381,-0.001847,-0.001717
2026-09-17T15:32:39.645167,ANOMALY,ANOMALY,16.536035,15.499893,-5.897594,-0.315929,-0.021047,0.002284,-0.003311,-0.002048
2026-09-17T15:32:39.854727,ANOMALY,ANOMALY,16.510686,15.499893,-5.900004,-0.318779,-0.024140,0.000719,-0.004698,-0.002692
2026-09-17T15:32:40.043818,ANOMALY,ANOMALY,16.489277,15.499893,-5.903349,-0.319256,-0.027432,-0.001630,-0.004024,-0.003496
2026-09-17T15:32:40.230904,ANOMALY,ANOMALY,16.501361,15.499893,-5.906164,-0.316877,-0.029946,-0.003947,-0.000721,-0.004187
2026-09-17T15:32:40.425589,ANOMALY,ANOMALY,16.509956,15.499893,-5.908251,-0.313410,-0.031022,-0.005385,0.003115,-0.003833
2026-09-17T15:32:40.625485,ANOMALY,ANOMALY,16.518105,15.499893,-5.911027,-0.310041,-0.031842,-0.007730,0.006376,-0.003573
2026-09-17T15:32:40.830472,ANOMALY,ANOMALY,16.525740,15.499893,-5.913780,-0.309415,-0.033042,-0.009940,0.006552,-0.003696
2026-09-17T15:32:41.017035,ANOMALY,ANOMALY,16.534577,15.499893,-5.914021,-0.310300,-0.034932,-0.010073,0.005908,-0.004427
2026-09-17T15:32:41.199467,ANOMALY,ANOMALY,16.558693,15.499893,-5.912608,-0.313060,-0.038323,-0.008839,0.003447,-0.005387
2026-09-17T15:32:41.379257,ANOMALY,ANOMALY,16.572709,15.499893,-5.910676,-0.317475,-0.041120,-0.007282,-0.000058,-0.005953
2026-09-17T15:32:41.570053,ANOMALY,ANOMALY,16.580628,15.499893,-5.909544,-0.321800,-0.042327,-0.006503,-0.003034,-0.006137
2026-09-17T15:32:41.747048,ANOMALY,ANOMALY,16.540679,15.499893,-5.909051,-0.325808,-0.041466,-0.006410,-0.005170,-0.005494
2026-09-17T15:32:41.926419,ANOMALY,ANOMALY,16.500729,15.499893,-5.909655,-0.329002,-0.040884,-0.006489,-0.006811,-0.005415
2026-09-17T15:32:42.104602,ANOMALY,ANOMALY,16.506344,15.499893,-5.910414,-0.331136,-0.041188,-0.006495,-0.007595,-0.005643
2026-09-17T15:32:42.296402,ANOMALY,ANOMALY,16.521940,15.499893,-5.911101,-0.332709,-0.042152,-0.006400,-0.007871,-0.005624
2026-09-17T15:32:42.489904,ANOMALY,ANOMALY,16.536291,15.499893,-5.912127,-0.333751,-0.044037,-0.006529,-0.007760,-0.005903
2026-09-17T15:32:42.675284,ANOMALY,ANOMALY,16.564202,15.499893,-5.914325,-0.334163,-0.045585,-0.007598,-0.007460,-0.005384
2026-09-17T15:32:42.861158,ANOMALY,ANOMALY,16.539801,15.499893,-5.915772,-0.335482,-0.045773,-0.008701,-0.008301,-0.004443
2026-09-17T15:32:43.056339,ANOMALY,ANOMALY,16.421057,15.499893,-5.917138,-0.337535,-0.046587,-0.009826,-0.009646,-0.003863
2026-09-17T15:32:43.244731,ANOMALY,ANOMALY,16.403382,15.499893,-5.916717,-0.337601,-0.047812,-0.009572,-0.008956,-0.003669
2026-09-17T15:32:43.429268,ANOMALY,ANOMALY,15.946962,15.499893,-5.917058,-0.335345,-0.047009,-0.008693,-0.006883,-0.002964
2026-09-17T15:32:43.628835,ANOMALY,ANOMALY,15.801310,15.499893,-5.916728,-0.332049,-0.044789,-0.007557,-0.004335,-0.002104
2026-09-17T15:32:43.821856,NORMAL,NORMAL,14.729229,15.499893,-5.912544,-0.327112,-0.041380,-0.003324,-0.001213,-0.000898
2026-09-17T15:32:43.998079,NORMAL,NORMAL,14.318911,15.499893,-5.905052,-0.323382,-0.038011,0.002242,0.000307,0.000201
2026-09-17T15:32:44.176232,NORMAL,NORMAL,13.427245,15.499893,-5.899898,-0.321513,-0.034564,0.005417,0.000127,0.000865
2026-09-17T15:32:44.354153,NORMAL,NORMAL,13.517976,15.499893,-5.897269,-0.320749,-0.032523,0.006483,-0.000303,0.001459
2026-09-17T15:32:44.546321,NORMAL,NORMAL,13.567739,15.499893,-5.895700,-0.321901,-0.031330,0.007084,-0.002501,0.001237
2026-09-17T15:32:44.739785,NORMAL,NORMAL,14.018267,15.499893,-5.894228,-0.323102,-0.030646,0.008219,-0.003710,0.000729
2026-09-17T15:32:44.930944,NORMAL,NORMAL,14.220707,15.499893,-5.892758,-0.321462,-0.029231,0.009414,-0.002973,0.000760
2026-09-17T15:32:45.117678,NORMAL,NORMAL,14.760223,15.499893,-5.891391,-0.316351,-0.028127,0.010418,0.000598,0.000670
2026-09-17T15:32:45.320574,NORMAL,NORMAL,15.114563,15.499893,-5.893690,-0.310455,-0.027920,0.008600,0.004440,0.000459
2026-09-17T15:32:45.515017,ANOMALY,NORMAL,15.541303,15.499893,-5.897937,-0.305223,-0.026775,0.005502,0.007085,0.000609
2026-09-17T15:32:45.750002,NORMAL,NORMAL,15.448376,15.499893,-5.901834,-0.303579,-0.025892,0.002821,0.006995,0.001021
2026-09-17T15:32:45.931032,NORMAL,NORMAL,15.097238,15.499893,-5.901916,-0.305907,-0.030474,-0.001353,0.001016,-0.063296
2026-09-17T15:32:46.109668,NORMAL,NORMAL,14.398931,15.499893,-5.900945,-0.310828,-0.053168,-0.009828,-0.008565,-0.191731
2026-09-17T15:32:46.286664,NORMAL,NORMAL,15.257146,15.499893,-5.902733,-0.317431,-0.101943,-0.019413,-0.016845,-0.340729
2026-09-17T15:32:46.471755,NORMAL,NORMAL,15.324216,15.499893,-5.908783,-0.326074,-0.196018,-0.028486,-0.021707,-0.520986
2026-09-17T15:32:46.650118,ANOMALY,NORMAL,16.100151,15.499893,-5.916392,-0.331478,-0.304743,-0.031464,-0.019239,-0.669163
2026-09-17T15:32:46.842199,ANOMALY,NORMAL,19.302091,15.499893,-5.924531,-0.333221,-0.467166,-0.021119,-0.005214,-0.814563
2026-09-17T15:32:47.033638,ANOMALY,NORMAL,16.661651,15.499893,-5.927151,-0.329230,-0.614240,0.012449,0.016596,-0.788644
2026-09-17T15:32:47.228973,ANOMALY,NORMAL,16.261933,15.499893,-5.918730,-0.319415,-0.771491,0.053972,0.033150,-0.730059
2026-09-17T15:32:47.429880,ANOMALY,NORMAL,16.329119,15.499893,-5.906225,-0.310508,-0.911307,0.031681,0.014414,-0.718940
2026-09-17T15:32:47.622187,ANOMALY,NORMAL,16.009973,15.499893,-5.904694,-0.311186,-1.053788,-0.035823,-0.024631,-0.716543
2026-09-17T15:32:47.842314,ANOMALY,NORMAL,15.779190,15.499893,-5.918600,-0.322592,-1.194640,-0.062060,-0.037199,-0.700592
2026-09-17T15:32:48.047393,ANOMALY,NORMAL,15.861792,15.499893,-5.935880,-0.334294,-1.330906,-0.048967,-0.026129,-0.678485
2026-09-17T15:32:48.243376,ANOMALY,NORMAL,15.940367,15.499893,-5.950046,-0.339105,-1.480206,-0.025960,-0.006749,-0.648098
2026-09-17T15:32:48.440674,ANOMALY,NORMAL,15.935914,15.499893,-5.955931,-0.337577,-1.583882,-0.008970,0.007179,-0.623770
2026-09-17T15:32:48.626124,ANOMALY,NORMAL,16.172633,15.499893,-5.956572,-0.332941,-1.700790,0.011668,0.019810,-0.589620
2026-09-17T15:32:48.810294,ANOMALY,NORMAL,15.916550,15.499893,-5.950718,-0.327853,-1.809692,0.029830,0.025995,-0.549176
2026-09-17T15:32:48.995416,NORMAL,NORMAL,15.416628,15.499893,-5.943824,-0.324248,-1.889879,0.038854,0.025397,-0.426561
2026-09-17T15:32:49.189161,NORMAL,NORMAL,14.786747,15.499893,-5.935364,-0.319102,-1.945185,0.041874,0.021664,-0.198027
2026-09-17T15:32:49.377489,NORMAL,NORMAL,14.669331,15.499893,-5.928936,-0.313800,-1.967256,0.038436,0.016007,-0.133292
2026-09-17T15:32:49.566764,NORMAL,NORMAL,14.598128,15.499893,-5.926579,-0.310778,-1.987291,0.032381,0.011275,-0.170380
2026-09-17T15:32:49.770293,NORMAL,NORMAL,14.559806,15.499893,-5.924953,-0.308320,-2.025902,0.026068,0.007582,-0.217961
2026-09-17T15:32:49.965542,NORMAL,NORMAL,14.474350,15.499893,-5.922915,-0.308308,-2.073324,0.022100,0.002731,-0.222702
2026-09-17T15:32:50.181534,NORMAL,NORMAL,14.654464,15.499893,-5.919194,-0.310094,-2.118853,0.020444,-0.001755,-0.206055
2026-09-17T15:32:50.384867,NORMAL,NORMAL,15.241408,15.499893,-5.913674,-0.313002,-2.157435,0.020319,-0.005586,-0.186023
2026-09-17T15:32:50.571035,ANOMALY,NORMAL,15.846159,15.499893,-5.908835,-0.314864,-2.191763,0.017817,-0.006519,-0.168406
2026-09-17T15:32:50.759647,ANOMALY,NORMAL,15.806141,15.499893,-5.907631,-0.314512,-2.224576,0.011978,-0.004814,-0.154425
2026-09-17T15:32:50.949542,NORMAL,NORMAL,13.910679,15.499893,-5.910952,-0.314776,-2.256007,0.005140,-0.004320,-0.139808
2026-09-17T15:32:51.135593,NORMAL,NORMAL,14.556469,15.499893,-5.913381,-0.315439,-2.279312,0.001970,-0.004384,-0.127387
2026-09-17T15:32:51.316851,ANOMALY,NORMAL,19.593862,15.499893,-5.913639,-0.317433,-2.303896,0.002169,-0.005216,-0.114944
2026-09-17T15:32:51.514673,ANOMALY,NORMAL,18.028194,15.499893,-5.911690,-0.320833,-2.322771,0.004467,-0.006521,-0.105693
2026-09-17T15:32:51.708826,ANOMALY,NORMAL,17.824990,15.499893,-5.906686,-0.324873,-2.342631,0.007467,-0.007057,-0.096060
2026-09-17T15:32:51.902334,ANOMALY,NORMAL,17.675108,15.499893,-5.899618,-0.326956,-2.358950,0.010213,-0.004746,-0.087994
2026-09-17T15:32:52.094713,ANOMALY,NORMAL,17.719587,15.499893,-5.892633,-0.327388,-2.372459,0.009488,-0.001459,-0.082407
2026-09-17T15:32:52.284500,ANOMALY,NORMAL,17.812306,15.499893,-5.887496,-0.325470,-2.385007,0.004876,0.002755,-0.078533
2026-09-17T15:32:52.478348,ANOMALY,NORMAL,17.772670,15.499893,-5.886083,-0.323645,-2.396585,-0.001329,0.004721,-0.075703
2026-09-17T15:32:52.663887,ANOMALY,NORMAL,18.173766,15.499893,-5.890609,-0.321741,-2.410367,-0.012164,0.005101,-0.069409
2026-09-17T15:32:52.861939,ANOMALY,NORMAL,18.246273,15.499893,-5.899885,-0.321463,-2.421596,-0.020647,0.003380,-0.062998
2026-09-17T15:32:53.040272,ANOMALY,NORMAL,18.054502,15.499893,-5.909937,-0.323926,-2.432095,-0.023494,0.000253,-0.058306
2026-09-17T15:32:53.217546,ANOMALY,NORMAL,18.037473,15.499893,-5.916595,-0.326727,-2.440051,-0.021121,-0.001842,-0.054102
2026-09-17T15:32:53.394336,ANOMALY,NORMAL,18.064182,15.499893,-5.919642,-0.329931,-2.447612,-0.014662,-0.002654,-0.050897
2026-09-17T15:32:53.574181,ANOMALY,NORMAL,17.614278,15.499893,-5.919614,-0.332781,-2.455284,-0.004906,-0.001641,-0.046677
2026-09-17T15:32:53.763734,ANOMALY,NORMAL,17.176927,15.499893,-5.917650,-0.334657,-2.460619,0.002024,0.000077,-0.043512
2026-09-17T15:32:53.950908,ANOMALY,NORMAL,16.907390,15.499893,-5.914340,-0.336164,-2.466049,0.006742,0.002860,-0.041039
2026-09-17T15:32:54.140161,ANOMALY,NORMAL,16.663800,15.499893,-5.911451,-0.336437,-2.470499,0.007677,0.005517,-0.039954
2026-09-17T15:32:54.325001,ANOMALY,NORMAL,16.603051,15.499893,-5.908629,-0.334738,-2.476334,0.006781,0.009398,-0.037739
2026-09-17T15:32:54.517127,ANOMALY,NORMAL,16.624636,15.499893,-5.906034,-0.331564,-2.480198,0.005488,0.012779,-0.035351
2026-09-17T15:32:54.702994,ANOMALY,NORMAL,16.735440,15.499893,-5.901940,-0.327264,-2.484753,0.004921,0.014452,-0.033447
2026-09-17T15:32:54.885689,ANOMALY,ANOMALY,16.868599,15.499893,-5.899268,-0.323578,-2.488010,0.002390,0.013160,-0.031515
2026-09-17T15:32:55.069338,ANOMALY,ANOMALY,17.012449,15.499893,-5.898715,-0.321790,-2.490824,-0.000917,0.010231,-0.030776
2026-09-17T15:32:55.249854,ANOMALY,ANOMALY,17.065609,15.499893,-5.898762,-0.323034,-2.494963,-0.004545,0.004569,-0.029530
2026-09-17T15:32:55.427612,ANOMALY,ANOMALY,17.030269,15.499893,-5.898393,-0.326760,-2.498544,-0.006093,-0.000240,-0.027662
2026-09-17T15:32:55.600197,ANOMALY,ANOMALY,17.049415,15.499893,-5.898282,-0.333039,-2.501845,-0.007860,-0.004142,-0.025003
2026-09-17T15:32:55.801502,ANOMALY,ANOMALY,17.071124,15.499893,-5.896830,-0.338522,-2.502157,-0.007576,-0.004797,-0.023629
2026-09-17T15:32:55.998604,ANOMALY,ANOMALY,17.132994,15.499893,-5.894233,-0.344460,-2.502771,-0.006033,-0.002706,-0.025104
2026-09-17T15:32:56.191236,ANOMALY,ANOMALY,17.030373,15.499893,-5.894181,-0.348742,-2.507185,-0.006625,0.001894,-0.025148
2026-09-17T15:32:56.400797,ANOMALY,ANOMALY,16.896245,15.499893,-5.896608,-0.350446,-2.512790,-0.008483,0.006659,-0.022689
2026-09-17T15:32:56.598449,ANOMALY,ANOMALY,16.510068,15.499893,-5.902788,-0.350583,-2.519349,-0.012128,0.013932,-0.016526
2026-09-17T15:32:56.793040,ANOMALY,ANOMALY,16.138098,15.499893,-5.908518,-0.348298,-2.524377,-0.012441,0.018946,-0.011875
2026-09-17T15:32:56.986799,ANOMALY,ANOMALY,15.966831,15.499893,-5.914000,-0.346417,-2.528034,-0.011981,0.020381,-0.008451
2026-09-17T15:32:57.177737,ANOMALY,ANOMALY,15.954715,15.499893,-5.919235,-0.342713,-2.531191,-0.008582,0.022153,-0.004667
2026-09-17T15:32:57.371308,ANOMALY,ANOMALY,16.295131,15.499893,-5.925242,-0.336674,-2.531935,-0.005301,0.023736,-0.002858
2026-09-17T15:32:57.577144,ANOMALY,ANOMALY,16.538482,15.499893,-5.928539,-0.331107,-2.531097,0.000227,0.022958,-0.002510
2026-09-17T15:32:57.775792,ANOMALY,ANOMALY,16.836167,15.499893,-5.928446,-0.326504,-2.530523,0.006796,0.020294,-0.003841
2026-09-17T15:32:57.971058,ANOMALY,ANOMALY,17.173049,15.499893,-5.924043,-0.322323,-2.531504,0.014227,0.016443,-0.005176
2026-09-17T15:32:58.177716,ANOMALY,ANOMALY,17.602304,15.499893,-5.915908,-0.320197,-2.534655,0.020486,0.011043,-0.004551
2026-09-17T15:32:58.391138,ANOMALY,ANOMALY,17.900937,15.499893,-5.909632,-0.318642,-2.537565,0.020542,0.006060,-0.002182
2026-09-17T15:32:58.581823,ANOMALY,ANOMALY,17.916153,15.499893,-5.904679,-0.317693,-2.540232,0.016681,0.002808,0.000288
2026-09-17T15:32:58.776195,ANOMALY,ANOMALY,17.888335,15.499893,-5.903536,-0.318486,-2.541885,0.009376,-0.000631,0.002310
2026-09-17T15:32:58.979275,ANOMALY,ANOMALY,17.665593,15.499893,-5.905652,-0.321374,-2.543733,0.001522,-0.003706,0.004171
2026-09-17T15:32:59.170455,ANOMALY,ANOMALY,17.459811,15.499893,-5.909026,-0.324540,-2.545872,-0.003174,-0.005609,0.005572
2026-09-17T15:32:59.359703,ANOMALY,ANOMALY,17.151019,15.499893,-5.912626,-0.328652,-2.550188,-0.004666,-0.006311,0.007477
2026-09-17T15:32:59.554518,ANOMALY,ANOMALY,16.938939,15.499893,-5.917155,-0.333923,-2.554983,-0.005373,-0.006105,0.011638
2026-09-17T15:32:59.745001,ANOMALY,ANOMALY,16.869697,15.499893,-5.920808,-0.337454,-2.557356,-0.004754,-0.004603,0.015717
2026-09-17T15:32:59.927754,ANOMALY,ANOMALY,16.818403,15.499893,-5.924603,-0.337064,-2.557864,-0.002769,0.001399,0.018385
2026-09-17T15:33:00.122775,ANOMALY,ANOMALY,17.116340,15.499893,-5.927607,-0.332640,-2.557899,0.000752,0.009045,0.018915
2026-09-17T15:32:58.260056,ANOMALY,ANOMALY,17.633073,15.499893,-5.929891,-0.327841,-2.557440,0.003395,0.013011,0.018876
2026-09-17T15:32:58.445742,ANOMALY,ANOMALY,18.435719,15.499893,-5.932026,-0.323304,-2.556315,0.006045,0.013426,0.018168
2026-09-17T15:32:58.646413,ANOMALY,ANOMALY,19.265591,15.499893,-5.935623,-0.321158,-2.554737,0.007235,0.009860,0.016612
2026-09-17T15:32:58.842749,ANOMALY,ANOMALY,19.825595,15.499893,-5.940167,-0.320468,-2.554169,0.008461,0.005450,0.014354
2026-09-17T15:32:59.033342,ANOMALY,ANOMALY,20.194909,15.499893,-5.943264,-0.320937,-2.554737,0.011956,0.001135,0.013898
2026-09-17T15:32:59.226918,ANOMALY,ANOMALY,20.379095,15.499893,-5.944038,-0.320606,-2.553453,0.016206,-0.000707,0.014094
2026-09-17T15:32:59.423033,ANOMALY,ANOMALY,20.462678,15.499893,-5.941094,-0.317662,-2.550595,0.022586,0.000636,0.012047
2026-09-17T15:32:59.614052,ANOMALY,ANOMALY,20.211464,15.499893,-5.934208,-0.314098,-2.549188,0.028705,0.001709,0.009390
2026-09-17T15:32:59.859490,ANOMALY,ANOMALY,19.984105,15.499893,-5.925580,-0.312159,-2.548070,0.031405,-0.000735,0.007712
2026-09-17T15:33:00.055339,ANOMALY,ANOMALY,19.990180,15.499893,-5.916746,-0.312168,-2.546633,0.028674,-0.005054,0.006238
2026-09-17T15:33:00.254321,ANOMALY,ANOMALY,19.932987,15.499893,-5.909898,-0.314002,-2.546402,0.023595,-0.008236,0.005008
2026-09-17T15:33:00.438727,ANOMALY,ANOMALY,19.715037,15.499893,-5.901767,-0.316994,-2.548940,0.019044,-0.010265,0.005046
2026-09-17T15:33:00.627059,ANOMALY,ANOMALY,19.501115,15.499893,-5.892669,-0.319698,-2.552622,0.015117,-0.009693,0.007346
2026-09-17T15:33:00.809099,ANOMALY,ANOMALY,19.140059,15.499893,-5.888433,-0.320608,-2.555160,0.008957,-0.007449,0.010626
2026-09-17T15:33:01.003512,ANOMALY,ANOMALY,18.746516,15.499893,-5.885330,-0.322261,-2.556793,0.001040,-0.005826,0.013766
2026-09-17T15:33:01.201502,ANOMALY,ANOMALY,18.608921,15.499893,-5.884221,-0.324325,-2.556331,-0.006459,-0.005520,0.015433
2026-09-17T15:33:01.424259,ANOMALY,ANOMALY,18.575487,15.499893,-5.885380,-0.325032,-2.553769,-0.012846,-0.004146,0.014872
2026-09-17T15:33:01.619555,ANOMALY,ANOMALY,18.699753,15.499893,-5.886775,-0.323936,-2.549568,-0.016322,-0.002249,0.012106
2026-09-17T15:33:01.811893,ANOMALY,ANOMALY,19.052030,15.499893,-5.889069,-0.321206,-2.544916,-0.018674,0.000589,0.007763
2026-09-17T15:33:02.005141,ANOMALY,ANOMALY,19.666126,15.499893,-5.893351,-0.318099,-2.542340,-0.020373,0.001683,0.002739
2026-09-17T15:33:02.194640,ANOMALY,ANOMALY,20.108886,15.499893,-5.897330,-0.313143,-2.540663,-0.019775,0.002657,0.000047
2026-09-17T15:33:02.384048,ANOMALY,ANOMALY,20.340767,15.499893,-5.901213,-0.308590,-2.539400,-0.018384,0.002547,-0.001457
2026-09-17T15:33:02.579879,ANOMALY,ANOMALY,20.522859,15.499893,-5.904844,-0.306817,-2.540603,-0.015541,-0.001787,-0.002608
2026-09-17T15:33:02.784393,ANOMALY,ANOMALY,20.396847,15.499893,-5.907050,-0.308653,-2.543884,-0.012220,-0.008152,-0.001764
2026-09-17T15:33:02.979307,ANOMALY,ANOMALY,20.241019,15.499893,-5.907821,-0.311616,-2.546376,-0.009205,-0.012121,0.001817
2026-09-17T15:33:03.204938,ANOMALY,ANOMALY,19.815599,15.499893,-5.908703,-0.315663,-2.546489,-0.007376,-0.013880,0.004110
2026-09-17T15:33:03.418323,ANOMALY,ANOMALY,19.228297,15.499893,-5.910293,-0.322118,-2.546668,-0.005437,-0.015546,0.004812
2026-09-17T15:33:03.634942,ANOMALY,ANOMALY,18.557275,15.499893,-5.909763,-0.326764,-2.544667,-0.002924,-0.014069,0.004693
2026-09-17T15:33:03.834813,ANOMALY,ANOMALY,17.970036,15.499893,-5.907358,-0.329433,-2.543183,0.000605,-0.010104,0.002468
2026-09-17T15:33:04.040914,ANOMALY,ANOMALY,17.484292,15.499893,-5.902834,-0.329426,-2.543504,0.003066,-0.002696,0.001038
2026-09-17T15:33:04.228518,ANOMALY,ANOMALY,17.187138,15.499893,-5.898411,-0.328827,-2.543215,0.003467,0.001800,0.001330
2026-09-17T15:33:04.421294,ANOMALY,ANOMALY,17.188933,15.499893,-5.895641,-0.329223,-2.543518,0.001793,0.003316,0.001007
2026-09-17T15:33:04.613502,ANOMALY,ANOMALY,17.232413,15.499893,-5.894970,-0.331258,-2.544404,-0.002820,0.002499,0.001525
2026-09-17T15:33:04.813625,ANOMALY,ANOMALY,17.219885,15.499893,-5.896513,-0.336594,-2.543735,-0.007489,-0.000395,0.002361
2026-09-17T15:33:05.000109,ANOMALY,ANOMALY,17.084832,15.499893,-5.900044,-0.342660,-2.541282,-0.011596,-0.001909,0.001459
2026-09-17T15:33:05.200589,ANOMALY,ANOMALY,16.821188,15.499893,-5.905344,-0.346974,-2.539448,-0.014909,-0.000934,-0.000552
2026-09-17T15:33:05.384683,ANOMALY,ANOMALY,16.696803,15.499893,-5.912851,-0.350200,-2.539312,-0.016126,0.003623,-0.003344
2026-09-17T15:33:05.563946,ANOMALY,ANOMALY,16.477578,15.499893,-5.916908,-0.350066,-2.540056,-0.013851,0.008795,-0.003449
2026-09-17T15:33:05.768258,ANOMALY,ANOMALY,16.289915,15.499893,-5.918564,-0.347797,-2.540270,-0.008943,0.014010,-0.002642
2026-09-17T15:33:05.957758,ANOMALY,ANOMALY,15.977742,15.499893,-5.917870,-0.340604,-2.540147,-0.001131,0.021315,-0.001963
2026-09-17T15:33:06.152564,ANOMALY,ANOMALY,15.816230,15.499893,-5.917937,-0.333780,-2.539222,0.002240,0.024249,-0.001501
2026-09-17T15:33:06.349837,ANOMALY,ANOMALY,15.861450,15.499893,-5.919981,-0.325188,-2.537843,0.003921,0.024063,-0.002759
2026-09-17T15:33:06.546006,ANOMALY,ANOMALY,15.922534,15.499893,-5.922422,-0.316720,-2.536234,0.004707,0.020851,-0.004142
2026-09-17T15:33:06.748789,ANOMALY,ANOMALY,16.096630,15.499893,-5.922853,-0.307470,-2.535804,0.007377,0.017340,-0.003154
2026-09-17T15:33:06.956976,ANOMALY,ANOMALY,16.007769,15.499893,-5.920413,-0.298226,-2.534515,0.009947,0.014594,-0.000406
2026-09-17T15:33:07.152370,ANOMALY,ANOMALY,16.048502,15.499893,-5.915837,-0.291313,-2.534941,0.010871,0.011929,-0.000474
2026-09-17T15:33:07.347676,ANOMALY,ANOMALY,16.101470,15.499893,-5.912802,-0.289144,-2.536684,0.008459,0.006850,-0.000270
2026-09-17T15:33:07.529905,ANOMALY,ANOMALY,15.898410,15.499893,-5.911947,-0.286608,-2.536354,0.004686,0.004266,0.000019
2026-09-17T15:33:07.729035,ANOMALY,ANOMALY,15.944609,15.499893,-5.910664,-0.282335,-2.535397,0.002866,0.004970,0.000329
2026-09-17T15:33:07.928852,ANOMALY,ANOMALY,16.261606,15.499893,-5.908206,-0.276238,-2.534878,0.002465,0.006216,0.000093
2026-09-17T15:33:08.135971,ANOMALY,ANOMALY,16.577170,15.499893,-5.905068,-0.269902,-2.534415,0.002947,0.006979,0.000231
2026-09-17T15:33:08.343341,ANOMALY,ANOMALY,16.921106,15.499893,-5.903362,-0.263634,-2.534515,0.002299,0.007315,-0.000148
2026-09-17T15:33:08.559284,ANOMALY,ANOMALY,17.450345,15.499893,-5.906655,-0.257735,-2.536369,-0.001303,0.006880,-0.000573
2026-09-17T15:33:08.758361,ANOMALY,ANOMALY,17.834029,15.499893,-5.914062,-0.255376,-2.538426,-0.006100,0.005225,-0.000583
2026-09-17T15:33:08.968068,ANOMALY,ANOMALY,18.233156,15.499893,-5.923690,-0.256534,-2.541043,-0.010554,0.001853,-0.001122
2026-09-17T15:33:09.164706,ANOMALY,ANOMALY,18.910211,15.499893,-5.932795,-0.262495,-2.541576,-0.012444,-0.004314,-0.000556
2026-09-17T15:33:09.373178,ANOMALY,ANOMALY,19.835217,15.499893,-5.936172,-0.267061,-2.541624,-0.010356,-0.006874,-0.000539
2026-09-17T15:33:09.572008,ANOMALY,ANOMALY,20.864595,15.499893,-5.937865,-0.271065,-2.540862,-0.006296,-0.006226,0.000109
2026-09-17T15:33:09.761703,ANOMALY,ANOMALY,21.925414,15.499893,-5.939448,-0.273420,-2.542132,-0.004019,-0.004862,-0.000248
2026-09-17T15:33:09.946638,ANOMALY,ANOMALY,22.368853,15.499893,-5.939139,-0.275077,-2.544613,-0.001817,-0.003734,-0.000767
2026-09-17T15:33:10.139083,ANOMALY,ANOMALY,22.383825,15.499893,-5.937540,-0.276360,-2.547350,0.000743,-0.002129,-0.000681
2026-09-17T15:33:10.319990,ANOMALY,ANOMALY,22.118369,15.499893,-5.934600,-0.277871,-2.548052,0.003037,-0.002135,-0.000136
2026-09-17T15:33:10.516474,ANOMALY,ANOMALY,21.774940,15.499893,-5.930194,-0.279076,-2.547527,0.005345,-0.002297,0.000341
2026-09-17T15:33:10.714996,ANOMALY,ANOMALY,21.085384,15.499893,-5.922110,-0.280828,-2.547180,0.008555,-0.002446,0.000133
2026-09-17T15:33:10.903618,ANOMALY,ANOMALY,20.320425,15.499893,-5.913559,-0.281985,-2.546420,0.010156,-0.002119,0.000075
2026-09-17T15:33:11.112425,ANOMALY,ANOMALY,19.590611,15.499893,-5.908808,-0.284760,-2.545606,0.008051,-0.003692,0.000258
2026-09-17T15:33:11.305115,ANOMALY,ANOMALY,18.874651,15.499893,-5.907767,-0.289396,-2.543000,0.003749,-0.006100,0.000524
2026-09-17T15:33:11.513452,ANOMALY,ANOMALY,18.333082,15.499893,-5.908879,-0.294791,-2.539299,0.000812,-0.008240,0.000777
2026-09-17T15:33:11.703692,ANOMALY,ANOMALY,17.842044,15.499893,-5.910265,-0.299995,-2.536239,-0.001138,-0.008887,0.000775
2026-09-17T15:33:11.900029,ANOMALY,ANOMALY,17.328522,15.499893,-5.910657,-0.305339,-2.535353,-0.001263,-0.008322,0.000108
2026-09-17T15:33:12.086397,ANOMALY,ANOMALY,16.781493,15.499893,-5.910636,-0.309364,-2.535686,-0.001077,-0.006330,-0.000202
2026-09-17T15:33:12.269353,ANOMALY,ANOMALY,16.200106,15.499893,-5.911019,-0.312739,-2.537174,-0.001292,-0.005709,-0.000820
2026-09-17T15:33:12.472770,ANOMALY,ANOMALY,15.806650,15.499893,-5.910209,-0.316029,-2.539734,-0.000329,-0.004853,-0.000866
2026-09-17T15:33:12.653853,NORMAL,NORMAL,15.399395,15.499893,-5.909414,-0.317607,-2.542352,0.000434,-0.003139,-0.000708
2026-09-17T15:33:12.844336,NORMAL,NORMAL,14.957339,15.499893,-5.910261,-0.316892,-2.543230,-0.000462,-0.000610,-0.000585
2026-09-17T15:33:13.037048,NORMAL,NORMAL,14.569103,15.499893,-5.912639,-0.316037,-2.543522,-0.001730,0.000587,-0.000233
2026-09-17T15:33:13.233097,NORMAL,NORMAL,14.245709,15.499893,-5.915168,-0.315850,-2.542154,-0.002573,0.000385,0.000453
2026-09-17T15:33:13.427514,NORMAL,NORMAL,14.196705,15.499893,-5.916356,-0.315233,-2.540405,-0.002097,0.000699,0.000323
2026-09-17T15:33:13.615958,NORMAL,NORMAL,14.077783,15.499893,-5.918178,-0.312931,-2.538706,-0.002158,0.002015,0.000365
2026-09-17T15:33:13.814718,NORMAL,NORMAL,14.126675,15.499893,-5.921443,-0.309026,-2.536550,-0.003285,0.004040,0.000662
2026-09-17T15:33:14.009240,NORMAL,NORMAL,14.141495,15.499893,-5.926328,-0.304028,-2.534214,-0.004873,0.005607,0.000771
2026-09-17T15:33:14.195056,NORMAL,NORMAL,14.375725,15.499893,-5.931193,-0.298966,-2.533085,-0.005664,0.006248,0.000253
2026-09-17T15:33:14.379504,NORMAL,NORMAL,14.654107,15.499893,-5.935820,-0.294692,-2.533362,-0.005780,0.006475,0.000045
2026-09-17T15:33:14.563440,NORMAL,NORMAL,14.827748,15.499893,-5.941018,-0.290171,-2.534550,-0.005173,0.005559,0.000252
2026-09-17T15:33:14.748942,NORMAL,NORMAL,15.065182,15.499893,-5.943054,-0.286238,-2.535548,-0.002346,0.005357,0.000322
2026-09-17T15:33:14.933829,NORMAL,NORMAL,15.472816,15.499893,-5.943158,-0.282953,-2.537682,0.000980,0.003731,-0.000260
2026-09-17T15:33:15.137863,ANOMALY,NORMAL,15.866196,15.499893,-5.943758,-0.281045,-2.539599,0.001619,0.002592,-0.000291
2026-09-17T15:33:15.335154,ANOMALY,NORMAL,16.046268,15.499893,-5.945221,-0.279026,-2.541349,0.001164,0.001645,0.000104
2026-09-17T15:33:15.544397,ANOMALY,NORMAL,16.322374,15.499893,-5.946157,-0.277788,-2.541255,0.000472,0.001121,0.000085
2026-09-17T15:33:15.738195,ANOMALY,NORMAL,16.740213,15.499893,-5.944968,-0.275970,-2.541897,0.001242,0.001600,-0.000356
2026-09-17T15:33:15.929619,ANOMALY,NORMAL,17.137924,15.499893,-5.940621,-0.273442,-2.541473,0.003706,0.002586,0.000103
2026-09-17T15:33:16.125868,ANOMALY,NORMAL,17.362353,15.499893,-5.936461,-0.271990,-2.540107,0.005221,0.002774,0.000167
2026-09-17T15:33:16.320183,ANOMALY,NORMAL,17.519252,15.499893,-5.930533,-0.270771,-2.537997,0.007065,0.002257,0.000492
2026-09-17T15:33:16.509343,ANOMALY,NORMAL,17.990464,15.499893,-5.925628,-0.268404,-2.537068,0.006897,0.003069,-0.000206
2026-09-17T15:33:16.690432,ANOMALY,NORMAL,18.384995,15.499893,-5.919423,-0.266280,-2.535872,0.008166,0.003289,0.000033
2026-09-17T15:33:16.871777,ANOMALY,NORMAL,18.570919,15.499893,-5.915161,-0.265250,-2.535318,0.008262,0.002655,0.000250
2026-09-17T15:33:17.059034,ANOMALY,NORMAL,18.646010,15.499893,-5.911607,-0.264580,-2.535145,0.006997,0.001660,-0.000008
2026-09-17T15:33:17.238095,ANOMALY,NORMAL,18.734804,15.499893,-5.909626,-0.264381,-2.534662,0.005410,0.000901,0.000164
2026-09-17T15:33:17.440069,ANOMALY,NORMAL,18.771435,15.499893,-5.908139,-0.264448,-2.534537,0.003882,0.000151,-0.000137
2026-09-17T15:33:17.635126,ANOMALY,NORMAL,18.678235,15.499893,-5.907286,-0.264719,-2.534695,0.002593,-0.000240,-0.000091
2026-09-17T15:33:17.829598,ANOMALY,NORMAL,18.536152,15.499893,-5.906809,-0.265047,-2.534764,0.001939,-0.000234,0.000049
2026-09-17T15:33:18.022072,ANOMALY,NORMAL,18.079478,15.499893,-5.906576,-0.265367,-2.536132,0.001438,-0.000650,-0.000243
2026-09-17T15:33:18.210276,ANOMALY,NORMAL,17.618172,15.499893,-5.906410,-0.265839,-2.537488,0.001279,-0.000912,-0.000449
2026-09-17T15:33:18.419510,ANOMALY,NORMAL,17.261923,15.499893,-5.906319,-0.266371,-2.537917,0.001051,-0.001237,0.000001
2026-09-17T15:33:18.610189,ANOMALY,NORMAL,16.951215,15.499893,-5.906292,-0.266947,-2.536597,0.000777,-0.001470,0.000116
2026-09-17T15:33:18.799030,ANOMALY,ANOMALY,16.569180,15.499893,-5.906289,-0.267525,-2.534894,0.000575,-0.001353,0.000019
2026-09-17T15:33:18.982150,ANOMALY,ANOMALY,16.093335,15.499893,-5.906341,-0.268076,-2.533965,0.000344,-0.001274,0.000087
2026-09-17T15:33:19.169642,ANOMALY,ANOMALY,16.036681,15.499893,-5.906391,-0.268526,-2.534266,0.000233,-0.001182,-0.000066
2026-09-17T15:33:19.356724,ANOMALY,ANOMALY,15.995417,15.499893,-5.906441,-0.269038,-2.535285,0.000300,-0.000781,-0.000129
2026-09-17T15:33:19.542054,ANOMALY,ANOMALY,15.897696,15.499893,-5.906453,-0.269387,-2.535560,0.000533,-0.000334,0.000010
2026-09-17T15:33:19.742019,ANOMALY,ANOMALY,15.793679,15.499893,-5.906430,-0.269729,-2.535687,0.000425,-0.000091,-0.000026
2026-09-17T15:33:19.950028,ANOMALY,ANOMALY,15.752668,15.499893,-5.906384,-0.270043,-2.534866,0.000491,-0.000107,0.000289
2026-09-17T15:33:20.164486,ANOMALY,ANOMALY,15.688100,15.499893,-5.906284,-0.270388,-2.533659,0.000770,-0.000396,0.000071
2026-09-17T15:33:20.365563,NORMAL,NORMAL,15.449086,15.499893,-5.906122,-0.270769,-2.534782,0.000911,-0.000534,-0.000114
2026-09-17T15:33:20.566189,NORMAL,NORMAL,15.230488,15.499893,-5.905851,-0.271198,-2.537963,0.000906,-0.000658,-0.000325
2026-09-17T15:33:20.768277,NORMAL,NORMAL,15.235643,15.499893,-5.905554,-0.271715,-2.542236,0.001035,-0.000892,-0.000785
2026-09-17T15:33:20.967851,NORMAL,NORMAL,15.259751,15.499893,-5.905131,-0.272415,-2.543569,0.001310,-0.000966,-0.000327
2026-09-17T15:33:21.153732,NORMAL,NORMAL,15.240130,15.499893,-5.904716,-0.273027,-2.543252,0.001337,-0.000973,0.000083
2026-09-17T15:33:21.342723,NORMAL,NORMAL,15.207019,15.499893,-5.904349,-0.273612,-2.541610,0.001449,-0.001068,0.000184
2026-09-17T15:33:21.529864,NORMAL,NORMAL,15.119451,15.499893,-5.903905,-0.274364,-2.540911,0.001259,-0.001110,0.000091
2026-09-17T15:33:21.716882,NORMAL,NORMAL,15.402708,15.499893,-5.903544,-0.274948,-2.535512,0.000919,-0.001064,0.192869
2026-09-17T15:33:21.898749,ANOMALY,NORMAL,21.581013,15.499893,-5.903306,-0.275876,-2.431395,-0.000892,-0.002917,0.848544
2026-09-17T15:33:22.101772,ANOMALY,NORMAL,22.704349,15.499893,-5.903173,-0.277033,-2.271374,-0.002733,-0.005230,1.031174
2026-09-17T15:33:22.297242,ANOMALY,NORMAL,28.604281,15.499893,-5.902544,-0.279225,-2.056947,-0.005481,-0.008497,0.761567
2026-09-17T15:33:22.496884,ANOMALY,NORMAL,28.625215,15.499893,-5.901740,-0.281329,-1.969516,-0.006932,-0.011306,0.266343
2026-09-17T15:33:22.710270,ANOMALY,NORMAL,28.139377,15.499893,-5.900478,-0.284485,-1.970834,-0.008584,-0.014637,-0.146108
2026-09-17T15:33:22.917814,ANOMALY,NORMAL,27.935359,15.499893,-5.898982,-0.288924,-1.998521,-0.010803,-0.018261,-0.032626
2026-09-17T15:33:23.126593,ANOMALY,NORMAL,27.804727,15.499893,-5.897719,-0.293495,-1.996810,-0.012068,-0.021234,0.037948
2026-09-17T15:33:23.328317,ANOMALY,NORMAL,27.916751,15.499893,-5.896450,-0.298644,-1.989087,-0.013322,-0.024118,0.046761
2026-09-17T15:33:23.524047,ANOMALY,NORMAL,27.902468,15.499893,-5.895220,-0.304381,-1.983387,-0.014379,-0.027055,0.039712
2026-09-17T15:33:23.717403,ANOMALY,NORMAL,27.909572,15.499893,-5.893986,-0.310759,-1.979746,-0.015359,-0.029975,0.031521
2026-09-17T15:33:23.913969,ANOMALY,NORMAL,27.895514,15.499893,-5.892647,-0.317635,-1.978497,-0.016366,-0.032659,0.024773
2026-09-17T15:33:24.105778,ANOMALY,NORMAL,27.555664,15.499893,-5.891114,-0.324993,-1.977957,-0.017096,-0.035353,0.020256
2026-09-17T15:33:24.288958,ANOMALY,NORMAL,27.603143,15.499893,-5.889407,-0.332972,-1.977859,-0.017598,-0.038044,0.017456
2026-09-17T15:33:24.535011,ANOMALY,NORMAL,27.655005,15.499893,-5.887727,-0.340136,-1.976791,-0.018031,-0.040208,0.015199
2026-09-17T15:33:24.732656,ANOMALY,NORMAL,27.530709,15.499893,-5.885383,-0.350660,-1.974811,-0.018190,-0.042925,0.011360
2026-09-17T15:33:24.929190,ANOMALY,NORMAL,27.621707,15.499893,-5.883069,-0.360255,-1.974754,-0.018105,-0.045167,0.007653
2026-09-17T15:33:25.134929,ANOMALY,NORMAL,27.729023,15.499893,-5.880545,-0.370321,-1.978969,-0.018146,-0.047445,0.006861
2026-09-17T15:33:25.331292,ANOMALY,NORMAL,27.698759,15.499893,-5.877839,-0.380959,-1.982940,-0.018009,-0.049875,0.009384
2026-09-17T15:33:25.524170,ANOMALY,NORMAL,27.732749,15.499893,-5.874992,-0.392080,-1.985162,-0.017665,-0.052147,0.011531
2026-09-17T15:33:25.722030,ANOMALY,ANOMALY,27.965819,15.499893,-5.871900,-0.403812,-1.989883,-0.017672,-0.054603,0.013621
2026-09-17T15:33:25.915736,ANOMALY,ANOMALY,26.369512,15.499893,-5.868339,-0.416154,-1.992450,-0.017029,-0.056943,0.017270
2026-09-17T15:33:26.111427,ANOMALY,ANOMALY,21.058176,15.499893,-5.864481,-0.428931,-1.991756,-0.016454,-0.059579,0.018040
2026-09-17T15:33:26.300609,ANOMALY,ANOMALY,20.634881,15.499893,-5.860228,-0.442281,-1.992998,-0.015941,-0.061944,0.016722
2026-09-17T15:33:26.487091,ANOMALY,ANOMALY,19.527824,15.499893,-5.856295,-0.453917,-1.994143,-0.015359,-0.063605,0.017354
2026-09-17T15:33:26.680644,ANOMALY,ANOMALY,18.861138,15.499893,-5.851363,-0.468318,-1.996033,-0.014348,-0.065832,0.017671
2026-09-17T15:33:26.887056,ANOMALY,ANOMALY,18.068595,15.499893,-5.845762,-0.483327,-1.997064,-0.013146,-0.068181,0.019253
2026-09-17T15:33:27.094341,ANOMALY,ANOMALY,18.401823,15.499893,-5.839540,-0.499040,-1.995888,-0.011622,-0.070535,0.019181
2026-09-17T15:33:27.296680,ANOMALY,ANOMALY,16.787901,15.499893,-5.832901,-0.514601,-1.999665,-0.010334,-0.072791,0.018600
2026-09-17T15:33:27.498710,ANOMALY,ANOMALY,16.662838,15.499893,-5.825127,-0.531242,-2.002319,-0.008462,-0.075180,0.021720
2026-09-17T15:33:27.705222,ANOMALY,ANOMALY,16.568960,15.499893,-5.817068,-0.548380,-2.000738,-0.007013,-0.077235,0.022504
2026-09-17T15:33:27.900842,ANOMALY,ANOMALY,16.475470,15.499893,-6.327453,-0.521443,-1.992620,-0.099068,-0.068185,0.019369
2026-09-17T15:33:28.098734,ANOMALY,ANOMALY,16.372177,15.499893,-6.613969,-0.515065,-1.979793,-0.152084,-0.065049,0.010493
2026-09-17T15:33:28.296767,ANOMALY,ANOMALY,16.439421,15.499893,-6.771124,-0.517292,-1.964054,-0.177259,-0.064921,-0.003593
2026-09-17T15:33:28.486843,ANOMALY,ANOMALY,16.562171,15.499893,-6.859571,-0.526651,-1.951766,-0.186730,-0.067132,-0.020516
2026-09-17T15:33:28.675087,ANOMALY,ANOMALY,16.726614,15.499893,-6.917016,-0.536583,-1.949500,-0.190993,-0.065889,-0.031651
2026-09-17T15:33:28.896142,ANOMALY,ANOMALY,17.743394,15.499893,-6.953525,-0.544864,-1.953168,-0.190050,-0.063353,-0.020140
2026-09-17T15:33:29.081542,ANOMALY,ANOMALY,18.369026,15.499893,-6.990182,-0.558067,-1.954348,-0.151580,-0.052367,-0.002892
2026-09-17T15:33:29.309001,ANOMALY,ANOMALY,17.651689,15.499893,-7.006321,-0.567805,-1.953231,-0.109955,-0.042068,0.000930
2026-09-17T15:33:29.508359,ANOMALY,ANOMALY,17.091879,15.499893,-7.016716,-0.580405,-1.950817,-0.060233,-0.030666,0.002147
2026-09-17T15:33:29.705403,ANOMALY,ANOMALY,16.565176,15.499893,-7.013762,-0.588190,-1.947031,-0.027630,-0.021859,0.002684
2026-09-17T15:33:29.899253,ANOMALY,ANOMALY,16.142066,15.499893,-7.004629,-0.592123,-1.942079,-0.006329,-0.013094,0.002603
2026-09-17T15:33:30.094545,ANOMALY,ANOMALY,15.724827,15.499893,-6.993905,-0.594618,-1.937662,0.006331,-0.007655,0.002141
2026-09-17T15:33:30.288968,NORMAL,NORMAL,15.486417,15.499893,-6.983042,-0.600033,-1.933883,0.011659,-0.007816,0.001899
2026-09-17T15:33:30.483033,NORMAL,NORMAL,15.168471,15.499893,-6.976516,-0.606083,-1.928900,0.010749,-0.008394,0.001811
2026-09-17T15:33:28.651041,NORMAL,NORMAL,14.983938,15.499893,-6.972620,-0.610195,-1.924901,0.009130,-0.007662,0.001374
2026-09-17T15:33:28.848983,NORMAL,NORMAL,14.711046,15.499893,-6.966780,-0.614257,-1.919132,0.008257,-0.005469,0.000748
2026-09-17T15:33:29.041533,NORMAL,NORMAL,14.518740,15.499893,-6.962431,-0.614076,-1.915296,0.008763,-0.000623,0.000658
2026-09-17T15:33:29.226407,NORMAL,NORMAL,14.313016,15.499893,-6.957915,-0.612283,-1.912090,0.009738,0.002695,0.000710
2026-09-17T15:33:29.412610,NORMAL,NORMAL,14.231194,15.499893,-6.955298,-0.609911,-1.909819,0.009702,0.004841,0.000557
2026-09-17T15:33:29.608911,NORMAL,NORMAL,14.249223,15.499893,-6.951770,-0.606371,-1.907839,0.009628,0.006665,0.000355
2026-09-17T15:33:29.804051,NORMAL,NORMAL,14.424056,15.499893,-6.945827,-0.602462,-1.906574,0.011227,0.007688,0.000094
2026-09-17T15:33:29.997774,NORMAL,NORMAL,14.495555,15.499893,-6.938129,-0.598677,-1.905356,0.013837,0.008647,-0.000089
2026-09-17T15:33:30.188355,NORMAL,NORMAL,14.634607,15.499893,-6.929559,-0.592612,-1.903842,0.014985,0.010894,-0.000054
2026-09-17T15:33:30.381726,NORMAL,NORMAL,14.826474,15.499893,-6.924299,-0.589430,-1.902364,0.013340,0.009231,0.000224
2026-09-17T15:33:30.576644,NORMAL,NORMAL,14.927035,15.499893,-6.921017,-0.590785,-1.901179,0.010933,0.003715,0.000150
2026-09-17T15:33:30.769714,NORMAL,NORMAL,14.828472,15.499893,-6.918890,-0.594604,-1.900200,0.008178,-0.001263,0.000289
2026-09-17T15:33:30.965075,NORMAL,NORMAL,14.698445,15.499893,-6.917217,-0.597440,-1.899101,0.006867,-0.002599,0.000482
2026-09-17T15:33:31.150443,NORMAL,NORMAL,14.770436,15.499893,-6.915009,-0.601338,-1.897868,0.005753,-0.003661,0.000507
2026-09-17T15:33:31.333922,NORMAL,NORMAL,15.117712,15.499893,-6.910514,-0.606168,-1.896333,0.005997,-0.004641,0.000274
2026-09-17T15:33:31.528099,NORMAL,NORMAL,15.011453,15.499893,-6.905348,-0.609575,-1.895247,0.007026,-0.004774,0.000063
2026-09-17T15:33:31.728600,NORMAL,NORMAL,14.901800,15.499893,-6.900595,-0.611966,-1.890374,0.006887,-0.003446,0.000795
2026-09-17T15:33:31.939739,NORMAL,NORMAL,14.683467,15.499893,-6.896592,-0.614513,-1.883749,0.006574,-0.003768,0.001435
2026-09-17T15:33:32.129176,NORMAL,NORMAL,14.757622,15.499893,-6.892997,-0.616324,-1.882567,0.005649,-0.004310,-0.000061
2026-09-17T15:33:32.348632,NORMAL,NORMAL,14.945056,15.499893,-6.891353,-0.614425,-1.884720,0.005039,-0.002300,-0.001000
2026-09-17T15:33:32.550178,NORMAL,NORMAL,15.256762,15.499893,-6.887074,-0.607332,-1.887347,0.006475,0.002612,-0.000549
2026-09-17T15:33:32.750100,ANOMALY,NORMAL,15.538827,15.499893,-6.884338,-0.599386,-1.889454,0.005882,0.006222,-0.000182
2026-09-17T15:33:32.967875,ANOMALY,NORMAL,15.971344,15.499893,-6.883035,-0.591145,-1.892993,0.004255,0.008391,-0.000685
2026-09-17T15:33:33.176337,ANOMALY,NORMAL,16.337974,15.499893,-6.881014,-0.584744,-1.896474,0.004244,0.008173,-0.000688
2026-09-17T15:33:33.377579,ANOMALY,NORMAL,16.513949,15.499893,-6.877019,-0.578815,-1.898538,0.006287,0.005936,-0.000267
2026-09-17T15:33:33.559449,ANOMALY,NORMAL,16.651111,15.499893,-6.875597,-0.574670,-1.901320,0.005689,0.004070,-0.000815
2026-09-17T15:33:33.747130,ANOMALY,NORMAL,16.593364,15.499893,-6.875242,-0.571468,-1.904077,0.004440,0.003423,-0.000681
2026-09-17T15:33:33.944684,ANOMALY,NORMAL,16.551509,15.499893,-6.877684,-0.568106,-1.905591,0.001743,0.002321,0.000057
2026-09-17T15:33:34.143178,ANOMALY,NORMAL,16.404087,15.499893,-6.883082,-0.566391,-1.905948,-0.002378,0.000433,0.000436
2026-09-17T15:33:34.363059,ANOMALY,NORMAL,16.285174,15.499893,-6.885755,-0.565183,-1.907103,-0.003149,-0.000785,0.000128
2026-09-17T15:33:34.575948,ANOMALY,NORMAL,16.142669,15.499893,-6.884663,-0.563519,-1.908514,-0.001007,-0.000629,0.000095
2026-09-17T15:33:34.772307,ANOMALY,NORMAL,24.395259,15.499893,-6.883844,-0.560501,-1.913998,-0.029422,0.000850,-0.031817
2026-09-17T15:33:34.977928,NORMAL,NORMAL,14.560536,15.499893,-6.908844,-0.558626,-1.923028,-0.232342,0.000477,-0.020618
2026-09-17T15:33:35.235457,NORMAL,NORMAL,12.939381,15.499893,-6.987779,-0.557495,-1.929345,-0.487712,-0.001191,-0.002306
2026-09-17T15:33:35.444039,NORMAL,NORMAL,12.667571,15.499893,-7.142000,-0.556784,-1.933336,-0.727392,-0.004221,0.005023
2026-09-17T15:33:35.644064,NORMAL,NORMAL,12.539469,15.499893,-7.343470,-0.556317,-1.935447,-0.884407,-0.005887,0.004838
2026-09-17T15:33:35.846756,NORMAL,NORMAL,12.435446,15.499893,-7.536385,-0.555102,-1.936947,-0.963995,-0.004414,0.004087
2026-09-17T15:33:36.051825,NORMAL,NORMAL,12.456965,15.499893,-7.735420,-0.550850,-1.937213,-1.007162,-0.000033,0.003528
2026-09-17T15:33:36.261270,NORMAL,NORMAL,12.420343,15.499893,-7.936947,-0.542159,-1.938699,-1.028967,0.006837,0.002752
2026-09-17T15:33:36.446995,NORMAL,NORMAL,12.418978,15.499893,-8.139977,-0.531433,-1.943211,-1.039181,0.012303,0.002033
2026-09-17T15:33:36.629981,NORMAL,NORMAL,12.388647,15.499893,-8.342114,-0.519860,-1.949498,-1.042598,0.015477,0.001125
2026-09-17T15:33:36.831014,NORMAL,NORMAL,12.368373,15.499893,-8.512598,-0.509516,-1.955474,-1.044283,0.016796,0.001116
2026-09-17T15:33:37.039643,NORMAL,NORMAL,12.330136,15.499893,-8.718216,-0.499385,-1.963157,-1.046364,0.015300,0.000560
2026-09-17T15:33:37.233911,NORMAL,NORMAL,12.279364,15.499893,-8.958695,-0.487261,-1.970335,-1.047834,0.014731,0.000961
2026-09-17T15:33:37.431331,NORMAL,NORMAL,12.280968,15.499893,-9.133439,-0.477199,-1.974184,-1.048391,0.015128,0.001145
2026-09-17T15:33:37.667404,NORMAL,NORMAL,12.241990,15.499893,-9.342799,-0.467521,-1.976554,-1.049160,0.014227,0.001744
2026-09-17T15:33:37.869847,NORMAL,NORMAL,12.218018,15.499893,-9.588038,-0.461092,-1.975001,-1.050589,0.009681,0.002416
2026-09-17T15:33:38.070430,NORMAL,NORMAL,12.237829,15.499893,-9.800141,-0.458809,-1.973673,-1.050503,0.004951,0.002299
2026-09-17T15:33:38.303051,NORMAL,NORMAL,12.215219,15.499893,-10.044240,-0.457365,-1.973374,-1.048510,0.001176,0.001657
2026-09-17T15:33:38.495186,NORMAL,NORMAL,12.210607,15.499893,-10.250786,-0.457451,-1.972490,-1.044567,-0.001381,0.001580
2026-09-17T15:33:38.697755,NORMAL,NORMAL,12.151044,15.499893,-10.453169,-0.458862,-1.971335,-1.039049,-0.002917,0.001617
2026-09-17T15:33:38.879936,NORMAL,NORMAL,12.521212,15.499893,-10.654381,-0.459901,-1.969440,-1.035038,-0.002977,0.001688
2026-09-17T15:33:39.057221,NORMAL,NORMAL,10.993727,15.499893,-10.856437,-0.459260,-1.967457,-1.033322,-0.000926,0.001688
2026-09-17T15:33:39.252844,NORMAL,NORMAL,11.284267,15.499893,-11.028442,-0.456610,-1.965281,-1.034045,0.002195,0.001301
2026-09-17T15:33:39.468187,NORMAL,NORMAL,11.959601,15.499893,-11.236308,-0.452325,-1.962327,-1.036423,0.004670,0.001544
2026-09-17T15:33:39.662897,NORMAL,NORMAL,14.460393,15.499893,-11.444696,-0.449859,-1.961877,-1.036372,0.004109,-0.002554
2026-09-17T15:33:39.855899,ANOMALY,NORMAL,20.524085,15.499893,-11.650212,-0.450174,-1.967083,-0.956270,0.000975,-0.029469
2026-09-17T15:33:40.047187,ANOMALY,NORMAL,22.758554,15.499893,-11.818581,-0.451337,-1.972548,-0.717770,-0.001429,-0.010583
2026-09-17T15:33:40.241880,ANOMALY,NORMAL,20.711509,15.499893,-11.930768,-0.454584,-1.975037,-0.468165,-0.004772,0.003319
2026-09-17T15:33:40.440727,ANOMALY,NORMAL,19.317747,15.499893,-11.997850,-0.458569,-1.975845,-0.275923,-0.007205,0.006589
2026-09-17T15:33:40.627547,ANOMALY,NORMAL,18.243086,15.499893,-12.034458,-0.463249,-1.976117,-0.147698,-0.009065,0.005836
2026-09-17T15:33:40.811033,ANOMALY,NORMAL,17.278745,15.499893,-12.049298,-0.467431,-1.976168,-0.077972,-0.009875,0.004402
2026-09-17T15:33:40.996791,ANOMALY,NORMAL,16.548088,15.499893,-12.055229,-0.474753,-1.975974,-0.025541,-0.012669,0.003722
2026-09-17T15:33:41.188039,ANOMALY,NORMAL,15.940491,15.499893,-12.056672,-0.485691,-1.975264,-0.000285,-0.017844,0.003469
2026-09-17T15:33:41.374960,ANOMALY,NORMAL,15.581313,15.499893,-12.057604,-0.500584,-1.973581,0.015525,-0.022567,0.003207
2026-09-17T15:33:41.580545,NORMAL,NORMAL,15.306444,15.499893,-12.059824,-0.513306,-1.973081,0.022172,-0.022039,0.002460
2026-09-17T15:33:41.782037,NORMAL,NORMAL,15.127841,15.499893,-12.061523,-0.522031,-1.972491,0.026021,-0.017410,0.002180
2026-09-17T15:33:41.989799,NORMAL,NORMAL,15.152493,15.499893,-12.065397,-0.528286,-1.971772,0.026269,-0.012627,0.001908
2026-09-17T15:33:42.186856,NORMAL,NORMAL,15.232385,15.499893,-12.070533,-0.534007,-1.971104,0.025003,-0.009754,0.001751
2026-09-17T15:33:42.378302,NORMAL,NORMAL,15.459705,15.499893,-12.074840,-0.540460,-1.971586,0.024311,-0.008748,0.001471
2026-09-17T15:33:42.571320,ANOMALY,NORMAL,15.558478,15.499893,-12.078106,-0.546588,-1.973623,0.025425,-0.008156,0.000993
2026-09-17T15:33:42.762899,ANOMALY,NORMAL,15.970637,15.499893,-12.081244,-0.551432,-1.976749,0.026228,-0.006936,0.000544
2026-09-17T15:33:42.949869,ANOMALY,NORMAL,16.234203,15.499893,-12.084909,-0.554800,-1.979858,0.025374,-0.005807,0.000244
2026-09-17T15:33:43.138711,ANOMALY,NORMAL,16.448727,15.499893,-12.088825,-0.555781,-1.982116,0.024381,-0.002868,0.000455
2026-09-17T15:33:43.320643,ANOMALY,NORMAL,16.773904,15.499893,-12.089774,-0.555733,-1.981404,0.025524,-0.000927,0.001344
2026-09-17T15:33:43.526341,ANOMALY,NORMAL,17.371117,15.499893,-12.089729,-0.555403,-1.979177,0.026509,-0.000022,0.001665
2026-09-17T15:33:43.725848,ANOMALY,NORMAL,17.321900,15.499893,-12.089658,-0.553666,-1.976460,0.026288,0.001600,0.001886
2026-09-17T15:33:43.922700,ANOMALY,NORMAL,18.316037,15.499893,-12.089982,-0.551076,-1.973187,0.025227,0.004139,0.001797
2026-09-17T15:33:44.115305,ANOMALY,NORMAL,18.997450,15.499893,-12.088379,-0.550467,-1.970456,0.025400,0.003958,0.001447
2026-09-17T15:33:44.310619,ANOMALY,NORMAL,17.235951,15.499893,-12.084895,-0.551127,-1.966621,0.026746,0.002697,0.001093
2026-09-17T15:33:44.504576,ANOMALY,NORMAL,17.816282,15.499893,-12.079954,-0.554373,-1.961334,0.027279,-0.000613,0.001562
2026-09-17T15:33:44.695219,ANOMALY,NORMAL,17.536512,15.499893,-12.075160,-0.559502,-1.957522,0.026841,-0.004150,0.001418
2026-09-17T15:33:44.889857,ANOMALY,NORMAL,17.019850,15.499893,-12.068163,-0.565835,-1.953716,0.026556,-0.006008,0.000693
2026-09-17T15:33:45.083149,ANOMALY,NORMAL,16.331476,15.499893,-12.062443,-0.569612,-1.950865,0.024569,-0.004641,0.000609
2026-09-17T15:33:45.273846,ANOMALY,NORMAL,16.352614,15.499893,-12.056852,-0.571561,-1.948455,0.023525,-0.001718,0.000803
2026-09-17T15:33:45.457926,ANOMALY,NORMAL,16.413116,15.499893,-12.053037,-0.576191,-1.947646,0.022084,-0.002317,0.000237
2026-09-17T15:33:45.642090,ANOMALY,NORMAL,16.641349,15.499893,-12.050431,-0.580700,-1.947836,0.020843,-0.003774,0.000119
2026-09-17T15:33:45.821211,ANOMALY,NORMAL,16.860383,15.499893,-12.047612,-0.584216,-1.947493,0.019609,-0.003547,0.000044
2026-09-17T15:33:45.999652,ANOMALY,NORMAL,16.946640,15.499893,-12.044873,-0.586315,-1.948279,0.018929,-0.002784,-0.000210
2026-09-17T15:33:46.202651,ANOMALY,ANOMALY,17.003854,15.499893,-12.043713,-0.587579,-1.949409,0.017911,-0.001920,-0.000214
2026-09-17T15:33:46.394371,ANOMALY,ANOMALY,16.982774,15.499893,-12.040906,-0.586653,-1.949728,0.017961,0.000232,-0.000115
2026-09-17T15:33:46.595453,ANOMALY,ANOMALY,16.963701,15.499893,-12.037061,-0.581955,-1.948989,0.017976,0.004539,0.000234
2026-09-17T15:33:46.794905,ANOMALY,ANOMALY,17.187540,15.499893,-12.032513,-0.574981,-1.949980,0.017529,0.008165,-0.000218
2026-09-17T15:33:46.987810,ANOMALY,ANOMALY,17.445954,15.499893,-12.028238,-0.567032,-1.952601,0.016773,0.010221,-0.000475
2026-09-17T15:33:47.179656,ANOMALY,ANOMALY,17.746501,15.499893,-12.025710,-0.559743,-1.955520,0.015069,0.010122,-0.000713
2026-09-17T15:33:47.373197,ANOMALY,ANOMALY,17.967160,15.499893,-12.024745,-0.554086,-1.958826,0.012643,0.008461,-0.000825
2026-09-17T15:33:47.569430,ANOMALY,ANOMALY,18.150486,15.499893,-12.022009,-0.550272,-1.962953,0.012877,0.006421,-0.000759
2026-09-17T15:33:47.761208,ANOMALY,ANOMALY,18.274008,15.499893,-12.017274,-0.548966,-1.965624,0.014533,0.004235,-0.000598
2026-09-17T15:33:47.948649,ANOMALY,ANOMALY,18.207561,15.499893,-12.010393,-0.548803,-1.967685,0.016133,0.001374,0.000450
2026-09-17T15:33:48.133400,ANOMALY,ANOMALY,18.153435,15.499893,-12.002797,-0.547974,-1.968575,0.017053,0.000526,0.000415
2026-09-17T15:33:48.322659,ANOMALY,ANOMALY,18.013666,15.499893,-11.995620,-0.545056,-1.970552,0.017833,0.002004,-0.000062
2026-09-17T15:33:48.527045,ANOMALY,ANOMALY,17.960463,15.499893,-11.985403,-0.542033,-1.975098,0.020012,0.002979,-0.000695
2026-09-17T15:33:48.724632,ANOMALY,ANOMALY,18.075963,15.499893,-11.974563,-0.542345,-1.978850,0.022059,0.000989,-0.000382
2026-09-17T15:33:48.932292,ANOMALY,ANOMALY,18.144036,15.499893,-11.964174,-0.542604,-1.980041,0.022274,-0.000689,0.000483
2026-09-17T15:33:49.129432,ANOMALY,ANOMALY,18.253257,15.499893,-11.954380,-0.541397,-1.979433,0.021655,-0.000238,0.000612
2026-09-17T15:33:49.327347,ANOMALY,ANOMALY,18.364206,15.499893,-11.947161,-0.538176,-1.977538,0.017932,0.001641,0.001117
2026-09-17T15:33:49.527960,ANOMALY,ANOMALY,18.432468,15.499893,-11.942904,-0.532017,-1.976748,0.013741,0.005123,0.000396
2026-09-17T15:33:49.751882,ANOMALY,ANOMALY,18.627037,15.499893,-11.938883,-0.524473,-1.976967,0.011412,0.007945,0.000626
2026-09-17T15:33:49.962377,ANOMALY,ANOMALY,19.422716,15.499893,-11.933516,-0.515692,-1.960870,0.007104,0.007512,0.175552
2026-09-17T15:33:50.164853,ANOMALY,ANOMALY,19.700869,15.499893,-11.929108,-0.509490,-1.886273,0.005311,0.005853,0.520618
2026-09-17T15:33:50.345623,ANOMALY,ANOMALY,19.935999,15.499893,-11.925756,-0.504142,-1.743095,0.004675,0.003051,0.719138
2026-09-17T15:33:50.563634,ANOMALY,ANOMALY,20.245743,15.499893,-11.923389,-0.501988,-1.589188,0.002454,-0.002787,0.677948
2026-09-17T15:33:50.753379,ANOMALY,ANOMALY,21.121965,15.499893,-11.923664,-0.502555,-1.457568,-0.002110,-0.009090,0.615845
2026-09-17T15:33:50.958175,ANOMALY,ANOMALY,21.562253,15.499893,-11.925179,-0.505757,-1.335893,-0.005786,-0.014522,0.616850
2026-09-17T15:33:51.153380,ANOMALY,ANOMALY,21.315887,15.499893,-11.928969,-0.511334,-1.212955,-0.009133,-0.018671,0.635353
2026-09-17T15:33:51.359122,ANOMALY,ANOMALY,20.981580,15.499893,-11.932852,-0.515495,-1.084827,-0.009518,-0.017506,0.654467
2026-09-17T15:33:51.552761,ANOMALY,ANOMALY,20.602764,15.499893,-11.933373,-0.519091,-0.952803,-0.006311,-0.014143,0.668633
2026-09-17T15:33:51.750723,ANOMALY,ANOMALY,20.254423,15.499893,-11.930734,-0.521850,-0.817396,-0.000906,-0.010526,0.678870
2026-09-17T15:33:51.939298,ANOMALY,ANOMALY,19.816959,15.499893,-11.926584,-0.524742,-0.678395,0.003107,-0.007806,0.684864
2026-09-17T15:33:52.123351,ANOMALY,ANOMALY,19.481008,15.499893,-11.921328,-0.528268,-0.538510,0.005892,-0.006541,0.688250
2026-09-17T15:33:52.306223,ANOMALY,ANOMALY,19.093680,15.499893,-11.915698,-0.530141,-0.427101,0.006962,-0.004567,0.689057
2026-09-17T15:33:52.495971,ANOMALY,ANOMALY,18.620250,15.499893,-11.909376,-0.532757,-0.290218,0.005266,-0.002732,0.691061
2026-09-17T15:33:52.722501,ANOMALY,ANOMALY,18.147352,15.499893,-11.906545,-0.536319,-0.175385,0.000711,-0.001672,0.694237
2026-09-17T15:33:52.904093,ANOMALY,ANOMALY,17.732470,15.499893,-11.906679,-0.542085,-0.015889,-0.007649,-0.000014,0.698857
2026-09-17T15:33:53.094404,ANOMALY,ANOMALY,17.478407,15.499893,-11.902884,-0.550041,0.056813,-0.002072,0.001200,0.011822
2026-09-17T15:33:53.295672,ANOMALY,ANOMALY,16.826596,15.499893,-11.903062,-0.552730,0.040031,-0.002912,0.000354,0.002935
2026-09-17T15:33:53.490190,ANOMALY,ANOMALY,16.650969,15.499893,-11.907231,-0.556210,0.025022,-0.007004,-0.001301,-0.003393
2026-09-17T15:33:53.691069,ANOMALY,ANOMALY,17.374735,15.499893,-11.912038,-0.559924,0.013978,-0.010619,-0.003558,-0.007140
2026-09-17T15:33:53.888721,ANOMALY,ANOMALY,18.403602,15.499893,-11.915596,-0.562511,0.003745,-0.012376,-0.004957,-0.010045
2026-09-17T15:33:54.072357,ANOMALY,ANOMALY,19.379901,15.499893,-11.917029,-0.565008,-0.005134,-0.013296,-0.006199,-0.011455
2026-09-17T15:33:54.255922,ANOMALY,ANOMALY,19.912009,15.499893,-11.915989,-0.570038,-0.012422,-0.012739,-0.009739,-0.012067
2026-09-17T15:33:54.446598,ANOMALY,ANOMALY,17.515520,15.499893,-11.913186,-0.576006,-0.016309,-0.010489,-0.013302,-0.011925
2026-09-17T15:33:54.639079,ANOMALY,ANOMALY,16.646398,15.499893,-11.910670,-0.582647,-0.018817,-0.008866,-0.016845,-0.011205
2026-09-17T15:33:54.815722,ANOMALY,ANOMALY,15.892916,15.499893,-11.910460,-0.585771,-0.019338,-0.008991,-0.017653,-0.009984
2026-09-17T15:33:54.997099,NORMAL,NORMAL,15.286804,15.499893,-11.911507,-0.585777,-0.017618,-0.009793,-0.015784,-0.007965
2026-09-17T15:33:55.175567,NORMAL,NORMAL,14.964644,15.499893,-11.914287,-0.584082,-0.016772,-0.011323,-0.013027,-0.006779
2026-09-17T15:33:55.353840,NORMAL,NORMAL,14.890806,15.499893,-11.917468,-0.581254,-0.017754,-0.012172,-0.009984,-0.006706
2026-09-17T15:33:55.559783,NORMAL,NORMAL,15.148638,15.499893,-11.919104,-0.579023,-0.019872,-0.012293,-0.008068,-0.007308
2026-09-17T15:33:55.750124,ANOMALY,NORMAL,15.514797,15.499893,-11.920686,-0.577324,-0.023469,-0.012254,-0.006527,-0.008068
2026-09-17T15:33:55.942194,ANOMALY,NORMAL,16.038853,15.499893,-11.921031,-0.575408,-0.026619,-0.011698,-0.004909,-0.008506
2026-09-17T15:33:56.132132,ANOMALY,NORMAL,16.440454,15.499893,-11.921721,-0.574408,-0.028438,-0.011954,-0.004606,-0.008284
2026-09-17T15:33:56.336418,ANOMALY,NORMAL,16.802395,15.499893,-11.922400,-0.574461,-0.030340,-0.012160,-0.005523,-0.008544
2026-09-17T15:33:56.524125,ANOMALY,NORMAL,17.093567,15.499893,-11.923386,-0.573152,-0.030842,-0.012742,-0.004880,-0.008256
2026-09-17T15:33:56.710864,ANOMALY,NORMAL,17.107167,15.499893,-11.923884,-0.569356,-0.030000,-0.013038,-0.002100,-0.007814
2026-09-17T15:33:56.892860,ANOMALY,NORMAL,16.349688,15.499893,-11.925195,-0.564888,-0.027707,-0.014021,0.000274,-0.006349
2026-09-17T15:33:57.074427,ANOMALY,NORMAL,16.422241,15.499893,-11.926628,-0.561700,-0.024561,-0.014795,0.001906,-0.004429
2026-09-17T15:33:57.256881,ANOMALY,NORMAL,17.115491,15.499893,-11.926962,-0.560609,-0.020178,-0.014142,0.001807,-0.002037
2026-09-17T15:33:57.439246,ANOMALY,NORMAL,17.069049,15.499893,-11.926150,-0.561356,-0.017354,-0.012330,0.000813,-0.000607
2026-09-17T15:33:57.614167,ANOMALY,NORMAL,17.869747,15.499893,-11.926054,-0.563025,-0.015769,-0.011233,-0.000463,0.000117
2026-09-17T15:33:57.806616,ANOMALY,NORMAL,18.764881,15.499893,-11.926532,-0.564599,-0.015666,-0.010275,-0.001433,0.000408
2026-09-17T15:33:57.997730,ANOMALY,NORMAL,18.917442,15.499893,-11.925856,-0.566622,-0.016128,-0.008567,-0.002757,0.000221
2026-09-17T15:33:58.187339,ANOMALY,NORMAL,18.904874,15.499893,-11.923893,-0.569292,-0.016686,-0.006082,-0.004580,0.000080
2026-09-17T15:33:58.378098,ANOMALY,NORMAL,18.869939,15.499893,-11.920470,-0.571406,-0.016364,-0.002211,-0.006180,0.000650
2026-09-17T15:33:58.566620,ANOMALY,NORMAL,18.832692,15.499893,-11.915999,-0.571737,-0.013860,0.001427,-0.006634,0.001848
2026-09-17T15:33:58.749300,ANOMALY,NORMAL,18.754634,15.499893,-11.910670,-0.569371,-0.010695,0.005075,-0.004938,0.003256
2026-09-17T15:33:58.934073,ANOMALY,NORMAL,18.583214,15.499893,-11.904003,-0.564581,-0.006162,0.008792,-0.001780,0.005290
2026-09-17T15:33:59.121108,ANOMALY,NORMAL,18.444980,15.499893,-11.898293,-0.559828,-0.003397,0.011845,0.000914,0.006086
2026-09-17T15:33:59.296102,ANOMALY,ANOMALY,18.318042,15.499893,-11.891146,-0.555439,-0.002272,0.015000,0.002880,0.006177
2026-09-17T15:33:59.472973,ANOMALY,ANOMALY,18.200226,15.499893,-11.886002,-0.554354,-0.002429,0.016402,0.002628,0.005063
2026-09-17T15:33:59.643123,ANOMALY,ANOMALY,18.103028,15.499893,-11.881810,-0.554063,-0.002093,0.017459,0.002312,0.004317
2026-09-17T15:33:59.821023,ANOMALY,ANOMALY,17.976360,15.499893,-11.878860,-0.554146,-0.001663,0.018024,0.001794,0.003524
2026-09-17T15:34:00.018433,ANOMALY,ANOMALY,17.829265,15.499893,-11.877629,-0.553407,-0.001049,0.018386,0.002205,0.003210
2026-09-17T15:34:00.216847,ANOMALY,ANOMALY,17.738836,15.499893,-11.877940,-0.551014,-0.001411,0.017800,0.004398,0.003022
2026-09-17T15:34:00.417927,ANOMALY,ANOMALY,17.704891,15.499893,-11.880234,-0.548917,-0.001870,0.016039,0.005894,0.002543
2026-09-17T15:34:00.607498,ANOMALY,ANOMALY,17.709899,15.499893,-11.883411,-0.547769,-0.000723,0.014052,0.005939,0.003034
2026-09-17T15:34:00.818137,ANOMALY,ANOMALY,17.776833,15.499893,-11.886935,-0.546680,0.001339,0.011541,0.006523,0.003888
2026-09-17T15:34:01.024429,ANOMALY,ANOMALY,18.005911,15.499893,-11.890481,-0.545940,0.002187,0.008861,0.006923,0.004084
2026-09-17T15:33:59.183121,ANOMALY,ANOMALY,18.479918,15.499893,-11.893794,-0.544560,0.002224,0.006725,0.008192,0.004176
2026-09-17T15:33:59.389524,ANOMALY,ANOMALY,18.519869,15.499893,-11.894664,-0.543039,0.001564,0.006408,0.009181,0.004014
2026-09-17T15:33:59.589023,ANOMALY,ANOMALY,18.568345,15.499893,-11.892606,-0.542374,-0.000644,0.008452,0.009478,0.003383
2026-09-17T15:33:59.785574,ANOMALY,ANOMALY,18.617831,15.499893,-11.893303,-0.543994,-0.002815,0.007570,0.008324,0.003011
2026-09-17T15:33:59.966247,ANOMALY,ANOMALY,18.654136,15.499893,-11.895767,-0.545929,-0.005789,0.005461,0.007607,0.002745
2026-09-17T15:34:00.152662,ANOMALY,ANOMALY,18.674364,15.499893,-11.898089,-0.545660,-0.007799,0.004092,0.008537,0.002220
2026-09-17T15:34:00.352100,ANOMALY,ANOMALY,18.694842,15.499893,-11.899243,-0.545034,-0.008462,0.003720,0.009832,0.002122
2026-09-17T15:34:00.544099,ANOMALY,ANOMALY,18.763924,15.499893,-11.902985,-0.543653,-0.009524,0.001545,0.011390,0.001305
2026-09-17T15:34:00.744867,ANOMALY,ANOMALY,18.835747,15.499893,-11.908622,-0.543077,-0.011418,-0.001611,0.011711,0.000406
2026-09-17T15:34:00.965974,ANOMALY,ANOMALY,18.921649,15.499893,-11.914277,-0.544153,-0.012786,-0.004320,0.010366,-0.000488
2026-09-17T15:34:01.174800,ANOMALY,ANOMALY,19.007152,15.499893,-11.919117,-0.547002,-0.016566,-0.005883,0.007874,-0.002214
2026-09-17T15:34:01.392639,ANOMALY,ANOMALY,19.099589,15.499893,-11.922585,-0.550663,-0.018752,-0.007056,0.005010,-0.002833
2026-09-17T15:34:01.597477,ANOMALY,ANOMALY,19.116260,15.499893,-11.924984,-0.554229,-0.018288,-0.008055,0.002778,-0.002111
2026-09-17T15:34:01.793536,ANOMALY,ANOMALY,19.127208,15.499893,-11.926886,-0.556858,-0.016042,-0.008782,0.001568,-0.001043
2026-09-17T15:34:01.989524,ANOMALY,ANOMALY,19.126215,15.499893,-11.928533,-0.558206,-0.014702,-0.010185,0.000845,-0.000560
2026-09-17T15:34:02.178437,ANOMALY,ANOMALY,19.098469,15.499893,-11.931081,-0.557599,-0.015170,-0.012753,0.000773,-0.000681
2026-09-17T15:34:02.367080,ANOMALY,ANOMALY,19.063873,15.499893,-11.933393,-0.556004,-0.015389,-0.015173,0.001660,-0.000754
2026-09-17T15:34:02.554866,ANOMALY,ANOMALY,19.068776,15.499893,-11.934521,-0.555718,-0.016247,-0.015659,0.000925,-0.001016
2026-09-17T15:34:02.748765,ANOMALY,ANOMALY,19.068182,15.499893,-11.934679,-0.557174,-0.017401,-0.015345,-0.000766,-0.001239
2026-09-17T15:34:02.935917,ANOMALY,ANOMALY,19.078245,15.499893,-11.932494,-0.559776,-0.019540,-0.013184,-0.002838,-0.001351
2026-09-17T15:34:03.125317,ANOMALY,ANOMALY,19.078419,15.499893,-11.927774,-0.563239,-0.021634,-0.009498,-0.004727,-0.001208
2026-09-17T15:34:03.314749,ANOMALY,ANOMALY,19.099175,15.499893,-11.923069,-0.564497,-0.023238,-0.005711,-0.005065,-0.000877
2026-09-17T15:34:03.502875,ANOMALY,ANOMALY,19.111061,15.499893,-11.917713,-0.562349,-0.025334,-0.000943,-0.002015,-0.001180
2026-09-17T15:34:03.695965,ANOMALY,ANOMALY,19.100877,15.499893,-11.913199,-0.557458,-0.026117,0.002464,0.001981,-0.001135
2026-09-17T15:34:03.881995,ANOMALY,ANOMALY,19.094923,15.499893,-11.910737,-0.553429,-0.025812,0.003488,0.004130,-0.000325
2026-09-17T15:34:04.065361,ANOMALY,ANOMALY,19.108244,15.499893,-11.909182,-0.552504,-0.026684,0.003887,0.004080,-0.000110
2026-09-17T15:34:04.250147,ANOMALY,ANOMALY,19.117263,15.499893,-11.907948,-0.552439,-0.027630,0.003963,0.003469,0.000180
2026-09-17T15:34:04.464109,ANOMALY,ANOMALY,19.122053,15.499893,-11.907642,-0.552357,-0.029746,0.003076,0.003464,-0.000322
2026-09-17T15:34:04.642126,ANOMALY,ANOMALY,19.126652,15.499893,-11.905686,-0.552672,-0.032125,0.003231,0.003037,-0.001003
2026-09-17T15:34:04.812664,ANOMALY,ANOMALY,19.144330,15.499893,-11.903297,-0.552776,-0.034369,0.004053,0.002663,-0.001457
2026-09-17T15:34:04.998139,ANOMALY,ANOMALY,19.154249,15.499893,-11.901157,-0.554737,-0.035562,0.004873,0.000638,-0.001859
2026-09-17T15:34:05.178849,ANOMALY,ANOMALY,19.129510,15.499893,-11.898670,-0.558884,-0.035485,0.005680,-0.002365,-0.002087
2026-09-17T15:34:05.363246,ANOMALY,ANOMALY,19.118573,15.499893,-11.896198,-0.563004,-0.035121,0.006771,-0.005341,-0.002059
2026-09-17T15:34:05.553327,ANOMALY,ANOMALY,19.139407,15.499893,-11.894174,-0.567824,-0.036066,0.007501,-0.008238,-0.002760
2026-09-17T15:34:05.737434,ANOMALY,ANOMALY,19.165828,15.499893,-11.893944,-0.570828,-0.039176,0.006652,-0.009922,-0.004257
2026-09-17T15:34:05.923626,ANOMALY,ANOMALY,19.184477,15.499893,-11.895682,-0.571749,-0.042542,0.003968,-0.009992,-0.005145
2026-09-17T15:34:06.113027,ANOMALY,ANOMALY,19.208836,15.499893,-11.898218,-0.569949,-0.043198,0.001416,-0.008196,-0.004996
2026-09-17T15:34:06.288481,ANOMALY,ANOMALY,19.206103,15.499893,-11.899487,-0.565270,-0.042060,0.000352,-0.004014,-0.004096
2026-09-17T15:34:06.466290,ANOMALY,ANOMALY,19.203130,15.499893,-11.898198,-0.560819,-0.039157,0.001433,-0.000715,-0.002989
2026-09-17T15:34:06.647541,ANOMALY,ANOMALY,19.204120,15.499893,-11.896708,-0.557062,-0.036167,0.001725,0.002378,-0.001891
2026-09-17T15:34:06.822948,ANOMALY,ANOMALY,19.191595,15.499893,-11.894948,-0.555795,-0.034408,0.002356,0.003457,-0.001310
2026-09-17T15:34:07.005602,ANOMALY,ANOMALY,19.171957,15.499893,-11.892112,-0.556047,-0.031730,0.003519,0.003205,-0.000218
2026-09-17T15:34:07.193159,ANOMALY,ANOMALY,19.149018,15.499893,-11.888946,-0.557429,-0.028959,0.005196,0.002531,0.000346
2026-09-17T15:34:07.380740,ANOMALY,ANOMALY,19.166192,15.499893,-11.886382,-0.559541,-0.027663,0.006551,0.001232,0.000693
2026-09-17T15:34:07.566787,ANOMALY,ANOMALY,19.172773,15.499893,-11.885566,-0.562099,-0.026584,0.006236,-0.000062,0.000978
2026-09-17T15:34:07.762253,ANOMALY,ANOMALY,19.180003,15.499893,-11.887545,-0.563725,-0.027107,0.003894,-0.000453,0.000731
2026-09-17T15:34:07.960705,ANOMALY,ANOMALY,19.191978,15.499893,-11.889543,-0.564251,-0.029306,0.001739,-0.000391,-0.000600
2026-09-17T15:34:08.153800,ANOMALY,ANOMALY,19.187254,15.499893,-11.891340,-0.563847,-0.031386,-0.000326,0.000550,-0.001635
2026-09-17T15:34:08.345084,ANOMALY,ANOMALY,19.180110,15.499893,-11.892957,-0.561665,-0.032855,-0.001419,0.002822,-0.002216
2026-09-17T15:34:08.535309,ANOMALY,ANOMALY,19.162744,15.499893,-11.893456,-0.555080,-0.034477,-0.001418,0.008262,-0.002752
2026-09-17T15:34:08.723147,ANOMALY,ANOMALY,19.151502,15.499893,-11.893260,-0.547308,-0.034794,-0.000880,0.013752,-0.002609
2026-09-17T15:34:08.910073,ANOMALY,ANOMALY,19.155630,15.499893,-11.891868,-0.542445,-0.035662,0.000564,0.016172,-0.003410
2026-09-17T15:34:09.109008,ANOMALY,ANOMALY,19.153587,15.499893,-11.889354,-0.537875,-0.034697,0.003471,0.018041,-0.002628
2026-09-17T15:34:09.296742,ANOMALY,ANOMALY,19.146688,15.499893,-11.885169,-0.534679,-0.031857,0.007060,0.018806,-0.001281
2026-09-17T15:34:09.502399,ANOMALY,ANOMALY,19.130889,15.499893,-11.880188,-0.534470,-0.029603,0.011120,0.016801,-0.000488
2026-09-17T15:34:09.696973,ANOMALY,ANOMALY,19.114170,15.499893,-11.874114,-0.537245,-0.030093,0.015335,0.013220,-0.000449
2026-09-17T15:34:09.889114,ANOMALY,ANOMALY,19.087910,15.499893,-11.869824,-0.542129,-0.030683,0.016810,0.009140,-0.000437
2026-09-17T15:34:10.076144,ANOMALY,ANOMALY,19.102618,15.499893,-11.868454,-0.545686,-0.030950,0.016093,0.006353,-0.000324
2026-09-17T15:34:10.264932,ANOMALY,ANOMALY,19.117926,15.499893,-11.868010,-0.549737,-0.032642,0.014874,0.003927,-0.000684
2026-09-17T15:34:10.445518,ANOMALY,ANOMALY,19.113590,15.499893,-11.869089,-0.551153,-0.034252,0.012945,0.003378,-0.001493
2026-09-17T15:34:10.628313,ANOMALY,ANOMALY,19.119704,15.499893,-11.870717,-0.551180,-0.035920,0.010722,0.003738,-0.001986
2026-09-17T15:34:10.807324,ANOMALY,ANOMALY,19.161313,15.499893,-11.872671,-0.550828,-0.036540,0.009055,0.004353,-0.002250
2026-09-17T15:34:10.989159,ANOMALY,ANOMALY,19.196966,15.499893,-11.873425,-0.550297,-0.036983,0.008247,0.005036,-0.002348
2026-09-17T15:34:11.167401,ANOMALY,ANOMALY,19.198702,15.499893,-11.874337,-0.549452,-0.037202,0.007005,0.005698,-0.002113
2026-09-17T15:34:11.354358,ANOMALY,ANOMALY,19.195608,15.499893,-11.873900,-0.548524,-0.037270,0.006765,0.006316,-0.001427
2026-09-17T15:34:11.532000,ANOMALY,ANOMALY,19.175814,15.499893,-11.873235,-0.547867,-0.037757,0.006902,0.006979,-0.001585
2026-09-17T15:34:11.724238,ANOMALY,ANOMALY,19.161689,15.499893,-11.873750,-0.546368,-0.037741,0.006379,0.008157,-0.001161
2026-09-17T15:34:11.908513,ANOMALY,ANOMALY,19.159945,15.499893,-11.874012,-0.544153,-0.035869,0.005926,0.009883,-0.000409
2026-09-17T15:34:12.090378,ANOMALY,ANOMALY,19.175674,15.499893,-11.873589,-0.540549,-0.032125,0.005855,0.012188,0.000536
2026-09-17T15:34:12.268857,ANOMALY,ANOMALY,19.191184,15.499893,-11.873589,-0.538254,-0.029780,0.005715,0.013274,0.000800
2026-09-17T15:34:12.446928,ANOMALY,ANOMALY,19.208879,15.499893,-11.875405,-0.536406,-0.027648,0.003990,0.013771,0.001237
2026-09-17T15:34:12.621434,ANOMALY,ANOMALY,19.222184,15.499893,-11.877406,-0.537286,-0.025783,0.002335,0.012379,0.001711
2026-09-17T15:34:12.795327,ANOMALY,ANOMALY,19.223952,15.499893,-11.878608,-0.538716,-0.023044,0.001525,0.010479,0.002801
2026-09-17T15:34:12.967802,ANOMALY,ANOMALY,19.221315,15.499893,-11.880285,-0.540466,-0.018982,0.000556,0.008487,0.003891
2026-09-17T15:34:13.143559,ANOMALY,ANOMALY,19.214421,15.499893,-11.880954,-0.542628,-0.016166,0.000295,0.006595,0.005032
2026-09-17T15:34:13.311496,ANOMALY,ANOMALY,19.207970,15.499893,-11.880821,-0.543893,-0.014226,0.000313,0.006049,0.005466
2026-09-17T15:34:13.482984,ANOMALY,ANOMALY,19.212674,15.499893,-11.880322,-0.544163,-0.012138,0.000936,0.006545,0.005997
2026-09-17T15:34:13.658899,ANOMALY,ANOMALY,19.215004,15.499893,-11.880151,-0.545194,-0.009860,0.001398,0.006456,0.006428
2026-09-17T15:34:13.844306,ANOMALY,ANOMALY,19.205974,15.499893,-11.879170,-0.546920,-0.008115,0.002676,0.005686,0.006571
2026-09-17T15:34:14.023791,ANOMALY,ANOMALY,19.205231,15.499893,-11.876684,-0.548350,-0.007894,0.004505,0.004816,0.006276
2026-09-17T15:34:14.205843,ANOMALY,ANOMALY,19.195537,15.499893,-11.874654,-0.547853,-0.008105,0.006092,0.005661,0.006309
2026-09-17T15:34:14.382360,ANOMALY,ANOMALY,19.189524,15.499893,-11.871098,-0.545992,-0.007290,0.008461,0.007202,0.006447
2026-09-17T15:34:14.557961,ANOMALY,ANOMALY,19.189971,15.499893,-11.868311,-0.544220,-0.004414,0.009571,0.008906,0.007073
2026-09-17T15:34:14.790519,ANOMALY,ANOMALY,19.190455,15.499893,-11.867255,-0.541974,0.000070,0.009059,0.010286,0.008432
2026-09-17T15:34:14.978422,ANOMALY,ANOMALY,19.198354,15.499893,-11.867195,-0.541243,0.003947,0.008753,0.010105,0.009492
2026-09-17T15:34:15.159127,ANOMALY,ANOMALY,19.198369,15.499893,-11.868132,-0.545664,0.005772,0.007779,0.006032,0.009266
2026-09-17T15:34:15.328872,ANOMALY,ANOMALY,19.196140,15.499893,-11.871528,-0.552299,0.005893,0.004680,0.000463,0.008418
2026-09-17T15:34:15.496743,ANOMALY,ANOMALY,19.195756,15.499893,-11.875475,-0.557868,0.004903,0.001902,-0.004088,0.007572
2026-09-17T15:34:15.669715,ANOMALY,ANOMALY,19.194518,15.499893,-11.877871,-0.562035,0.003997,0.000858,-0.007172,0.007055
2026-09-17T15:34:15.842724,ANOMALY,ANOMALY,19.194731,15.499893,-11.878945,-0.564635,0.003436,0.001450,-0.008390,0.006395
2026-09-17T15:34:16.026503,ANOMALY,ANOMALY,19.187142,15.499893,-11.880849,-0.566095,0.003169,0.001453,-0.009021,0.006315
2026-09-17T15:34:16.203111,ANOMALY,ANOMALY,19.189786,15.499893,-11.882675,-0.567268,0.003035,0.001885,-0.009397,0.005791
2026-09-17T15:34:16.377929,ANOMALY,ANOMALY,19.195957,15.499893,-11.884062,-0.568832,0.000536,0.001710,-0.010556,0.004517
2026-09-17T15:34:16.550871,ANOMALY,ANOMALY,19.202735,15.499893,-11.885025,-0.570752,-0.001891,0.001909,-0.012275,0.003665
2026-09-17T15:34:16.728342,ANOMALY,ANOMALY,19.207845,15.499893,-11.886646,-0.572439,-0.003516,0.001372,-0.013225,0.003775
2026-09-17T15:34:16.904609,ANOMALY,ANOMALY,19.213539,15.499893,-11.889209,-0.571863,-0.004920,0.000561,-0.012120,0.003948
2026-09-17T15:34:17.079430,ANOMALY,ANOMALY,19.223609,15.499893,-11.890330,-0.570108,-0.006440,0.001090,-0.010489,0.003336
2026-09-17T15:34:17.257177,ANOMALY,ANOMALY,19.222307,15.499893,-11.890183,-0.568223,-0.007133,0.002531,-0.008949,0.003393
2026-09-17T15:34:17.429561,ANOMALY,ANOMALY,19.235047,15.499893,-11.889338,-0.565944,-0.007333,0.004126,-0.006590,0.003547
2026-09-17T15:34:17.599611,ANOMALY,ANOMALY,19.241730,15.499893,-11.887390,-0.562324,-0.006449,0.006318,-0.003206,0.004097
2026-09-17T15:34:17.769480,ANOMALY,ANOMALY,19.245229,15.499893,-11.885386,-0.558896,-0.004269,0.008402,-0.000125,0.004409
2026-09-17T15:34:17.934553,ANOMALY,ANOMALY,19.240276,15.499893,-11.884439,-0.555458,-0.000874,0.008695,0.002766,0.005312
2026-09-17T15:34:18.115719,ANOMALY,ANOMALY,19.238003,15.499893,-11.884706,-0.553127,0.003403,0.007659,0.004771,0.006716
2026-09-17T15:34:18.295394,ANOMALY,ANOMALY,19.246402,15.499893,-11.885668,-0.551098,0.006706,0.006151,0.006358,0.007751
2026-09-17T15:34:18.477373,ANOMALY,ANOMALY,19.251860,15.499893,-11.887537,-0.550780,0.008165,0.004545,0.006208,0.007930
2026-09-17T15:34:18.660533,ANOMALY,ANOMALY,19.261660,15.499893,-11.889605,-0.551293,0.010174,0.003013,0.005551,0.008452
2026-09-17T15:34:18.839829,ANOMALY,ANOMALY,19.270808,15.499893,-11.891888,-0.551376,0.011941,0.000764,0.005367,0.008944
2026-09-17T15:34:19.017498,ANOMALY,ANOMALY,19.273774,15.499893,-11.892303,-0.551356,0.011172,0.000426,0.005601,0.008541
2026-09-17T15:34:19.192677,ANOMALY,ANOMALY,19.281999,15.499893,-11.891824,-0.551029,0.009701,0.000556,0.005926,0.008039
2026-09-17T15:34:19.364173,ANOMALY,ANOMALY,19.293418,15.499893,-11.891107,-0.550600,0.009495,0.000691,0.006446,0.008126
2026-09-17T15:34:19.543369,ANOMALY,ANOMALY,19.296287,15.499893,-11.890835,-0.549611,0.011299,0.001191,0.006984,0.008552
2026-09-17T15:34:19.722647,ANOMALY,ANOMALY,19.289062,15.499893,-11.890773,-0.549560,0.012507,0.001305,0.006633,0.009033
2026-09-17T15:34:19.901139,ANOMALY,ANOMALY,19.277735,15.499893,-11.889245,-0.550616,0.012820,0.002593,0.005237,0.008978
2026-09-17T15:34:20.077811,ANOMALY,ANOMALY,19.284500,15.499893,-11.886522,-0.551663,0.011536,0.004053,0.003847,0.008174
2026-09-17T15:34:20.261495,ANOMALY,ANOMALY,19.287808,15.499893,-11.885160,-0.551522,0.009848,0.004116,0.003990,0.006868
2026-09-17T15:34:20.487580,ANOMALY,ANOMALY,19.270677,15.499893,-11.883714,-0.549963,0.008416,0.004280,0.005007,0.005713
2026-09-17T15:34:20.677932,ANOMALY,ANOMALY,19.259480,15.499893,-11.885307,-0.547284,0.008908,0.002741,0.006558,0.005162
2026-09-17T15:34:20.880366,ANOMALY,ANOMALY,19.255197,15.499893,-11.886992,-0.545296,0.011053,0.001808,0.006598,0.005280
2026-09-17T15:34:21.065836,ANOMALY,ANOMALY,19.250304,15.499893,-11.888207,-0.543207,0.013897,0.001290,0.007238,0.005681
2026-09-17T15:34:21.245342,ANOMALY,ANOMALY,19.232703,15.499893,-11.891239,-0.541198,0.016472,-0.000041,0.007779,0.005885
2026-09-17T15:34:21.448875,ANOMALY,ANOMALY,19.218434,15.499893,-11.894664,-0.540146,0.016763,-0.001655,0.007453,0.005700
2026-09-17T15:34:21.679583,ANOMALY,ANOMALY,19.226277,15.499893,-11.899274,-0.540349,0.015812,-0.003462,0.006015,0.004955
2026-09-17T15:34:21.869457,ANOMALY,ANOMALY,19.230674,15.499893,-11.900887,-0.541793,0.014628,-0.003465,0.004512,0.004444
2026-09-17T15:34:22.045309,ANOMALY,ANOMALY,19.233031,15.499893,-11.900768,-0.543606,0.013787,-0.003705,0.002991,0.003817
2026-09-17T15:34:22.228581,ANOMALY,ANOMALY,19.227229,15.499893,-11.900450,-0.544512,0.011704,-0.003934,0.002841,0.002862
2026-09-17T15:34:22.401699,ANOMALY,ANOMALY,19.226505,15.499893,-11.898828,-0.545209,0.009086,-0.003122,0.002591,0.001693
2026-09-17T15:34:22.595244,ANOMALY,ANOMALY,19.232564,15.499893,-11.897585,-0.544718,0.008847,-0.002924,0.002921,0.001747
2026-09-17T15:34:22.779567,ANOMALY,ANOMALY,19.230415,15.499893,-11.896767,-0.545166,0.008460,-0.002327,0.002256,0.001951
2026-09-17T15:34:22.970052,ANOMALY,ANOMALY,19.225974,15.499893,-11.896604,-0.547150,0.008833,-0.002165,-0.000178,0.002073
2026-09-17T15:34:23.176176,ANOMALY,ANOMALY,19.227325,15.499893,-11.895476,-0.551374,0.008501,-0.001100,-0.004397,0.001680
2026-09-17T15:34:23.360753,ANOMALY,ANOMALY,19.232107,15.499893,-11.895643,-0.555772,0.008644,-0.001432,-0.008289,0.001514
2026-09-17T15:34:23.545259,ANOMALY,ANOMALY,19.243410,15.499893,-11.895639,-0.557175,0.010089,-0.001241,-0.009026,0.002185
2026-09-17T15:34:23.728805,ANOMALY,ANOMALY,19.263894,15.499893,-11.893732,-0.557938,0.011789,0.000688,-0.009222,0.002924
2026-09-17T15:34:23.903838,ANOMALY,ANOMALY,19.248484,15.499893,-11.893103,-0.557268,0.012030,0.001545,-0.008042,0.003394
2026-09-17T15:34:24.077352,ANOMALY,ANOMALY,19.237126,15.499893,-11.893992,-0.556768,0.011672,0.000933,-0.007463,0.003659
2026-09-17T15:34:24.253627,ANOMALY,ANOMALY,19.249974,15.499893,-11.894792,-0.555478,0.012277,0.000493,-0.005998,0.003956
2026-09-17T15:34:24.427565,ANOMALY,ANOMALY,19.253387,15.499893,-11.895435,-0.552960,0.012726,0.000104,-0.003605,0.003984
2026-09-17T15:34:24.619765,ANOMALY,ANOMALY,19.260891,15.499893,-11.897552,-0.550509,0.012390,-0.001381,-0.001842,0.004026
2026-09-17T15:34:24.812300,ANOMALY,ANOMALY,19.272594,15.499893,-11.900034,-0.548150,0.012649,-0.002784,-0.000519,0.004496
2026-09-17T15:34:24.996820,ANOMALY,ANOMALY,19.287184,15.499893,-11.902485,-0.547430,0.013509,-0.004003,-0.000465,0.004900
2026-09-17T15:34:25.181246,ANOMALY,ANOMALY,19.276614,15.499893,-11.902953,-0.548281,0.014503,-0.003752,-0.001296,0.005680
2026-09-17T15:34:25.369538,ANOMALY,ANOMALY,19.272867,15.499893,-11.903115,-0.548435,0.015807,-0.003348,-0.001373,0.006087
2026-09-17T15:34:25.625366,ANOMALY,ANOMALY,19.285504,15.499893,-11.905521,-0.549766,0.016204,-0.004583,-0.002878,0.006240
2026-09-17T15:34:25.825772,ANOMALY,ANOMALY,19.277865,15.499893,-11.907484,-0.555053,0.013451,-0.004758,-0.007015,0.005158
2026-09-17T15:34:26.029868,ANOMALY,ANOMALY,19.285772,15.499893,-11.909695,-0.559788,0.010414,-0.005722,-0.009979,0.003824
2026-09-17T15:34:26.215410,ANOMALY,ANOMALY,19.277324,15.499893,-11.910037,-0.564287,0.008185,-0.005329,-0.011966,0.002904
2026-09-17T15:34:26.402584,ANOMALY,ANOMALY,19.265263,15.499893,-11.909362,-0.567221,0.006476,-0.004267,-0.012951,0.002720
2026-09-17T15:34:26.580956,ANOMALY,ANOMALY,19.257233,15.499893,-11.909311,-0.568166,0.005955,-0.004269,-0.011381,0.002630
2026-09-17T15:34:26.750110,ANOMALY,ANOMALY,19.257094,15.499893,-11.909227,-0.568038,0.007739,-0.004303,-0.010193,0.003084
2026-09-17T15:34:26.924510,ANOMALY,ANOMALY,19.248271,15.499893,-11.908396,-0.566617,0.009826,-0.003360,-0.008558,0.003244
2026-09-17T15:34:27.113739,ANOMALY,ANOMALY,19.238776,15.499893,-11.905312,-0.563247,0.012367,-0.000806,-0.005314,0.004121
2026-09-17T15:34:27.296046,ANOMALY,ANOMALY,19.232631,15.499893,-11.901381,-0.561852,0.013517,0.002441,-0.004145,0.004745
2026-09-17T15:34:27.480261,ANOMALY,ANOMALY,19.216493,15.499893,-11.895430,-0.560340,0.012713,0.006602,-0.003233,0.004282
2026-09-17T15:34:27.661769,ANOMALY,ANOMALY,19.225893,15.499893,-11.890431,-0.558450,0.010846,0.009661,-0.001875,0.003647
2026-09-17T15:34:27.845553,ANOMALY,ANOMALY,19.245000,15.499893,-11.885568,-0.556836,0.007840,0.011675,-0.001296,0.002356
2026-09-17T15:34:28.029376,ANOMALY,ANOMALY,19.259069,15.499893,-11.882047,-0.556841,0.003388,0.013143,-0.001789,0.000533
2026-09-17T15:34:28.208990,ANOMALY,ANOMALY,19.269295,15.499893,-11.878048,-0.558059,-0.000877,0.014923,-0.003599,-0.001224
2026-09-17T15:34:28.385196,ANOMALY,ANOMALY,19.276894,15.499893,-11.876312,-0.560160,-0.003206,0.015388,-0.005265,-0.001723
2026-09-17T15:34:28.561458,ANOMALY,ANOMALY,19.271969,15.499893,-11.876922,-0.564000,-0.006787,0.014303,-0.008226,-0.002511
2026-09-17T15:34:28.729615,ANOMALY,ANOMALY,19.269521,15.499893,-11.877854,-0.567917,-0.009078,0.012978,-0.010775,-0.002936
2026-09-17T15:34:28.908914,ANOMALY,ANOMALY,19.283939,15.499893,-11.879017,-0.571617,-0.011305,0.011835,-0.012952,-0.002651
2026-09-17T15:34:29.084502,ANOMALY,ANOMALY,19.280114,15.499893,-11.881172,-0.575364,-0.013445,0.010071,-0.014859,-0.002610
2026-09-17T15:34:29.275467,ANOMALY,ANOMALY,19.264761,15.499893,-11.883907,-0.578594,-0.014778,0.008507,-0.016224,-0.002544
2026-09-17T15:34:29.465934,ANOMALY,ANOMALY,19.271233,15.499893,-11.886443,-0.580212,-0.014334,0.007303,-0.016846,-0.001393
2026-09-17T15:34:29.654599,ANOMALY,ANOMALY,19.279640,15.499893,-11.887576,-0.579575,-0.015278,0.007285,-0.014942,-0.000429
2026-09-17T15:34:29.835651,ANOMALY,ANOMALY,19.278592,15.499893,-11.888254,-0.576410,-0.017285,0.007049,-0.011144,-0.000091
2026-09-17T15:34:30.019556,ANOMALY,ANOMALY,19.264978,15.499893,-11.889830,-0.574577,-0.018206,0.005493,-0.009154,-0.000144
2026-09-17T15:34:30.241861,ANOMALY,ANOMALY,19.266902,15.499893,-11.893173,-0.573303,-0.017633,0.002898,-0.007799,0.000078
2026-09-17T15:34:30.419976,ANOMALY,ANOMALY,19.264984,15.499893,-11.897079,-0.571291,-0.015400,0.000159,-0.006358,0.000769
2026-09-17T15:34:30.596399,ANOMALY,ANOMALY,19.269272,15.499893,-11.900948,-0.566734,-0.013845,-0.001610,-0.002786,0.000775
2026-09-17T15:34:30.774567,ANOMALY,ANOMALY,19.285925,15.499893,-11.905010,-0.563082,-0.012929,-0.003841,-0.000289,0.001082
2026-09-17T15:34:30.952678,ANOMALY,ANOMALY,19.303555,15.499893,-11.909154,-0.561422,-0.011725,-0.005541,0.000518,0.001585
2026-09-17T15:34:31.127360,ANOMALY,ANOMALY,19.324101,15.499893,-11.913611,-0.561831,-0.009164,-0.007710,0.000123,0.002360
2026-09-17T15:34:31.309071,ANOMALY,ANOMALY,19.304846,15.499893,-11.915484,-0.561143,-0.006074,-0.008174,0.001143,0.003360
2026-09-17T15:34:31.501291,ANOMALY,ANOMALY,19.278845,15.499893,-11.916541,-0.559388,-0.002101,-0.008345,0.002664,0.004330
2026-09-17T15:34:29.619331,ANOMALY,ANOMALY,19.257033,15.499893,-11.917403,-0.557594,0.003211,-0.008699,0.003798,0.005886
2026-09-17T15:34:29.801058,ANOMALY,ANOMALY,19.241977,15.499893,-11.919042,-0.555273,0.005758,-0.009870,0.005846,0.006484
2026-09-17T15:34:29.984602,ANOMALY,ANOMALY,19.215274,15.499893,-11.918849,-0.553980,0.005629,-0.009347,0.006856,0.006096
2026-09-17T15:34:30.171122,ANOMALY,ANOMALY,19.181986,15.499893,-11.915376,-0.553435,0.003786,-0.006652,0.007287,0.005329
2026-09-17T15:34:30.359449,ANOMALY,ANOMALY,19.167769,15.499893,-11.911049,-0.552606,0.002031,-0.003408,0.007624,0.005049
2026-09-17T15:34:30.548725,ANOMALY,ANOMALY,19.150366,15.499893,-11.906998,-0.551968,0.001258,-0.000680,0.007336,0.005318
2026-09-17T15:34:30.729365,ANOMALY,ANOMALY,19.144803,15.499893,-11.903569,-0.552307,0.000377,0.001125,0.005291,0.005046
2026-09-17T15:34:30.904871,ANOMALY,ANOMALY,19.146828,15.499893,-11.902385,-0.553476,0.001701,0.001698,0.003098,0.005732
2026-09-17T15:34:31.078710,ANOMALY,ANOMALY,19.128781,15.499893,-11.903040,-0.554199,0.003823,0.001355,0.001897,0.006466
2026-09-17T15:34:31.258572,ANOMALY,ANOMALY,19.115813,15.499893,-11.904738,-0.554568,0.005560,0.000226,0.001640,0.006875
2026-09-17T15:34:31.439228,ANOMALY,ANOMALY,19.114313,15.499893,-11.906478,-0.555837,0.006554,-0.001000,0.000932,0.006506
2026-09-17T15:34:31.647725,ANOMALY,ANOMALY,19.123511,15.499893,-11.905976,-0.555805,0.006493,-0.000653,0.001270,0.006404
2026-09-17T15:34:31.842963,ANOMALY,ANOMALY,19.122816,15.499893,-11.902472,-0.555203,0.005613,0.002435,0.002157,0.005568
2026-09-17T15:34:32.047542,ANOMALY,ANOMALY,19.128738,15.499893,-11.895955,-0.555870,0.004628,0.006678,0.001719,0.005035
2026-09-17T15:34:32.267261,ANOMALY,ANOMALY,19.114179,15.499893,-11.892322,-0.557464,0.003017,0.008059,0.000759,0.004186
2026-09-17T15:34:32.448591,ANOMALY,ANOMALY,19.097435,15.499893,-11.893477,-0.558883,0.000118,0.006243,-0.000292,0.003271
2026-09-17T15:34:32.627650,ANOMALY,ANOMALY,19.090678,15.499893,-11.894146,-0.558170,-0.002149,0.005644,0.000443,0.002371
2026-09-17T15:34:32.807573,ANOMALY,ANOMALY,19.073090,15.499893,-11.895101,-0.555843,-0.006306,0.005267,0.002122,0.000571
2026-09-17T15:34:32.983707,ANOMALY,ANOMALY,19.087870,15.499893,-11.895614,-0.553819,-0.010110,0.004991,0.003681,-0.001313
2026-09-17T15:34:33.162692,ANOMALY,ANOMALY,19.103133,15.499893,-11.896636,-0.551623,-0.013092,0.004585,0.004953,-0.002453
2026-09-17T15:34:33.332634,ANOMALY,ANOMALY,19.109870,15.499893,-11.899574,-0.551888,-0.015161,0.002564,0.004311,-0.003197
2026-09-17T15:34:33.506614,ANOMALY,ANOMALY,19.114324,15.499893,-11.903142,-0.553970,-0.015810,0.000154,0.002030,-0.003393
2026-09-17T15:34:33.673498,ANOMALY,ANOMALY,19.134875,15.499893,-11.906825,-0.557804,-0.017429,-0.002677,-0.001058,-0.003689
2026-09-17T15:34:33.918441,ANOMALY,ANOMALY,19.161432,15.499893,-11.909060,-0.562410,-0.019537,-0.004222,-0.004732,-0.004068
2026-09-17T15:34:34.109309,ANOMALY,ANOMALY,19.171171,15.499893,-11.912571,-0.566838,-0.019758,-0.007278,-0.007925,-0.004129
2026-09-17T15:34:34.294484,ANOMALY,ANOMALY,19.170990,15.499893,-11.916323,-0.569705,-0.017308,-0.009393,-0.009915,-0.002844
2026-09-17T15:34:34.475252,ANOMALY,ANOMALY,19.164184,15.499893,-11.918445,-0.571946,-0.014373,-0.010113,-0.011561,-0.001519
2026-09-17T15:34:34.666580,ANOMALY,ANOMALY,19.160138,15.499893,-11.917207,-0.574251,-0.009960,-0.008017,-0.012721,-0.000183
2026-09-17T15:34:34.865768,ANOMALY,ANOMALY,19.180462,15.499893,-11.915339,-0.578379,-0.005287,-0.006324,-0.015519,0.000836
2026-09-17T15:34:35.055142,ANOMALY,ANOMALY,19.196976,15.499893,-11.915254,-0.582458,-0.000010,-0.005880,-0.018152,0.002017
2026-09-17T15:34:35.235384,ANOMALY,ANOMALY,19.211419,15.499893,-11.916115,-0.585424,0.002618,-0.006342,-0.020031,0.002132
2026-09-17T15:34:35.415550,ANOMALY,ANOMALY,19.223199,15.499893,-11.917672,-0.587738,0.003318,-0.007533,-0.020611,0.001738
2026-09-17T15:34:35.590744,ANOMALY,ANOMALY,19.214062,15.499893,-11.919034,-0.587836,0.002526,-0.008569,-0.019399,0.001050
2026-09-17T15:34:35.800650,ANOMALY,ANOMALY,19.195857,15.499893,-11.919787,-0.587514,0.001622,-0.008890,-0.017553,0.000596
2026-09-17T15:34:35.998970,ANOMALY,ANOMALY,19.190201,15.499893,-11.921259,-0.585676,-0.001682,-0.009235,-0.014353,-0.000639
2026-09-17T15:34:36.195651,ANOMALY,ANOMALY,19.178400,15.499893,-11.924248,-0.583998,-0.005224,-0.010552,-0.012163,-0.001808
2026-09-17T15:34:36.386236,ANOMALY,ANOMALY,19.183856,15.499893,-11.928229,-0.585404,-0.008733,-0.012588,-0.012775,-0.002698
2026-09-17T15:34:36.570566,ANOMALY,ANOMALY,19.185131,15.499893,-11.931515,-0.588482,-0.012396,-0.014091,-0.014820,-0.003610
2026-09-17T15:34:36.757156,ANOMALY,ANOMALY,19.190055,15.499893,-11.934557,-0.591916,-0.015286,-0.014606,-0.016774,-0.004374
2026-09-17T15:34:36.948787,ANOMALY,ANOMALY,19.194301,15.499893,-11.935151,-0.594014,-0.016914,-0.013463,-0.017231,-0.004963
2026-09-17T15:34:37.146636,ANOMALY,ANOMALY,19.196892,15.499893,-11.934851,-0.595927,-0.018686,-0.011332,-0.017346,-0.005663
2026-09-17T15:34:37.342930,ANOMALY,ANOMALY,19.198026,15.499893,-11.934021,-0.596996,-0.019704,-0.008927,-0.017217,-0.006169
2026-09-17T15:34:37.523812,ANOMALY,ANOMALY,19.195459,15.499893,-11.933088,-0.597327,-0.020510,-0.006573,-0.017285,-0.006218
2026-09-17T15:34:37.715700,ANOMALY,ANOMALY,19.200111,15.499893,-11.931978,-0.596597,-0.019642,-0.004581,-0.016383,-0.005349
2026-09-17T15:34:37.893968,ANOMALY,ANOMALY,19.207994,15.499893,-11.930979,-0.594857,-0.016785,-0.003054,-0.015075,-0.003629
2026-09-17T15:34:38.070129,ANOMALY,ANOMALY,19.227776,15.499893,-11.933179,-0.592982,-0.015090,-0.004553,-0.013764,-0.002903
2026-09-17T15:34:38.255923,ANOMALY,ANOMALY,19.252418,15.499893,-11.937390,-0.589842,-0.012333,-0.006960,-0.011900,-0.001391
2026-09-17T15:34:38.444352,ANOMALY,ANOMALY,19.265745,15.499893,-11.938539,-0.586295,-0.009448,-0.007003,-0.009437,0.000024
2026-09-17T15:34:38.630494,ANOMALY,ANOMALY,19.256785,15.499893,-11.938051,-0.581600,-0.007030,-0.006322,-0.006101,0.001687
2026-09-17T15:34:38.814641,ANOMALY,ANOMALY,19.239179,15.499893,-11.936455,-0.578037,-0.006781,-0.005156,-0.003474,0.002387
2026-09-17T15:34:39.045746,ANOMALY,ANOMALY,19.226641,15.499893,-11.934237,-0.574835,-0.007691,-0.003803,-0.001346,0.002244
2026-09-17T15:34:39.226795,ANOMALY,ANOMALY,19.231792,15.499893,-11.931093,-0.570514,-0.010324,-0.001476,0.001202,0.001430
2026-09-17T15:34:39.406959,ANOMALY,ANOMALY,19.246597,15.499893,-11.928526,-0.569543,-0.013731,0.000283,0.000518,0.000502
2026-09-17T15:34:39.580504,ANOMALY,ANOMALY,19.256746,15.499893,-11.925870,-0.570521,-0.015520,0.001439,-0.000919,0.000304
2026-09-17T15:34:39.757529,ANOMALY,ANOMALY,19.278248,15.499893,-11.922450,-0.571234,-0.016239,0.002585,-0.002011,0.000728
2026-09-17T15:34:39.929532,ANOMALY,ANOMALY,19.290257,15.499893,-11.919856,-0.571462,-0.015044,0.002998,-0.002394,0.001426
2026-09-17T15:34:40.115027,ANOMALY,ANOMALY,19.278784,15.499893,-11.917700,-0.572428,-0.012280,0.003482,-0.003475,0.002979
2026-09-17T15:34:40.297179,ANOMALY,ANOMALY,19.281643,15.499893,-11.916423,-0.573496,-0.010165,0.003833,-0.004524,0.003816
2026-09-17T15:34:40.480060,ANOMALY,ANOMALY,19.274617,15.499893,-11.914877,-0.574756,-0.007347,0.004216,-0.005563,0.004983
2026-09-17T15:34:40.682956,ANOMALY,ANOMALY,19.264700,15.499893,-11.912767,-0.574803,-0.007762,0.005312,-0.005409,0.004422
2026-09-17T15:34:40.881212,ANOMALY,ANOMALY,19.250159,15.499893,-11.910000,-0.575236,-0.009872,0.007173,-0.005514,0.003103
2026-09-17T15:34:41.080231,ANOMALY,ANOMALY,19.245792,15.499893,-11.909430,-0.574774,-0.012340,0.006400,-0.005232,0.002119
2026-09-17T15:34:41.279130,ANOMALY,ANOMALY,19.264006,15.499893,-11.907844,-0.572251,-0.015171,0.006623,-0.003783,0.001333
2026-09-17T15:34:41.487008,ANOMALY,ANOMALY,19.278812,15.499893,-11.903894,-0.568456,-0.017243,0.008837,-0.001631,0.000312
2026-09-17T15:34:41.682096,ANOMALY,ANOMALY,19.296080,15.499893,-11.901712,-0.565265,-0.018368,0.008930,-0.000175,-0.000166
2026-09-17T15:34:41.862644,ANOMALY,ANOMALY,19.303315,15.499893,-11.900589,-0.561902,-0.020959,0.008410,0.001883,-0.001395
2026-09-17T15:34:42.043745,ANOMALY,ANOMALY,19.299240,15.499893,-11.900640,-0.557594,-0.023257,0.007451,0.004125,-0.002496
2026-09-17T15:34:42.218867,ANOMALY,ANOMALY,19.294542,15.499893,-11.899760,-0.553229,-0.023926,0.007389,0.006285,-0.002793
2026-09-17T15:34:42.397112,ANOMALY,ANOMALY,19.292270,15.499893,-11.898498,-0.551079,-0.022492,0.007716,0.006684,-0.002178
2026-09-17T15:34:42.574087,ANOMALY,ANOMALY,19.284389,15.499893,-11.897429,-0.548886,-0.020545,0.008354,0.007417,-0.001497
2026-09-17T15:34:42.742099,ANOMALY,ANOMALY,19.262768,15.499893,-11.895814,-0.546863,-0.018726,0.008842,0.008569,-0.000939
2026-09-17T15:34:42.936178,ANOMALY,ANOMALY,19.241585,15.499893,-11.894594,-0.543692,-0.017417,0.008794,0.010981,-0.000790
2026-09-17T15:34:43.126814,ANOMALY,ANOMALY,19.225589,15.499893,-11.893058,-0.540302,-0.017701,0.008947,0.013242,-0.001517
2026-09-17T15:34:43.320833,ANOMALY,ANOMALY,19.208122,15.499893,-11.891104,-0.539430,-0.017954,0.009446,0.013248,-0.001938
2026-09-17T15:34:43.522049,ANOMALY,ANOMALY,19.195681,15.499893,-11.889627,-0.539225,-0.016940,0.009264,0.012455,-0.001387
2026-09-17T15:34:43.715176,ANOMALY,ANOMALY,19.183205,15.499893,-11.889642,-0.537919,-0.013736,0.008857,0.012571,-0.000595
2026-09-17T15:34:43.899970,ANOMALY,ANOMALY,19.193450,15.499893,-11.890111,-0.536779,-0.009215,0.008504,0.012578,0.001047
2026-09-17T15:34:44.083787,ANOMALY,ANOMALY,19.206397,15.499893,-11.892773,-0.536707,-0.005220,0.006663,0.011657,0.002298
2026-09-17T15:34:44.258352,ANOMALY,ANOMALY,19.218027,15.499893,-11.893947,-0.536749,-0.000713,0.005706,0.011293,0.003875
2026-09-17T15:34:44.442882,ANOMALY,ANOMALY,19.229865,15.499893,-11.892162,-0.535964,0.004547,0.006990,0.011628,0.005674
2026-09-17T15:34:44.627894,ANOMALY,ANOMALY,19.244352,15.499893,-11.888488,-0.536327,0.011615,0.008780,0.011054,0.008358
2026-09-17T15:34:44.812276,ANOMALY,ANOMALY,19.251398,15.499893,-11.886111,-0.536884,0.016531,0.009699,0.010528,0.009741
2026-09-17T15:34:44.979993,ANOMALY,ANOMALY,19.257013,15.499893,-11.886797,-0.535519,0.020790,0.007948,0.011373,0.011126
2026-09-17T15:34:45.175144,ANOMALY,ANOMALY,19.250331,15.499893,-11.888664,-0.533098,0.021862,0.006259,0.012633,0.011186
2026-09-17T15:34:45.368316,ANOMALY,ANOMALY,19.236127,15.499893,-11.891089,-0.529108,0.021554,0.004764,0.014576,0.010902
2026-09-17T15:34:45.592736,ANOMALY,ANOMALY,19.215331,15.499893,-11.893255,-0.525873,0.020707,0.003522,0.015153,0.005692
2026-09-17T15:34:45.784414,ANOMALY,ANOMALY,19.181662,15.499893,-11.895366,-0.526278,0.015790,0.002603,0.013405,-0.014102
2026-09-17T15:34:45.969663,ANOMALY,ANOMALY,19.159994,15.499893,-11.897716,-0.527870,0.009217,0.001511,0.010747,-0.022258
2026-09-17T15:34:46.163167,ANOMALY,ANOMALY,19.164593,15.499893,-11.899467,-0.528196,0.004474,0.001090,0.010411,-0.024718
2026-09-17T15:34:46.349612,ANOMALY,ANOMALY,19.186623,15.499893,-11.901314,-0.526778,0.002557,0.000669,0.011593,-0.024264
2026-09-17T15:34:46.531224,ANOMALY,ANOMALY,19.204210,15.499893,-11.904092,-0.525355,0.002646,-0.001001,0.012699,-0.022679
2026-09-17T15:34:46.718994,ANOMALY,ANOMALY,19.218674,15.499893,-11.907450,-0.523443,0.002335,-0.003294,0.013784,-0.021164
2026-09-17T15:34:46.902939,ANOMALY,ANOMALY,19.246287,15.499893,-11.908748,-0.522487,0.002193,-0.004655,0.013751,-0.019518
2026-09-17T15:34:47.082356,ANOMALY,ANOMALY,19.256273,15.499893,-11.908117,-0.524344,0.000602,-0.005003,0.011244,-0.018376
2026-09-17T15:34:47.261266,ANOMALY,ANOMALY,19.240427,15.499893,-11.907378,-0.528012,-0.001377,-0.005268,0.007927,-0.017352
2026-09-17T15:34:47.452266,ANOMALY,ANOMALY,19.232534,15.499893,-11.907934,-0.532996,-0.002013,-0.005695,0.004315,-0.016394
2026-09-17T15:34:47.654731,ANOMALY,ANOMALY,19.211124,15.499893,-11.910028,-0.539437,-0.003310,-0.006698,0.000572,-0.015216
2026-09-17T15:34:47.842930,ANOMALY,ANOMALY,19.194278,15.499893,-11.913079,-0.544606,-0.005773,-0.007493,-0.002022,-0.015025
2026-09-17T15:34:48.030280,ANOMALY,ANOMALY,19.189682,15.499893,-11.914425,-0.548665,-0.008541,-0.006315,-0.003151,-0.014389
2026-09-17T15:34:48.221004,ANOMALY,ANOMALY,19.198556,15.499893,-11.914791,-0.550149,-0.009356,-0.005009,-0.002570,-0.013483
2026-09-17T15:34:48.468230,ANOMALY,ANOMALY,19.197044,15.499893,-11.913935,-0.549895,-0.009502,-0.002705,-0.000955,-0.012283
2026-09-17T15:34:48.675402,ANOMALY,ANOMALY,19.180748,15.499893,-11.910062,-0.549231,-0.009188,0.001618,0.000074,-0.010945
2026-09-17T15:34:48.865625,ANOMALY,ANOMALY,19.157575,15.499893,-11.904255,-0.549385,-0.011330,0.006975,-0.000315,-0.010796
2026-09-17T15:34:49.047903,ANOMALY,ANOMALY,19.139570,15.499893,-11.901362,-0.551431,-0.013417,0.009082,-0.001800,-0.011246
2026-09-17T15:34:49.249181,ANOMALY,ANOMALY,19.114857,15.499893,-11.901102,-0.554200,-0.016700,0.008291,-0.003362,-0.011421
2026-09-17T15:34:49.434072,ANOMALY,ANOMALY,19.109698,15.499893,-11.901618,-0.556300,-0.019671,0.007348,-0.004619,-0.011405
2026-09-17T15:34:49.624601,ANOMALY,ANOMALY,19.137576,15.499893,-11.903718,-0.559525,-0.021585,0.004992,-0.006663,-0.010964
2026-09-17T15:34:49.813516,ANOMALY,ANOMALY,19.151541,15.499893,-11.905338,-0.562718,-0.022648,0.003379,-0.008252,-0.010027
2026-09-17T15:34:49.994708,ANOMALY,ANOMALY,19.135065,15.499893,-11.905235,-0.566502,-0.022486,0.002798,-0.009877,-0.008719
2026-09-17T15:34:50.178736,ANOMALY,ANOMALY,19.117242,15.499893,-11.904051,-0.567665,-0.021856,0.003307,-0.009536,-0.007963
2026-09-17T15:34:50.372791,ANOMALY,ANOMALY,19.121946,15.499893,-11.901512,-0.567011,-0.021637,0.005291,-0.007829,-0.007506
2026-09-17T15:34:50.553859,ANOMALY,ANOMALY,19.116024,15.499893,-11.898268,-0.562697,-0.021419,0.007604,-0.003212,-0.007039
2026-09-17T15:34:50.740388,ANOMALY,ANOMALY,19.111253,15.499893,-11.895039,-0.557232,-0.020069,0.009728,0.001566,-0.005897
2026-09-17T15:34:50.922235,ANOMALY,ANOMALY,19.119658,15.499893,-11.893291,-0.552520,-0.017896,0.010216,0.004520,-0.004428
2026-09-17T15:34:51.117974,ANOMALY,ANOMALY,19.119740,15.499893,-11.893357,-0.549483,-0.016005,0.009119,0.005669,-0.003228
2026-09-17T15:34:51.299475,ANOMALY,ANOMALY,19.127074,15.499893,-11.895303,-0.545934,-0.013313,0.006720,0.007433,-0.002093
2026-09-17T15:34:51.485658,ANOMALY,ANOMALY,19.120274,15.499893,-11.899958,-0.540890,-0.010624,0.002671,0.009598,-0.001227
2026-09-17T15:34:51.664939,ANOMALY,ANOMALY,19.117519,15.499893,-11.903649,-0.536665,-0.007821,0.000196,0.011331,-0.000426
2026-09-17T15:34:51.842298,ANOMALY,ANOMALY,19.101482,15.499893,-11.906999,-0.534979,-0.006355,-0.001431,0.011162,0.000087
2026-09-17T15:34:52.065469,ANOMALY,ANOMALY,19.083814,15.499893,-11.911458,-0.536058,-0.006256,-0.003265,0.009339,0.000695
2026-09-17T15:34:52.259822,ANOMALY,ANOMALY,19.109321,15.499893,-11.914100,-0.540106,-0.005897,-0.004264,0.005042,0.001823
2026-09-17T15:34:52.446428,ANOMALY,ANOMALY,19.138952,15.499893,-11.913866,-0.546109,-0.005269,-0.004305,-0.000369,0.002733
2026-09-17T15:34:52.655751,ANOMALY,ANOMALY,19.164649,15.499893,-11.911977,-0.551134,-0.004766,-0.003840,-0.004161,0.003257
2026-09-17T15:34:52.837844,ANOMALY,ANOMALY,19.176431,15.499893,-11.908269,-0.555484,-0.004500,-0.001939,-0.007040,0.002844
2026-09-17T15:34:53.095590,ANOMALY,ANOMALY,19.200425,15.499893,-11.904736,-0.559046,-0.004732,-0.000225,-0.008934,0.002616
2026-09-17T15:34:53.317476,ANOMALY,ANOMALY,19.217940,15.499893,-11.902060,-0.562986,-0.004313,0.000343,-0.011097,0.002414
2026-09-17T15:34:53.513305,ANOMALY,ANOMALY,19.215841,15.499893,-11.902020,-0.566568,-0.001131,-0.000750,-0.012377,0.003112
2026-09-17T15:34:53.690084,ANOMALY,ANOMALY,19.217815,15.499893,-11.903199,-0.567140,0.001939,-0.001846,-0.011331,0.003751
2026-09-17T15:34:53.868306,ANOMALY,ANOMALY,19.229187,15.499893,-11.905975,-0.565939,0.003176,-0.003771,-0.009173,0.004051
2026-09-17T15:34:54.043718,ANOMALY,ANOMALY,19.240212,15.499893,-11.910224,-0.563783,0.004393,-0.006088,-0.006903,0.003983
2026-09-17T15:34:54.217591,ANOMALY,ANOMALY,19.244790,15.499893,-11.912280,-0.562149,0.004795,-0.006279,-0.004904,0.003959
2026-09-17T15:34:54.411344,ANOMALY,ANOMALY,19.257121,15.499893,-11.912419,-0.559141,0.004421,-0.005151,-0.001988,0.003982
2026-09-17T15:34:54.609600,ANOMALY,ANOMALY,19.255372,15.499893,-11.911066,-0.556802,0.003125,-0.002836,0.000159,0.003228
2026-09-17T15:34:54.797798,ANOMALY,ANOMALY,19.246551,15.499893,-11.908660,-0.555645,0.000611,-0.000050,0.000511,0.001871
2026-09-17T15:34:54.983223,ANOMALY,ANOMALY,19.246700,15.499893,-11.907096,-0.555061,-0.001207,0.001332,0.001065,0.001451
2026-09-17T15:34:55.162804,ANOMALY,ANOMALY,19.252828,15.499893,-11.907883,-0.554009,-0.001663,-0.000087,0.001860,0.001058
2026-09-17T15:34:55.348855,ANOMALY,ANOMALY,19.274373,15.499893,-11.908183,-0.553045,-0.002532,-0.000881,0.002355,0.000561
2026-09-17T15:34:55.542925,ANOMALY,ANOMALY,19.291481,15.499893,-11.906544,-0.552189,-0.004428,0.000474,0.002337,-0.000330
2026-09-17T15:34:55.735922,ANOMALY,ANOMALY,19.310196,15.499893,-11.904260,-0.552402,-0.007486,0.001925,0.001485,-0.001269
2026-09-17T15:34:55.914745,ANOMALY,ANOMALY,19.325183,15.499893,-11.903309,-0.551355,-0.009745,0.002503,0.001915,-0.001716
2026-09-17T15:34:56.089560,ANOMALY,ANOMALY,19.334803,15.499893,-11.903252,-0.550004,-0.011514,0.001791,0.002600,-0.002213
2026-09-17T15:34:56.264492,ANOMALY,ANOMALY,19.340330,15.499893,-11.902762,-0.549696,-0.013520,0.001591,0.002683,-0.002784
2026-09-17T15:34:56.436844,ANOMALY,ANOMALY,19.339847,15.499893,-11.902645,-0.551924,-0.015116,0.001106,0.000627,-0.003084
2026-09-17T15:34:56.631141,ANOMALY,ANOMALY,19.338766,15.499893,-11.903159,-0.557443,-0.017064,0.000402,-0.003815,-0.003054
2026-09-17T15:34:56.816904,ANOMALY,ANOMALY,19.324563,15.499893,-11.903141,-0.563589,-0.016537,0.000464,-0.008122,-0.002725
2026-09-17T15:34:57.004806,ANOMALY,ANOMALY,19.314805,15.499893,-11.902498,-0.567611,-0.014758,0.001321,-0.009339,-0.001776
2026-09-17T15:34:57.188111,ANOMALY,ANOMALY,19.314157,15.499893,-11.900858,-0.567657,-0.012910,0.002721,-0.008085,-0.001620
2026-09-17T15:34:57.398530,ANOMALY,ANOMALY,19.319831,15.499893,-11.898838,-0.567923,-0.012357,0.004271,-0.007050,-0.001661
2026-09-17T15:34:57.581684,ANOMALY,ANOMALY,19.321923,15.499893,-11.894400,-0.568633,-0.012269,0.007600,-0.006337,-0.001345
2026-09-17T15:34:57.761924,ANOMALY,ANOMALY,19.303705,15.499893,-11.889498,-0.568978,-0.011628,0.011118,-0.005693,-0.000993
2026-09-17T15:34:57.949431,ANOMALY,ANOMALY,19.275973,15.499893,-11.887194,-0.570207,-0.011081,0.012010,-0.005756,-0.000452
2026-09-17T15:34:58.135029,ANOMALY,ANOMALY,19.256714,15.499893,-11.884693,-0.572129,-0.011872,0.012722,-0.006461,-0.000498
2026-09-17T15:34:58.323957,ANOMALY,ANOMALY,19.262716,15.499893,-11.882597,-0.574485,-0.013221,0.013418,-0.008062,-0.000859
2026-09-17T15:34:58.506659,ANOMALY,ANOMALY,19.263459,15.499893,-11.881288,-0.577867,-0.013930,0.013269,-0.010371,-0.001293
2026-09-17T15:34:58.687988,ANOMALY,ANOMALY,19.259494,15.499893,-11.882147,-0.580487,-0.015903,0.011291,-0.011945,-0.001691
2026-09-17T15:34:58.891874,ANOMALY,ANOMALY,19.253135,15.499893,-11.883410,-0.580545,-0.018897,0.009212,-0.011277,-0.002673
2026-09-17T15:34:59.084562,ANOMALY,ANOMALY,19.250342,15.499893,-11.884295,-0.580595,-0.021622,0.007455,-0.010387,-0.003114
2026-09-17T15:34:59.266670,ANOMALY,ANOMALY,19.257085,15.499893,-11.882579,-0.582561,-0.023511,0.008289,-0.011483,-0.003369
2026-09-17T15:34:59.445072,ANOMALY,ANOMALY,19.265778,15.499893,-11.879961,-0.584682,-0.024829,0.009459,-0.012708,-0.003352
2026-09-17T15:34:59.634848,ANOMALY,ANOMALY,19.275668,15.499893,-11.876589,-0.586241,-0.027137,0.010859,-0.012502,-0.004167
2026-09-17T15:34:59.815667,ANOMALY,ANOMALY,19.259738,15.499893,-11.875519,-0.586966,-0.028788,0.010667,-0.012150,-0.004383
2026-09-17T15:35:00.005214,ANOMALY,ANOMALY,19.255357,15.499893,-11.876351,-0.586884,-0.029520,0.009257,-0.011077,-0.003817
2026-09-17T15:35:00.180245,ANOMALY,ANOMALY,19.247172,15.499893,-11.878881,-0.585583,-0.029424,0.007158,-0.009099,-0.003350
2026-09-17T15:35:00.355695,ANOMALY,ANOMALY,19.243025,15.499893,-11.881085,-0.584298,-0.029681,0.005765,-0.007902,-0.003295
2026-09-17T15:35:00.531787,ANOMALY,ANOMALY,19.224430,15.499893,-11.883238,-0.583741,-0.030204,0.004483,-0.007535,-0.003578
2026-09-17T15:35:00.714087,ANOMALY,ANOMALY,19.205722,15.499893,-11.885010,-0.582451,-0.031444,0.003647,-0.006252,-0.004218
2026-09-17T15:35:00.891757,ANOMALY,ANOMALY,19.200964,15.499893,-11.887283,-0.578987,-0.033571,0.002447,-0.003751,-0.005453
2026-09-17T15:35:01.078940,ANOMALY,ANOMALY,19.188306,15.499893,-11.889892,-0.575447,-0.035277,0.001190,-0.001381,-0.006510
2026-09-17T15:35:01.265716,ANOMALY,ANOMALY,19.183897,15.499893,-11.891997,-0.573059,-0.037841,0.000515,0.000032,-0.007583
2026-09-17T15:35:01.448514,ANOMALY,ANOMALY,19.185932,15.499893,-11.893205,-0.572743,-0.039235,0.000346,-0.000106,-0.008669
2026-09-17T15:35:01.629126,ANOMALY,ANOMALY,19.175115,15.499893,-11.893502,-0.573106,-0.039179,0.001498,-0.000452,-0.008812
2026-09-17T15:35:01.822791,ANOMALY,ANOMALY,19.170768,15.499893,-11.892719,-0.574591,-0.038579,0.003061,-0.001274,-0.008548
2026-09-17T15:34:59.972059,ANOMALY,ANOMALY,19.173053,15.499893,-11.891950,-0.575805,-0.038306,0.003748,-0.001476,-0.008288
2026-09-17T15:35:00.150537,ANOMALY,ANOMALY,19.195729,15.499893,-11.891009,-0.575567,-0.038665,0.004482,-0.000607,-0.008067
2026-09-17T15:35:00.337644,ANOMALY,ANOMALY,19.205702,15.499893,-11.890713,-0.573978,-0.039558,0.004604,0.000565,-0.007945
2026-09-17T15:35:00.533089,ANOMALY,ANOMALY,19.217228,15.499893,-11.891066,-0.572447,-0.041023,0.003977,0.001110,-0.007674
2026-09-17T15:35:00.725832,ANOMALY,ANOMALY,19.213995,15.499893,-11.892606,-0.571420,-0.043005,0.003296,0.000760,-0.008009
2026-09-17T15:35:00.909949,ANOMALY,ANOMALY,19.197615,15.499893,-11.893480,-0.570016,-0.045909,0.003586,0.000409,-0.008722
2026-09-17T15:35:01.112854,ANOMALY,ANOMALY,19.180655,15.499893,-11.893168,-0.567456,-0.048254,0.004649,0.001087,-0.009008
2026-09-17T15:35:01.326593,ANOMALY,ANOMALY,19.157587,15.499893,-11.894196,-0.564832,-0.049674,0.004157,0.002338,-0.008741
2026-09-17T15:35:01.628043,ANOMALY,ANOMALY,19.161678,15.499893,-11.897079,-0.562471,-0.050028,0.002424,0.003166,-0.008563
2026-09-17T15:35:01.845976,ANOMALY,ANOMALY,19.154810,15.499893,-11.898711,-0.562867,-0.048679,0.002179,0.001816,-0.007070
2026-09-17T15:35:02.040808,ANOMALY,ANOMALY,19.162852,15.499893,-11.898400,-0.565117,-0.047386,0.002581,0.000121,-0.006394
2026-09-17T15:35:02.238171,ANOMALY,ANOMALY,19.172413,15.499893,-11.898239,-0.568267,-0.045641,0.002113,-0.002418,-0.005649
2026-09-17T15:35:02.430653,ANOMALY,ANOMALY,19.186392,15.499893,-11.899584,-0.570571,-0.044627,-0.000204,-0.003756,-0.005448
2026-09-17T15:35:02.615465,ANOMALY,ANOMALY,19.196763,15.499893,-11.902907,-0.571014,-0.043797,-0.003771,-0.003971,-0.004878
2026-09-17T15:35:02.823735,ANOMALY,ANOMALY,19.193004,15.499893,-11.906072,-0.570538,-0.043119,-0.006912,-0.003736,-0.004245
2026-09-17T15:35:03.040048,ANOMALY,ANOMALY,19.183954,15.499893,-11.908090,-0.569074,-0.042210,-0.009339,-0.003288,-0.003698
2026-09-17T15:35:03.218609,ANOMALY,ANOMALY,19.207802,15.499893,-11.908813,-0.567526,-0.041031,-0.011741,-0.003170,-0.002760
2026-09-17T15:35:03.395105,ANOMALY,ANOMALY,19.227693,15.499893,-11.909187,-0.565688,-0.041202,-0.013118,-0.002599,-0.002728
2026-09-17T15:35:03.573254,ANOMALY,ANOMALY,19.218919,15.499893,-11.909495,-0.561159,-0.041528,-0.014252,-0.000286,-0.003137
2026-09-17T15:35:03.764223,ANOMALY,ANOMALY,19.199393,15.499893,-11.909093,-0.557113,-0.043680,-0.014427,0.001757,-0.004194
2026-09-17T15:35:03.958591,ANOMALY,ANOMALY,19.213289,15.499893,-11.907877,-0.552870,-0.047793,-0.013800,0.004041,-0.005179
2026-09-17T15:35:04.149171,ANOMALY,ANOMALY,19.212852,15.499893,-11.905251,-0.549999,-0.049466,-0.012302,0.005609,-0.005551
2026-09-17T15:35:04.336680,ANOMALY,ANOMALY,19.211455,15.499893,-11.902597,-0.548807,-0.048640,-0.010064,0.005537,-0.005333
2026-09-17T15:35:04.525226,ANOMALY,ANOMALY,19.198781,15.499893,-11.901451,-0.548958,-0.047029,-0.009113,0.004992,-0.004660
2026-09-17T15:35:04.717888,ANOMALY,ANOMALY,19.214599,15.499893,-11.900904,-0.548805,-0.045518,-0.008224,0.004944,-0.004298
2026-09-17T15:35:04.929497,ANOMALY,ANOMALY,19.225616,15.499893,-11.898953,-0.547028,-0.045713,-0.005892,0.006438,-0.004514
2026-09-17T15:35:05.128278,ANOMALY,ANOMALY,19.207861,15.499893,-11.896228,-0.542317,-0.048519,-0.003313,0.010242,-0.005576
2026-09-17T15:35:05.322825,ANOMALY,ANOMALY,19.189985,15.499893,-11.896849,-0.540373,-0.053241,-0.003937,0.011565,-0.007855
2026-09-17T15:35:05.503093,ANOMALY,ANOMALY,19.168057,15.499893,-11.899718,-0.541984,-0.056237,-0.006130,0.009414,-0.008601
2026-09-17T15:35:05.679634,ANOMALY,ANOMALY,19.161858,15.499893,-11.903942,-0.545316,-0.056933,-0.008471,0.006253,-0.008593
2026-09-17T15:35:05.857822,ANOMALY,ANOMALY,19.158328,15.499893,-11.905460,-0.547162,-0.055834,-0.009146,0.004771,-0.008042
2026-09-17T15:35:06.051107,ANOMALY,ANOMALY,19.157577,15.499893,-11.906206,-0.548471,-0.054632,-0.009138,0.003716,-0.007358
2026-09-17T15:35:06.283141,ANOMALY,ANOMALY,19.167916,15.499893,-11.908103,-0.547885,-0.053972,-0.010207,0.003327,-0.006709
2026-09-17T15:35:06.469619,ANOMALY,ANOMALY,19.174329,15.499893,-11.912899,-0.547221,-0.051540,-0.012584,0.003055,-0.005165
2026-09-17T15:35:06.656543,ANOMALY,ANOMALY,19.185261,15.499893,-11.916197,-0.545916,-0.049287,-0.013681,0.003959,-0.004120
2026-09-17T15:35:06.845867,ANOMALY,ANOMALY,19.200160,15.499893,-11.918861,-0.545080,-0.047388,-0.014739,0.004186,-0.003065
2026-09-17T15:35:07.038643,ANOMALY,ANOMALY,19.201234,15.499893,-11.921808,-0.544644,-0.044786,-0.015343,0.004173,-0.002169
2026-09-17T15:35:07.224812,ANOMALY,ANOMALY,19.212208,15.499893,-11.923331,-0.544799,-0.042853,-0.014378,0.003705,-0.001306
2026-09-17T15:35:07.408547,ANOMALY,ANOMALY,19.217856,15.499893,-11.922166,-0.545664,-0.041169,-0.011968,0.003152,-0.000819
2026-09-17T15:35:07.588922,ANOMALY,ANOMALY,19.231035,15.499893,-11.920638,-0.547094,-0.040233,-0.009674,0.002321,-0.001094
2026-09-17T15:35:07.774660,ANOMALY,ANOMALY,19.221414,15.499893,-11.918612,-0.548391,-0.041622,-0.007508,0.001358,-0.001713
2026-09-17T15:35:07.958762,ANOMALY,ANOMALY,19.213460,15.499893,-11.915085,-0.549868,-0.044370,-0.004239,0.000615,-0.002509
2026-09-17T15:35:08.146803,ANOMALY,ANOMALY,19.219400,15.499893,-11.911423,-0.551115,-0.045878,-0.000967,0.000212,-0.003121
2026-09-17T15:35:08.344756,ANOMALY,ANOMALY,19.229797,15.499893,-11.908066,-0.553182,-0.046893,0.001783,-0.000948,-0.003292
2026-09-17T15:35:08.747967,ANOMALY,ANOMALY,19.237980,15.499893,-11.908824,-0.555175,-0.046250,0.000975,-0.002124,-0.003020
2026-09-17T15:35:08.942449,ANOMALY,ANOMALY,19.248673,15.499893,-11.911624,-0.556578,-0.048140,-0.001563,-0.001745,-0.003401
2026-09-17T15:35:09.134445,ANOMALY,ANOMALY,19.268792,15.499893,-11.911786,-0.556512,-0.047427,-0.002268,-0.001584,-0.003124
2026-09-17T15:35:09.330392,ANOMALY,ANOMALY,19.292013,15.499893,-11.911601,-0.557564,-0.045412,-0.003108,-0.002662,-0.002519
2026-09-17T15:35:09.570972,ANOMALY,ANOMALY,19.295551,15.499893,-11.911984,-0.559114,-0.043933,-0.004172,-0.004040,-0.002297
2026-09-17T15:35:09.768963,ANOMALY,ANOMALY,19.297276,15.499893,-11.910233,-0.558322,-0.043592,-0.003293,-0.003327,-0.002186
2026-09-17T15:35:09.957360,ANOMALY,ANOMALY,19.296694,15.499893,-11.908535,-0.558792,-0.041663,-0.002542,-0.003884,-0.001344
2026-09-17T15:35:10.145452,ANOMALY,ANOMALY,19.294036,15.499893,-11.907046,-0.560254,-0.038375,-0.001818,-0.004658,0.000260
2026-09-17T15:35:10.331910,ANOMALY,ANOMALY,19.291942,15.499893,-11.903154,-0.562713,-0.036312,0.000957,-0.005890,0.001005
2026-09-17T15:35:10.516412,ANOMALY,ANOMALY,19.285210,15.499893,-11.899768,-0.566165,-0.034634,0.003071,-0.007901,0.001770
2026-09-17T15:35:10.711219,ANOMALY,ANOMALY,19.294168,15.499893,-11.897783,-0.567467,-0.033414,0.003860,-0.007682,0.001928
2026-09-17T15:35:10.908512,ANOMALY,ANOMALY,19.285975,15.499893,-11.897315,-0.566259,-0.033632,0.003164,-0.006067,0.001419
2026-09-17T15:35:11.112677,ANOMALY,ANOMALY,19.264067,15.499893,-11.897008,-0.565084,-0.034267,0.002030,-0.005142,0.000314
2026-09-17T15:35:11.311544,ANOMALY,ANOMALY,19.255088,15.499893,-11.896894,-0.565134,-0.034811,0.001500,-0.004768,-0.000008
2026-09-17T15:35:11.501940,ANOMALY,ANOMALY,19.260521,15.499893,-11.897097,-0.564899,-0.036309,0.000930,-0.004347,-0.000702
2026-09-17T15:35:11.705194,ANOMALY,ANOMALY,19.271205,15.499893,-11.897029,-0.566394,-0.038488,0.000422,-0.005577,-0.001383
2026-09-17T15:35:11.945277,ANOMALY,ANOMALY,19.289038,15.499893,-11.897361,-0.570123,-0.039692,-0.000284,-0.008164,-0.001957
2026-09-17T15:35:12.158945,ANOMALY,ANOMALY,19.305250,15.499893,-11.897223,-0.573000,-0.040124,-0.000487,-0.009903,-0.002172
2026-09-17T15:35:12.387095,ANOMALY,ANOMALY,19.303498,15.499893,-11.895752,-0.571683,-0.039230,-0.000298,-0.008734,-0.001673
2026-09-17T15:35:12.577719,ANOMALY,ANOMALY,19.290355,15.499893,-11.894563,-0.570335,-0.036982,-0.000751,-0.007564,-0.001060
2026-09-17T15:35:12.762320,ANOMALY,ANOMALY,19.282985,15.499893,-11.896095,-0.572403,-0.034181,-0.003126,-0.008857,-0.000310
2026-09-17T15:35:12.962431,ANOMALY,ANOMALY,19.282189,15.499893,-11.897405,-0.575320,-0.033071,-0.005252,-0.011238,0.000409
2026-09-17T15:35:13.162713,ANOMALY,ANOMALY,19.270408,15.499893,-11.899401,-0.579995,-0.033247,-0.007277,-0.014381,0.000301
2026-09-17T15:35:13.362019,ANOMALY,ANOMALY,19.262655,15.499893,-11.902568,-0.584667,-0.031868,-0.009230,-0.016873,0.000905
2026-09-17T15:35:13.588757,ANOMALY,ANOMALY,19.271567,15.499893,-11.907880,-0.586727,-0.029593,-0.012040,-0.017511,0.002003
2026-09-17T15:35:13.818901,ANOMALY,ANOMALY,19.271476,15.499893,-11.915634,-0.586109,-0.028360,-0.015555,-0.016057,0.002488
2026-09-17T15:35:14.045295,ANOMALY,ANOMALY,19.263154,15.499893,-11.923034,-0.581036,-0.029571,-0.018022,-0.010899,0.002123
2026-09-17T15:35:14.257070,ANOMALY,ANOMALY,19.245470,15.499893,-11.926426,-0.575392,-0.032032,-0.017237,-0.005622,0.001610
2026-09-17T15:35:14.451873,ANOMALY,ANOMALY,19.234928,15.499893,-11.927485,-0.571463,-0.034321,-0.016011,-0.002411,0.000876
2026-09-17T15:35:14.653921,ANOMALY,ANOMALY,19.221791,15.499893,-11.928225,-0.569914,-0.035262,-0.014826,-0.000729,0.000054
2026-09-17T15:35:14.867902,ANOMALY,ANOMALY,19.222993,15.499893,-11.928241,-0.567491,-0.037413,-0.013786,0.001304,-0.001218
2026-09-17T15:35:15.056120,ANOMALY,ANOMALY,19.230540,15.499893,-11.925120,-0.563414,-0.037879,-0.009584,0.004303,-0.001658
2026-09-17T15:35:15.244086,ANOMALY,ANOMALY,19.243476,15.499893,-11.921618,-0.558803,-0.037781,-0.005572,0.007659,-0.001929
2026-09-17T15:35:15.430098,ANOMALY,ANOMALY,19.252625,15.499893,-11.918967,-0.553316,-0.037658,-0.002465,0.011098,-0.001884
2026-09-17T15:35:15.618956,ANOMALY,ANOMALY,19.243562,15.499893,-11.917397,-0.549718,-0.037971,-0.000828,0.012434,-0.001898
2026-09-17T15:35:15.804154,ANOMALY,ANOMALY,19.249896,15.499893,-11.915483,-0.546942,-0.037659,0.000728,0.012484,-0.002133
2026-09-17T15:35:16.001146,ANOMALY,ANOMALY,19.247027,15.499893,-11.912304,-0.545714,-0.036967,0.003371,0.011756,-0.002056
2026-09-17T15:35:16.211036,ANOMALY,ANOMALY,19.235262,15.499893,-11.905703,-0.545899,-0.034999,0.008426,0.010199,-0.001672
2026-09-17T15:35:16.414807,ANOMALY,ANOMALY,19.242075,15.499893,-11.897945,-0.546314,-0.032015,0.013606,0.008924,-0.000587
2026-09-17T15:35:16.612654,ANOMALY,ANOMALY,19.241291,15.499893,-11.891865,-0.544635,-0.030740,0.017092,0.008613,-0.000733
2026-09-17T15:35:16.808267,ANOMALY,ANOMALY,19.231020,15.499893,-11.888449,-0.541651,-0.029340,0.017574,0.009430,-0.000971
2026-09-17T15:35:17.045917,ANOMALY,ANOMALY,19.214046,15.499893,-11.885964,-0.540644,-0.028559,0.017579,0.008736,-0.000730
2026-09-17T15:35:17.242309,ANOMALY,ANOMALY,19.205233,15.499893,-11.884261,-0.544004,-0.027933,0.016720,0.005289,-0.001017
2026-09-17T15:35:17.435694,ANOMALY,ANOMALY,19.200826,15.499893,-11.882472,-0.546703,-0.027114,0.017103,0.002772,-0.001506
2026-09-17T15:35:17.631212,ANOMALY,ANOMALY,19.189806,15.499893,-11.880852,-0.547827,-0.027000,0.016790,0.002247,-0.002059
2026-09-17T15:35:17.821451,ANOMALY,ANOMALY,19.191320,15.499893,-11.880634,-0.548373,-0.027154,0.015800,0.002206,-0.002354
2026-09-17T15:35:18.008150,ANOMALY,ANOMALY,19.192519,15.499893,-11.881508,-0.548330,-0.027361,0.013884,0.002349,-0.002450
2026-09-17T15:35:18.188064,ANOMALY,ANOMALY,19.193768,15.499893,-11.881806,-0.546270,-0.029123,0.012730,0.004033,-0.002856
2026-09-17T15:35:18.374345,ANOMALY,ANOMALY,19.195808,15.499893,-11.882392,-0.543657,-0.033745,0.012120,0.006219,-0.004093
2026-09-17T15:35:18.566713,ANOMALY,ANOMALY,19.200132,15.499893,-11.882377,-0.541470,-0.039452,0.012361,0.007377,-0.005530
2026-09-17T15:35:18.792952,ANOMALY,ANOMALY,19.194547,15.499893,-11.883148,-0.542801,-0.044673,0.012215,0.005327,-0.006868
2026-09-17T15:35:18.991946,ANOMALY,ANOMALY,19.193118,15.499893,-11.886022,-0.546036,-0.047548,0.009945,0.001858,-0.007094
2026-09-17T15:35:19.176657,ANOMALY,ANOMALY,19.228988,15.499893,-11.888103,-0.548804,-0.047759,0.008917,-0.000461,-0.006353
2026-09-17T15:35:19.364351,ANOMALY,ANOMALY,19.261821,15.499893,-11.888375,-0.551555,-0.046430,0.009151,-0.002398,-0.005278
2026-09-17T15:35:19.557177,ANOMALY,ANOMALY,19.261315,15.499893,-11.888004,-0.553724,-0.045023,0.009339,-0.003861,-0.004339
2026-09-17T15:35:19.752686,ANOMALY,ANOMALY,19.262194,15.499893,-11.886706,-0.557775,-0.044224,0.009818,-0.006751,-0.004185
2026-09-17T15:35:19.942977,ANOMALY,ANOMALY,19.264295,15.499893,-11.886433,-0.561872,-0.043216,0.008920,-0.008531,-0.004172
2026-09-17T15:35:20.146521,ANOMALY,ANOMALY,19.277646,15.499893,-11.887173,-0.566497,-0.041585,0.007302,-0.010524,-0.004346
2026-09-17T15:35:20.331515,ANOMALY,ANOMALY,19.254227,15.499893,-11.888593,-0.572229,-0.039677,0.004870,-0.013321,-0.004160
2026-09-17T15:35:20.513628,ANOMALY,ANOMALY,19.242686,15.499893,-11.891789,-0.577507,-0.038307,0.001543,-0.016006,-0.004287
2026-09-17T15:35:20.741071,ANOMALY,ANOMALY,19.256784,15.499893,-11.895489,-0.581461,-0.037095,-0.001325,-0.017157,-0.003956
2026-09-17T15:35:20.932500,ANOMALY,ANOMALY,19.252546,15.499893,-11.897671,-0.582660,-0.034565,-0.002596,-0.016361,-0.002630
2026-09-17T15:35:21.136944,ANOMALY,ANOMALY,19.247933,15.499893,-11.898484,-0.582198,-0.030886,-0.002840,-0.014814,-0.001228
2026-09-17T15:35:21.330157,ANOMALY,ANOMALY,19.244278,15.499893,-11.899955,-0.580626,-0.024391,-0.003890,-0.012487,0.001130
2026-09-17T15:35:21.524836,ANOMALY,ANOMALY,19.246266,15.499893,-11.902449,-0.580475,-0.021670,-0.005680,-0.011584,0.001656
2026-09-17T15:35:21.731458,ANOMALY,ANOMALY,19.248716,15.499893,-11.905960,-0.582582,-0.020114,-0.007827,-0.012717,0.001900
2026-09-17T15:35:21.914646,ANOMALY,ANOMALY,19.264320,15.499893,-11.907738,-0.585732,-0.019888,-0.008152,-0.014627,0.001431
2026-09-17T15:35:22.103017,ANOMALY,ANOMALY,19.268859,15.499893,-11.909380,-0.586397,-0.020002,-0.008123,-0.014251,0.001501
2026-09-17T15:35:22.287713,ANOMALY,ANOMALY,19.262316,15.499893,-11.911077,-0.584999,-0.021188,-0.008190,-0.012610,0.001228
2026-09-17T15:35:22.483541,ANOMALY,ANOMALY,19.246969,15.499893,-11.913894,-0.582030,-0.022937,-0.009679,-0.009911,0.001326
2026-09-17T15:35:22.674780,ANOMALY,ANOMALY,19.242872,15.499893,-11.919595,-0.578445,-0.025297,-0.012967,-0.006575,0.000883
2026-09-17T15:35:22.853830,ANOMALY,ANOMALY,19.235096,15.499893,-11.925955,-0.576111,-0.025358,-0.016746,-0.004706,0.001082
2026-09-17T15:35:23.050498,ANOMALY,ANOMALY,19.212755,15.499893,-11.932372,-0.574110,-0.023135,-0.020638,-0.003165,0.001723
2026-09-17T15:35:23.280437,ANOMALY,ANOMALY,19.201094,15.499893,-11.939165,-0.570466,-0.020729,-0.023937,-0.000219,0.002421
2026-09-17T15:35:23.466777,ANOMALY,ANOMALY,19.196694,15.499893,-11.939194,-0.566413,-0.021965,-0.022063,0.002918,0.001968
2026-09-17T15:35:23.660726,ANOMALY,ANOMALY,19.185417,15.499893,-11.935626,-0.563642,-0.025641,-0.018341,0.004573,0.000099
2026-09-17T15:35:23.852675,ANOMALY,ANOMALY,19.179760,15.499893,-11.929969,-0.561595,-0.030205,-0.013272,0.005260,-0.001563
2026-09-17T15:35:24.048410,ANOMALY,ANOMALY,19.174397,15.499893,-11.921137,-0.558556,-0.034867,-0.006557,0.006884,-0.003221
2026-09-17T15:35:24.236538,ANOMALY,ANOMALY,19.186100,15.499893,-11.911833,-0.555569,-0.036151,0.000087,0.007911,-0.003327
2026-09-17T15:35:24.421517,ANOMALY,ANOMALY,19.197845,15.499893,-11.903938,-0.554270,-0.033268,0.005939,0.007578,-0.001993
2026-09-17T15:35:24.608687,ANOMALY,ANOMALY,19.197174,15.499893,-11.899132,-0.554192,-0.029718,0.009333,0.006697,-0.001042
2026-09-17T15:35:24.800757,ANOMALY,ANOMALY,19.194978,15.499893,-11.895580,-0.554389,-0.025845,0.010849,0.005529,-0.000235
2026-09-17T15:35:24.983035,ANOMALY,ANOMALY,19.204021,15.499893,-11.894877,-0.554936,-0.023669,0.009388,0.004433,-0.000050
2026-09-17T15:35:25.172427,ANOMALY,ANOMALY,19.204474,15.499893,-11.896200,-0.557214,-0.023547,0.006850,0.002346,-0.000385
2026-09-17T15:35:25.368117,ANOMALY,ANOMALY,19.218145,15.499893,-11.899216,-0.562478,-0.025351,0.002990,-0.001562,-0.001223
2026-09-17T15:35:25.561067,ANOMALY,ANOMALY,19.229554,15.499893,-11.902152,-0.568096,-0.027533,0.000005,-0.005526,-0.001400
2026-09-17T15:35:25.747466,ANOMALY,ANOMALY,19.229646,15.499893,-11.904625,-0.570266,-0.028659,-0.002249,-0.006558,-0.001148
2026-09-17T15:35:25.983435,ANOMALY,ANOMALY,19.228290,15.499893,-11.906055,-0.568272,-0.030891,-0.003497,-0.003628,-0.001551
2026-09-17T15:35:26.185414,ANOMALY,ANOMALY,19.212946,15.499893,-11.902237,-0.561997,-0.032818,-0.001039,0.001898,-0.001489
2026-09-17T15:35:26.374639,ANOMALY,ANOMALY,19.199786,15.499893,-11.894744,-0.556296,-0.032866,0.003410,0.005531,-0.001630
2026-09-17T15:35:26.572961,ANOMALY,ANOMALY,19.196591,15.499893,-11.887566,-0.552877,-0.031952,0.006247,0.006932,-0.001419
2026-09-17T15:35:26.767004,ANOMALY,ANOMALY,19.186976,15.499893,-11.881907,-0.551481,-0.031964,0.007557,0.006984,-0.001596
2026-09-17T15:35:26.948960,ANOMALY,ANOMALY,19.191245,15.499893,-11.878095,-0.552845,-0.032730,0.008098,0.004512,-0.001129
2026-09-17T15:35:27.127001,ANOMALY,ANOMALY,19.200818,15.499893,-11.874923,-0.554868,-0.032565,0.009192,0.001738,-0.000731
2026-09-17T15:35:27.355658,ANOMALY,ANOMALY,19.216346,15.499893,-11.870575,-0.556251,-0.031379,0.011600,-0.000105,-0.000222
2026-09-17T15:35:27.551759,ANOMALY,ANOMALY,19.245981,15.499893,-11.865714,-0.556365,-0.030806,0.014792,-0.000626,0.000386
2026-09-17T15:35:27.754545,ANOMALY,ANOMALY,19.236467,15.499893,-11.863253,-0.555250,-0.030135,0.016435,0.000230,0.000347
2026-09-17T15:35:27.982845,ANOMALY,ANOMALY,19.225752,15.499893,-11.859477,-0.553124,-0.031788,0.019099,0.001881,-0.000977
2026-09-17T15:35:28.180045,ANOMALY,ANOMALY,19.231854,15.499893,-11.855984,-0.551174,-0.034613,0.021004,0.002560,-0.002316
2026-09-17T15:35:28.372666,ANOMALY,ANOMALY,19.239014,15.499893,-11.854693,-0.550241,-0.037884,0.021197,0.002294,-0.003211
2026-09-17T15:35:28.567688,ANOMALY,ANOMALY,19.257599,15.499893,-11.857337,-0.549161,-0.040470,0.018234,0.002290,-0.003471
2026-09-17T15:35:28.742736,ANOMALY,ANOMALY,19.265810,15.499893,-11.863519,-0.548831,-0.041285,0.013919,0.002512,-0.003006
2026-09-17T15:35:28.935085,ANOMALY,ANOMALY,19.254354,15.499893,-11.869710,-0.548738,-0.040345,0.010645,0.003548,-0.002386
2026-09-17T15:35:29.145071,ANOMALY,ANOMALY,19.241017,15.499893,-11.876595,-0.548035,-0.039358,0.006503,0.004501,-0.002077
2026-09-17T15:35:29.334023,ANOMALY,ANOMALY,19.213250,15.499893,-11.882854,-0.548776,-0.037589,0.002769,0.004266,-0.001477
2026-09-17T15:35:29.517215,ANOMALY,ANOMALY,19.203176,15.499893,-11.890108,-0.550892,-0.037316,-0.002223,0.002150,-0.001198
2026-09-17T15:35:29.698592,ANOMALY,ANOMALY,19.194368,15.499893,-11.897234,-0.553226,-0.038228,-0.006952,-0.000248,-0.001767
2026-09-17T15:35:29.872568,ANOMALY,ANOMALY,19.196366,15.499893,-11.904853,-0.554722,-0.039943,-0.011172,-0.001611,-0.002473
2026-09-17T15:35:30.063010,ANOMALY,ANOMALY,19.202461,15.499893,-11.910079,-0.556131,-0.039536,-0.013417,-0.002644,-0.002387
2026-09-17T15:35:30.254181,ANOMALY,ANOMALY,19.200973,15.499893,-11.914257,-0.556484,-0.037522,-0.015715,-0.002756,-0.001696
2026-09-17T15:35:30.444690,ANOMALY,ANOMALY,19.192514,15.499893,-11.918228,-0.554195,-0.034533,-0.018175,-0.000508,-0.000535
2026-09-17T15:35:30.644786,ANOMALY,ANOMALY,19.175828,15.499893,-11.920539,-0.551981,-0.031313,-0.019297,0.000856,0.001062
2026-09-17T15:35:30.828815,ANOMALY,ANOMALY,19.168176,15.499893,-11.922043,-0.550591,-0.029886,-0.020043,0.001466,0.001572
2026-09-17T15:35:31.022686,ANOMALY,ANOMALY,19.158609,15.499893,-11.920843,-0.551258,-0.029283,-0.018535,0.000353,0.001808
2026-09-17T15:35:31.220579,ANOMALY,ANOMALY,19.171840,15.499893,-11.916884,-0.555295,-0.029049,-0.015458,-0.003263,0.001632
2026-09-17T15:35:31.408179,ANOMALY,ANOMALY,19.193637,15.499893,-11.909847,-0.558663,-0.031303,-0.010137,-0.005942,0.001116
2026-09-17T15:35:31.591698,ANOMALY,ANOMALY,19.208649,15.499893,-11.900348,-0.559159,-0.034772,-0.003564,-0.005945,0.000091
2026-09-17T15:35:31.771839,ANOMALY,ANOMALY,19.218095,15.499893,-11.893742,-0.559276,-0.039157,0.000705,-0.005977,-0.001354
2026-09-17T15:35:31.948214,ANOMALY,ANOMALY,19.215604,15.499893,-11.889474,-0.560329,-0.043970,0.002444,-0.007013,-0.003020
2026-09-17T15:35:30.108133,ANOMALY,ANOMALY,19.202560,15.499893,-11.888955,-0.561078,-0.047831,0.001895,-0.007306,-0.004111
2026-09-17T15:35:30.305697,ANOMALY,ANOMALY,19.196316,15.499893,-11.889563,-0.560426,-0.051129,0.000521,-0.006769,-0.004669
2026-09-17T15:35:30.494709,ANOMALY,ANOMALY,19.180343,15.499893,-11.892208,-0.559420,-0.053946,-0.001524,-0.006304,-0.005131
2026-09-17T15:35:30.678514,ANOMALY,ANOMALY,19.184998,15.499893,-11.895226,-0.559088,-0.055794,-0.003316,-0.006064,-0.005207
2026-09-17T15:35:30.865771,ANOMALY,ANOMALY,19.186494,15.499893,-11.896038,-0.558735,-0.058512,-0.002951,-0.005970,-0.006044
2026-09-17T15:35:31.090298,ANOMALY,ANOMALY,19.184495,15.499893,-11.895381,-0.557078,-0.062823,-0.002103,-0.004242,-0.007581
2026-09-17T15:35:31.272657,ANOMALY,ANOMALY,19.181524,15.499893,-11.893914,-0.555136,-0.066857,-0.000466,-0.002379,-0.007840
2026-09-17T15:35:31.461944,ANOMALY,ANOMALY,19.183915,15.499893,-11.892338,-0.553574,-0.068415,0.001387,-0.000968,-0.007054
2026-09-17T15:35:31.650832,ANOMALY,ANOMALY,19.187563,15.499893,-11.892286,-0.551084,-0.068757,0.001158,0.001277,-0.006648
2026-09-17T15:35:31.831044,ANOMALY,ANOMALY,19.192433,15.499893,-11.894091,-0.548510,-0.068692,-0.000423,0.003502,-0.006278
2026-09-17T15:35:32.007454,ANOMALY,ANOMALY,19.199708,15.499893,-11.896952,-0.543965,-0.067313,-0.001744,0.007279,-0.005493
2026-09-17T15:35:32.183074,ANOMALY,ANOMALY,19.219840,15.499893,-11.899963,-0.538429,-0.065473,-0.003010,0.011290,-0.004863
2026-09-17T15:35:32.354807,ANOMALY,ANOMALY,19.237256,15.499893,-11.903265,-0.532259,-0.062988,-0.004657,0.015300,-0.004119
2026-09-17T15:35:32.574735,ANOMALY,ANOMALY,19.230327,15.499893,-11.906356,-0.527114,-0.060335,-0.006533,0.018380,-0.003474
2026-09-17T15:35:32.757634,ANOMALY,ANOMALY,19.221583,15.499893,-11.909701,-0.523071,-0.057142,-0.008074,0.020112,-0.003131
2026-09-17T15:35:32.939749,ANOMALY,ANOMALY,19.226104,15.499893,-11.910992,-0.522397,-0.056413,-0.007742,0.019125,-0.003702
2026-09-17T15:35:33.125471,ANOMALY,ANOMALY,19.233230,15.499893,-11.911427,-0.523983,-0.057034,-0.007797,0.016866,-0.004250
2026-09-17T15:35:33.310720,ANOMALY,ANOMALY,19.237423,15.499893,-11.910871,-0.527151,-0.057859,-0.007248,0.013516,-0.004697
2026-09-17T15:35:33.503334,ANOMALY,ANOMALY,19.232836,15.499893,-11.912280,-0.530216,-0.060599,-0.008300,0.010475,-0.005622
2026-09-17T15:35:33.680201,ANOMALY,ANOMALY,19.236004,15.499893,-11.915445,-0.534121,-0.064331,-0.009860,0.007007,-0.006769
2026-09-17T15:35:33.862750,ANOMALY,ANOMALY,19.233357,15.499893,-11.917930,-0.537942,-0.066185,-0.010132,0.004015,-0.006792
2026-09-17T15:35:34.068482,ANOMALY,ANOMALY,19.232642,15.499893,-11.918169,-0.541393,-0.067485,-0.008104,0.001541,-0.006575
2026-09-17T15:35:34.249244,ANOMALY,ANOMALY,19.236678,15.499893,-11.916265,-0.543103,-0.066780,-0.004394,0.000557,-0.005695
2026-09-17T15:35:34.429179,ANOMALY,ANOMALY,19.251618,15.499893,-11.914066,-0.543219,-0.064391,-0.001910,0.000616,-0.004382
2026-09-17T15:35:34.603789,ANOMALY,ANOMALY,19.270787,15.499893,-11.912118,-0.541579,-0.060541,-0.000144,0.001959,-0.003106
2026-09-17T15:35:34.798558,ANOMALY,ANOMALY,19.281146,15.499893,-11.911483,-0.540390,-0.057198,0.000717,0.002854,-0.002534
2026-09-17T15:35:34.989032,ANOMALY,ANOMALY,19.287485,15.499893,-11.911264,-0.539517,-0.053187,0.001035,0.003296,-0.002023
2026-09-17T15:35:35.176289,ANOMALY,ANOMALY,19.284093,15.499893,-11.911200,-0.539634,-0.050643,0.000910,0.002923,-0.001815
2026-09-17T15:35:35.360232,ANOMALY,ANOMALY,19.278745,15.499893,-11.911208,-0.540943,-0.048128,0.000780,0.001923,-0.001199
2026-09-17T15:35:35.569818,ANOMALY,ANOMALY,19.288417,15.499893,-11.910478,-0.542098,-0.045237,0.001274,0.001322,-0.000526
2026-09-17T15:35:35.794036,ANOMALY,ANOMALY,19.284174,15.499893,-11.907681,-0.541585,-0.043065,0.003252,0.002961,-0.000006
2026-09-17T15:35:35.988346,ANOMALY,ANOMALY,19.282151,15.499893,-11.905432,-0.539321,-0.042347,0.004604,0.005731,-0.000467
2026-09-17T15:35:36.167518,ANOMALY,ANOMALY,19.285091,15.499893,-11.905646,-0.539424,-0.041754,0.003702,0.005632,-0.000634
2026-09-17T15:35:36.347852,ANOMALY,ANOMALY,19.298249,15.499893,-11.907562,-0.540568,-0.042211,0.001562,0.005204,-0.001185
2026-09-17T15:35:36.526495,ANOMALY,ANOMALY,19.307988,15.499893,-11.909405,-0.541279,-0.043535,-0.000459,0.004547,-0.001632
2026-09-17T15:35:36.705922,ANOMALY,ANOMALY,19.284908,15.499893,-11.912320,-0.542885,-0.045741,-0.003525,0.003640,-0.002266
2026-09-17T15:35:36.883604,ANOMALY,ANOMALY,19.271120,15.499893,-11.916025,-0.543451,-0.046975,-0.007016,0.003975,-0.002613
2026-09-17T15:35:37.074759,ANOMALY,ANOMALY,19.265120,15.499893,-11.919043,-0.542887,-0.046418,-0.009103,0.004991,-0.002654
2026-09-17T15:35:37.277952,ANOMALY,ANOMALY,19.265719,15.499893,-11.919499,-0.540608,-0.044710,-0.009289,0.007171,-0.002064
2026-09-17T15:35:37.470930,ANOMALY,ANOMALY,19.251374,15.499893,-11.916227,-0.538071,-0.042599,-0.006795,0.009164,-0.001708
2026-09-17T15:35:37.663563,ANOMALY,ANOMALY,19.234849,15.499893,-11.910476,-0.536479,-0.041213,-0.003480,0.009258,-0.002016
2026-09-17T15:35:37.854243,ANOMALY,ANOMALY,19.234126,15.499893,-11.904001,-0.533952,-0.041242,0.000361,0.010332,-0.002290
2026-09-17T15:35:38.041339,ANOMALY,ANOMALY,19.233722,15.499893,-11.900484,-0.531860,-0.041767,0.001788,0.011258,-0.002314
2026-09-17T15:35:38.241990,ANOMALY,ANOMALY,19.202585,15.499893,-11.897779,-0.529656,-0.043037,0.002704,0.011863,-0.002569
2026-09-17T15:35:38.426387,ANOMALY,ANOMALY,19.180835,15.499893,-11.894198,-0.528737,-0.043122,0.004455,0.011446,-0.002405
2026-09-17T15:35:38.607103,ANOMALY,ANOMALY,19.173078,15.499893,-11.893502,-0.528452,-0.042181,0.003979,0.011708,-0.002026
2026-09-17T15:35:38.786375,ANOMALY,ANOMALY,19.160918,15.499893,-11.896376,-0.526213,-0.041895,0.000738,0.013325,-0.002240
2026-09-17T15:35:38.967414,ANOMALY,ANOMALY,19.129740,15.499893,-11.898389,-0.524495,-0.043024,-0.000763,0.014634,-0.002684
2026-09-17T15:35:39.149800,ANOMALY,ANOMALY,19.099959,15.499893,-11.899006,-0.522358,-0.044387,-0.001707,0.015997,-0.002926
2026-09-17T15:35:39.342759,ANOMALY,ANOMALY,19.092990,15.499893,-11.898818,-0.520220,-0.045726,-0.001777,0.017428,-0.003217
2026-09-17T15:35:39.531253,ANOMALY,ANOMALY,19.082113,15.499893,-11.897561,-0.518095,-0.048369,-0.000761,0.018461,-0.003569
2026-09-17T15:35:39.717202,ANOMALY,ANOMALY,19.081045,15.499893,-11.897006,-0.518874,-0.050324,-0.001042,0.016596,-0.004053
2026-09-17T15:35:39.904237,ANOMALY,ANOMALY,19.074283,15.499893,-11.897919,-0.521291,-0.050708,-0.001752,0.013718,-0.003780
2026-09-17T15:35:40.089722,ANOMALY,ANOMALY,19.084934,15.499893,-11.899652,-0.526236,-0.049692,-0.002993,0.008789,-0.003039
2026-09-17T15:35:40.278144,ANOMALY,ANOMALY,19.107090,15.499893,-11.899236,-0.530559,-0.047946,-0.002315,0.005076,-0.002331
2026-09-17T15:35:40.461523,ANOMALY,ANOMALY,19.123816,15.499893,-11.896066,-0.535561,-0.045306,-0.000186,0.001881,-0.001137
2026-09-17T15:35:40.649386,ANOMALY,ANOMALY,19.141423,15.499893,-11.894466,-0.540878,-0.043347,0.001005,-0.000987,-0.000309
2026-09-17T15:35:40.830293,ANOMALY,ANOMALY,19.154443,15.499893,-11.893407,-0.546303,-0.042181,0.002102,-0.004065,0.000401
2026-09-17T15:35:41.010473,ANOMALY,ANOMALY,19.156929,15.499893,-11.890856,-0.552378,-0.041329,0.004330,-0.006720,0.000602
2026-09-17T15:35:41.248087,ANOMALY,ANOMALY,19.169410,15.499893,-11.886395,-0.557528,-0.040795,0.007853,-0.009102,0.000414
2026-09-17T15:35:41.426407,ANOMALY,ANOMALY,19.194439,15.499893,-11.880614,-0.563634,-0.041730,0.011911,-0.011374,-0.000653
2026-09-17T15:35:41.617398,ANOMALY,ANOMALY,19.200243,15.499893,-11.879029,-0.565475,-0.043332,0.011952,-0.011330,-0.001351
2026-09-17T15:35:41.803687,ANOMALY,ANOMALY,19.197584,15.499893,-11.877658,-0.565762,-0.046650,0.011640,-0.010684,-0.002235
2026-09-17T15:35:42.010445,ANOMALY,ANOMALY,19.189585,15.499893,-11.876770,-0.564950,-0.047829,0.011373,-0.009510,-0.001817
2026-09-17T15:35:42.196988,ANOMALY,ANOMALY,19.183256,15.499893,-11.877068,-0.564360,-0.044321,0.010353,-0.008536,-0.000509
2026-09-17T15:35:42.403033,ANOMALY,ANOMALY,19.188036,15.499893,-11.877249,-0.565292,-0.040471,0.009464,-0.008688,0.000839
2026-09-17T15:35:42.636523,ANOMALY,ANOMALY,19.193522,15.499893,-11.875582,-0.567025,-0.036746,0.009665,-0.009699,0.001991
2026-09-17T15:35:42.822954,ANOMALY,ANOMALY,19.212743,15.499893,-11.872640,-0.566425,-0.034161,0.010928,-0.008304,0.002600
2026-09-17T15:35:43.006064,ANOMALY,ANOMALY,19.217114,15.499893,-11.871118,-0.565094,-0.031104,0.011284,-0.007213,0.003351
2026-09-17T15:35:43.191394,ANOMALY,ANOMALY,19.209753,15.499893,-11.871634,-0.563444,-0.028560,0.010181,-0.006196,0.003725
2026-09-17T15:35:43.373698,ANOMALY,ANOMALY,19.218354,15.499893,-11.872033,-0.563004,-0.027456,0.009932,-0.006462,0.004004
2026-09-17T15:35:43.557640,ANOMALY,ANOMALY,19.227458,15.499893,-11.872910,-0.562356,-0.026703,0.009375,-0.005995,0.003839
2026-09-17T15:35:43.742648,ANOMALY,ANOMALY,19.238522,15.499893,-11.872682,-0.562273,-0.026896,0.009334,-0.005889,0.003569
2026-09-17T15:35:43.945198,ANOMALY,ANOMALY,19.225714,15.499893,-11.871177,-0.562237,-0.029512,0.009762,-0.005970,0.002718
2026-09-17T15:35:44.136235,ANOMALY,ANOMALY,19.223320,15.499893,-11.870780,-0.562569,-0.033417,0.009333,-0.006591,0.001448
2026-09-17T15:35:44.326390,ANOMALY,ANOMALY,19.228598,15.499893,-11.871729,-0.561583,-0.035883,0.008007,-0.006079,0.000811
2026-09-17T15:35:44.531883,ANOMALY,ANOMALY,19.237273,15.499893,-11.874357,-0.557864,-0.038376,0.005773,-0.003394,0.000619
2026-09-17T15:35:44.715868,ANOMALY,ANOMALY,19.247903,15.499893,-11.876662,-0.552394,-0.038015,0.003852,0.000707,0.001719
2026-09-17T15:35:44.910221,ANOMALY,ANOMALY,19.249569,15.499893,-11.879480,-0.548713,-0.036526,0.001974,0.003368,0.002865
2026-09-17T15:35:45.115042,ANOMALY,ANOMALY,19.239379,15.499893,-11.883492,-0.547428,-0.036447,0.000131,0.004471,0.003027
2026-09-17T15:35:45.301884,ANOMALY,ANOMALY,19.217389,15.499893,-11.887550,-0.546314,-0.036965,-0.001466,0.005436,0.003229
2026-09-17T15:35:45.485871,ANOMALY,ANOMALY,19.232852,15.499893,-11.891422,-0.545702,-0.037337,-0.003095,0.005626,0.003057
2026-09-17T15:35:45.715926,ANOMALY,ANOMALY,19.242633,15.499893,-11.896002,-0.546749,-0.037198,-0.004516,0.004790,0.003490
2026-09-17T15:35:45.904166,ANOMALY,ANOMALY,19.252977,15.499893,-11.901215,-0.549530,-0.035831,-0.006396,0.002590,0.003212
2026-09-17T15:35:46.131141,ANOMALY,ANOMALY,19.263228,15.499893,-11.905100,-0.551723,-0.032191,-0.008098,0.000636,0.003962
2026-09-17T15:35:46.366938,ANOMALY,ANOMALY,19.270157,15.499893,-11.906765,-0.552188,-0.028170,-0.007784,-0.000252,0.004353
2026-09-17T15:35:46.571417,ANOMALY,ANOMALY,19.276500,15.499893,-11.907510,-0.554707,-0.026196,-0.006715,-0.002369,0.004146
2026-09-17T15:35:46.769305,ANOMALY,ANOMALY,19.263788,15.499893,-11.909658,-0.557681,-0.026726,-0.007322,-0.004945,0.003327
2026-09-17T15:35:46.968281,ANOMALY,ANOMALY,19.252261,15.499893,-11.912887,-0.560751,-0.026661,-0.009131,-0.007131,0.002896
2026-09-17T15:35:47.167133,ANOMALY,ANOMALY,19.250566,15.499893,-11.917166,-0.561842,-0.024770,-0.011333,-0.007495,0.003600
2026-09-17T15:35:47.357148,ANOMALY,ANOMALY,19.249580,15.499893,-11.920918,-0.559473,-0.021386,-0.012965,-0.004474,0.004361
2026-09-17T15:35:47.555658,ANOMALY,ANOMALY,19.258496,15.499893,-11.922652,-0.554940,-0.019675,-0.012365,-0.000800,0.004163
2026-09-17T15:35:47.749377,ANOMALY,ANOMALY,19.255433,15.499893,-11.922636,-0.551097,-0.019346,-0.010807,0.001791,0.003354
2026-09-17T15:35:47.931807,ANOMALY,ANOMALY,19.259443,15.499893,-11.921078,-0.550097,-0.020199,-0.008591,0.001706,0.002488
2026-09-17T15:35:48.115840,ANOMALY,ANOMALY,19.262813,15.499893,-11.918578,-0.550905,-0.021935,-0.006421,0.000702,0.001505
2026-09-17T15:35:48.295128,ANOMALY,ANOMALY,19.267482,15.499893,-11.914400,-0.552326,-0.023318,-0.003136,-0.001070,0.000628
2026-09-17T15:35:48.501428,ANOMALY,ANOMALY,19.274169,15.499893,-11.910183,-0.554982,-0.023668,-0.000041,-0.003142,0.000452
2026-09-17T15:35:48.704599,ANOMALY,ANOMALY,19.259128,15.499893,-11.904758,-0.557691,-0.022732,0.003534,-0.004524,0.001057
2026-09-17T15:35:48.893699,ANOMALY,ANOMALY,19.265398,15.499893,-11.900283,-0.559463,-0.024057,0.006115,-0.005028,0.000692
2026-09-17T15:35:49.084287,ANOMALY,ANOMALY,19.277645,15.499893,-11.899553,-0.561293,-0.024977,0.005872,-0.006198,-0.000017
2026-09-17T15:35:49.275196,ANOMALY,ANOMALY,19.296500,15.499893,-11.900846,-0.563143,-0.024963,0.004266,-0.007469,-0.000042
2026-09-17T15:35:49.469731,ANOMALY,ANOMALY,19.292618,15.499893,-11.901848,-0.564819,-0.025311,0.002842,-0.007901,-0.000033
2026-09-17T15:35:49.657428,ANOMALY,ANOMALY,19.277502,15.499893,-11.902451,-0.566433,-0.025791,0.002122,-0.009003,-0.000162
2026-09-17T15:35:49.853284,ANOMALY,ANOMALY,19.276555,15.499893,-11.903834,-0.567812,-0.025984,0.000281,-0.009126,0.000015
2026-09-17T15:35:50.038176,ANOMALY,ANOMALY,19.267898,15.499893,-11.904133,-0.567513,-0.025937,-0.000452,-0.007855,0.000640
2026-09-17T15:35:50.224177,ANOMALY,ANOMALY,19.263713,15.499893,-11.903654,-0.565475,-0.026527,-0.000582,-0.006137,0.000701
2026-09-17T15:35:50.413625,ANOMALY,ANOMALY,19.269428,15.499893,-11.904473,-0.560652,-0.027336,-0.001881,-0.002488,0.000577
2026-09-17T15:35:50.590063,ANOMALY,ANOMALY,19.282055,15.499893,-11.905447,-0.555891,-0.028095,-0.002665,0.000440,0.000572
2026-09-17T15:35:50.772767,ANOMALY,ANOMALY,19.301178,15.499893,-11.906410,-0.553330,-0.028204,-0.003071,0.001922,0.000921
2026-09-17T15:35:50.967073,ANOMALY,ANOMALY,19.298195,15.499893,-11.908561,-0.551508,-0.026510,-0.003360,0.002227,0.002712
2026-09-17T15:35:51.169202,ANOMALY,ANOMALY,19.301238,15.499893,-11.910947,-0.551025,-0.023302,-0.003906,0.001688,0.004410
2026-09-17T15:35:51.364386,ANOMALY,ANOMALY,19.309951,15.499893,-11.913486,-0.550635,-0.018862,-0.005009,0.001449,0.006276
2026-09-17T15:35:51.556200,ANOMALY,ANOMALY,19.315220,15.499893,-11.915404,-0.551345,-0.014245,-0.005819,0.000553,0.007425
2026-09-17T15:35:51.745486,ANOMALY,ANOMALY,19.315135,15.499893,-11.915865,-0.552335,-0.010912,-0.005302,-0.000303,0.007951
2026-09-17T15:35:51.938364,ANOMALY,ANOMALY,19.313179,15.499893,-11.916583,-0.554188,-0.006627,-0.005905,-0.001007,0.008162
2026-09-17T15:35:52.121705,ANOMALY,ANOMALY,19.310242,15.499893,-11.919086,-0.555723,-0.002326,-0.007569,-0.001317,0.009664
2026-09-17T15:35:52.309867,ANOMALY,ANOMALY,19.296425,15.499893,-11.922564,-0.559413,0.002374,-0.009291,-0.003286,0.010795
2026-09-17T15:35:52.493529,ANOMALY,ANOMALY,19.294187,15.499893,-11.924652,-0.563101,0.005339,-0.009920,-0.005321,0.011078
2026-09-17T15:35:52.678657,ANOMALY,ANOMALY,19.292758,15.499893,-11.926576,-0.564223,0.007676,-0.010514,-0.005474,0.011530
2026-09-17T15:35:52.854093,ANOMALY,ANOMALY,19.286841,15.499893,-11.929015,-0.563687,0.009045,-0.011505,-0.005201,0.011383
2026-09-17T15:35:53.029780,ANOMALY,ANOMALY,19.281883,15.499893,-11.929361,-0.561558,0.008779,-0.011377,-0.003917,0.011022
2026-09-17T15:35:53.214213,ANOMALY,ANOMALY,19.283290,15.499893,-11.928248,-0.558909,0.009377,-0.009870,-0.001975,0.010822
2026-09-17T15:35:53.444895,ANOMALY,ANOMALY,19.278349,15.499893,-11.926563,-0.556328,0.010117,-0.007687,-0.000454,0.010416
2026-09-17T15:35:53.636279,ANOMALY,ANOMALY,19.265117,15.499893,-11.924603,-0.552100,0.009292,-0.005427,0.001720,0.009388
2026-09-17T15:35:53.825453,ANOMALY,ANOMALY,19.254702,15.499893,-11.922890,-0.550134,0.007861,-0.003508,0.001975,0.008481
2026-09-17T15:35:54.010197,ANOMALY,ANOMALY,19.259730,15.499893,-11.921913,-0.550651,0.005923,-0.002776,0.000662,0.007273
2026-09-17T15:35:54.193932,ANOMALY,ANOMALY,19.254179,15.499893,-11.920493,-0.551168,0.003364,-0.002016,-0.000021,0.006456
2026-09-17T15:35:54.376017,ANOMALY,ANOMALY,19.244418,15.499893,-11.918155,-0.550216,0.000780,-0.000467,0.000518,0.005487
2026-09-17T15:35:54.560368,ANOMALY,ANOMALY,19.236954,15.499893,-11.915344,-0.550223,-0.000800,0.001302,0.000703,0.005397
2026-09-17T15:35:54.738777,ANOMALY,ANOMALY,19.252560,15.499893,-11.913968,-0.551276,-0.001855,0.001826,-0.000118,0.005247
2026-09-17T15:35:54.915127,ANOMALY,ANOMALY,19.261784,15.499893,-11.913731,-0.551415,-0.002910,0.001211,0.000131,0.005372
2026-09-17T15:35:55.095262,ANOMALY,ANOMALY,19.255584,15.499893,-11.913551,-0.550336,-0.004144,0.000699,0.001166,0.005411
2026-09-17T15:35:55.287375,ANOMALY,ANOMALY,19.257127,15.499893,-11.913944,-0.547467,-0.005437,0.000001,0.003269,0.004938
2026-09-17T15:35:55.491017,ANOMALY,ANOMALY,19.252662,15.499893,-11.914682,-0.543287,-0.006610,-0.000705,0.006315,0.004726
2026-09-17T15:35:55.699010,ANOMALY,ANOMALY,19.242887,15.499893,-11.917448,-0.539470,-0.006298,-0.002491,0.009022,0.004278
2026-09-17T15:35:55.899963,ANOMALY,ANOMALY,19.243325,15.499893,-11.920621,-0.537849,-0.004584,-0.003929,0.009442,0.004942
2026-09-17T15:35:56.082463,ANOMALY,ANOMALY,19.248924,15.499893,-11.922744,-0.539297,-0.005086,-0.004872,0.007840,0.004030
2026-09-17T15:35:56.271925,ANOMALY,ANOMALY,19.258893,15.499893,-11.926827,-0.542245,-0.008496,-0.007764,0.005603,0.002219
2026-09-17T15:35:56.453255,ANOMALY,ANOMALY,19.265811,15.499893,-11.931726,-0.545030,-0.012226,-0.011221,0.003864,0.000573
2026-09-17T15:35:56.638409,ANOMALY,ANOMALY,19.267464,15.499893,-11.936982,-0.547868,-0.016260,-0.014218,0.001899,-0.001172
2026-09-17T15:35:56.828132,ANOMALY,ANOMALY,19.273260,15.499893,-11.938805,-0.549429,-0.019432,-0.014055,0.001246,-0.002047
2026-09-17T15:35:57.040936,ANOMALY,ANOMALY,19.273208,15.499893,-11.938375,-0.550730,-0.021145,-0.012314,0.000443,-0.002258
2026-09-17T15:35:57.232506,ANOMALY,ANOMALY,19.269430,15.499893,-11.939741,-0.552730,-0.022278,-0.011559,-0.000162,-0.001841
2026-09-17T15:35:57.416977,ANOMALY,ANOMALY,19.284407,15.499893,-11.942432,-0.552806,-0.023578,-0.011919,0.000519,-0.002336
2026-09-17T15:35:57.592378,ANOMALY,ANOMALY,19.294131,15.499893,-11.947062,-0.551719,-0.025400,-0.013469,0.002510,-0.002808
2026-09-17T15:35:57.784965,ANOMALY,ANOMALY,19.261001,15.499893,-11.952302,-0.550643,-0.026357,-0.015960,0.004398,-0.003264
2026-09-17T15:35:57.979918,ANOMALY,ANOMALY,19.231958,15.499893,-11.956954,-0.550053,-0.025512,-0.018260,0.005415,-0.003183
2026-09-17T15:35:58.159334,ANOMALY,ANOMALY,19.240797,15.499893,-11.960235,-0.548494,-0.023589,-0.019508,0.006554,-0.002543
2026-09-17T15:35:58.337558,ANOMALY,ANOMALY,19.248604,15.499893,-11.961768,-0.545237,-0.023182,-0.019580,0.008886,-0.002351
2026-09-17T15:35:58.523619,ANOMALY,ANOMALY,19.223517,15.499893,-11.960766,-0.541243,-0.023094,-0.018290,0.011690,-0.002442
2026-09-17T15:35:58.765075,ANOMALY,ANOMALY,19.208761,15.499893,-11.956685,-0.537468,-0.023961,-0.014760,0.013839,-0.002845
2026-09-17T15:35:58.962463,ANOMALY,ANOMALY,19.186720,15.499893,-11.950077,-0.534521,-0.025649,-0.009829,0.014869,-0.003206
2026-09-17T15:35:59.158888,ANOMALY,ANOMALY,19.165853,15.499893,-11.943652,-0.533114,-0.027763,-0.005309,0.014823,-0.004123
2026-09-17T15:35:59.338672,ANOMALY,ANOMALY,19.144125,15.499893,-11.937668,-0.534113,-0.030262,-0.001190,0.013392,-0.005127
2026-09-17T15:35:59.522588,ANOMALY,ANOMALY,19.124187,15.499893,-11.933536,-0.535425,-0.033504,0.001507,0.011752,-0.006223
2026-09-17T15:35:59.697585,ANOMALY,ANOMALY,19.125631,15.499893,-11.929633,-0.536751,-0.035928,0.003929,0.010875,-0.007211
2026-09-17T15:35:59.871679,ANOMALY,ANOMALY,19.120924,15.499893,-11.926977,-0.539095,-0.036090,0.005984,0.009334,-0.007070
2026-09-17T15:36:00.064321,ANOMALY,ANOMALY,19.103112,15.499893,-11.926320,-0.542931,-0.034732,0.005971,0.006958,-0.006056
2026-09-17T15:36:00.250793,ANOMALY,ANOMALY,19.088281,15.499893,-11.926988,-0.548177,-0.032840,0.004988,0.004117,-0.004149
2026-09-17T15:36:00.437462,ANOMALY,ANOMALY,19.063204,15.499893,-11.927501,-0.555738,-0.030071,0.004470,-0.000946,-0.002166
2026-09-17T15:36:00.618458,ANOMALY,ANOMALY,19.040997,15.499893,-11.927058,-0.563125,-0.026923,0.004319,-0.005735,-0.000504
2026-09-17T15:36:00.800907,ANOMALY,ANOMALY,19.017366,15.499893,-11.926056,-0.570713,-0.022714,0.004681,-0.010207,0.001379
2026-09-17T15:36:00.989839,ANOMALY,ANOMALY,18.990077,15.499893,-11.924634,-0.574322,-0.019524,0.005112,-0.011954,0.002288
2026-09-17T15:36:01.168665,ANOMALY,ANOMALY,19.006850,15.499893,-11.925363,-0.575837,-0.017186,0.003944,-0.012240,0.002656
2026-09-17T15:36:01.354547,ANOMALY,ANOMALY,19.034242,15.499893,-11.928397,-0.576241,-0.016009,0.001479,-0.012250,0.002214
2026-09-17T15:36:01.550347,ANOMALY,ANOMALY,19.066934,15.499893,-11.933949,-0.576383,-0.014070,-0.002495,-0.011739,0.002434
2026-09-17T15:36:01.728349,ANOMALY,ANOMALY,19.092662,15.499893,-11.939462,-0.575715,-0.011510,-0.005606,-0.010872,0.002412
2026-09-17T15:36:01.915910,ANOMALY,ANOMALY,19.095626,15.499893,-11.942487,-0.575915,-0.010523,-0.006928,-0.010902,0.002054
2026-09-17T15:36:02.100152,ANOMALY,ANOMALY,19.109827,15.499893,-11.944559,-0.576469,-0.011401,-0.007870,-0.010389,0.000916
2026-09-17T15:36:02.287111,ANOMALY,ANOMALY,19.104761,15.499893,-11.944940,-0.576611,-0.012226,-0.007711,-0.009434,0.000054
2026-09-17T15:36:00.455422,ANOMALY,ANOMALY,19.106834,15.499893,-11.941965,-0.576133,-0.012591,-0.004922,-0.007835,-0.000776
2026-09-17T15:36:00.646537,ANOMALY,ANOMALY,19.119146,15.499893,-11.937860,-0.574881,-0.014262,-0.002352,-0.006498,-0.001631
2026-09-17T15:36:00.854848,ANOMALY,ANOMALY,19.125450,15.499893,-11.934464,-0.574373,-0.015719,0.000093,-0.005859,-0.002343
2026-09-17T15:36:01.064009,ANOMALY,ANOMALY,19.138416,15.499893,-11.929112,-0.573655,-0.018269,0.003765,-0.005452,-0.002975
2026-09-17T15:36:01.303234,ANOMALY,ANOMALY,19.157280,15.499893,-11.927101,-0.572219,-0.018290,0.004145,-0.004894,-0.003221
2026-09-17T15:36:01.519481,ANOMALY,ANOMALY,19.210163,15.499893,-11.926688,-0.569010,-0.016447,0.003027,-0.002728,-0.002752
2026-09-17T15:36:01.751625,ANOMALY,ANOMALY,19.239141,15.499893,-11.925612,-0.564853,-0.016020,0.003286,0.000239,-0.002149
