timestamp,raw_status,confirmed_status,score,threshold,x,y,z,vx,vy,vz
2026-09-17T15:25:25.702127,NORMAL,NORMAL,14.433417,15.499893,0.023105,-0.007269,0.000429,0.010294,-0.004314,0.004664
2026-09-17T15:25:25.877320,NORMAL,NORMAL,14.430287,15.499893,0.015044,-0.007436,-0.000286,0.002754,-0.002493,0.003967
2026-09-17T15:25:26.057289,NORMAL,NORMAL,14.434182,15.499893,0.009000,-0.008775,-0.002459,-0.002261,-0.002374,0.003340
2026-09-17T15:25:26.232481,NORMAL,NORMAL,14.434222,15.499893,0.002463,-0.010382,-0.005024,-0.006834,-0.002484,0.002772
2026-09-17T15:25:26.412885,NORMAL,NORMAL,14.443292,15.499893,-0.003177,-0.010992,-0.007279,-0.010190,-0.002522,0.002615
2026-09-17T15:25:26.605026,NORMAL,NORMAL,14.455604,15.499893,-0.007350,-0.009649,-0.009851,-0.012023,-0.001556,0.002313
2026-09-17T15:25:26.797561,NORMAL,NORMAL,14.468449,15.499893,-0.011320,-0.006751,-0.013004,-0.013042,0.000403,0.001903
2026-09-17T15:25:26.986216,NORMAL,NORMAL,14.484393,15.499893,-0.014275,-0.004128,-0.013543,-0.013735,0.001345,0.002190
2026-09-17T15:25:27.178328,NORMAL,NORMAL,14.494548,15.499893,-0.015481,-0.001555,-0.012358,-0.013428,0.002765,0.002998
2026-09-17T15:25:27.362922,NORMAL,NORMAL,14.505588,15.499893,-0.015756,0.000981,-0.011388,-0.013323,0.004141,0.003199
2026-09-17T15:25:27.539802,NORMAL,NORMAL,14.520320,15.499893,-0.013753,0.004233,-0.010377,-0.011538,0.005653,0.003236
2026-09-17T15:25:27.721963,NORMAL,NORMAL,14.533105,15.499893,-0.009026,0.006161,-0.010406,-0.007891,0.006289,0.003018
2026-09-17T15:25:27.902103,NORMAL,NORMAL,14.552309,15.499893,-0.002647,0.007873,-0.012702,-0.002750,0.007152,0.002466
2026-09-17T15:25:28.083659,NORMAL,NORMAL,14.570576,15.499893,0.001376,0.009166,-0.015680,-0.000072,0.007620,0.001218
2026-09-17T15:25:28.261560,NORMAL,NORMAL,14.586339,15.499893,0.005853,0.010371,-0.017807,0.002341,0.008388,0.000534
2026-09-17T15:25:28.432637,NORMAL,NORMAL,14.603857,15.499893,0.010660,0.011991,-0.019525,0.004278,0.009081,-0.000158
2026-09-17T15:25:28.605598,NORMAL,NORMAL,14.612118,15.499893,0.013490,0.012682,-0.020892,0.005178,0.009009,-0.000710
2026-09-17T15:25:28.789313,NORMAL,NORMAL,14.621689,15.499893,0.014588,0.013154,-0.022293,0.005206,0.009071,-0.001680
2026-09-17T15:25:28.973464,NORMAL,NORMAL,14.625827,15.499893,0.013484,0.013075,-0.023743,0.004108,0.008571,-0.002377
2026-09-17T15:25:29.154183,NORMAL,NORMAL,14.628750,15.499893,0.011693,0.012957,-0.024874,0.003136,0.008637,-0.002429
2026-09-17T15:25:29.366800,NORMAL,NORMAL,14.637497,15.499893,0.009312,0.012172,-0.023739,0.001968,0.008287,-0.001473
2026-09-17T15:25:29.549862,NORMAL,NORMAL,14.641790,15.499893,0.006726,0.010196,-0.022265,0.000026,0.007180,-0.000554
2026-09-17T15:25:29.736760,NORMAL,NORMAL,14.644541,15.499893,0.005281,0.009196,-0.021033,-0.000224,0.006742,0.000233
2026-09-17T15:25:29.922476,NORMAL,NORMAL,14.650771,15.499893,0.002168,0.010196,-0.017332,-0.001368,0.007635,0.001382
2026-09-17T15:25:30.095530,NORMAL,NORMAL,14.656011,15.499893,-0.001398,0.010701,-0.014713,-0.003023,0.007825,0.001817
2026-09-17T15:25:30.280572,NORMAL,NORMAL,14.655440,15.499893,-0.003910,0.010271,-0.012764,-0.002777,0.007288,0.002145
2026-09-17T15:25:30.463152,NORMAL,NORMAL,14.658752,15.499893,-0.004674,0.010723,-0.010676,-0.002100,0.007730,0.002540
2026-09-17T15:25:30.633835,NORMAL,NORMAL,14.658559,15.499893,-0.004264,0.012024,-0.009652,-0.001196,0.008706,0.002606
2026-09-17T15:25:30.806721,NORMAL,NORMAL,14.651514,15.499893,-0.002500,0.013075,-0.010718,0.000113,0.008971,0.002450
2026-09-17T15:25:31.031756,NORMAL,NORMAL,14.647334,15.499893,-0.001367,0.013664,-0.013230,0.000648,0.008935,0.001990
2026-09-17T15:25:31.217682,NORMAL,NORMAL,14.638470,15.499893,-0.000921,0.013650,-0.017532,0.001032,0.008049,0.001180
2026-09-17T15:25:31.400158,NORMAL,NORMAL,14.634797,15.499893,-0.000711,0.012462,-0.019748,0.002193,0.006829,0.001058
2026-09-17T15:25:31.637633,NORMAL,NORMAL,14.635546,15.499893,-0.001989,0.009398,-0.021912,0.002839,0.004226,0.001016
2026-09-17T15:25:31.836880,NORMAL,NORMAL,14.638519,15.499893,-0.006704,0.005573,-0.024299,0.000441,0.001446,0.000685
2026-09-17T15:25:32.028547,NORMAL,NORMAL,14.626538,15.499893,-0.012402,0.002399,-0.026483,-0.003276,-0.000035,0.000302
2026-09-17T15:25:32.203636,NORMAL,NORMAL,14.619275,15.499893,-0.016803,-0.000645,-0.027401,-0.005808,-0.001262,0.000520
2026-09-17T15:25:32.381070,NORMAL,NORMAL,14.618732,15.499893,-0.019143,-0.004683,-0.027039,-0.006628,-0.002957,0.000795
2026-09-17T15:25:32.557443,NORMAL,NORMAL,14.619336,15.499893,-0.018650,-0.007361,-0.025901,-0.006164,-0.003739,0.001123
2026-09-17T15:25:32.734598,NORMAL,NORMAL,14.635488,15.499893,-0.016493,-0.009156,-0.025335,-0.004565,-0.004138,0.000972
2026-09-17T15:25:32.914908,NORMAL,NORMAL,14.648297,15.499893,-0.014683,-0.010342,-0.024921,-0.003519,-0.004144,0.000425
2026-09-17T15:25:33.088891,NORMAL,NORMAL,14.651102,15.499893,-0.014083,-0.010286,-0.023431,-0.003587,-0.003567,0.000611
2026-09-17T15:25:33.272047,NORMAL,NORMAL,14.647736,15.499893,-0.013736,-0.010331,-0.020695,-0.003922,-0.003112,0.001199
2026-09-17T15:25:33.451932,NORMAL,NORMAL,14.637190,15.499893,-0.014460,-0.007895,-0.017959,-0.004928,-0.000975,0.001690
2026-09-17T15:25:33.631141,NORMAL,NORMAL,14.627573,15.499893,-0.016088,-0.005136,-0.016485,-0.005829,0.001267,0.001747
2026-09-17T15:25:33.842892,NORMAL,NORMAL,14.623331,15.499893,-0.019205,-0.003879,-0.015356,-0.007751,0.001729,0.001684
2026-09-17T15:25:34.023720,NORMAL,NORMAL,14.621113,15.499893,-0.019748,-0.002695,-0.014951,-0.007774,0.002250,0.001360
2026-09-17T15:25:34.203929,NORMAL,NORMAL,14.616754,15.499893,-0.018615,-0.003333,-0.014510,-0.007152,0.001422,0.001561
2026-09-17T15:25:34.386842,NORMAL,NORMAL,14.611608,15.499893,-0.016887,-0.006188,-0.015155,-0.006227,-0.000990,0.000816
2026-09-17T15:25:34.567910,NORMAL,NORMAL,14.597704,15.499893,-0.014162,-0.008825,-0.015296,-0.004568,-0.002643,0.000890
2026-09-17T15:25:34.741011,NORMAL,NORMAL,14.583614,15.499893,-0.008401,-0.013200,-0.014488,-0.000804,-0.004911,0.001207
2026-09-17T15:25:34.915522,NORMAL,NORMAL,14.580040,15.499893,-0.003640,-0.016585,-0.014453,0.001861,-0.006540,0.001003
2026-09-17T15:25:35.093743,NORMAL,NORMAL,14.580788,15.499893,0.000336,-0.020442,-0.015161,0.003752,-0.008375,0.000425
2026-09-17T15:25:35.294085,NORMAL,NORMAL,14.568713,15.499893,0.002119,-0.023505,-0.017935,0.004416,-0.009462,-0.000639
2026-09-17T15:25:35.478468,NORMAL,NORMAL,14.552481,15.499893,0.002199,-0.022000,-0.022722,0.004234,-0.006154,-0.002245
2026-09-17T15:25:35.663122,NORMAL,NORMAL,14.558156,15.499893,0.000897,-0.017235,-0.026312,0.003157,-0.000887,-0.002979
2026-09-17T15:25:35.844079,NORMAL,NORMAL,14.568106,15.499893,-0.000435,-0.013167,-0.027504,0.002387,0.002540,-0.003125
2026-09-17T15:25:36.024569,NORMAL,NORMAL,14.564423,15.499893,-0.003121,-0.009013,-0.027910,0.000477,0.005365,-0.002886
2026-09-17T15:25:36.209474,NORMAL,NORMAL,14.563122,15.499893,-0.004059,-0.006652,-0.027914,0.000198,0.006754,-0.002557
2026-09-17T15:25:36.389876,NORMAL,NORMAL,14.557368,15.499893,-0.002411,-0.005215,-0.027983,0.002097,0.006993,-0.002365
2026-09-17T15:25:36.570192,NORMAL,NORMAL,14.554407,15.499893,0.000010,-0.003919,-0.027985,0.003988,0.007237,-0.002204
2026-09-17T15:25:36.747291,NORMAL,NORMAL,14.570075,15.499893,0.002966,-0.001540,-0.026752,0.006077,0.008435,-0.002150
2026-09-17T15:25:36.926291,NORMAL,NORMAL,14.586159,15.499893,0.006596,0.000443,-0.025452,0.008184,0.009355,-0.001883
2026-09-17T15:25:37.099882,NORMAL,NORMAL,14.581830,15.499893,0.011139,0.001940,-0.024941,0.010150,0.009635,-0.001572
2026-09-17T15:25:37.276451,NORMAL,NORMAL,14.572721,15.499893,0.014604,0.004399,-0.026456,0.010784,0.010642,-0.002166
2026-09-17T15:25:37.452048,NORMAL,NORMAL,14.570262,15.499893,0.015082,0.007394,-0.027588,0.010344,0.011817,-0.002721
2026-09-17T15:25:37.638443,NORMAL,NORMAL,14.570404,15.499893,0.012948,0.009579,-0.026353,0.008183,0.012174,-0.002243
2026-09-17T15:25:37.821999,NORMAL,NORMAL,14.572498,15.499893,0.009266,0.010018,-0.024346,0.005738,0.010756,-0.001411
2026-09-17T15:25:38.006377,NORMAL,NORMAL,14.574746,15.499893,0.005555,0.008327,-0.021922,0.003700,0.008367,-0.000125
2026-09-17T15:25:38.187357,NORMAL,NORMAL,14.570241,15.499893,0.001493,0.005212,-0.019073,0.001363,0.005378,0.000949
2026-09-17T15:25:38.370692,NORMAL,NORMAL,14.565190,15.499893,0.000357,0.001704,-0.017103,0.001031,0.002713,0.001650
2026-09-17T15:25:38.554413,NORMAL,NORMAL,14.565166,15.499893,0.000177,-0.002641,-0.014263,0.001624,-0.000084,0.002301
2026-09-17T15:25:38.731973,NORMAL,NORMAL,14.571882,15.499893,-0.000387,-0.005196,-0.012190,0.001748,-0.001737,0.003025
2026-09-17T15:25:38.910849,NORMAL,NORMAL,14.593596,15.499893,-0.003795,-0.006735,-0.009800,-0.000316,-0.002775,0.003406
2026-09-17T15:25:39.087563,NORMAL,NORMAL,14.609760,15.499893,-0.007466,-0.006493,-0.007372,-0.002247,-0.002880,0.004293
2026-09-17T15:25:39.263808,NORMAL,NORMAL,14.612226,15.499893,-0.010760,-0.005036,-0.004380,-0.003791,-0.002140,0.004832
2026-09-17T15:25:39.446271,NORMAL,NORMAL,14.611981,15.499893,-0.012903,-0.002822,0.000455,-0.004752,-0.001298,0.006342
2026-09-17T15:25:39.634370,NORMAL,NORMAL,14.609463,15.499893,-0.014793,-0.000894,0.008509,-0.005616,-0.000960,0.008798
2026-09-17T15:25:39.838391,NORMAL,NORMAL,14.608196,15.499893,-0.017144,-0.000594,0.015043,-0.006855,-0.001933,0.010131
2026-09-17T15:25:40.025354,NORMAL,NORMAL,14.608371,15.499893,-0.021196,-0.000722,0.019627,-0.009019,-0.002654,0.010438
2026-09-17T15:25:40.220509,NORMAL,NORMAL,14.611836,15.499893,-0.024035,-0.001533,0.022931,-0.009632,-0.003763,0.010764
2026-09-17T15:25:40.420826,NORMAL,NORMAL,14.584887,15.499893,-0.026414,-0.003160,0.026981,-0.009820,-0.005332,0.011393
2026-09-17T15:25:40.616132,NORMAL,NORMAL,14.566934,15.499893,-0.026600,-0.003206,0.029132,-0.008501,-0.005064,0.011427
2026-09-17T15:25:40.799141,NORMAL,NORMAL,14.555364,15.499893,-0.026802,-0.002129,0.029571,-0.008065,-0.004474,0.011415
2026-09-17T15:25:41.003036,NORMAL,NORMAL,14.552011,15.499893,-0.025972,0.000384,0.029259,-0.007446,-0.002497,0.010987
2026-09-17T15:25:41.199297,NORMAL,NORMAL,14.550903,15.499893,-0.022668,0.003231,0.027535,-0.005194,-0.000875,0.010301
2026-09-17T15:25:41.390325,NORMAL,NORMAL,14.543531,15.499893,-0.019003,0.006591,0.024726,-0.003461,0.001312,0.009160
2026-09-17T15:25:41.636609,NORMAL,NORMAL,14.542397,15.499893,-0.015781,0.008770,0.023531,-0.001931,0.002920,0.008547
2026-09-17T15:25:41.810873,NORMAL,NORMAL,14.540885,15.499893,-0.013279,0.007919,0.021637,-0.001474,0.002155,0.007740
2026-09-17T15:25:41.985469,NORMAL,NORMAL,14.546496,15.499893,-0.011589,0.006527,0.020320,-0.001088,0.001205,0.007243
2026-09-17T15:25:42.196184,NORMAL,NORMAL,14.558771,15.499893,-0.007667,0.004605,0.020654,0.000862,0.000164,0.007146
2026-09-17T15:25:42.375419,NORMAL,NORMAL,14.560077,15.499893,-0.003062,0.002080,0.020969,0.003147,-0.000858,0.006514
2026-09-17T15:25:42.558377,NORMAL,NORMAL,14.561893,15.499893,0.000255,-0.000838,0.019938,0.005058,-0.002426,0.005548
2026-09-17T15:25:42.739373,NORMAL,NORMAL,14.545865,15.499893,0.002579,-0.002285,0.018183,0.005913,-0.003035,0.004434
2026-09-17T15:25:42.935056,NORMAL,NORMAL,14.531931,15.499893,0.007596,-0.003439,0.015634,0.008404,-0.003213,0.002918
2026-09-17T15:25:43.106480,NORMAL,NORMAL,14.526905,15.499893,0.012538,-0.004638,0.012783,0.010154,-0.003250,0.001930
2026-09-17T15:25:43.290003,NORMAL,NORMAL,14.520674,15.499893,0.015674,-0.005216,0.010964,0.010991,-0.003205,0.001678
2026-09-17T15:25:43.470981,NORMAL,NORMAL,14.515127,15.499893,0.018822,-0.004206,0.009245,0.012377,-0.001835,0.000920
2026-09-17T15:25:43.648287,NORMAL,NORMAL,14.513510,15.499893,0.021684,-0.004538,0.006709,0.013481,-0.002034,-0.000278
2026-09-17T15:25:43.833025,NORMAL,NORMAL,14.510890,15.499893,0.023253,-0.005590,0.006229,0.013903,-0.002737,-0.000649
2026-09-17T15:25:44.019120,NORMAL,NORMAL,14.503479,15.499893,0.024742,-0.006912,0.007891,0.013932,-0.003367,0.000227
2026-09-17T15:25:44.209860,NORMAL,NORMAL,14.508101,15.499893,0.025004,-0.007820,0.009237,0.013186,-0.004347,0.000809
2026-09-17T15:25:44.423230,NORMAL,NORMAL,14.515751,15.499893,0.023556,-0.009211,0.009523,0.011058,-0.005454,0.000511
2026-09-17T15:25:44.629285,NORMAL,NORMAL,14.513389,15.499893,0.023356,-0.011211,0.009021,0.010392,-0.007567,0.000433
2026-09-17T15:25:44.833823,NORMAL,NORMAL,14.507069,15.499893,0.023268,-0.012741,0.007640,0.009726,-0.008642,-0.000372
2026-09-17T15:25:45.036158,NORMAL,NORMAL,14.508472,15.499893,0.023895,-0.013520,0.005589,0.009572,-0.009446,-0.001177
2026-09-17T15:25:45.227705,NORMAL,NORMAL,14.510186,15.499893,0.026618,-0.013571,0.003076,0.010873,-0.009332,-0.001708
2026-09-17T15:25:45.480821,NORMAL,NORMAL,14.496741,15.499893,0.030178,-0.012138,0.001819,0.012949,-0.007768,-0.001843
2026-09-17T15:25:45.671266,NORMAL,NORMAL,14.477663,15.499893,0.034965,-0.009490,-0.002215,0.015247,-0.005013,-0.002349
2026-09-17T15:25:45.860268,NORMAL,NORMAL,14.475680,15.499893,0.036314,-0.010829,-0.005498,0.015299,-0.005943,-0.003178
2026-09-17T15:25:46.049235,NORMAL,NORMAL,14.475089,15.499893,0.036546,-0.013358,-0.005774,0.014748,-0.007865,-0.002203
2026-09-17T15:25:46.235903,NORMAL,NORMAL,14.459513,15.499893,0.035275,-0.016248,-0.004703,0.012667,-0.009501,-0.001252
2026-09-17T15:25:46.416568,NORMAL,NORMAL,14.446209,15.499893,0.032517,-0.018265,-0.004240,0.009858,-0.011091,-0.000638
2026-09-17T15:25:46.592323,NORMAL,NORMAL,14.447635,15.499893,0.030132,-0.018978,-0.003686,0.007862,-0.011358,-0.000276
2026-09-17T15:25:46.784881,NORMAL,NORMAL,14.450874,15.499893,0.026297,-0.020583,-0.001949,0.005437,-0.012468,0.000293
2026-09-17T15:25:46.972054,NORMAL,NORMAL,14.443436,15.499893,0.018941,-0.022810,0.000891,0.000808,-0.013781,0.001264
2026-09-17T15:25:47.153872,NORMAL,NORMAL,14.441468,15.499893,0.009245,-0.023775,0.001582,-0.005158,-0.013646,0.001237
2026-09-17T15:25:47.350848,NORMAL,NORMAL,14.447720,15.499893,0.001258,-0.023878,0.000785,-0.009501,-0.012947,0.000666
2026-09-17T15:25:47.529692,NORMAL,NORMAL,14.453012,15.499893,-0.004479,-0.022492,0.000458,-0.011707,-0.010921,0.000541
2026-09-17T15:25:47.712944,NORMAL,NORMAL,14.462075,15.499893,-0.006029,-0.020357,0.001414,-0.011272,-0.008706,0.001067
2026-09-17T15:25:47.912704,NORMAL,NORMAL,14.471801,15.499893,-0.005642,-0.018053,0.002161,-0.010042,-0.006931,0.001122
2026-09-17T15:25:48.089392,NORMAL,NORMAL,14.477962,15.499893,-0.004097,-0.015098,0.000681,-0.008546,-0.004813,0.000782
2026-09-17T15:25:48.264449,NORMAL,NORMAL,14.483542,15.499893,-0.003420,-0.012681,-0.000627,-0.007837,-0.003567,0.000565
2026-09-17T15:25:48.445064,NORMAL,NORMAL,14.495652,15.499893,-0.002683,-0.010316,-0.001968,-0.006859,-0.002089,-0.000014
2026-09-17T15:25:48.618375,NORMAL,NORMAL,14.502700,15.499893,0.000356,-0.007189,-0.002773,-0.003686,-0.000004,-0.000026
2026-09-17T15:25:48.794815,NORMAL,NORMAL,14.503581,15.499893,0.003270,-0.005066,-0.002300,-0.001828,0.001106,0.000413
2026-09-17T15:25:48.976995,NORMAL,NORMAL,14.507270,15.499893,0.006023,-0.003573,-0.000595,-0.000106,0.001803,0.001476
2026-09-17T15:25:49.197000,NORMAL,NORMAL,14.522745,15.499893,0.008456,-0.002293,0.001278,0.001326,0.002364,0.002273
2026-09-17T15:25:49.378042,NORMAL,NORMAL,14.532749,15.499893,0.011760,-0.003256,0.003397,0.004073,0.001425,0.003171
2026-09-17T15:25:49.569052,NORMAL,NORMAL,14.532421,15.499893,0.014244,-0.004610,0.004263,0.005920,0.000703,0.003348
2026-09-17T15:25:49.753910,NORMAL,NORMAL,14.537504,15.499893,0.016317,-0.007555,0.002874,0.007439,-0.000936,0.002686
2026-09-17T15:25:49.935304,NORMAL,NORMAL,14.541016,15.499893,0.017489,-0.009076,0.000721,0.007704,-0.001634,0.002298
2026-09-17T15:25:50.146546,NORMAL,NORMAL,14.540467,15.499893,0.015677,-0.009774,-0.003115,0.005105,-0.001726,0.001247
2026-09-17T15:25:50.320179,NORMAL,NORMAL,14.547564,15.499893,0.012260,-0.009599,-0.007471,0.001555,-0.000989,0.000207
2026-09-17T15:25:50.500209,NORMAL,NORMAL,14.554668,15.499893,0.010347,-0.009503,-0.010609,0.000178,-0.000775,-0.000574
2026-09-17T15:25:50.677342,NORMAL,NORMAL,14.564707,15.499893,0.008039,-0.009053,-0.012731,-0.001915,-0.000872,-0.001138
2026-09-17T15:25:50.857110,NORMAL,NORMAL,14.565544,15.499893,0.006003,-0.008299,-0.013503,-0.003063,-0.000185,-0.001312
2026-09-17T15:25:51.032052,NORMAL,NORMAL,14.556399,15.499893,0.004750,-0.005542,-0.015550,-0.003451,0.001349,-0.002272
2026-09-17T15:25:51.220468,NORMAL,NORMAL,14.549498,15.499893,0.002993,-0.002189,-0.018936,-0.004061,0.003013,-0.003401
2026-09-17T15:25:51.406465,NORMAL,NORMAL,14.552467,15.499893,0.001952,-0.000208,-0.022503,-0.004275,0.003928,-0.004671
2026-09-17T15:25:51.600836,NORMAL,NORMAL,14.556293,15.499893,0.002576,0.001781,-0.024923,-0.003441,0.004579,-0.005113
2026-09-17T15:25:51.785269,NORMAL,NORMAL,14.558458,15.499893,0.003293,0.002179,-0.024937,-0.002788,0.003833,-0.004604
2026-09-17T15:25:51.973584,NORMAL,NORMAL,14.558803,15.499893,0.003843,0.002019,-0.023274,-0.002001,0.003121,-0.003608
2026-09-17T15:25:52.155379,NORMAL,NORMAL,14.552743,15.499893,0.007511,0.001874,-0.021004,0.001017,0.003128,-0.002354
2026-09-17T15:25:52.342189,NORMAL,NORMAL,14.548037,15.499893,0.010924,-0.001060,-0.019090,0.003040,0.000762,-0.001529
2026-09-17T15:25:52.532573,NORMAL,NORMAL,14.538908,15.499893,0.013425,-0.006720,-0.016848,0.004039,-0.003427,-0.000743
2026-09-17T15:25:52.754881,NORMAL,NORMAL,14.530149,15.499893,0.013304,-0.010076,-0.015639,0.002831,-0.005574,-0.000276
2026-09-17T15:25:52.936716,NORMAL,NORMAL,14.534192,15.499893,0.014038,-0.011747,-0.016607,0.002852,-0.005791,-0.000901
2026-09-17T15:25:53.111375,NORMAL,NORMAL,14.548200,15.499893,0.015885,-0.013185,-0.018191,0.003417,-0.006573,-0.001438
2026-09-17T15:25:53.345850,NORMAL,NORMAL,14.550204,15.499893,0.018196,-0.015557,-0.019284,0.004002,-0.007692,-0.001740
2026-09-17T15:25:53.541233,NORMAL,NORMAL,14.551920,15.499893,0.018626,-0.016078,-0.022669,0.003025,-0.007299,-0.002480
2026-09-17T15:25:53.731333,NORMAL,NORMAL,14.556517,15.499893,0.017096,-0.015743,-0.026730,0.001022,-0.006527,-0.003768
2026-09-17T15:25:53.919904,NORMAL,NORMAL,14.565687,15.499893,0.012672,-0.016857,-0.029770,-0.003240,-0.007106,-0.004631
2026-09-17T15:25:54.108289,NORMAL,NORMAL,14.569601,15.499893,0.007479,-0.018461,-0.032816,-0.007066,-0.008273,-0.005507
2026-09-17T15:25:54.346568,NORMAL,NORMAL,14.571212,15.499893,0.003472,-0.018153,-0.034702,-0.009797,-0.007819,-0.005755
2026-09-17T15:25:54.576392,NORMAL,NORMAL,14.583582,15.499893,-0.000814,-0.017182,-0.036141,-0.011851,-0.006473,-0.005914
2026-09-17T15:25:54.766264,NORMAL,NORMAL,14.598806,15.499893,-0.004315,-0.016877,-0.035254,-0.012644,-0.005818,-0.005443
2026-09-17T15:25:54.944427,NORMAL,NORMAL,14.617075,15.499893,-0.005689,-0.017938,-0.033064,-0.012267,-0.006121,-0.004650
2026-09-17T15:25:55.122727,NORMAL,NORMAL,14.632701,15.499893,-0.005034,-0.018825,-0.030024,-0.010631,-0.005904,-0.003918
2026-09-17T15:25:55.309105,NORMAL,NORMAL,14.635948,15.499893,-0.003677,-0.019894,-0.025755,-0.008820,-0.005876,-0.002879
2026-09-17T15:25:55.492628,NORMAL,NORMAL,14.637350,15.499893,-0.002788,-0.020799,-0.019673,-0.007923,-0.005992,-0.001324
2026-09-17T15:25:55.674159,NORMAL,NORMAL,14.641259,15.499893,-0.002590,-0.018303,-0.015325,-0.007359,-0.003183,-0.000166
2026-09-17T15:25:53.752853,NORMAL,NORMAL,14.646817,15.499893,-0.001857,-0.013387,-0.012194,-0.006834,0.000714,0.000153
2026-09-17T15:25:53.998722,NORMAL,NORMAL,14.644885,15.499893,0.000372,-0.010769,-0.010491,-0.004706,0.002139,0.000073
2026-09-17T15:25:54.209854,NORMAL,NORMAL,14.642847,15.499893,0.004022,-0.008205,-0.009244,-0.001964,0.003091,0.000473
2026-09-17T15:25:54.434857,NORMAL,NORMAL,14.650793,15.499893,0.008390,-0.003565,-0.008828,0.000695,0.005919,0.001154
2026-09-17T15:25:54.622594,NORMAL,NORMAL,14.600948,15.499893,0.013204,0.003620,-0.007695,0.003014,0.010011,0.001532
2026-09-17T15:25:54.801299,NORMAL,NORMAL,14.564179,15.499893,0.016436,0.008994,-0.007178,0.004319,0.012366,0.002143
2026-09-17T15:25:54.973408,NORMAL,NORMAL,14.266458,15.499893,0.016388,0.011772,-0.008611,0.004031,0.012992,0.001605
2026-09-17T15:25:55.149227,NORMAL,NORMAL,14.210599,15.499893,0.013678,0.013025,-0.011328,0.002251,0.012558,0.001001
2026-09-17T15:25:55.332067,NORMAL,NORMAL,14.304754,15.499893,0.008453,0.012399,-0.013612,-0.001279,0.010930,0.000437
2026-09-17T15:25:55.509301,NORMAL,NORMAL,13.741221,15.499893,0.003735,0.009765,-0.014560,-0.004283,0.007274,0.000818
2026-09-17T15:25:55.689814,NORMAL,NORMAL,13.652938,15.499893,0.000409,0.006560,-0.015195,-0.006546,0.003961,0.001077
2026-09-17T15:25:55.864298,NORMAL,NORMAL,13.419602,15.499893,-0.002956,0.003389,-0.015894,-0.008490,0.001185,0.001061
2026-09-17T15:25:56.054448,NORMAL,NORMAL,13.574311,15.499893,-0.006441,-0.000504,-0.016520,-0.010113,-0.002424,0.001608
2026-09-17T15:25:56.234013,NORMAL,NORMAL,13.453993,15.499893,-0.008836,-0.003816,-0.015757,-0.011162,-0.005532,0.002649
2026-09-17T15:25:56.413660,NORMAL,NORMAL,13.557109,15.499893,-0.010489,-0.005655,-0.015199,-0.012106,-0.007010,0.003179
2026-09-17T15:25:56.593610,NORMAL,NORMAL,13.573910,15.499893,-0.010963,-0.007567,-0.014703,-0.012560,-0.007934,0.003702
2026-09-17T15:25:56.771693,NORMAL,NORMAL,13.730705,15.499893,-0.008996,-0.008075,-0.014092,-0.011089,-0.007584,0.004221
2026-09-17T15:25:56.946345,NORMAL,NORMAL,13.859084,15.499893,-0.005021,-0.007028,-0.013389,-0.007781,-0.005754,0.004957
2026-09-17T15:25:57.125122,NORMAL,NORMAL,14.135061,15.499893,-0.002031,-0.005807,-0.013262,-0.005127,-0.004494,0.004991
2026-09-17T15:25:57.298513,NORMAL,NORMAL,14.157838,15.499893,0.000817,-0.004974,-0.013798,-0.002165,-0.003902,0.004582
2026-09-17T15:25:57.468626,ANOMALY,NORMAL,16.592566,15.499893,0.003775,-0.005770,-0.015542,0.007731,-0.010501,-0.022168
2026-09-17T15:25:57.641403,ANOMALY,NORMAL,16.679919,15.499893,0.008152,-0.007585,-0.026847,0.023039,-0.022095,-0.123249
2026-09-17T15:25:57.812926,ANOMALY,NORMAL,16.514768,15.499893,0.015474,-0.011456,-0.062664,0.043640,-0.038822,-0.266214
2026-09-17T15:25:57.986079,ANOMALY,NORMAL,16.291070,15.499893,0.027846,-0.016018,-0.128121,0.060556,-0.050668,-0.418307
2026-09-17T15:25:58.175241,ANOMALY,NORMAL,15.908644,15.499893,0.042546,-0.021983,-0.222454,0.068128,-0.055491,-0.569076
2026-09-17T15:25:58.358179,NORMAL,NORMAL,15.054806,15.499893,0.057564,-0.031606,-0.367642,0.056319,-0.050615,-0.744575
2026-09-17T15:25:58.571083,NORMAL,NORMAL,14.910718,15.499893,0.062149,-0.039209,-0.512747,0.008791,-0.022954,-0.830104
2026-09-17T15:25:58.745052,NORMAL,NORMAL,15.279784,15.499893,0.042150,-0.035438,-0.709381,-0.089393,0.045861,-0.750063
2026-09-17T15:25:58.923834,NORMAL,NORMAL,15.102392,15.499893,0.012698,-0.020187,-0.835457,-0.110847,0.077906,-0.716877
2026-09-17T15:25:59.111915,ANOMALY,NORMAL,15.933205,15.499893,-0.009335,-0.005044,-0.956537,-0.050613,0.059121,-0.719106
2026-09-17T15:25:59.293877,ANOMALY,NORMAL,18.466917,15.499893,-0.006516,-0.002537,-1.099896,0.065016,-0.012570,-0.718760
2026-09-17T15:25:59.475365,ANOMALY,NORMAL,18.789784,15.499893,0.015438,-0.016753,-1.212873,0.117738,-0.070442,-0.689329
2026-09-17T15:25:59.657721,ANOMALY,NORMAL,18.786158,15.499893,0.048610,-0.044609,-1.347944,0.114295,-0.089703,-0.666411
2026-09-17T15:25:59.839132,ANOMALY,NORMAL,17.777397,15.499893,0.071025,-0.065453,-1.457448,0.086681,-0.078069,-0.645434
2026-09-17T15:26:00.015427,ANOMALY,NORMAL,17.021203,15.499893,0.087411,-0.081962,-1.581586,0.044886,-0.048498,-0.614740
2026-09-17T15:26:00.194533,ANOMALY,NORMAL,16.469243,15.499893,0.091565,-0.088911,-1.680410,0.009722,-0.021316,-0.585760
2026-09-17T15:26:00.375716,ANOMALY,NORMAL,16.266712,15.499893,0.088146,-0.090950,-1.773553,-0.021291,0.003528,-0.554310
2026-09-17T15:26:00.552112,ANOMALY,NORMAL,15.987130,15.499893,0.078378,-0.089096,-1.873138,-0.047237,0.024927,-0.457180
2026-09-17T15:26:00.726689,ANOMALY,NORMAL,15.959626,15.499893,0.067003,-0.083216,-1.928158,-0.059515,0.036234,-0.259461
2026-09-17T15:26:00.900125,ANOMALY,NORMAL,15.873133,15.499893,0.053007,-0.073842,-1.950603,-0.067186,0.044843,-0.142764
2026-09-17T15:26:01.081075,ANOMALY,NORMAL,15.754374,15.499893,0.035483,-0.060808,-1.966929,-0.069486,0.050443,-0.145815
2026-09-17T15:26:01.256160,ANOMALY,NORMAL,15.868348,15.499893,0.021927,-0.049809,-1.988866,-0.066017,0.051309,-0.195332
2026-09-17T15:26:01.440055,ANOMALY,NORMAL,15.747471,15.499893,0.008390,-0.038636,-2.021205,-0.059185,0.048973,-0.223402
2026-09-17T15:26:01.624244,NORMAL,NORMAL,15.369191,15.499893,-0.003998,-0.027064,-2.064095,-0.047007,0.041592,-0.223612
2026-09-17T15:26:01.811453,NORMAL,NORMAL,15.481644,15.499893,-0.010345,-0.017993,-2.098705,-0.034023,0.034303,-0.210803
2026-09-17T15:26:01.983655,ANOMALY,NORMAL,16.708038,15.499893,-0.012520,-0.008918,-2.134371,-0.017422,0.024913,-0.193473
2026-09-17T15:26:02.155879,ANOMALY,NORMAL,19.209964,15.499893,-0.011910,-0.002142,-2.161388,-0.006008,0.017663,-0.181379
2026-09-17T15:26:02.327693,ANOMALY,NORMAL,19.372657,15.499893,-0.012332,0.001992,-2.186698,0.000218,0.008806,-0.170739
2026-09-17T15:26:02.510097,ANOMALY,NORMAL,17.109214,15.499893,-0.012945,0.002454,-2.210978,0.003251,-0.001651,-0.160390
2026-09-17T15:26:02.693054,ANOMALY,NORMAL,17.573698,15.499893,-0.015420,0.000781,-2.238151,0.003680,-0.012271,-0.148456
2026-09-17T15:26:02.873600,ANOMALY,NORMAL,15.837455,15.499893,-0.018636,-0.000525,-2.259371,0.002989,-0.016606,-0.138837
2026-09-17T15:26:03.048745,ANOMALY,NORMAL,16.557702,15.499893,-0.022674,-0.002438,-2.284647,0.002943,-0.019433,-0.126245
2026-09-17T15:26:03.223927,ANOMALY,NORMAL,16.913896,15.499893,-0.025179,-0.004710,-2.303449,0.004629,-0.020607,-0.115399
2026-09-17T15:26:03.401908,ANOMALY,NORMAL,16.941133,15.499893,-0.027751,-0.009896,-2.321411,0.005657,-0.022771,-0.106808
2026-09-17T15:26:03.582953,ANOMALY,NORMAL,16.891708,15.499893,-0.028551,-0.018613,-2.343126,0.009445,-0.025768,-0.096136
2026-09-17T15:26:03.756524,ANOMALY,NORMAL,16.629275,15.499893,-0.025890,-0.025845,-2.360393,0.015097,-0.025395,-0.086483
2026-09-17T15:26:03.934940,ANOMALY,NORMAL,16.138236,15.499893,-0.020639,-0.031550,-2.375493,0.020846,-0.022145,-0.076699
2026-09-17T15:26:04.109055,ANOMALY,NORMAL,15.840156,15.499893,-0.012627,-0.034178,-2.390085,0.024459,-0.013997,-0.066534
2026-09-17T15:26:04.285320,ANOMALY,NORMAL,15.506625,15.499893,-0.005319,-0.033943,-2.401844,0.023999,-0.006325,-0.060573
2026-09-17T15:26:04.457890,NORMAL,NORMAL,15.243427,15.499893,0.001329,-0.032916,-2.412072,0.021797,-0.000600,-0.055280
2026-09-17T15:26:04.643821,ANOMALY,NORMAL,15.742321,15.499893,0.007086,-0.030025,-2.420473,0.017494,0.004256,-0.049548
2026-09-17T15:26:04.827691,ANOMALY,NORMAL,15.781203,15.499893,0.011379,-0.024958,-2.428506,0.010546,0.008914,-0.045215
2026-09-17T15:26:05.045359,NORMAL,NORMAL,14.973686,15.499893,0.012755,-0.019796,-2.435020,0.004447,0.011159,-0.043213
2026-09-17T15:26:05.228015,NORMAL,NORMAL,14.952712,15.499893,0.012530,-0.012202,-2.444250,-0.003321,0.010905,-0.040515
2026-09-17T15:26:05.403461,ANOMALY,NORMAL,19.130822,15.499893,0.012329,-0.006551,-2.454573,0.005825,0.017490,-0.059437
2026-09-17T15:26:05.583719,ANOMALY,NORMAL,16.894009,15.499893,0.025352,0.002831,-2.452811,0.130684,0.058421,0.089915
2026-09-17T15:26:05.758138,ANOMALY,NORMAL,22.062332,15.499893,0.074856,0.018177,-2.425757,0.347626,0.073115,0.192107
2026-09-17T15:26:05.932250,ANOMALY,NORMAL,20.368558,15.499893,0.169110,0.029063,-2.394691,0.585316,0.049227,0.070479
2026-09-17T15:26:06.112695,ANOMALY,NORMAL,19.214577,15.499893,0.331324,0.027638,-2.395186,0.788576,0.010444,-0.044986
2026-09-17T15:26:06.282784,ANOMALY,NORMAL,18.635460,15.499893,0.489171,0.014812,-2.412824,0.891934,-0.016105,-0.128773
2026-09-17T15:26:06.458766,ANOMALY,NORMAL,18.340149,15.499893,0.647231,-0.001503,-2.436356,0.948243,-0.029017,-0.122424
2026-09-17T15:26:06.637114,ANOMALY,NORMAL,18.038759,15.499893,0.818843,-0.017870,-2.460975,0.986549,-0.030057,-0.144112
2026-09-17T15:26:06.840584,ANOMALY,NORMAL,18.010579,15.499893,1.026685,-0.034049,-2.486347,1.010732,-0.027287,-0.073288
2026-09-17T15:26:07.037807,ANOMALY,NORMAL,18.150492,15.499893,1.234690,-0.048294,-2.493200,1.021717,-0.028247,-0.002848
2026-09-17T15:26:07.235137,ANOMALY,NORMAL,17.873297,15.499893,1.439465,-0.060609,-2.489982,1.023421,-0.030184,0.011896
2026-09-17T15:26:07.431577,ANOMALY,NORMAL,17.287647,15.499893,1.643628,-0.068106,-2.485761,1.022721,-0.027290,0.010267
2026-09-17T15:26:07.627451,ANOMALY,NORMAL,16.957677,15.499893,1.848888,-0.071390,-2.482793,1.022488,-0.020604,0.011888
2026-09-17T15:26:07.817165,ANOMALY,NORMAL,16.499945,15.499893,2.023155,-0.073104,-2.480546,1.025065,-0.016333,0.017939
2026-09-17T15:26:08.006306,ANOMALY,NORMAL,16.087388,15.499893,2.234667,-0.076080,-2.476698,1.030730,-0.014375,0.022346
2026-09-17T15:26:08.191104,ANOMALY,NORMAL,15.732665,15.499893,2.449847,-0.077351,-2.470253,1.036322,-0.011497,0.023231
2026-09-17T15:26:08.378742,NORMAL,NORMAL,15.463366,15.499893,2.633252,-0.075981,-2.462881,1.040709,-0.007795,0.023198
2026-09-17T15:26:08.562604,NORMAL,NORMAL,15.165575,15.499893,2.853608,-0.069624,-2.454148,1.044538,-0.000180,0.021365
2026-09-17T15:26:08.741518,NORMAL,NORMAL,14.923634,15.499893,3.074628,-0.062210,-2.448197,1.046256,0.005220,0.018808
2026-09-17T15:26:08.919345,NORMAL,NORMAL,15.042722,15.499893,3.260654,-0.054945,-2.445141,1.045923,0.008734,0.017029
2026-09-17T15:26:09.114030,ANOMALY,NORMAL,18.150206,15.499893,3.445957,-0.048131,-2.442441,1.044242,0.010095,0.015720
2026-09-17T15:26:09.310506,ANOMALY,NORMAL,18.639603,15.499893,3.664769,-0.038674,-2.440033,1.040824,0.012499,0.014319
2026-09-17T15:26:09.500422,ANOMALY,NORMAL,17.797964,15.499893,3.879500,-0.031074,-2.439649,1.034968,0.012928,0.012478
2026-09-17T15:26:09.683409,ANOMALY,NORMAL,16.375302,15.499893,4.090321,-0.024405,-2.441762,1.029435,0.012979,0.010783
2026-09-17T15:26:09.868182,ANOMALY,NORMAL,21.148710,15.499893,4.255712,-0.021281,-2.443271,1.024381,0.010663,0.009763
2026-09-17T15:26:10.051412,ANOMALY,NORMAL,24.319514,15.499893,4.462423,-0.020062,-2.444110,1.020678,0.006396,0.009616
2026-09-17T15:26:10.227775,ANOMALY,NORMAL,19.139422,15.499893,4.636558,-0.019643,-2.445263,1.019404,0.003544,0.008650
2026-09-17T15:26:10.427777,ANOMALY,NORMAL,17.253346,15.499893,4.811475,-0.018716,-2.448162,0.995649,0.002568,-0.020783
2026-09-17T15:26:10.602306,ANOMALY,NORMAL,16.246060,15.499893,4.995951,-0.014275,-2.454877,0.797429,0.005009,-0.010969
2026-09-17T15:26:10.774618,ANOMALY,NORMAL,16.387595,15.499893,5.119169,-0.007470,-2.456388,0.530290,0.008599,0.007664
2026-09-17T15:26:10.954324,ANOMALY,NORMAL,15.829356,15.499893,5.178562,-0.001935,-2.455343,0.336384,0.011427,0.013366
2026-09-17T15:26:11.133606,NORMAL,NORMAL,14.512068,15.499893,5.209181,0.003717,-2.452817,0.191081,0.014738,0.013253
2026-09-17T15:26:11.321871,NORMAL,NORMAL,13.305438,15.499893,5.222268,0.013640,-2.447638,0.076827,0.019412,0.011982
2026-09-17T15:26:11.504559,NORMAL,NORMAL,12.549500,15.499893,5.224645,0.025319,-2.442726,0.019554,0.024690,0.010206
2026-09-17T15:26:11.684463,NORMAL,NORMAL,11.835233,15.499893,5.226188,0.039281,-2.439317,-0.016742,0.026804,0.007916
2026-09-17T15:26:11.865204,NORMAL,NORMAL,11.192246,15.499893,5.229788,0.049267,-2.437409,-0.028774,0.025172,0.006803
2026-09-17T15:26:12.042990,NORMAL,NORMAL,10.984534,15.499893,5.236521,0.062046,-2.433832,-0.032627,0.022944,0.006442
2026-09-17T15:26:12.227302,NORMAL,NORMAL,11.025303,15.499893,5.242874,0.072585,-2.431059,-0.032175,0.021632,0.005502
2026-09-17T15:26:12.402473,NORMAL,NORMAL,11.074058,15.499893,5.248897,0.083002,-2.430640,-0.031188,0.021034,0.004494
2026-09-17T15:26:12.587647,NORMAL,NORMAL,11.180248,15.499893,5.256492,0.092612,-2.433459,-0.029961,0.018398,0.002948
2026-09-17T15:26:12.759747,NORMAL,NORMAL,11.303542,15.499893,5.262183,0.096847,-2.437580,-0.029806,0.014079,0.001926
2026-09-17T15:26:12.931161,NORMAL,NORMAL,11.427321,15.499893,5.267365,0.099134,-2.441564,-0.030253,0.010074,0.001803
2026-09-17T15:26:13.108676,NORMAL,NORMAL,11.616069,15.499893,5.271758,0.103211,-2.443995,-0.031870,0.008482,0.002311
2026-09-17T15:26:13.283558,NORMAL,NORMAL,11.938730,15.499893,5.274135,0.107150,-2.443197,-0.033240,0.008469,0.002555
2026-09-17T15:26:13.465603,NORMAL,NORMAL,12.411206,15.499893,5.274888,0.109779,-2.442219,-0.034304,0.007598,0.002538
2026-09-17T15:26:13.649829,NORMAL,NORMAL,13.126209,15.499893,5.273046,0.111940,-2.439744,-0.036512,0.005672,0.002817
2026-09-17T15:26:13.827925,NORMAL,NORMAL,14.603766,15.499893,5.268093,0.112674,-2.436630,-0.040275,0.004180,0.002822
2026-09-17T15:26:14.005305,NORMAL,NORMAL,12.667603,15.499893,5.259537,0.115363,-2.433605,-0.045069,0.004987,0.002667
2026-09-17T15:26:14.177979,NORMAL,NORMAL,13.470761,15.499893,5.247355,0.119079,-2.431816,-0.049699,0.006138,0.002389
2026-09-17T15:26:14.355270,NORMAL,NORMAL,13.778722,15.499893,5.236236,0.120195,-2.431335,-0.051752,0.005122,0.001984
2026-09-17T15:26:14.526406,NORMAL,NORMAL,14.192974,15.499893,5.226302,0.122533,-2.431139,-0.051124,0.005292,0.001562
2026-09-17T15:26:14.702583,NORMAL,NORMAL,13.589396,15.499893,5.216628,0.125861,-2.430816,-0.049469,0.006154,0.001245
2026-09-17T15:26:14.877591,NORMAL,NORMAL,11.414410,15.499893,5.205652,0.129597,-2.429020,-0.047207,0.006259,0.001463
2026-09-17T15:26:15.047360,NORMAL,NORMAL,11.543821,15.499893,5.197311,0.131017,-2.426420,-0.045087,0.004869,0.001827
2026-09-17T15:26:15.220532,NORMAL,NORMAL,10.083386,15.499893,5.188871,0.130967,-2.423622,-0.043280,0.002498,0.001914
2026-09-17T15:26:15.391719,NORMAL,NORMAL,10.635156,15.499893,5.180490,0.130851,-2.420078,-0.041769,0.001027,0.001816
2026-09-17T15:26:15.568050,NORMAL,NORMAL,11.709509,15.499893,5.173015,0.131791,-2.417893,-0.039992,0.001405,0.001226
2026-09-17T15:26:15.750421,NORMAL,NORMAL,12.572079,15.499893,5.166320,0.135944,-2.416772,-0.036731,0.005160,0.000480
2026-09-17T15:26:15.939593,NORMAL,NORMAL,12.788411,15.499893,5.161761,0.138899,-2.417597,-0.034391,0.007323,0.000238
2026-09-17T15:26:16.122203,NORMAL,NORMAL,13.351437,15.499893,5.156544,0.139298,-2.419199,-0.032489,0.005688,0.000265
2026-09-17T15:26:16.296764,NORMAL,NORMAL,14.819367,15.499893,5.153508,0.137132,-2.419079,-0.029766,0.002702,0.000737
2026-09-17T15:26:16.519838,NORMAL,NORMAL,14.811345,15.499893,5.149789,0.132612,-2.418530,-0.027575,-0.000597,0.000521
2026-09-17T15:26:16.703964,NORMAL,NORMAL,15.063045,15.499893,5.144880,0.126262,-2.419546,-0.026215,-0.003492,0.000333
2026-09-17T15:26:16.886210,NORMAL,NORMAL,14.976018,15.499893,5.137955,0.117766,-2.421609,-0.026775,-0.006410,-0.000034
2026-09-17T15:26:17.067106,ANOMALY,NORMAL,16.237291,15.499893,5.131151,0.109139,-2.423388,-0.027646,-0.009083,-0.000037
2026-09-17T15:26:17.251215,ANOMALY,NORMAL,15.951211,15.499893,5.122848,0.096814,-2.425359,-0.027333,-0.011993,0.000141
2026-09-17T15:26:17.429386,ANOMALY,NORMAL,16.317429,15.499893,5.115999,0.085380,-2.426907,-0.026400,-0.014297,0.000063
2026-09-17T15:26:17.611002,ANOMALY,NORMAL,15.670730,15.499893,5.105279,0.072318,-2.425992,-0.028080,-0.014990,0.000562
2026-09-17T15:26:17.817643,NORMAL,NORMAL,13.512412,15.499893,5.093513,0.063116,-2.423830,-0.031364,-0.013961,0.000988
2026-09-17T15:26:18.002174,NORMAL,NORMAL,12.382258,15.499893,5.080362,0.054924,-2.422578,-0.032794,-0.011334,0.000467
2026-09-17T15:26:18.202090,NORMAL,NORMAL,11.841377,15.499893,5.069727,0.051045,-2.424340,-0.031299,-0.006800,-0.000553
2026-09-17T15:26:18.389968,NORMAL,NORMAL,11.489140,15.499893,5.060393,0.049692,-2.428332,-0.029956,-0.002604,-0.000951
2026-09-17T15:26:18.568279,NORMAL,NORMAL,11.249708,15.499893,5.053451,0.049563,-2.431125,-0.028418,0.000020,-0.000754
2026-09-17T15:26:18.745280,NORMAL,NORMAL,11.048084,15.499893,5.044567,0.048466,-2.432070,-0.027524,0.000821,-0.000183
2026-09-17T15:26:18.921297,NORMAL,NORMAL,10.498522,15.499893,5.038609,0.045641,-2.431955,-0.025283,-0.000695,-0.000132
2026-09-17T15:26:19.090859,NORMAL,NORMAL,10.370107,15.499893,5.035240,0.041499,-2.431466,-0.021592,-0.002987,0.000003
2026-09-17T15:26:19.267548,NORMAL,NORMAL,10.372832,15.499893,5.032772,0.038227,-2.430701,-0.018486,-0.003609,0.000233
2026-09-17T15:26:19.443867,NORMAL,NORMAL,10.319807,15.499893,5.030674,0.035843,-2.428955,-0.015672,-0.002784,0.000385
2026-09-17T15:26:19.615547,NORMAL,NORMAL,10.307767,15.499893,5.031131,0.035500,-2.429498,-0.012444,-0.000658,-0.000333
2026-09-17T15:26:19.787004,NORMAL,NORMAL,10.319221,15.499893,5.034009,0.036552,-2.430002,-0.008435,0.001615,-0.000260
2026-09-17T15:26:19.974520,NORMAL,NORMAL,10.498092,15.499893,5.037932,0.037242,-2.428317,-0.005177,0.002638,0.000275
2026-09-17T15:26:20.159423,NORMAL,NORMAL,12.151325,15.499893,5.040346,0.037028,-2.423313,-0.004272,0.002802,0.001215
2026-09-17T15:26:20.334000,ANOMALY,NORMAL,16.864015,15.499893,5.040120,0.036503,-2.418962,-0.005194,0.002729,-0.015695
2026-09-17T15:26:20.513855,NORMAL,NORMAL,14.895543,15.499893,5.036146,0.045474,-2.421446,-0.008040,0.127243,-0.030813
2026-09-17T15:26:20.701122,NORMAL,NORMAL,13.731036,15.499893,5.030137,0.088835,-2.423690,-0.011036,0.339308,-0.012239
2026-09-17T15:26:20.883846,NORMAL,NORMAL,12.846982,15.499893,5.024179,0.196271,-2.423806,-0.012205,0.590447,0.002239
2026-09-17T15:26:21.063681,NORMAL,NORMAL,12.478871,15.499893,5.023844,0.316910,-2.423479,-0.008471,0.748971,0.005673
2026-09-17T15:26:21.241068,NORMAL,NORMAL,12.440400,15.499893,5.029819,0.496405,-2.423233,0.000530,0.887395,0.005318
2026-09-17T15:26:21.420165,NORMAL,NORMAL,12.086218,15.499893,5.037879,0.662618,-2.423504,0.007279,0.961816,0.004400
2026-09-17T15:26:21.596545,NORMAL,NORMAL,12.642407,15.499893,5.046367,0.835408,-2.423609,0.011570,1.007274,0.003611
2026-09-17T15:26:21.770130,NORMAL,NORMAL,13.084015,15.499893,5.055019,1.042104,-2.423317,0.012256,1.034671,0.003049
2026-09-17T15:26:21.939221,NORMAL,NORMAL,12.363982,15.499893,5.060342,1.215968,-2.423064,0.009931,1.045292,0.003108
2026-09-17T15:26:22.130991,NORMAL,NORMAL,11.439301,15.499893,5.065026,1.388342,-2.421944,0.007856,1.049143,0.002779
2026-09-17T15:26:22.315167,NORMAL,NORMAL,10.628457,15.499893,5.070737,1.591897,-2.420877,0.007167,1.050198,0.002424
2026-09-17T15:26:22.497893,NORMAL,NORMAL,10.193288,15.499893,5.074901,1.761606,-2.420094,0.006648,1.049294,0.002002
2026-09-17T15:26:22.679033,NORMAL,NORMAL,10.205044,15.499893,5.078087,1.961388,-2.418112,0.004834,1.046235,0.002218
2026-09-17T15:26:22.864406,NORMAL,NORMAL,10.591395,15.499893,5.077839,2.120721,-2.415054,0.001900,1.044399,0.002538
2026-09-17T15:26:23.047463,NORMAL,NORMAL,11.441192,15.499893,5.076905,2.320218,-2.410205,-0.000934,1.043001,0.002382
2026-09-17T15:26:23.223726,NORMAL,NORMAL,12.497019,15.499893,5.077259,2.488373,-2.407061,-0.001558,1.042978,0.002040
2026-09-17T15:26:23.403596,NORMAL,NORMAL,13.642727,15.499893,5.077600,2.656602,-2.405279,-0.002168,1.042367,0.001745
2026-09-17T15:26:23.582406,NORMAL,NORMAL,14.834613,15.499893,5.076763,2.857610,-2.404483,-0.003188,1.041204,0.001663
2026-09-17T15:26:23.760841,ANOMALY,NORMAL,15.978518,15.499893,5.073515,3.027901,-2.402108,-0.005539,1.041172,0.001694
2026-09-17T15:26:23.935246,ANOMALY,NORMAL,16.143084,15.499893,5.068376,3.231457,-2.397376,-0.007771,1.040993,0.002190
2026-09-17T15:26:24.106942,NORMAL,NORMAL,12.512980,15.499893,5.063951,3.404109,-2.393283,-0.009038,1.041390,0.001981
2026-09-17T15:26:24.295320,NORMAL,NORMAL,12.646380,15.499893,5.060061,3.576608,-2.390257,-0.009487,1.041350,0.001361
2026-09-17T15:26:24.475699,NORMAL,NORMAL,12.259797,15.499893,5.056050,3.740612,-2.387913,-0.009525,1.040587,0.001264
2026-09-17T15:26:24.653912,NORMAL,NORMAL,11.999657,15.499893,5.051679,3.946034,-2.384732,-0.009419,1.039508,0.001248
2026-09-17T15:26:24.834576,NORMAL,NORMAL,13.155233,15.499893,5.049888,4.118501,-2.384007,-0.007335,1.038727,0.000460
2026-09-17T15:26:25.012493,NORMAL,NORMAL,13.064194,15.499893,5.046653,4.324221,-2.384647,-0.006504,1.037658,-0.000276
2026-09-17T15:26:25.195313,NORMAL,NORMAL,13.356836,15.499893,5.042668,4.496867,-2.386320,-0.007515,1.036456,-0.000290
2026-09-17T15:26:25.379208,ANOMALY,NORMAL,20.772014,15.499893,5.038149,4.671165,-2.388074,-0.008255,1.032864,-0.020069
2026-09-17T15:26:25.553471,NORMAL,NORMAL,13.040835,15.499893,5.031277,4.866699,-2.396622,-0.009718,0.883725,-0.024270
2026-09-17T15:26:25.727170,NORMAL,NORMAL,12.421584,15.499893,5.025497,4.993134,-2.402962,-0.010124,0.666891,-0.006549
2026-09-17T15:26:25.901909,NORMAL,NORMAL,13.852391,15.499893,5.018232,5.077855,-2.406381,-0.010478,0.457083,0.003947
2026-09-17T15:26:24.002798,NORMAL,NORMAL,13.248250,15.499893,5.007692,5.134907,-2.408630,-0.011989,0.263365,0.006522
2026-09-17T15:26:24.170391,NORMAL,NORMAL,13.507129,15.499893,4.995956,5.160210,-2.409889,-0.016659,0.157770,0.005851
2026-09-17T15:26:24.355404,NORMAL,NORMAL,13.105039,15.499893,4.981964,5.175565,-2.409920,-0.022272,0.084149,0.004759
2026-09-17T15:26:24.536693,NORMAL,NORMAL,13.492150,15.499893,4.964628,5.184714,-2.408245,-0.026476,0.031254,0.004247
2026-09-17T15:26:24.712099,NORMAL,NORMAL,13.013500,15.499893,4.949848,5.190802,-2.405998,-0.027644,0.007578,0.003880
2026-09-17T15:26:24.895374,NORMAL,NORMAL,12.216378,15.499893,4.935634,5.197959,-2.403213,-0.027302,-0.004350,0.003393
2026-09-17T15:26:25.071264,NORMAL,NORMAL,11.295218,15.499893,4.919994,5.208471,-2.400743,-0.025750,-0.009836,0.002653
2026-09-17T15:26:25.246151,NORMAL,NORMAL,10.280646,15.499893,4.908210,5.217543,-2.398442,-0.024014,-0.011611,0.002781
2026-09-17T15:26:25.426533,NORMAL,NORMAL,9.977925,15.499893,4.896365,5.226337,-2.395822,-0.023125,-0.012275,0.002814
2026-09-17T15:26:25.604140,NORMAL,NORMAL,10.288900,15.499893,4.882366,5.235808,-2.393280,-0.022368,-0.013010,0.001902
2026-09-17T15:26:25.781460,NORMAL,NORMAL,10.541966,15.499893,4.872087,5.241946,-2.392581,-0.021408,-0.014326,0.001216
2026-09-17T15:26:25.950198,NORMAL,NORMAL,10.910446,15.499893,4.863009,5.246587,-2.391379,-0.019036,-0.016697,0.001129
2026-09-17T15:26:26.124678,NORMAL,NORMAL,11.294711,15.499893,4.855625,5.249418,-2.390312,-0.015748,-0.019187,0.001653
2026-09-17T15:26:26.297795,NORMAL,NORMAL,11.403886,15.499893,4.849019,5.250439,-2.389695,-0.012357,-0.022119,0.001114
2026-09-17T15:26:26.487055,NORMAL,NORMAL,11.646769,15.499893,4.846270,5.248658,-2.391707,-0.008057,-0.025299,0.000429
2026-09-17T15:26:26.833067,NORMAL,NORMAL,11.999661,15.499893,4.844479,5.242747,-2.396599,-0.003796,-0.029743,-0.000392
2026-09-17T15:26:27.011229,NORMAL,NORMAL,11.268071,15.499893,4.843800,5.231504,-2.401264,0.000347,-0.032496,0.000479
2026-09-17T15:26:27.184123,NORMAL,NORMAL,9.550069,15.499893,4.846828,5.228713,-2.400761,0.003473,-0.030367,0.001136
2026-09-17T15:26:27.359604,NORMAL,NORMAL,9.153340,15.499893,4.851225,5.226980,-2.398801,0.006139,-0.027737,0.001424
2026-09-17T15:26:27.539852,NORMAL,NORMAL,9.057725,15.499893,4.855499,5.224612,-2.396207,0.007494,-0.025553,0.001442
2026-09-17T15:26:27.714785,NORMAL,NORMAL,9.024030,15.499893,4.857576,5.221992,-2.393207,0.007330,-0.024680,0.001048
2026-09-17T15:26:27.883310,NORMAL,NORMAL,8.653662,15.499893,4.859661,5.218913,-2.390790,0.006801,-0.024093,0.001220
2026-09-17T15:26:28.054650,NORMAL,NORMAL,7.817634,15.499893,4.861281,5.215971,-2.390674,0.006080,-0.023992,0.000711
2026-09-17T15:26:28.228130,NORMAL,NORMAL,7.547483,15.499893,4.862916,5.209975,-2.393186,0.005554,-0.026192,-0.000065
2026-09-17T15:26:28.402163,NORMAL,NORMAL,7.795105,15.499893,4.866103,5.204012,-2.394579,0.006999,-0.027743,0.000046
2026-09-17T15:26:28.577004,NORMAL,NORMAL,8.108299,15.499893,4.869011,5.198834,-2.395995,0.007585,-0.028235,0.000191
2026-09-17T15:26:28.785647,NORMAL,NORMAL,8.630292,15.499893,4.870887,5.194777,-2.397944,0.006539,-0.027123,-0.000331
2026-09-17T15:26:28.959839,NORMAL,NORMAL,9.180867,15.499893,4.870409,5.190108,-2.402812,0.002829,-0.024657,-0.000871
2026-09-17T15:26:29.134500,NORMAL,NORMAL,9.866175,15.499893,4.870778,5.186449,-2.406497,0.001837,-0.023506,-0.000617
2026-09-17T15:26:29.311636,NORMAL,NORMAL,10.543016,15.499893,4.871727,5.182509,-2.409550,0.002362,-0.023157,-0.000410
2026-09-17T15:26:29.488029,NORMAL,NORMAL,10.807674,15.499893,4.870497,5.177975,-2.411928,0.001279,-0.023287,-0.000403
2026-09-17T15:26:29.660090,NORMAL,NORMAL,10.799205,15.499893,4.867772,5.171760,-2.414545,-0.000048,-0.023267,-0.000348
2026-09-17T15:26:29.832331,NORMAL,NORMAL,10.802274,15.499893,4.864597,5.166713,-2.417082,-0.001343,-0.022784,-0.000430
2026-09-17T15:26:30.011500,NORMAL,NORMAL,10.698759,15.499893,4.862809,5.162802,-2.418660,-0.001301,-0.021569,0.000243
2026-09-17T15:26:30.179373,NORMAL,NORMAL,10.356391,15.499893,4.862854,5.160169,-2.417763,0.000068,-0.019252,0.001003
2026-09-17T15:26:30.363622,NORMAL,NORMAL,9.845487,15.499893,4.863719,5.157246,-2.416017,0.001675,-0.018111,0.001228
2026-09-17T15:26:30.534966,NORMAL,NORMAL,9.802150,15.499893,4.865672,5.151754,-2.413606,0.002763,-0.018416,0.001192
2026-09-17T15:26:30.706043,NORMAL,NORMAL,9.706858,15.499893,4.869274,5.145731,-2.411328,0.004499,-0.019771,0.000968
2026-09-17T15:26:30.874717,NORMAL,NORMAL,9.675397,15.499893,4.873956,5.139308,-2.409106,0.005853,-0.020613,0.000547
2026-09-17T15:26:31.061391,NORMAL,NORMAL,9.552236,15.499893,4.878868,5.134287,-2.405755,0.006801,-0.019145,0.001106
2026-09-17T15:26:31.235919,NORMAL,NORMAL,9.658319,15.499893,4.885653,5.128705,-2.401598,0.007575,-0.017779,0.001030
2026-09-17T15:26:31.410489,NORMAL,NORMAL,9.595866,15.499893,4.891321,5.123215,-2.398220,0.008071,-0.017003,0.000629
2026-09-17T15:26:31.583721,NORMAL,NORMAL,9.781451,15.499893,4.896331,5.117495,-2.397739,0.008018,-0.016848,-0.000359
2026-09-17T15:26:31.771868,NORMAL,NORMAL,10.092527,15.499893,4.901616,5.111119,-2.399636,0.007241,-0.017385,-0.001017
2026-09-17T15:26:31.949940,NORMAL,NORMAL,10.700827,15.499893,4.910276,5.103034,-2.401402,0.009396,-0.018362,-0.000442
2026-09-17T15:26:32.129116,NORMAL,NORMAL,11.275461,15.499893,4.920405,5.098115,-2.402262,0.012906,-0.017581,-0.000257
2026-09-17T15:26:32.314559,NORMAL,NORMAL,11.607720,15.499893,4.934044,5.097160,-2.402840,0.017203,-0.012727,0.000170
2026-09-17T15:26:32.488424,NORMAL,NORMAL,11.479329,15.499893,4.942391,5.098048,-2.402555,0.017173,-0.008805,-0.000049
2026-09-17T15:26:32.663216,NORMAL,NORMAL,11.203350,15.499893,4.950603,5.097664,-2.403199,0.015367,-0.007015,0.000182
2026-09-17T15:26:32.846166,NORMAL,NORMAL,10.927110,15.499893,4.953706,5.096414,-2.405406,0.011769,-0.007594,-0.000363
2026-09-17T15:26:33.028386,NORMAL,NORMAL,10.532882,15.499893,4.954535,5.095973,-2.408649,0.008635,-0.007380,-0.000931
2026-09-17T15:26:33.204771,NORMAL,NORMAL,11.889334,15.499893,4.952264,5.095529,-2.413291,0.004265,-0.006554,-0.004018
2026-09-17T15:26:33.386801,NORMAL,NORMAL,13.610910,15.499893,4.949082,5.091197,-2.421787,0.001124,-0.058708,-0.034922
2026-09-17T15:26:33.560508,NORMAL,NORMAL,13.769649,15.499893,4.942374,5.052964,-2.431051,-0.002552,-0.285279,-0.016958
2026-09-17T15:26:33.737767,NORMAL,NORMAL,14.731478,15.499893,4.933743,4.974645,-2.435012,-0.006266,-0.505892,-0.001212
2026-09-17T15:26:33.921766,NORMAL,NORMAL,13.960213,15.499893,4.922420,4.857875,-2.437435,-0.010289,-0.693972,0.005511
2026-09-17T15:26:34.093012,NORMAL,NORMAL,13.014812,15.499893,4.907354,4.683074,-2.439594,-0.014334,-0.855288,0.006233
2026-09-17T15:26:34.271544,NORMAL,NORMAL,12.438625,15.499893,4.895803,4.527919,-2.441024,-0.015800,-0.938678,0.004979
2026-09-17T15:26:34.446630,NORMAL,NORMAL,12.098818,15.499893,4.882669,4.360761,-2.441381,-0.018192,-0.990519,0.004102
2026-09-17T15:26:34.623389,NORMAL,NORMAL,11.459250,15.499893,4.867734,4.193581,-2.441072,-0.021582,-1.018015,0.003496
2026-09-17T15:26:34.797517,NORMAL,NORMAL,11.024010,15.499893,4.848251,3.995531,-2.440716,-0.024679,-1.033050,0.002499
2026-09-17T15:26:34.973922,NORMAL,NORMAL,10.806801,15.499893,4.830718,3.829181,-2.439362,-0.026784,-1.039561,0.002537
2026-09-17T15:26:35.144816,NORMAL,NORMAL,10.590115,15.499893,4.813928,3.662704,-2.437628,-0.027121,-1.043272,0.002595
2026-09-17T15:26:35.328206,NORMAL,NORMAL,10.506765,15.499893,4.801054,3.495879,-2.436343,-0.023759,-1.045126,0.002379
2026-09-17T15:26:35.512016,NORMAL,NORMAL,10.441197,15.499893,4.787853,3.296727,-2.435506,-0.019127,-1.046224,0.002187
2026-09-17T15:26:35.690701,NORMAL,NORMAL,10.590373,15.499893,4.779273,3.136480,-2.433747,-0.015658,-1.046868,0.002317
2026-09-17T15:26:35.866191,NORMAL,NORMAL,10.630767,15.499893,4.771808,2.935233,-2.430698,-0.011022,-1.047576,0.002662
2026-09-17T15:26:36.042656,NORMAL,NORMAL,10.926609,15.499893,4.768608,2.765540,-2.426270,-0.006812,-1.047378,0.003094
2026-09-17T15:26:36.227540,NORMAL,NORMAL,11.301627,15.499893,4.767091,2.593683,-2.421463,-0.003198,-1.048058,0.002981
2026-09-17T15:26:36.403816,NORMAL,NORMAL,12.357691,15.499893,4.767817,2.386510,-2.416392,0.000639,-1.049740,0.002481
2026-09-17T15:26:36.580051,NORMAL,NORMAL,14.333789,15.499893,4.767598,2.211651,-2.412574,0.001175,-1.049851,0.001746
2026-09-17T15:26:36.756440,NORMAL,NORMAL,15.331526,15.499893,4.767121,2.036361,-2.410958,0.001556,-1.049758,0.001176
2026-09-17T15:26:36.927648,NORMAL,NORMAL,12.405512,15.499893,4.768012,1.826785,-2.411066,0.002983,-1.049610,0.000318
2026-09-17T15:26:37.103402,NORMAL,NORMAL,11.570658,15.499893,4.767698,1.649720,-2.409918,0.003504,-1.050098,0.000461
2026-09-17T15:26:37.279387,NORMAL,NORMAL,12.854446,15.499893,4.766557,1.482003,-2.408151,0.002642,-1.049923,0.000459
2026-09-17T15:26:37.457232,NORMAL,NORMAL,12.682973,15.499893,4.766090,1.307394,-2.406698,0.002186,-1.048340,0.000380
2026-09-17T15:26:37.675178,NORMAL,NORMAL,13.698957,15.499893,4.767196,1.103350,-2.405125,0.003318,-1.043286,0.000694
2026-09-17T15:26:37.850225,NORMAL,NORMAL,14.417656,15.499893,4.768992,0.904404,-2.402489,0.004536,-1.035434,0.000609
2026-09-17T15:26:38.024973,NORMAL,NORMAL,14.158710,15.499893,4.770308,0.738685,-2.401931,0.004727,-1.030639,0.000056
2026-09-17T15:26:38.210559,NORMAL,NORMAL,13.878977,15.499893,4.770393,0.539849,-2.402501,0.003799,-1.028229,-0.000852
2026-09-17T15:26:38.387999,ANOMALY,NORMAL,18.471057,15.499893,4.769284,0.373254,-2.406074,0.002464,-0.983377,-0.030132
2026-09-17T15:26:38.560534,NORMAL,NORMAL,12.971159,15.499893,4.768399,0.202374,-2.411803,0.001743,-0.764847,-0.014555
2026-09-17T15:26:38.744322,ANOMALY,NORMAL,15.603023,15.499893,4.769073,0.101939,-2.413971,0.001852,-0.546045,0.000418
2026-09-17T15:26:38.919133,NORMAL,NORMAL,15.291137,15.499893,4.770452,0.037577,-2.415633,0.001804,-0.359344,0.005917
2026-09-17T15:26:39.087465,NORMAL,NORMAL,14.373972,15.499893,4.771259,0.000982,-2.416706,0.000675,-0.226169,0.006298
2026-09-17T15:26:39.263754,NORMAL,NORMAL,13.967539,15.499893,4.773421,-0.024104,-2.416935,0.001417,-0.115379,0.005225
2026-09-17T15:26:39.443504,NORMAL,NORMAL,13.259382,15.499893,4.778471,-0.036773,-2.416148,0.005876,-0.059769,0.004381
2026-09-17T15:26:39.625248,NORMAL,NORMAL,12.722590,15.499893,4.786555,-0.045311,-2.415229,0.011936,-0.026269,0.003461
2026-09-17T15:26:39.806581,NORMAL,NORMAL,12.110600,15.499893,4.799619,-0.051250,-2.414966,0.018830,-0.002282,0.003121
2026-09-17T15:26:39.979232,NORMAL,NORMAL,11.601127,15.499893,4.811587,-0.055841,-2.413586,0.021760,0.008334,0.003417
2026-09-17T15:26:40.156076,NORMAL,NORMAL,11.204262,15.499893,4.823000,-0.060714,-2.411364,0.022837,0.013860,0.003259
2026-09-17T15:26:40.337387,NORMAL,NORMAL,10.748919,15.499893,4.836619,-0.067843,-2.408971,0.023494,0.016703,0.003067
2026-09-17T15:26:40.512059,NORMAL,NORMAL,10.583205,15.499893,4.846258,-0.075596,-2.406540,0.022576,0.015777,0.002492
2026-09-17T15:26:40.688131,NORMAL,NORMAL,10.611145,15.499893,4.853379,-0.083796,-2.403492,0.020380,0.014113,0.002493
2026-09-17T15:26:40.863018,NORMAL,NORMAL,10.918631,15.499893,4.858195,-0.093830,-2.401077,0.015754,0.012824,0.001806
2026-09-17T15:26:41.032988,NORMAL,NORMAL,11.322513,15.499893,4.858927,-0.099228,-2.400280,0.010429,0.014301,0.000982
2026-09-17T15:26:41.205069,NORMAL,NORMAL,11.820152,15.499893,4.856927,-0.102586,-2.399704,0.005026,0.016526,0.001043
2026-09-17T15:26:41.376500,NORMAL,NORMAL,12.504519,15.499893,4.851528,-0.104453,-2.399336,-0.001067,0.018833,0.000965
2026-09-17T15:26:41.547971,NORMAL,NORMAL,13.341490,15.499893,4.845067,-0.104025,-2.398348,-0.005493,0.021613,0.001136
2026-09-17T15:26:41.728783,NORMAL,NORMAL,15.363296,15.499893,4.839700,-0.100888,-2.397338,-0.007522,0.025148,0.001107
2026-09-17T15:26:41.914907,NORMAL,NORMAL,11.137899,15.499893,4.836012,-0.095597,-2.397374,-0.007040,0.028306,0.000658
2026-09-17T15:26:42.088252,NORMAL,NORMAL,10.202086,15.499893,4.835581,-0.089040,-2.398669,-0.004418,0.031038,0.000269
2026-09-17T15:26:42.262594,NORMAL,NORMAL,10.348242,15.499893,4.836974,-0.078687,-2.401995,-0.000711,0.034480,-0.000435
2026-09-17T15:26:42.447199,NORMAL,NORMAL,10.220242,15.499893,4.839009,-0.070826,-2.405184,0.001137,0.034856,-0.000643
2026-09-17T15:26:42.619410,NORMAL,NORMAL,9.614663,15.499893,4.841017,-0.063266,-2.408108,0.001838,0.034591,-0.000568
2026-09-17T15:26:42.791533,NORMAL,NORMAL,9.105534,15.499893,4.842711,-0.056288,-2.410887,0.001678,0.033694,-0.000593
2026-09-17T15:26:42.970352,NORMAL,NORMAL,9.075801,15.499893,4.843801,-0.051715,-2.412965,0.000688,0.029807,0.000164
2026-09-17T15:26:43.140150,NORMAL,NORMAL,9.221896,15.499893,4.843906,-0.050200,-2.413768,-0.000223,0.025931,0.000389
2026-09-17T15:26:43.325376,NORMAL,NORMAL,9.566189,15.499893,4.843853,-0.049961,-2.414746,-0.000742,0.022430,0.000235
2026-09-17T15:26:43.509112,NORMAL,NORMAL,9.857072,15.499893,4.845436,-0.051002,-2.415462,-0.000043,0.018396,0.000741
2026-09-17T15:26:43.678878,NORMAL,NORMAL,10.263640,15.499893,4.847739,-0.051367,-2.415997,0.001035,0.016680,0.000546
2026-09-17T15:26:43.867397,NORMAL,NORMAL,10.850044,15.499893,4.850676,-0.050696,-2.416060,0.002192,0.016146,0.000633
2026-09-17T15:26:44.045478,NORMAL,NORMAL,11.551891,15.499893,4.853091,-0.048978,-2.415799,0.002380,0.016824,0.000462
2026-09-17T15:26:44.217031,NORMAL,NORMAL,12.075029,15.499893,4.854463,-0.046009,-2.415868,0.002182,0.017772,0.000665
2026-09-17T15:26:44.394297,NORMAL,NORMAL,12.144190,15.499893,4.856040,-0.041170,-2.416287,0.002080,0.019791,0.000789
2026-09-17T15:26:44.568637,NORMAL,NORMAL,12.861175,15.499893,4.859661,-0.033067,-2.415547,0.002578,0.022618,0.000971
2026-09-17T15:26:44.744361,NORMAL,NORMAL,13.077954,15.499893,4.863024,-0.026156,-2.413106,0.002795,0.023743,0.001427
2026-09-17T15:26:44.915597,NORMAL,NORMAL,13.385100,15.499893,4.865534,-0.019173,-2.411425,0.002335,0.024445,0.000869
2026-09-17T15:26:45.088148,NORMAL,NORMAL,14.292458,15.499893,4.868541,-0.014470,-2.410152,0.002663,0.022963,0.000957
2026-09-17T15:26:45.255858,NORMAL,NORMAL,15.296884,15.499893,4.872880,-0.011866,-2.407434,0.004203,0.018349,0.001128
2026-09-17T15:26:45.427378,NORMAL,NORMAL,14.058982,15.499893,4.874840,-0.012881,-2.405429,0.003814,0.013423,0.000961
2026-09-17T15:26:45.598506,NORMAL,NORMAL,13.853304,15.499893,4.873899,-0.015300,-2.403620,0.001489,0.009250,0.000691
2026-09-17T15:26:45.770569,NORMAL,NORMAL,12.502133,15.499893,4.871274,-0.017356,-2.401915,-0.001065,0.007428,0.000688
2026-09-17T15:26:45.944781,NORMAL,NORMAL,12.109546,15.499893,4.867140,-0.018471,-2.400598,-0.003925,0.006935,0.000350
2026-09-17T15:26:46.122968,NORMAL,NORMAL,12.300692,15.499893,4.861249,-0.018051,-2.399138,-0.007201,0.007383,0.000298
2026-09-17T15:26:46.296265,NORMAL,NORMAL,12.240876,15.499893,4.854877,-0.013093,-2.398255,-0.008953,0.011159,0.000107
2026-09-17T15:26:46.472229,NORMAL,NORMAL,12.064703,15.499893,4.850058,-0.006525,-2.398541,-0.009246,0.014524,-0.000209
2026-09-17T15:26:46.645687,NORMAL,NORMAL,11.994107,15.499893,4.846700,0.001582,-2.398556,-0.007309,0.017159,-0.000401
2026-09-17T15:26:46.820102,NORMAL,NORMAL,12.138664,15.499893,4.845392,0.010243,-2.398181,-0.004212,0.018599,-0.000342
2026-09-17T15:26:46.993566,NORMAL,NORMAL,12.648845,15.499893,4.845040,0.017692,-2.396397,-0.001674,0.017733,-0.000029
2026-09-17T15:26:47.162202,NORMAL,NORMAL,12.741513,15.499893,4.845674,0.027326,-2.395084,-0.000090,0.017613,0.000325
2026-09-17T15:26:47.332145,NORMAL,NORMAL,12.246666,15.499893,4.847576,0.035473,-2.395574,0.001974,0.017918,-0.000210
2026-09-17T15:26:47.505613,NORMAL,NORMAL,11.583784,15.499893,4.850066,0.043026,-2.396533,0.003373,0.017861,-0.000152
2026-09-17T15:26:47.679631,NORMAL,NORMAL,11.219161,15.499893,4.851919,0.048871,-2.397597,0.004198,0.016735,-0.000513
2026-09-17T15:26:47.858074,NORMAL,NORMAL,10.782891,15.499893,4.851586,0.053806,-2.399563,0.002602,0.015332,-0.000780
2026-09-17T15:26:48.038269,NORMAL,NORMAL,10.618270,15.499893,4.847521,0.058661,-2.402785,-0.001174,0.013720,-0.000954
2026-09-17T15:26:48.227970,ANOMALY,NORMAL,15.701230,15.499893,4.842067,0.062271,-2.404349,-0.004832,0.012319,-0.000554
2026-09-17T15:26:48.413757,ANOMALY,NORMAL,20.399616,15.499893,4.833010,0.066400,-2.409679,-0.070819,0.011412,-0.033296
2026-09-17T15:26:48.603140,ANOMALY,NORMAL,15.502793,15.499893,4.800165,0.070507,-2.417088,-0.261235,0.011517,-0.019240
2026-09-17T15:26:48.805342,ANOMALY,NORMAL,16.044873,15.499893,4.708076,0.075172,-2.422584,-0.519413,0.010719,-0.000887
2026-09-17T15:26:48.987571,ANOMALY,NORMAL,15.926552,15.499893,4.564162,0.077646,-2.423658,-0.729285,0.007953,0.005461
2026-09-17T15:26:49.177951,NORMAL,NORMAL,15.267006,15.499893,4.386019,0.079358,-2.421762,-0.872028,0.005692,0.006128
2026-09-17T15:26:49.364173,NORMAL,NORMAL,14.406929,15.499893,4.223152,0.083754,-2.420193,-0.947495,0.007393,0.005004
2026-09-17T15:26:49.548214,NORMAL,NORMAL,13.767471,15.499893,4.023395,0.093547,-2.417250,-0.999242,0.013162,0.004389
2026-09-17T15:26:49.732465,NORMAL,NORMAL,13.201254,15.499893,3.852753,0.102956,-2.414716,-1.023650,0.016455,0.004142
2026-09-17T15:26:49.918133,NORMAL,NORMAL,12.774941,15.499893,3.647670,0.114346,-2.414670,-1.039505,0.018464,0.003046
2026-09-17T15:26:50.098969,NORMAL,NORMAL,12.622439,15.499893,3.483130,0.123841,-2.417038,-1.045085,0.019195,0.002061
2026-09-17T15:26:50.293423,NORMAL,NORMAL,12.562865,15.499893,3.279322,0.136974,-2.422230,-1.046040,0.020012,0.000972
2026-09-17T15:26:50.485283,NORMAL,NORMAL,12.517813,15.499893,3.076091,0.151664,-2.428370,-1.045321,0.021587,0.000686
2026-09-17T15:26:50.670648,NORMAL,NORMAL,12.531905,15.499893,2.871531,0.166820,-2.431860,-1.045573,0.022551,0.001292
2026-09-17T15:26:50.854122,NORMAL,NORMAL,12.456387,15.499893,2.699696,0.178154,-2.433619,-1.045370,0.021507,0.001560
2026-09-17T15:26:51.037549,NORMAL,NORMAL,12.345259,15.499893,2.496580,0.189110,-2.436082,-1.044132,0.018440,0.001274
2026-09-17T15:26:51.216936,NORMAL,NORMAL,12.253485,15.499893,2.327143,0.195829,-2.438087,-1.042108,0.015312,0.001107
2026-09-17T15:26:51.394165,NORMAL,NORMAL,12.419430,15.499893,2.156452,0.198421,-2.440095,-1.041600,0.010988,0.001115
2026-09-17T15:26:51.576591,NORMAL,NORMAL,12.814157,15.499893,1.948440,0.196857,-2.442555,-1.044747,0.004824,0.000752
2026-09-17T15:26:51.760964,NORMAL,NORMAL,13.670062,15.499893,1.772210,0.192424,-2.446170,-1.046929,-0.000694,0.000570
2026-09-17T15:26:51.942683,NORMAL,NORMAL,14.251969,15.499893,1.563348,0.185221,-2.449467,-1.046888,-0.005846,0.000612
2026-09-17T15:26:52.123645,NORMAL,NORMAL,13.054303,15.499893,1.389098,0.180393,-2.451499,-1.044872,-0.007300,0.000901
2026-09-17T15:26:52.301135,NORMAL,NORMAL,13.470616,15.499893,1.182915,0.176430,-2.452399,-1.041880,-0.006458,0.000874
2026-09-17T15:26:52.491424,NORMAL,NORMAL,13.996939,15.499893,1.017945,0.174815,-2.453212,-1.040085,-0.004465,0.000939
2026-09-17T15:26:52.677019,NORMAL,NORMAL,13.042835,15.499893,0.811885,0.173034,-2.455550,-1.038200,-0.002569,0.000450
2026-09-17T15:26:52.862252,NORMAL,NORMAL,14.214166,15.499893,0.638825,0.170153,-2.458015,-1.037293,-0.002921,0.000184
2026-09-17T15:26:53.042386,NORMAL,NORMAL,14.389654,15.499893,0.433043,0.166101,-2.460574,-1.036543,-0.004459,0.000296
2026-09-17T15:26:53.233140,NORMAL,NORMAL,13.706374,15.499893,0.260848,0.162988,-2.461754,-1.035298,-0.005274,0.000477
2026-09-17T15:26:53.415507,ANOMALY,NORMAL,17.182134,15.499893,0.058811,0.157515,-2.465216,-0.977291,-0.006849,-0.029970
2026-09-17T15:26:53.598220,NORMAL,NORMAL,14.662931,15.499893,-0.087366,0.151442,-2.468640,-0.790259,-0.009027,-0.016065
2026-09-17T15:26:53.779888,ANOMALY,NORMAL,15.695879,15.499893,-0.207054,0.145306,-2.469857,-0.528746,-0.010583,0.001721
2026-09-17T15:26:53.959226,NORMAL,NORMAL,15.374383,15.499893,-0.265527,0.142659,-2.468866,-0.342301,-0.009490,0.007026
2026-09-17T15:26:54.135306,NORMAL,NORMAL,14.588146,15.499893,-0.300693,0.139924,-2.466422,-0.182534,-0.008133,0.007147
2026-09-17T15:26:54.313382,NORMAL,NORMAL,13.531547,15.499893,-0.313078,0.135479,-2.464594,-0.094773,-0.010077,0.005827
2026-09-17T15:26:54.493442,NORMAL,NORMAL,12.885479,15.499893,-0.319213,0.128300,-2.463093,-0.043288,-0.014303,0.004517
2026-09-17T15:26:54.675919,NORMAL,NORMAL,12.645390,15.499893,-0.323643,0.118159,-2.460542,-0.007469,-0.018139,0.003724
2026-09-17T15:26:54.856156,NORMAL,NORMAL,12.177128,15.499893,-0.325690,0.110139,-2.457716,0.008500,-0.018693,0.003501
2026-09-17T15:26:55.038442,NORMAL,NORMAL,11.640618,15.499893,-0.327695,0.103165,-2.452206,0.018292,-0.015418,0.003490
2026-09-17T15:26:55.223841,NORMAL,NORMAL,11.302958,15.499893,-0.330087,0.098841,-2.447118,0.021613,-0.012442,0.003557
2026-09-17T15:26:55.404670,NORMAL,NORMAL,11.206612,15.499893,-0.332674,0.094060,-2.440619,0.024341,-0.009429,0.003813
2026-09-17T15:26:55.583683,NORMAL,NORMAL,11.375103,15.499893,-0.333546,0.090190,-2.433595,0.026362,-0.007499,0.004040
2026-09-17T15:26:55.762524,NORMAL,NORMAL,11.803230,15.499893,-0.334343,0.086096,-2.427214,0.027760,-0.006523,0.003744
2026-09-17T15:26:55.944183,NORMAL,NORMAL,12.377429,15.499893,-0.337030,0.081254,-2.421767,0.026470,-0.006166,0.002516
2026-09-17T15:26:56.126067,NORMAL,NORMAL,13.180826,15.499893,-0.340474,0.078350,-2.419450,0.023995,-0.005275,0.001659
2026-09-17T15:26:56.304131,NORMAL,NORMAL,14.150122,15.499893,-0.346426,0.077938,-2.418399,0.020715,-0.002496,0.000856
2026-09-17T15:26:54.448705,NORMAL,NORMAL,15.091614,15.499893,-0.350897,0.079635,-2.419070,0.019416,0.000178,0.000353
2026-09-17T15:26:54.624583,ANOMALY,NORMAL,15.995097,15.499893,-0.353358,0.082195,-2.419875,0.020907,0.002751,0.000215
2026-09-17T15:26:54.811579,ANOMALY,NORMAL,17.042611,15.499893,-0.353728,0.082395,-2.420412,0.023148,0.002249,0.000347
2026-09-17T15:26:54.988003,NORMAL,NORMAL,14.193984,15.499893,-0.355165,0.080876,-2.419987,0.023143,0.000499,0.000720
2026-09-17T15:26:55.168632,NORMAL,NORMAL,13.722041,15.499893,-0.356555,0.080232,-2.418196,0.022920,0.000479,0.000965
2026-09-17T15:26:55.351203,NORMAL,NORMAL,13.156159,15.499893,-0.356123,0.082172,-2.416498,0.023126,0.002604,0.000764
2026-09-17T15:26:55.531016,NORMAL,NORMAL,12.749629,15.499893,-0.354011,0.084209,-2.415333,0.024132,0.003889,0.000555
2026-09-17T15:26:55.714185,NORMAL,NORMAL,11.275670,15.499893,-0.352035,0.084158,-2.415737,0.024306,0.002964,0.000237
2026-09-17T15:26:55.895666,NORMAL,NORMAL,11.260991,15.499893,-0.349131,0.083811,-2.416713,0.024500,0.001766,-0.000022
2026-09-17T15:26:56.073072,NORMAL,NORMAL,10.022032,15.499893,-0.346964,0.082717,-2.418660,0.024512,0.000391,-0.000522
2026-09-17T15:26:56.249433,NORMAL,NORMAL,9.919553,15.499893,-0.344740,0.081504,-2.419920,0.023849,-0.000795,-0.000176
2026-09-17T15:26:56.428080,NORMAL,NORMAL,7.683330,15.499893,-0.342966,0.081489,-2.420902,0.022647,-0.000812,-0.000017
2026-09-17T15:26:56.605209,NORMAL,NORMAL,7.651267,15.499893,-0.340853,0.080745,-2.420604,0.021675,-0.001836,0.000478
2026-09-17T15:26:56.783503,NORMAL,NORMAL,7.708044,15.499893,-0.339108,0.080507,-2.418519,0.020727,-0.002365,0.001244
2026-09-17T15:26:56.976606,NORMAL,NORMAL,7.793224,15.499893,-0.337220,0.081662,-2.415740,0.019639,-0.000719,0.001021
2026-09-17T15:26:57.163341,NORMAL,NORMAL,7.957342,15.499893,-0.332789,0.084617,-2.413430,0.021348,0.002045,0.000677
2026-09-17T15:26:57.346614,NORMAL,NORMAL,8.478945,15.499893,-0.323724,0.088484,-2.410574,0.025336,0.004273,0.001027
2026-09-17T15:26:57.528294,NORMAL,NORMAL,9.153415,15.499893,-0.314504,0.090172,-2.407887,0.027506,0.004059,0.000855
2026-09-17T15:26:57.713663,NORMAL,NORMAL,10.274818,15.499893,-0.305776,0.092598,-2.404222,0.026998,0.004519,0.000908
2026-09-17T15:26:57.891033,NORMAL,NORMAL,10.401163,15.499893,-0.300464,0.095963,-2.402810,0.024513,0.005861,0.000611
2026-09-17T15:26:58.068207,NORMAL,NORMAL,10.610265,15.499893,-0.294106,0.100791,-2.402485,0.022924,0.007200,0.000139
2026-09-17T15:26:58.242927,NORMAL,NORMAL,11.121858,15.499893,-0.287918,0.105963,-2.401709,0.023185,0.008391,-0.000194
2026-09-17T15:26:58.420601,NORMAL,NORMAL,11.268845,15.499893,-0.281383,0.112219,-2.400967,0.024031,0.010151,0.000190
2026-09-17T15:26:58.599787,NORMAL,NORMAL,11.429576,15.499893,-0.275186,0.119420,-2.399869,0.023160,0.010615,-0.000014
2026-09-17T15:26:58.775663,NORMAL,NORMAL,11.830357,15.499893,-0.273529,0.124264,-2.398953,0.019462,0.009502,0.000203
2026-09-17T15:26:58.949373,NORMAL,NORMAL,11.970491,15.499893,-0.273356,0.126950,-2.397218,0.016326,0.007116,0.000147
2026-09-17T15:26:59.139436,NORMAL,NORMAL,11.510182,15.499893,-0.272823,0.127956,-2.396733,0.014569,0.004345,-0.000322
2026-09-17T15:26:59.320271,NORMAL,NORMAL,11.104390,15.499893,-0.272757,0.130432,-2.396685,0.012511,0.003621,-0.000274
2026-09-17T15:26:59.504264,NORMAL,NORMAL,10.607269,15.499893,-0.272626,0.134730,-2.396107,0.010779,0.004581,0.000325
2026-09-17T15:26:59.730876,NORMAL,NORMAL,9.810556,15.499893,-0.271990,0.138211,-2.395826,0.010048,0.004978,0.000187
2026-09-17T15:26:59.914567,NORMAL,NORMAL,9.684968,15.499893,-0.270241,0.140585,-2.397069,0.009776,0.003817,-0.000155
2026-09-17T15:27:00.098583,NORMAL,NORMAL,9.415296,15.499893,-0.266828,0.142635,-2.400076,0.010849,0.003593,-0.000534
2026-09-17T15:27:00.275305,NORMAL,NORMAL,9.883184,15.499893,-0.264148,0.143313,-2.402519,0.010774,0.002861,-0.000784
2026-09-17T15:27:00.455740,NORMAL,NORMAL,10.092998,15.499893,-0.260236,0.142023,-2.404021,0.011799,0.000568,-0.000704
2026-09-17T15:27:00.629345,NORMAL,NORMAL,10.552370,15.499893,-0.257129,0.140705,-2.405025,0.011398,-0.000485,-0.000505
2026-09-17T15:27:00.807557,NORMAL,NORMAL,11.208731,15.499893,-0.256168,0.139901,-2.407141,0.010057,-0.000556,-0.000836
2026-09-17T15:27:00.987393,NORMAL,NORMAL,10.797958,15.499893,-0.255740,0.138301,-2.411064,0.009183,-0.001165,-0.001457
2026-09-17T15:27:01.163969,NORMAL,NORMAL,10.940980,15.499893,-0.257128,0.135124,-2.415642,0.006783,-0.002749,-0.001342
2026-09-17T15:27:01.373832,NORMAL,NORMAL,14.589052,15.499893,-0.257832,0.132415,-2.417005,0.005296,-0.002909,0.043260
2026-09-17T15:27:01.578968,NORMAL,NORMAL,13.925697,15.499893,-0.257662,0.129065,-2.387823,0.003127,-0.002633,0.295861
2026-09-17T15:27:01.796263,ANOMALY,NORMAL,17.946814,15.499893,-0.255675,0.127833,-2.286696,0.004686,-0.000769,0.644419
2026-09-17T15:27:01.979009,ANOMALY,NORMAL,17.614695,15.499893,-0.252124,0.125516,-2.108348,0.007163,0.000041,0.734995
2026-09-17T15:27:02.154543,ANOMALY,NORMAL,19.625947,15.499893,-0.247886,0.123147,-1.985385,0.008810,0.000283,0.657390
2026-09-17T15:27:02.341077,ANOMALY,NORMAL,19.694349,15.499893,-0.241324,0.120170,-1.856338,0.009928,0.000850,0.625495
2026-09-17T15:27:02.528132,ANOMALY,NORMAL,18.688456,15.499893,-0.235339,0.120020,-1.756349,0.009501,0.003564,0.630794
2026-09-17T15:27:02.717868,ANOMALY,NORMAL,17.716956,15.499893,-0.230006,0.123275,-1.628420,0.005569,0.008582,0.646770
2026-09-17T15:27:02.901863,ANOMALY,NORMAL,16.865664,15.499893,-0.228678,0.126792,-1.518093,-0.001320,0.011505,0.659091
2026-09-17T15:27:03.088136,ANOMALY,NORMAL,16.231345,15.499893,-0.228193,0.129078,-1.383909,-0.008607,0.011099,0.670399
2026-09-17T15:27:03.283853,ANOMALY,NORMAL,15.686318,15.499893,-0.228257,0.128981,-1.247152,-0.013714,0.008101,0.678313
2026-09-17T15:27:03.468289,NORMAL,NORMAL,15.083569,15.499893,-0.228602,0.127074,-1.131334,-0.015906,0.004516,0.682688
2026-09-17T15:27:03.673602,NORMAL,NORMAL,14.411148,15.499893,-0.227877,0.123671,-0.994667,-0.016530,0.001209,0.686754
2026-09-17T15:27:03.862131,NORMAL,NORMAL,13.911888,15.499893,-0.226099,0.122297,-0.859027,-0.015833,0.001710,0.691599
2026-09-17T15:27:04.053364,NORMAL,NORMAL,13.763690,15.499893,-0.225854,0.123510,-0.721632,-0.016868,0.005355,0.696646
2026-09-17T15:27:04.244938,NORMAL,NORMAL,13.734386,15.499893,-0.226378,0.125173,-0.604385,-0.017558,0.007662,0.699627
2026-09-17T15:27:04.433303,NORMAL,NORMAL,13.811080,15.499893,-0.225806,0.127281,-0.464973,-0.016856,0.008431,0.701450
2026-09-17T15:27:04.624719,NORMAL,NORMAL,13.828754,15.499893,-0.226757,0.128200,-0.325265,-0.017391,0.007324,0.702556
2026-09-17T15:27:04.821693,NORMAL,NORMAL,14.387633,15.499893,-0.230724,0.127954,-0.186070,-0.019383,0.004712,0.703204
2026-09-17T15:27:05.013188,NORMAL,NORMAL,14.653228,15.499893,-0.236625,0.128579,-0.046775,-0.020966,0.004359,0.704275
2026-09-17T15:27:05.200673,NORMAL,NORMAL,15.158513,15.499893,-0.240433,0.129936,0.066105,0.007635,-0.005744,0.010240
2026-09-17T15:27:05.390314,NORMAL,NORMAL,14.409168,15.499893,-0.238626,0.129515,0.049629,0.008687,-0.005931,0.001075
2026-09-17T15:27:05.618262,ANOMALY,NORMAL,16.087964,15.499893,-0.238034,0.131216,0.031746,0.008318,-0.004235,-0.006136
2026-09-17T15:27:05.810474,ANOMALY,NORMAL,16.413848,15.499893,-0.238873,0.135894,0.020634,0.006568,0.000716,-0.008430
2026-09-17T15:27:06.005634,NORMAL,NORMAL,13.708913,15.499893,-0.239814,0.141048,0.016524,0.004859,0.005559,-0.008702
2026-09-17T15:27:06.195959,NORMAL,NORMAL,13.246836,15.499893,-0.242773,0.148550,0.013934,0.001362,0.011436,-0.007871
2026-09-17T15:27:06.380504,NORMAL,NORMAL,12.167419,15.499893,-0.245407,0.154195,0.010232,-0.001365,0.014727,-0.007652
2026-09-17T15:27:06.562819,NORMAL,NORMAL,11.400043,15.499893,-0.248242,0.154722,0.005203,-0.003317,0.013944,-0.008312
2026-09-17T15:27:06.746163,NORMAL,NORMAL,10.923351,15.499893,-0.251717,0.153871,-0.001080,-0.005088,0.012440,-0.009272
2026-09-17T15:27:06.929703,NORMAL,NORMAL,10.383569,15.499893,-0.253424,0.153455,-0.005855,-0.005882,0.011607,-0.010169
2026-09-17T15:27:07.114426,NORMAL,NORMAL,9.898429,15.499893,-0.254896,0.153836,-0.009967,-0.006557,0.011324,-0.010054
2026-09-17T15:27:07.296133,NORMAL,NORMAL,9.609528,15.499893,-0.255984,0.154908,-0.012775,-0.007088,0.011522,-0.010131
2026-09-17T15:27:07.478063,NORMAL,NORMAL,9.729183,15.499893,-0.259221,0.157322,-0.015631,-0.009364,0.011626,-0.010149
2026-09-17T15:27:07.662556,NORMAL,NORMAL,10.209032,15.499893,-0.262689,0.159972,-0.017865,-0.011600,0.012389,-0.010342
2026-09-17T15:27:07.841726,NORMAL,NORMAL,10.908537,15.499893,-0.266127,0.161788,-0.020504,-0.012252,0.011804,-0.010549
2026-09-17T15:27:08.025941,NORMAL,NORMAL,11.665790,15.499893,-0.268584,0.162950,-0.021393,-0.012169,0.011271,-0.010343
2026-09-17T15:27:08.222451,NORMAL,NORMAL,12.287580,15.499893,-0.269957,0.162812,-0.020822,-0.011361,0.009182,-0.008995
2026-09-17T15:27:08.413931,NORMAL,NORMAL,13.027935,15.499893,-0.268987,0.160492,-0.017992,-0.009984,0.005612,-0.006883
2026-09-17T15:27:08.601314,NORMAL,NORMAL,13.398056,15.499893,-0.267898,0.159852,-0.015102,-0.009408,0.004173,-0.004732
2026-09-17T15:27:08.787611,NORMAL,NORMAL,13.310577,15.499893,-0.266991,0.160011,-0.014047,-0.009158,0.003236,-0.003336
2026-09-17T15:27:08.962357,NORMAL,NORMAL,12.527939,15.499893,-0.265660,0.160618,-0.015580,-0.008548,0.003122,-0.002472
2026-09-17T15:27:09.150311,NORMAL,NORMAL,12.401776,15.499893,-0.264010,0.159913,-0.017712,-0.007846,0.002584,-0.002225
2026-09-17T15:27:09.338760,NORMAL,NORMAL,10.774735,15.499893,-0.261120,0.158088,-0.020003,-0.006356,0.001778,-0.002025
2026-09-17T15:27:09.517355,NORMAL,NORMAL,10.827052,15.499893,-0.257019,0.155168,-0.023681,-0.004037,0.000472,-0.002898
2026-09-17T15:27:09.700546,NORMAL,NORMAL,10.900672,15.499893,-0.254413,0.152126,-0.026646,-0.002527,-0.000816,-0.003796
2026-09-17T15:27:09.883503,NORMAL,NORMAL,11.079366,15.499893,-0.250804,0.149101,-0.028142,-0.000251,-0.001136,-0.004033
2026-09-17T15:27:10.065092,NORMAL,NORMAL,13.324290,15.499893,-0.248091,0.147584,-0.027571,0.001633,-0.000427,-0.003902
2026-09-17T15:27:10.245158,NORMAL,NORMAL,14.174642,15.499893,-0.247672,0.145855,-0.025728,0.001392,-0.000164,-0.002903
2026-09-17T15:27:10.441192,NORMAL,NORMAL,14.922330,15.499893,-0.248500,0.144813,-0.024015,0.000457,-0.000038,-0.002172
2026-09-17T15:27:10.633138,NORMAL,NORMAL,15.319057,15.499893,-0.248212,0.141844,-0.021791,0.000814,-0.001304,-0.001404
2026-09-17T15:27:10.825564,ANOMALY,NORMAL,15.544329,15.499893,-0.249380,0.137611,-0.019880,-0.000211,-0.003771,-0.000548
2026-09-17T15:27:11.018054,ANOMALY,NORMAL,15.627729,15.499893,-0.250543,0.133100,-0.017897,-0.000923,-0.005455,0.000297
2026-09-17T15:27:11.206999,NORMAL,NORMAL,15.402035,15.499893,-0.249959,0.130805,-0.015801,-0.000515,-0.005472,0.001294
2026-09-17T15:27:11.400880,NORMAL,NORMAL,15.179140,15.499893,-0.248208,0.128766,-0.013005,0.001413,-0.005267,0.002534
2026-09-17T15:27:11.594079,NORMAL,NORMAL,14.916405,15.499893,-0.244601,0.126086,-0.009975,0.004730,-0.006431,0.003597
2026-09-17T15:27:11.782308,NORMAL,NORMAL,14.662904,15.499893,-0.241938,0.124599,-0.008020,0.006468,-0.007056,0.004641
2026-09-17T15:27:11.981039,NORMAL,NORMAL,14.413802,15.499893,-0.238431,0.125085,-0.007313,0.008948,-0.005936,0.005286
2026-09-17T15:27:12.173929,NORMAL,NORMAL,14.243678,15.499893,-0.234748,0.126655,-0.006861,0.010948,-0.004365,0.005673
2026-09-17T15:27:12.366585,NORMAL,NORMAL,14.098114,15.499893,-0.232694,0.126400,-0.007655,0.011372,-0.004262,0.005516
2026-09-17T15:27:12.550364,NORMAL,NORMAL,13.922740,15.499893,-0.233385,0.125845,-0.010722,0.010316,-0.004501,0.005111
2026-09-17T15:27:12.746535,NORMAL,NORMAL,13.792398,15.499893,-0.236643,0.126000,-0.013372,0.007734,-0.004180,0.004566
2026-09-17T15:27:12.935339,NORMAL,NORMAL,13.694022,15.499893,-0.241280,0.126935,-0.015175,0.004430,-0.003032,0.004303
2026-09-17T15:27:13.126432,NORMAL,NORMAL,13.626759,15.499893,-0.246378,0.128794,-0.017536,0.001156,-0.001463,0.003547
2026-09-17T15:27:13.314841,NORMAL,NORMAL,13.664421,15.499893,-0.251126,0.131198,-0.018758,-0.001457,0.000411,0.002622
2026-09-17T15:27:13.499839,NORMAL,NORMAL,13.887162,15.499893,-0.252750,0.132202,-0.018020,-0.001520,0.001173,0.002378
2026-09-17T15:27:13.684854,NORMAL,NORMAL,14.571302,15.499893,-0.254991,0.131189,-0.017044,-0.002361,0.000093,0.001961
2026-09-17T15:27:13.869160,NORMAL,NORMAL,14.532345,15.499893,-0.257344,0.130314,-0.015779,-0.003687,-0.000741,0.002210
2026-09-17T15:27:14.048662,NORMAL,NORMAL,14.495837,15.499893,-0.259743,0.131230,-0.014968,-0.005472,0.000580,0.002129
2026-09-17T15:27:14.226163,NORMAL,NORMAL,14.519775,15.499893,-0.262365,0.132810,-0.013394,-0.007740,0.002118,0.002632
2026-09-17T15:27:14.406031,NORMAL,NORMAL,14.554276,15.499893,-0.265116,0.133290,-0.011800,-0.008875,0.002186,0.002784
2026-09-17T15:27:14.584588,NORMAL,NORMAL,14.601925,15.499893,-0.267264,0.132031,-0.010293,-0.009451,0.001252,0.003026
2026-09-17T15:27:14.763239,NORMAL,NORMAL,14.654432,15.499893,-0.268260,0.128401,-0.009536,-0.008752,-0.001311,0.002907
2026-09-17T15:27:14.950383,NORMAL,NORMAL,14.613267,15.499893,-0.266689,0.123987,-0.009113,-0.006146,-0.004113,0.002953
2026-09-17T15:27:15.132152,NORMAL,NORMAL,14.579778,15.499893,-0.263428,0.120276,-0.008321,-0.003317,-0.006672,0.003130
2026-09-17T15:27:15.317496,NORMAL,NORMAL,14.581637,15.499893,-0.257495,0.116330,-0.008712,0.000999,-0.008767,0.002792
2026-09-17T15:27:15.500362,NORMAL,NORMAL,14.586083,15.499893,-0.252384,0.114440,-0.008580,0.004236,-0.009930,0.002359
2026-09-17T15:27:15.672559,NORMAL,NORMAL,14.643387,15.499893,-0.248322,0.113254,-0.007295,0.006112,-0.010428,0.002982
2026-09-17T15:27:15.861587,NORMAL,NORMAL,14.677828,15.499893,-0.244761,0.113399,-0.005891,0.008059,-0.009729,0.003707
2026-09-17T15:27:16.044749,NORMAL,NORMAL,14.653503,15.499893,-0.240271,0.113464,-0.005021,0.010335,-0.009221,0.003928
2026-09-17T15:27:16.220818,NORMAL,NORMAL,14.626585,15.499893,-0.236345,0.112014,-0.005363,0.012261,-0.010129,0.003959
2026-09-17T15:27:16.398291,NORMAL,NORMAL,14.663479,15.499893,-0.234461,0.108846,-0.006545,0.011732,-0.011669,0.003348
2026-09-17T15:27:16.573414,NORMAL,NORMAL,14.703558,15.499893,-0.235662,0.106554,-0.007265,0.009610,-0.012387,0.002749
2026-09-17T15:27:16.744870,NORMAL,NORMAL,14.717312,15.499893,-0.239777,0.105527,-0.007964,0.005358,-0.012059,0.002299
2026-09-17T15:27:16.917666,NORMAL,NORMAL,14.727446,15.499893,-0.244577,0.105312,-0.009132,0.001050,-0.011090,0.001545
2026-09-17T15:27:17.100326,NORMAL,NORMAL,14.712314,15.499893,-0.247685,0.105352,-0.009118,-0.001358,-0.010133,0.001506
2026-09-17T15:27:17.275014,NORMAL,NORMAL,14.704188,15.499893,-0.250255,0.107910,-0.007812,-0.003225,-0.007709,0.001744
2026-09-17T15:27:17.449017,NORMAL,NORMAL,14.725366,15.499893,-0.251300,0.110532,-0.006529,-0.003267,-0.005434,0.002057
2026-09-17T15:27:17.628883,NORMAL,NORMAL,14.747102,15.499893,-0.250795,0.112648,-0.006753,-0.002313,-0.004103,0.001498
2026-09-17T15:27:17.812931,NORMAL,NORMAL,14.752824,15.499893,-0.246743,0.115687,-0.006826,0.000803,-0.002365,0.001593
2026-09-17T15:27:17.997391,NORMAL,NORMAL,14.760598,15.499893,-0.241888,0.117918,-0.005892,0.004197,-0.001015,0.002034
2026-09-17T15:27:18.172679,NORMAL,NORMAL,14.775736,15.499893,-0.237764,0.119037,-0.004240,0.006559,-0.000293,0.003115
2026-09-17T15:27:18.359783,NORMAL,NORMAL,14.794668,15.499893,-0.235759,0.118614,-0.004509,0.007296,-0.000374,0.003207
2026-09-17T15:27:18.533892,NORMAL,NORMAL,14.812239,15.499893,-0.237121,0.117382,-0.005842,0.005462,-0.001296,0.002989
2026-09-17T15:27:18.724760,NORMAL,NORMAL,14.832163,15.499893,-0.239762,0.116954,-0.005906,0.003629,-0.001381,0.003075
2026-09-17T15:27:18.902381,NORMAL,NORMAL,14.884788,15.499893,-0.243746,0.116720,-0.005400,0.001462,-0.001523,0.003723
2026-09-17T15:27:19.072515,NORMAL,NORMAL,14.946736,15.499893,-0.248444,0.116436,-0.005856,-0.000979,-0.002059,0.003780
2026-09-17T15:27:19.250020,NORMAL,NORMAL,14.977915,15.499893,-0.253352,0.115593,-0.007777,-0.003629,-0.002909,0.003319
2026-09-17T15:27:19.465471,NORMAL,NORMAL,15.010863,15.499893,-0.256946,0.115624,-0.008832,-0.005509,-0.002521,0.003029
2026-09-17T15:27:19.636865,NORMAL,NORMAL,15.037373,15.499893,-0.259453,0.115902,-0.011004,-0.006385,-0.001581,0.002736
2026-09-17T15:27:19.821914,NORMAL,NORMAL,15.076209,15.499893,-0.259299,0.116704,-0.012068,-0.005402,-0.000216,0.002395
2026-09-17T15:27:20.007756,NORMAL,NORMAL,15.076748,15.499893,-0.260183,0.119158,-0.011521,-0.006232,0.001881,0.002591
2026-09-17T15:27:20.206154,NORMAL,NORMAL,15.079580,15.499893,-0.262100,0.119732,-0.010059,-0.007758,0.001846,0.002804
2026-09-17T15:27:20.390496,NORMAL,NORMAL,15.112397,15.499893,-0.264213,0.118946,-0.007921,-0.009298,0.001136,0.003571
2026-09-17T15:27:20.556807,NORMAL,NORMAL,15.134949,15.499893,-0.264135,0.119006,-0.007705,-0.008851,0.001022,0.004057
2026-09-17T15:27:20.725580,NORMAL,NORMAL,15.150555,15.499893,-0.263564,0.119147,-0.007941,-0.007939,0.001000,0.004350
2026-09-17T15:27:20.896265,NORMAL,NORMAL,15.162145,15.499893,-0.262127,0.118738,-0.007491,-0.006162,0.000523,0.004797
2026-09-17T15:27:21.066093,NORMAL,NORMAL,15.158051,15.499893,-0.261131,0.118305,-0.006537,-0.004912,0.000356,0.005344
2026-09-17T15:27:21.234469,NORMAL,NORMAL,15.166034,15.499893,-0.261306,0.116370,-0.005444,-0.004319,-0.001242,0.005864
2026-09-17T15:27:21.418882,NORMAL,NORMAL,15.152696,15.499893,-0.261902,0.113520,-0.005478,-0.004108,-0.003485,0.005848
2026-09-17T15:27:21.593578,NORMAL,NORMAL,15.128831,15.499893,-0.262734,0.109947,-0.005604,-0.004324,-0.005908,0.006060
2026-09-17T15:27:21.766854,NORMAL,NORMAL,15.099218,15.499893,-0.264184,0.108279,-0.006486,-0.005132,-0.006948,0.006064
2026-09-17T15:27:21.938655,NORMAL,NORMAL,15.061693,15.499893,-0.265830,0.108385,-0.009031,-0.006195,-0.006436,0.005194
2026-09-17T15:27:22.126971,NORMAL,NORMAL,15.078092,15.499893,-0.266903,0.109564,-0.011769,-0.007198,-0.004959,0.004123
2026-09-17T15:27:22.309812,NORMAL,NORMAL,15.105339,15.499893,-0.267895,0.112045,-0.014673,-0.008647,-0.002437,0.003079
2026-09-17T15:27:22.488381,NORMAL,NORMAL,15.061210,15.499893,-0.268082,0.113456,-0.017317,-0.009040,-0.001506,0.002004
2026-09-17T15:27:22.678416,NORMAL,NORMAL,15.010927,15.499893,-0.264136,0.114179,-0.020461,-0.006136,-0.001793,0.000832
2026-09-17T15:27:22.893303,NORMAL,NORMAL,14.986354,15.499893,-0.258843,0.115596,-0.023684,-0.002498,-0.001081,0.000029
2026-09-17T15:27:23.107433,NORMAL,NORMAL,14.946058,15.499893,-0.251710,0.118014,-0.027845,0.001500,-0.000110,-0.000957
2026-09-17T15:27:23.286185,NORMAL,NORMAL,14.962590,15.499893,-0.247942,0.119097,-0.029440,0.002450,0.000449,-0.001121
2026-09-17T15:27:23.452983,NORMAL,NORMAL,14.978404,15.499893,-0.245810,0.119353,-0.029976,0.002951,0.000484,-0.001161
2026-09-17T15:27:23.633610,NORMAL,NORMAL,14.987651,15.499893,-0.245487,0.119320,-0.028933,0.002350,0.000158,-0.000663
2026-09-17T15:27:23.813741,NORMAL,NORMAL,15.006214,15.499893,-0.247479,0.118775,-0.025027,-0.000417,0.000032,0.001083
2026-09-17T15:27:23.988143,NORMAL,NORMAL,14.986348,15.499893,-0.249739,0.119263,-0.019962,-0.003224,0.000847,0.003037
2026-09-17T15:27:24.162652,NORMAL,NORMAL,14.969093,15.499893,-0.250373,0.121714,-0.012926,-0.004215,0.002793,0.005784
2026-09-17T15:27:24.337959,NORMAL,NORMAL,14.983292,15.499893,-0.250331,0.125279,-0.007400,-0.003969,0.004931,0.007587
2026-09-17T15:27:24.509166,NORMAL,NORMAL,14.997139,15.499893,-0.250832,0.128944,-0.003434,-0.004105,0.006994,0.008874
2026-09-17T15:27:24.684265,NORMAL,NORMAL,15.029221,15.499893,-0.251777,0.132007,-0.000865,-0.004503,0.008333,0.009322
2026-09-17T15:27:24.873856,NORMAL,NORMAL,15.068005,15.499893,-0.252035,0.134842,0.000425,-0.004183,0.009610,0.009347
2026-09-17T15:27:25.061667,NORMAL,NORMAL,15.034346,15.499893,-0.249835,0.137288,0.000330,-0.001935,0.009937,0.008729
2026-09-17T15:27:25.240429,NORMAL,NORMAL,15.004185,15.499893,-0.246732,0.139122,0.000029,0.000415,0.010002,0.007922
2026-09-17T15:27:25.414360,NORMAL,NORMAL,15.016305,15.499893,-0.245399,0.141647,0.000697,0.000663,0.010813,0.008102
2026-09-17T15:27:25.629605,NORMAL,NORMAL,15.027492,15.499893,-0.244320,0.144248,0.002975,0.001357,0.011427,0.008331
2026-09-17T15:27:25.810210,NORMAL,NORMAL,15.035922,15.499893,-0.243540,0.145513,0.006274,0.001814,0.010670,0.009185
2026-09-17T15:27:25.983087,NORMAL,NORMAL,15.044296,15.499893,-0.241950,0.144329,0.008075,0.002800,0.008603,0.009791
2026-09-17T15:27:26.156966,NORMAL,NORMAL,15.058989,15.499893,-0.241348,0.140853,0.007428,0.002972,0.005403,0.008497
2026-09-17T15:27:26.328792,NORMAL,NORMAL,15.080824,15.499893,-0.242261,0.136184,0.005152,0.001746,0.001587,0.007204
2026-09-17T15:27:26.502232,NORMAL,NORMAL,15.043506,15.499893,-0.243497,0.132555,0.002924,0.000461,-0.001094,0.006128
2026-09-17T15:27:26.681847,NORMAL,NORMAL,15.007058,15.499893,-0.244207,0.128867,0.000953,-0.000798,-0.003114,0.005248
2026-09-17T15:27:24.791225,NORMAL,NORMAL,14.977588,15.499893,-0.243883,0.125127,-0.001604,-0.001171,-0.004895,0.003968
2026-09-17T15:27:24.962171,NORMAL,NORMAL,14.943428,15.499893,-0.243000,0.120723,-0.004542,-0.001395,-0.007235,0.002956
2026-09-17T15:27:25.138962,NORMAL,NORMAL,14.906815,15.499893,-0.243166,0.116402,-0.005814,-0.001761,-0.009166,0.002589
2026-09-17T15:27:25.313376,NORMAL,NORMAL,14.863929,15.499893,-0.245580,0.112002,-0.005297,-0.003624,-0.011502,0.002567
2026-09-17T15:27:25.487963,NORMAL,NORMAL,14.813144,15.499893,-0.248108,0.109492,-0.005290,-0.005246,-0.012187,0.002775
2026-09-17T15:27:25.660433,NORMAL,NORMAL,14.774124,15.499893,-0.250357,0.109553,-0.005485,-0.006501,-0.011137,0.003239
2026-09-17T15:27:25.838120,NORMAL,NORMAL,14.706475,15.499893,-0.251953,0.110312,-0.006718,-0.006991,-0.010068,0.002907
2026-09-17T15:27:26.010681,NORMAL,NORMAL,14.645155,15.499893,-0.254067,0.112111,-0.008092,-0.008273,-0.008052,0.002609
2026-09-17T15:27:26.197409,NORMAL,NORMAL,14.615846,15.499893,-0.258487,0.115239,-0.009231,-0.010723,-0.005285,0.002527
2026-09-17T15:27:26.377915,NORMAL,NORMAL,14.598581,15.499893,-0.262729,0.119417,-0.009227,-0.012449,-0.002262,0.002588
2026-09-17T15:27:26.549324,NORMAL,NORMAL,14.610022,15.499893,-0.266486,0.125809,-0.008821,-0.013953,0.002107,0.002624
2026-09-17T15:27:26.731945,NORMAL,NORMAL,14.626335,15.499893,-0.271134,0.131883,-0.009150,-0.015747,0.005798,0.002060
2026-09-17T15:27:26.917057,NORMAL,NORMAL,14.623729,15.499893,-0.275799,0.133046,-0.009117,-0.017970,0.005555,0.001492
2026-09-17T15:27:27.091776,NORMAL,NORMAL,14.624589,15.499893,-0.278405,0.132557,-0.009304,-0.018462,0.004160,0.000541
2026-09-17T15:27:27.316338,NORMAL,NORMAL,14.590364,15.499893,-0.278687,0.131902,-0.010651,-0.018107,0.003232,-0.000454
2026-09-17T15:27:27.498346,NORMAL,NORMAL,14.549352,15.499893,-0.279535,0.128664,-0.010633,-0.018238,0.000423,-0.000342
2026-09-17T15:27:27.702106,NORMAL,NORMAL,14.516936,15.499893,-0.278681,0.124272,-0.010378,-0.017662,-0.002767,-0.000317
2026-09-17T15:27:27.904090,NORMAL,NORMAL,14.476057,15.499893,-0.275866,0.117233,-0.010549,-0.015953,-0.007291,-0.000132
2026-09-17T15:27:28.087007,NORMAL,NORMAL,14.487877,15.499893,-0.273441,0.111832,-0.010128,-0.014182,-0.010104,-0.000054
2026-09-17T15:27:28.266464,NORMAL,NORMAL,14.505627,15.499893,-0.270956,0.109304,-0.010014,-0.011407,-0.011048,0.000030
2026-09-17T15:27:28.442435,NORMAL,NORMAL,14.464220,15.499893,-0.269007,0.107577,-0.009209,-0.009298,-0.011856,0.000454
2026-09-17T15:27:28.616535,NORMAL,NORMAL,14.423525,15.499893,-0.267894,0.107523,-0.008874,-0.007484,-0.010816,0.001003
2026-09-17T15:27:28.795863,NORMAL,NORMAL,14.383523,15.499893,-0.265938,0.107310,-0.008967,-0.005190,-0.010507,0.000767
2026-09-17T15:27:28.978699,NORMAL,NORMAL,14.345536,15.499893,-0.263144,0.106805,-0.009790,-0.002301,-0.010287,0.000902
2026-09-17T15:27:29.165622,NORMAL,NORMAL,14.362292,15.499893,-0.258659,0.107228,-0.012836,0.002050,-0.009423,0.000627
2026-09-17T15:27:29.345590,NORMAL,NORMAL,14.384527,15.499893,-0.255010,0.108323,-0.016530,0.005465,-0.008160,-0.000422
2026-09-17T15:27:29.524522,NORMAL,NORMAL,14.400360,15.499893,-0.252403,0.108267,-0.020465,0.007627,-0.007913,-0.001295
2026-09-17T15:27:29.694767,NORMAL,NORMAL,14.414054,15.499893,-0.250547,0.107112,-0.022725,0.008762,-0.008355,-0.001883
2026-09-17T15:27:29.865781,NORMAL,NORMAL,14.414761,15.499893,-0.247719,0.105582,-0.023765,0.010380,-0.009459,-0.002043
2026-09-17T15:27:30.036747,NORMAL,NORMAL,14.416298,15.499893,-0.245313,0.104714,-0.023994,0.011355,-0.010035,-0.001863
2026-09-17T15:27:30.217145,NORMAL,NORMAL,14.407818,15.499893,-0.244407,0.104321,-0.024048,0.010815,-0.010041,-0.002041
2026-09-17T15:27:30.400397,NORMAL,NORMAL,14.396074,15.499893,-0.243750,0.104446,-0.022615,0.010581,-0.009747,-0.001255
2026-09-17T15:27:30.583698,NORMAL,NORMAL,14.378202,15.499893,-0.244001,0.104705,-0.020992,0.009610,-0.009721,-0.000619
2026-09-17T15:27:30.763480,NORMAL,NORMAL,14.360029,15.499893,-0.244682,0.106491,-0.018823,0.008578,-0.008467,0.000351
2026-09-17T15:27:30.943354,NORMAL,NORMAL,14.358246,15.499893,-0.244335,0.109561,-0.016298,0.008341,-0.006104,0.001190
2026-09-17T15:27:31.147615,NORMAL,NORMAL,14.355947,15.499893,-0.245448,0.113086,-0.015255,0.006754,-0.003321,0.001216
2026-09-17T15:27:31.322152,NORMAL,NORMAL,14.393438,15.499893,-0.248827,0.117635,-0.013994,0.002615,0.000121,0.000791
2026-09-17T15:27:31.495866,NORMAL,NORMAL,14.436547,15.499893,-0.249617,0.119919,-0.013146,0.001159,0.001311,0.000745
2026-09-17T15:27:31.670379,NORMAL,NORMAL,14.430409,15.499893,-0.249610,0.122641,-0.011752,0.000329,0.002931,0.001382
2026-09-17T15:27:31.840584,NORMAL,NORMAL,14.417434,15.499893,-0.250299,0.125108,-0.009316,-0.001161,0.004460,0.002043
2026-09-17T15:27:32.053858,NORMAL,NORMAL,14.472437,15.499893,-0.251593,0.128825,-0.007125,-0.002951,0.006913,0.002375
2026-09-17T15:27:32.221353,NORMAL,NORMAL,14.529196,15.499893,-0.252192,0.133788,-0.005244,-0.003819,0.009933,0.002864
2026-09-17T15:27:32.405459,NORMAL,NORMAL,14.601763,15.499893,-0.252682,0.135152,-0.005034,-0.004747,0.010098,0.002800
2026-09-17T15:27:32.584185,NORMAL,NORMAL,14.677662,15.499893,-0.253440,0.135513,-0.004830,-0.005460,0.009274,0.002922
2026-09-17T15:27:32.761020,NORMAL,NORMAL,14.714657,15.499893,-0.254506,0.135511,-0.004561,-0.006498,0.008442,0.003561
2026-09-17T15:27:32.938550,NORMAL,NORMAL,14.743159,15.499893,-0.255297,0.135549,-0.005947,-0.007410,0.008153,0.003209
2026-09-17T15:27:33.116961,NORMAL,NORMAL,14.722965,15.499893,-0.255854,0.136170,-0.008153,-0.007772,0.008223,0.002502
2026-09-17T15:27:33.297360,NORMAL,NORMAL,14.706861,15.499893,-0.255179,0.137077,-0.010471,-0.006805,0.008255,0.001755
2026-09-17T15:27:33.475492,NORMAL,NORMAL,14.680483,15.499893,-0.254731,0.137282,-0.012058,-0.005999,0.007810,0.001314
2026-09-17T15:27:33.650778,NORMAL,NORMAL,14.652051,15.499893,-0.255627,0.136997,-0.014543,-0.006680,0.007421,0.000825
2026-09-17T15:27:33.828930,NORMAL,NORMAL,14.657106,15.499893,-0.259058,0.135380,-0.017463,-0.009292,0.006036,-0.000145
2026-09-17T15:27:33.997084,NORMAL,NORMAL,14.669535,15.499893,-0.262559,0.133952,-0.020214,-0.011577,0.004545,-0.001322
2026-09-17T15:27:34.166684,NORMAL,NORMAL,14.734371,15.499893,-0.266698,0.131923,-0.023377,-0.013608,0.002944,-0.002376
2026-09-17T15:27:34.372419,NORMAL,NORMAL,14.811641,15.499893,-0.269989,0.129632,-0.025630,-0.014252,0.001620,-0.002780
2026-09-17T15:27:34.557233,NORMAL,NORMAL,14.779402,15.499893,-0.271645,0.125634,-0.029490,-0.013477,-0.001843,-0.003849
2026-09-17T15:27:34.737695,NORMAL,NORMAL,14.734871,15.499893,-0.271050,0.120335,-0.032972,-0.011679,-0.005721,-0.004499
2026-09-17T15:27:34.916729,NORMAL,NORMAL,14.681052,15.499893,-0.270892,0.116352,-0.033705,-0.011092,-0.008184,-0.004543
2026-09-17T15:27:35.102827,NORMAL,NORMAL,14.624846,15.499893,-0.271198,0.111780,-0.034547,-0.010758,-0.010988,-0.004777
2026-09-17T15:27:35.284409,NORMAL,NORMAL,14.619992,15.499893,-0.271609,0.106834,-0.036096,-0.010663,-0.014751,-0.004943
2026-09-17T15:27:35.462001,NORMAL,NORMAL,14.612888,15.499893,-0.272514,0.100272,-0.037575,-0.011260,-0.019383,-0.005105
2026-09-17T15:27:35.637274,NORMAL,NORMAL,14.581139,15.499893,-0.274837,0.096318,-0.037362,-0.013550,-0.021563,-0.004490
2026-09-17T15:27:35.815116,NORMAL,NORMAL,14.554641,15.499893,-0.277765,0.094532,-0.036483,-0.015890,-0.022085,-0.004035
2026-09-17T15:27:35.985413,NORMAL,NORMAL,14.503174,15.499893,-0.279877,0.094956,-0.036395,-0.016893,-0.020817,-0.003899
2026-09-17T15:27:36.156785,NORMAL,NORMAL,14.459460,15.499893,-0.279990,0.095142,-0.037096,-0.016585,-0.019581,-0.003590
2026-09-17T15:27:36.333568,NORMAL,NORMAL,14.414003,15.499893,-0.278069,0.096513,-0.037066,-0.014700,-0.017515,-0.003338
2026-09-17T15:27:36.509514,NORMAL,NORMAL,14.363940,15.499893,-0.274797,0.099788,-0.035544,-0.011744,-0.014153,-0.002308
2026-09-17T15:27:36.696759,NORMAL,NORMAL,14.401705,15.499893,-0.272023,0.101910,-0.033264,-0.009899,-0.012590,-0.001702
2026-09-17T15:27:36.879293,NORMAL,NORMAL,14.431700,15.499893,-0.269208,0.101963,-0.030331,-0.007629,-0.013230,-0.000623
2026-09-17T15:27:37.060429,NORMAL,NORMAL,14.428622,15.499893,-0.264812,0.101883,-0.028661,-0.004277,-0.013880,0.000025
2026-09-17T15:27:37.239696,NORMAL,NORMAL,14.421300,15.499893,-0.259831,0.103086,-0.027033,-0.000568,-0.012948,0.000197
2026-09-17T15:27:37.432087,NORMAL,NORMAL,14.417861,15.499893,-0.256110,0.106175,-0.024796,0.001887,-0.010539,0.000769
2026-09-17T15:27:37.619126,NORMAL,NORMAL,14.417311,15.499893,-0.252850,0.111127,-0.021905,0.003746,-0.006426,0.001492
2026-09-17T15:27:37.804783,NORMAL,NORMAL,14.367018,15.499893,-0.251859,0.113685,-0.020353,0.003713,-0.004226,0.001753
2026-09-17T15:27:37.990697,NORMAL,NORMAL,14.314695,15.499893,-0.251968,0.115520,-0.021104,0.003427,-0.002523,0.001035
2026-09-17T15:27:38.172208,NORMAL,NORMAL,14.360253,15.499893,-0.252164,0.118116,-0.022904,0.003329,-0.000292,0.000398
2026-09-17T15:27:38.353005,NORMAL,NORMAL,14.403372,15.499893,-0.253172,0.120594,-0.024813,0.002738,0.001765,-0.000202
2026-09-17T15:27:38.533948,NORMAL,NORMAL,14.418850,15.499893,-0.254771,0.125475,-0.026569,0.001669,0.005300,-0.001288
2026-09-17T15:27:38.717088,NORMAL,NORMAL,14.445264,15.499893,-0.255165,0.130429,-0.027362,0.001183,0.008628,-0.001115
2026-09-17T15:27:38.918880,NORMAL,NORMAL,14.490442,15.499893,-0.254362,0.134888,-0.027410,0.000709,0.010759,-0.001211
2026-09-17T15:27:39.098333,NORMAL,NORMAL,14.536226,15.499893,-0.252433,0.137444,-0.026368,0.000701,0.011060,-0.000506
2026-09-17T15:27:39.277262,NORMAL,NORMAL,14.580513,15.499893,-0.250260,0.139328,-0.025411,0.001187,0.011790,0.000070
2026-09-17T15:27:39.456492,NORMAL,NORMAL,14.618799,15.499893,-0.247281,0.141422,-0.024332,0.002481,0.012272,0.000565
2026-09-17T15:27:39.649011,NORMAL,NORMAL,14.624989,15.499893,-0.245003,0.144733,-0.022751,0.003296,0.013380,0.001161
2026-09-17T15:27:39.828777,NORMAL,NORMAL,14.627065,15.499893,-0.244423,0.149662,-0.022176,0.003231,0.015457,0.002034
2026-09-17T15:27:40.004559,NORMAL,NORMAL,14.668001,15.499893,-0.244516,0.153814,-0.021846,0.002386,0.016825,0.002423
2026-09-17T15:27:40.181334,NORMAL,NORMAL,14.721025,15.499893,-0.245600,0.156758,-0.020962,0.001386,0.017605,0.002824
2026-09-17T15:27:40.357973,NORMAL,NORMAL,14.745336,15.499893,-0.247605,0.156913,-0.019277,0.000003,0.016421,0.003380
2026-09-17T15:27:40.535214,NORMAL,NORMAL,14.769685,15.499893,-0.249340,0.154568,-0.017495,-0.001351,0.013785,0.003517
2026-09-17T15:27:40.709465,NORMAL,NORMAL,14.803668,15.499893,-0.251329,0.151861,-0.015683,-0.002487,0.011526,0.003557
2026-09-17T15:27:40.880664,NORMAL,NORMAL,14.836294,15.499893,-0.253934,0.149358,-0.015320,-0.003886,0.010010,0.003368
2026-09-17T15:27:41.066156,NORMAL,NORMAL,14.838860,15.499893,-0.258489,0.144579,-0.016456,-0.006197,0.006695,0.002963
2026-09-17T15:27:41.247097,NORMAL,NORMAL,14.856676,15.499893,-0.263172,0.138830,-0.017228,-0.008364,0.002775,0.003025
2026-09-17T15:27:41.430291,NORMAL,NORMAL,14.859927,15.499893,-0.267311,0.131139,-0.017021,-0.010003,-0.002395,0.003161
2026-09-17T15:27:41.645093,NORMAL,NORMAL,14.862829,15.499893,-0.267585,0.125056,-0.017281,-0.008777,-0.006201,0.003363
2026-09-17T15:27:41.827316,NORMAL,NORMAL,14.876699,15.499893,-0.265508,0.120574,-0.018764,-0.005883,-0.008159,0.002284
2026-09-17T15:27:42.004261,NORMAL,NORMAL,14.895434,15.499893,-0.263016,0.118610,-0.020792,-0.002948,-0.008217,0.000921
2026-09-17T15:27:42.173311,NORMAL,NORMAL,14.929531,15.499893,-0.261014,0.118614,-0.023388,-0.001185,-0.007166,-0.000609
2026-09-17T15:27:42.348890,NORMAL,NORMAL,14.958155,15.499893,-0.257937,0.118744,-0.025222,0.001073,-0.006270,-0.001496
2026-09-17T15:27:42.522398,NORMAL,NORMAL,14.949491,15.499893,-0.252958,0.118609,-0.024546,0.004626,-0.005418,-0.001557
2026-09-17T15:27:42.697021,NORMAL,NORMAL,14.944718,15.499893,-0.250105,0.116566,-0.023647,0.005788,-0.006377,-0.001063
2026-09-17T15:27:42.866686,NORMAL,NORMAL,14.919206,15.499893,-0.249584,0.113838,-0.021532,0.004296,-0.007987,0.000320
2026-09-17T15:27:43.036880,NORMAL,NORMAL,14.892424,15.499893,-0.251190,0.112459,-0.018445,0.001428,-0.008389,0.001304
2026-09-17T15:27:43.217816,NORMAL,NORMAL,14.916843,15.499893,-0.252001,0.112031,-0.015328,0.000577,-0.008180,0.002258
2026-09-17T15:27:43.398772,NORMAL,NORMAL,14.941707,15.499893,-0.251969,0.111730,-0.011615,0.000485,-0.007765,0.003369
2026-09-17T15:27:43.574828,NORMAL,NORMAL,14.923703,15.499893,-0.251219,0.111129,-0.009027,0.000625,-0.008256,0.004073
2026-09-17T15:27:43.748715,NORMAL,NORMAL,14.913549,15.499893,-0.250544,0.110587,-0.007155,0.000757,-0.009156,0.004684
2026-09-17T15:27:43.943985,NORMAL,NORMAL,14.875068,15.499893,-0.249705,0.111084,-0.004139,0.000680,-0.008609,0.005403
2026-09-17T15:27:44.136039,NORMAL,NORMAL,14.842776,15.499893,-0.250284,0.114360,-0.002735,-0.000149,-0.005734,0.005122
2026-09-17T15:27:44.316796,NORMAL,NORMAL,14.827179,15.499893,-0.250734,0.119617,-0.002209,-0.000816,-0.001445,0.004572
2026-09-17T15:27:44.489318,NORMAL,NORMAL,14.814320,15.499893,-0.251248,0.123806,-0.001825,-0.000983,0.001301,0.004506
2026-09-17T15:27:44.664651,NORMAL,NORMAL,14.826826,15.499893,-0.251596,0.125940,-0.002097,-0.000977,0.002454,0.004319
2026-09-17T15:27:44.839645,NORMAL,NORMAL,14.833543,15.499893,-0.250808,0.128400,-0.004728,0.000368,0.003619,0.003388
2026-09-17T15:27:45.014800,NORMAL,NORMAL,14.855109,15.499893,-0.247600,0.130764,-0.008254,0.003153,0.005026,0.002593
2026-09-17T15:27:45.181059,NORMAL,NORMAL,14.866947,15.499893,-0.243813,0.132866,-0.012475,0.005938,0.005575,0.001438
2026-09-17T15:27:45.364716,NORMAL,NORMAL,14.868719,15.499893,-0.241129,0.134103,-0.016328,0.007935,0.005726,0.000535
2026-09-17T15:27:45.546897,NORMAL,NORMAL,14.865320,15.499893,-0.239086,0.135026,-0.020031,0.008966,0.005633,-0.000310
2026-09-17T15:27:45.725631,NORMAL,NORMAL,14.865297,15.499893,-0.238819,0.135091,-0.023124,0.008028,0.004772,-0.000904
2026-09-17T15:27:45.903694,NORMAL,NORMAL,14.873469,15.499893,-0.238756,0.133737,-0.024967,0.007698,0.002721,-0.001565
2026-09-17T15:27:46.082415,NORMAL,NORMAL,14.869136,15.499893,-0.239192,0.132590,-0.027586,0.007464,0.001619,-0.002574
2026-09-17T15:27:46.273317,NORMAL,NORMAL,14.859370,15.499893,-0.240832,0.132465,-0.031536,0.006514,0.000965,-0.003920
2026-09-17T15:27:46.487013,NORMAL,NORMAL,14.832014,15.499893,-0.242210,0.132197,-0.034718,0.005547,-0.000124,-0.004988
2026-09-17T15:27:46.660508,NORMAL,NORMAL,14.801635,15.499893,-0.243972,0.128663,-0.037799,0.003928,-0.003890,-0.005598
2026-09-17T15:27:46.857395,NORMAL,NORMAL,14.824243,15.499893,-0.244826,0.123942,-0.038987,0.002699,-0.007722,-0.005581
2026-09-17T15:27:47.026315,NORMAL,NORMAL,14.851057,15.499893,-0.244064,0.118651,-0.039522,0.002498,-0.011444,-0.004827
2026-09-17T15:27:47.207113,NORMAL,NORMAL,14.823933,15.499893,-0.242948,0.115462,-0.039458,0.002728,-0.013617,-0.003876
2026-09-17T15:27:47.376876,NORMAL,NORMAL,14.785755,15.499893,-0.241754,0.112414,-0.039057,0.002550,-0.015390,-0.003123
2026-09-17T15:27:47.557980,NORMAL,NORMAL,14.741633,15.499893,-0.240517,0.110687,-0.039418,0.002824,-0.016391,-0.002788
2026-09-17T15:27:47.735921,NORMAL,NORMAL,14.695870,15.499893,-0.241581,0.110424,-0.040194,0.001245,-0.015927,-0.002880
2026-09-17T15:27:47.911554,NORMAL,NORMAL,14.674147,15.499893,-0.243221,0.111540,-0.040901,-0.000283,-0.014622,-0.002879
2026-09-17T15:27:48.087373,NORMAL,NORMAL,14.652870,15.499893,-0.244849,0.112231,-0.041864,-0.001618,-0.013205,-0.003212
2026-09-17T15:27:48.274087,NORMAL,NORMAL,14.644275,15.499893,-0.247431,0.114456,-0.043919,-0.002853,-0.010451,-0.004205
2026-09-17T15:27:48.454043,NORMAL,NORMAL,14.632862,15.499893,-0.249983,0.117850,-0.044527,-0.003576,-0.007447,-0.004331
2026-09-17T15:27:48.634088,NORMAL,NORMAL,14.615858,15.499893,-0.254417,0.121068,-0.044738,-0.005654,-0.005072,-0.004388
2026-09-17T15:27:48.819784,NORMAL,NORMAL,14.604582,15.499893,-0.257022,0.122706,-0.046104,-0.006199,-0.004432,-0.004478
2026-09-17T15:27:49.000094,NORMAL,NORMAL,14.601859,15.499893,-0.258396,0.123767,-0.048508,-0.006043,-0.004662,-0.005093
2026-09-17T15:27:49.173544,NORMAL,NORMAL,14.613452,15.499893,-0.259112,0.123628,-0.049705,-0.005426,-0.005301,-0.005635
2026-09-17T15:27:49.347666,NORMAL,NORMAL,14.591981,15.499893,-0.259590,0.123214,-0.049733,-0.005212,-0.006003,-0.005631
2026-09-17T15:27:49.519189,NORMAL,NORMAL,14.568916,15.499893,-0.260254,0.122364,-0.049121,-0.005242,-0.006489,-0.005530
2026-09-17T15:27:49.704809,NORMAL,NORMAL,14.543554,15.499893,-0.260052,0.120987,-0.048758,-0.004335,-0.007205,-0.005199
2026-09-17T15:27:49.884874,NORMAL,NORMAL,14.519899,15.499893,-0.260539,0.120110,-0.049353,-0.004070,-0.008020,-0.005190
2026-09-17T15:27:50.064052,NORMAL,NORMAL,14.516813,15.499893,-0.260902,0.118927,-0.049216,-0.003691,-0.008262,-0.004565
2026-09-17T15:27:50.256906,NORMAL,NORMAL,14.515714,15.499893,-0.259654,0.116030,-0.046214,-0.002172,-0.010257,-0.003198
2026-09-17T15:27:50.443076,NORMAL,NORMAL,14.463714,15.499893,-0.258600,0.111464,-0.043346,-0.001152,-0.013043,-0.001899
2026-09-17T15:27:50.634742,NORMAL,NORMAL,14.410625,15.499893,-0.256752,0.109270,-0.043548,0.000114,-0.013683,-0.001400
2026-09-17T15:27:50.844193,NORMAL,NORMAL,14.401600,15.499893,-0.255115,0.108795,-0.045447,0.000066,-0.013121,-0.002220
2026-09-17T15:27:51.061520,NORMAL,NORMAL,14.398379,15.499893,-0.254191,0.110094,-0.048388,-0.000574,-0.011389,-0.003301
2026-09-17T15:27:51.233503,NORMAL,NORMAL,14.438932,15.499893,-0.252596,0.110665,-0.048086,-0.000612,-0.010353,-0.002257
2026-09-17T15:27:51.418962,NORMAL,NORMAL,14.484734,15.499893,-0.250517,0.111716,-0.045830,0.000396,-0.009322,-0.001484
2026-09-17T15:27:51.600308,NORMAL,NORMAL,14.482090,15.499893,-0.248476,0.112884,-0.043602,0.000580,-0.008472,-0.000224
2026-09-17T15:27:51.774573,NORMAL,NORMAL,14.486389,15.499893,-0.247293,0.113430,-0.041328,0.000347,-0.007852,0.000547
2026-09-17T15:27:51.960772,NORMAL,NORMAL,14.452883,15.499893,-0.246145,0.115564,-0.038991,0.000510,-0.005626,0.000941
2026-09-17T15:27:52.141311,NORMAL,NORMAL,14.424402,15.499893,-0.243660,0.119467,-0.035328,0.000873,-0.002047,0.001651
2026-09-17T15:27:52.328372,NORMAL,NORMAL,14.431529,15.499893,-0.242149,0.122429,-0.032873,0.000913,0.000341,0.001916
2026-09-17T15:27:52.507908,NORMAL,NORMAL,14.446826,15.499893,-0.241115,0.126041,-0.029061,0.001128,0.002841,0.002801
2026-09-17T15:27:52.687159,NORMAL,NORMAL,14.407800,15.499893,-0.241534,0.128071,-0.026263,0.000577,0.003629,0.003694
2026-09-17T15:27:52.864467,NORMAL,NORMAL,14.357150,15.499893,-0.241427,0.128711,-0.025240,0.000452,0.002907,0.003470
2026-09-17T15:27:53.050483,NORMAL,NORMAL,14.325855,15.499893,-0.240074,0.129548,-0.026511,0.001664,0.003071,0.002761
2026-09-17T15:27:53.226317,NORMAL,NORMAL,14.294318,15.499893,-0.236767,0.129965,-0.027724,0.004184,0.003055,0.002127
2026-09-17T15:27:53.424459,NORMAL,NORMAL,14.306007,15.499893,-0.233316,0.129988,-0.029693,0.006171,0.003276,0.001252
2026-09-17T15:27:53.605180,NORMAL,NORMAL,14.319056,15.499893,-0.232587,0.129388,-0.033327,0.005030,0.002513,-0.000522
2026-09-17T15:27:53.776498,NORMAL,NORMAL,14.313268,15.499893,-0.232484,0.128390,-0.034621,0.003769,0.001584,-0.001010
2026-09-17T15:27:53.948798,NORMAL,NORMAL,14.306740,15.499893,-0.232667,0.127987,-0.034758,0.002535,0.001305,-0.000828
2026-09-17T15:27:54.141574,NORMAL,NORMAL,14.362990,15.499893,-0.234109,0.128941,-0.034161,0.000834,0.002290,-0.000444
2026-09-17T15:27:54.325441,NORMAL,NORMAL,14.432573,15.499893,-0.237839,0.129977,-0.033399,-0.002515,0.002797,-0.000353
2026-09-17T15:27:54.510804,NORMAL,NORMAL,14.429856,15.499893,-0.243633,0.129670,-0.031775,-0.006509,0.001729,0.000187
2026-09-17T15:27:54.702533,NORMAL,NORMAL,14.421723,15.499893,-0.247728,0.128424,-0.030232,-0.008443,0.000702,0.000820
2026-09-17T15:27:54.885052,NORMAL,NORMAL,14.383733,15.499893,-0.253439,0.127685,-0.028310,-0.011123,-0.000010,0.001326
2026-09-17T15:27:55.077344,NORMAL,NORMAL,14.357965,15.499893,-0.260141,0.127585,-0.027244,-0.014511,-0.000225,0.001206
2026-09-17T15:27:55.309023,NORMAL,NORMAL,14.391848,15.499893,-0.268896,0.128106,-0.024739,-0.018690,0.000490,0.001714
2026-09-17T15:27:55.507512,NORMAL,NORMAL,14.431018,15.499893,-0.277334,0.128930,-0.022130,-0.021525,0.000814,0.001954
2026-09-17T15:27:55.700411,NORMAL,NORMAL,14.478442,15.499893,-0.282227,0.129753,-0.022188,-0.022762,0.001127,0.001490
2026-09-17T15:27:55.890807,NORMAL,NORMAL,14.522800,15.499893,-0.283788,0.129780,-0.025266,-0.021510,0.001019,0.000442
2026-09-17T15:27:56.088053,NORMAL,NORMAL,14.490575,15.499893,-0.283540,0.129351,-0.030378,-0.020115,0.000695,-0.001152
2026-09-17T15:27:56.277870,NORMAL,NORMAL,14.462833,15.499893,-0.283794,0.127764,-0.037005,-0.019798,0.000346,-0.003091
2026-09-17T15:27:56.469125,NORMAL,NORMAL,14.509613,15.499893,-0.285103,0.125801,-0.041227,-0.019860,-0.000530,-0.004189
2026-09-17T15:27:56.654777,NORMAL,NORMAL,14.567833,15.499893,-0.285643,0.122528,-0.042415,-0.019195,-0.002254,-0.004371
2026-09-17T15:27:56.837240,NORMAL,NORMAL,14.586373,15.499893,-0.282298,0.119773,-0.042118,-0.015926,-0.004161,-0.003837
2026-09-17T15:27:54.975731,NORMAL,NORMAL,14.593747,15.499893,-0.277953,0.116753,-0.041045,-0.012099,-0.006013,-0.002862
2026-09-17T15:27:55.165261,NORMAL,NORMAL,14.613996,15.499893,-0.275330,0.115612,-0.039124,-0.009802,-0.006395,-0.001934
2026-09-17T15:27:55.361317,NORMAL,NORMAL,14.636732,15.499893,-0.273145,0.115402,-0.037167,-0.008014,-0.006218,-0.000940
2026-09-17T15:27:55.546819,NORMAL,NORMAL,14.664650,15.499893,-0.270192,0.115421,-0.035305,-0.005902,-0.006119,-0.000246
2026-09-17T15:27:55.729284,NORMAL,NORMAL,14.697370,15.499893,-0.270513,0.116495,-0.032458,-0.006465,-0.005486,0.000098
2026-09-17T15:27:55.962069,NORMAL,NORMAL,14.676034,15.499893,-0.272970,0.118072,-0.030184,-0.008096,-0.004623,0.000484
2026-09-17T15:27:56.140962,NORMAL,NORMAL,14.647301,15.499893,-0.277181,0.121663,-0.028737,-0.010769,-0.001501,0.000436
2026-09-17T15:27:56.318076,NORMAL,NORMAL,14.691879,15.499893,-0.279240,0.125057,-0.030061,-0.011908,0.000816,-0.000466
2026-09-17T15:27:56.494732,NORMAL,NORMAL,14.744562,15.499893,-0.279078,0.126274,-0.030889,-0.011616,0.001071,-0.000862
2026-09-17T15:27:56.685467,NORMAL,NORMAL,14.773058,15.499893,-0.276973,0.127570,-0.030434,-0.009808,0.001360,-0.000674
2026-09-17T15:27:56.864623,NORMAL,NORMAL,14.804046,15.499893,-0.272813,0.131407,-0.028200,-0.006821,0.003409,-0.000266
2026-09-17T15:27:57.055947,NORMAL,NORMAL,14.803137,15.499893,-0.269453,0.133834,-0.026830,-0.005331,0.004619,-0.000028
2026-09-17T15:27:57.242673,NORMAL,NORMAL,14.797709,15.499893,-0.265827,0.134242,-0.026518,-0.003533,0.003859,-0.000406
2026-09-17T15:27:57.432084,NORMAL,NORMAL,14.795607,15.499893,-0.261088,0.133610,-0.025916,-0.000664,0.002803,-0.000554
2026-09-17T15:27:57.627063,NORMAL,NORMAL,14.788298,15.499893,-0.256910,0.134259,-0.025612,0.001940,0.003063,-0.000664
2026-09-17T15:27:57.815205,NORMAL,NORMAL,14.801906,15.499893,-0.253055,0.136009,-0.025686,0.003869,0.004133,-0.000877
2026-09-17T15:27:58.008264,NORMAL,NORMAL,14.812947,15.499893,-0.250996,0.135301,-0.024637,0.004079,0.002990,-0.000527
2026-09-17T15:27:58.201603,NORMAL,NORMAL,14.757373,15.499893,-0.249614,0.133471,-0.022633,0.004446,0.000954,-0.000134
2026-09-17T15:27:58.432566,NORMAL,NORMAL,14.701180,15.499893,-0.249067,0.132171,-0.021574,0.004116,-0.000798,0.000261
2026-09-17T15:27:58.616484,NORMAL,NORMAL,14.707279,15.499893,-0.250080,0.129109,-0.021483,0.003349,-0.003987,0.000777
2026-09-17T15:27:58.798048,NORMAL,NORMAL,14.711261,15.499893,-0.253216,0.124855,-0.020038,0.001473,-0.007349,0.001818
2026-09-17T15:27:58.998634,NORMAL,NORMAL,14.677189,15.499893,-0.254779,0.121149,-0.018405,0.001157,-0.009938,0.002294
2026-09-17T15:27:59.186328,NORMAL,NORMAL,14.649877,15.499893,-0.255063,0.118612,-0.017880,0.002342,-0.010917,0.002298
2026-09-17T15:27:59.394033,NORMAL,NORMAL,14.585957,15.499893,-0.254767,0.117675,-0.018627,0.003221,-0.010876,0.001973
2026-09-17T15:27:59.593373,NORMAL,NORMAL,14.526936,15.499893,-0.253462,0.118265,-0.019824,0.004818,-0.009617,0.001154
2026-09-17T15:27:59.779040,NORMAL,NORMAL,14.495884,15.499893,-0.251299,0.120399,-0.019150,0.007265,-0.007626,0.001102
2026-09-17T15:27:59.961215,NORMAL,NORMAL,14.455685,15.499893,-0.248446,0.119788,-0.018525,0.009888,-0.007964,0.001246
2026-09-17T15:28:00.146641,NORMAL,NORMAL,14.450467,15.499893,-0.245934,0.118034,-0.017913,0.012045,-0.009074,0.001602
2026-09-17T15:28:00.326866,NORMAL,NORMAL,14.439627,15.499893,-0.244869,0.116087,-0.017837,0.011911,-0.009799,0.002016
2026-09-17T15:28:00.507662,NORMAL,NORMAL,14.468283,15.499893,-0.245462,0.113822,-0.018797,0.010773,-0.010323,0.001572
2026-09-17T15:28:00.687580,NORMAL,NORMAL,14.500837,15.499893,-0.246255,0.112308,-0.019863,0.008833,-0.009860,0.001376
2026-09-17T15:28:00.871614,NORMAL,NORMAL,14.467106,15.499893,-0.245443,0.111265,-0.020526,0.008301,-0.009780,0.001393
2026-09-17T15:28:01.088338,NORMAL,NORMAL,14.446119,15.499893,-0.244485,0.110402,-0.020535,0.007408,-0.009138,0.001086
2026-09-17T15:28:01.321116,NORMAL,NORMAL,14.409134,15.499893,-0.242492,0.109732,-0.021972,0.007509,-0.008713,0.000277
2026-09-17T15:28:01.516452,NORMAL,NORMAL,14.366271,15.499893,-0.238898,0.110281,-0.023525,0.008398,-0.008245,-0.000337
2026-09-17T15:28:01.709085,NORMAL,NORMAL,14.389355,15.499893,-0.236472,0.110606,-0.025009,0.009370,-0.007689,-0.001004
2026-09-17T15:28:01.894122,NORMAL,NORMAL,14.409457,15.499893,-0.236598,0.112485,-0.026179,0.008371,-0.005959,-0.001278
2026-09-17T15:28:02.083427,NORMAL,NORMAL,14.438657,15.499893,-0.237516,0.116245,-0.025339,0.007487,-0.003229,-0.000948
2026-09-17T15:28:02.271797,NORMAL,NORMAL,14.471994,15.499893,-0.237768,0.121161,-0.024819,0.007309,0.000317,-0.000613
2026-09-17T15:28:02.447730,NORMAL,NORMAL,14.468892,15.499893,-0.238356,0.124888,-0.022996,0.007025,0.002366,-0.000151
2026-09-17T15:28:02.636191,NORMAL,NORMAL,14.467989,15.499893,-0.239307,0.128525,-0.020229,0.005472,0.004475,0.000705
2026-09-17T15:28:02.818549,NORMAL,NORMAL,14.493357,15.499893,-0.241527,0.133237,-0.018229,0.003094,0.007095,0.001263
2026-09-17T15:28:02.992081,NORMAL,NORMAL,14.512920,15.499893,-0.244558,0.136275,-0.015840,0.000196,0.009028,0.001527
2026-09-17T15:28:03.166877,NORMAL,NORMAL,14.611277,15.499893,-0.247356,0.137465,-0.012388,-0.001679,0.009640,0.002601
2026-09-17T15:28:03.339386,NORMAL,NORMAL,14.715770,15.499893,-0.249340,0.137929,-0.009149,-0.003058,0.009689,0.003073
2026-09-17T15:28:03.556268,NORMAL,NORMAL,14.745611,15.499893,-0.250527,0.137062,-0.006854,-0.003763,0.008208,0.003397
2026-09-17T15:28:03.736219,NORMAL,NORMAL,14.780988,15.499893,-0.250506,0.135282,-0.006986,-0.002830,0.006134,0.003388
2026-09-17T15:28:03.911983,NORMAL,NORMAL,14.774179,15.499893,-0.250129,0.133927,-0.006363,-0.001239,0.004397,0.003704
2026-09-17T15:28:04.093884,NORMAL,NORMAL,14.760977,15.499893,-0.250079,0.132656,-0.004254,-0.000567,0.003274,0.004833
2026-09-17T15:28:04.304629,NORMAL,NORMAL,14.780048,15.499893,-0.249981,0.130487,-0.002042,0.000256,0.000954,0.006205
2026-09-17T15:28:04.541563,NORMAL,NORMAL,14.790494,15.499893,-0.248738,0.127351,0.001039,0.001939,-0.001883,0.007696
2026-09-17T15:28:04.729159,NORMAL,NORMAL,14.843298,15.499893,-0.247417,0.126180,0.003078,0.003053,-0.002707,0.008592
2026-09-17T15:28:04.909042,NORMAL,NORMAL,14.890788,15.499893,-0.248377,0.124263,0.005505,0.002547,-0.003888,0.009209
2026-09-17T15:28:05.092474,NORMAL,NORMAL,14.917469,15.499893,-0.247915,0.123000,0.007302,0.003143,-0.004603,0.009408
2026-09-17T15:28:05.274716,NORMAL,NORMAL,14.954275,15.499893,-0.245762,0.121864,0.008189,0.004940,-0.005465,0.009051
2026-09-17T15:28:05.500591,NORMAL,NORMAL,14.935257,15.499893,-0.243770,0.121982,0.008131,0.006488,-0.005461,0.008902
2026-09-17T15:28:05.681942,NORMAL,NORMAL,14.909797,15.499893,-0.239576,0.119875,0.008209,0.009953,-0.006515,0.008747
2026-09-17T15:28:05.865633,NORMAL,NORMAL,14.903879,15.499893,-0.236399,0.117959,0.008431,0.012534,-0.007242,0.009253
2026-09-17T15:28:06.049403,NORMAL,NORMAL,14.894842,15.499893,-0.230791,0.116638,0.008514,0.017336,-0.007010,0.008981
2026-09-17T15:28:06.235681,NORMAL,NORMAL,14.910250,15.499893,-0.227798,0.117668,0.007610,0.019263,-0.005401,0.008697
2026-09-17T15:28:06.413596,NORMAL,NORMAL,14.933988,15.499893,-0.226569,0.120615,0.006066,0.019491,-0.002607,0.007830
2026-09-17T15:28:06.592067,NORMAL,NORMAL,14.908950,15.499893,-0.227935,0.124927,0.004305,0.017334,0.001153,0.007008
2026-09-17T15:28:06.772456,NORMAL,NORMAL,14.876641,15.499893,-0.229868,0.129606,0.001546,0.014270,0.004993,0.005762
2026-09-17T15:28:06.953720,NORMAL,NORMAL,14.852189,15.499893,-0.231202,0.133078,-0.002795,0.012048,0.007425,0.004400
2026-09-17T15:28:07.126121,NORMAL,NORMAL,14.825921,15.499893,-0.232301,0.136375,-0.004927,0.010179,0.009456,0.003924
2026-09-17T15:28:07.302951,NORMAL,NORMAL,14.839512,15.499893,-0.232894,0.138208,-0.005944,0.008938,0.009780,0.003671
2026-09-17T15:28:07.481412,NORMAL,NORMAL,14.859446,15.499893,-0.233313,0.139630,-0.006884,0.008026,0.009617,0.003232
2026-09-17T15:28:07.662287,NORMAL,NORMAL,14.886223,15.499893,-0.233063,0.141025,-0.005631,0.008362,0.009826,0.003494
2026-09-17T15:28:07.842012,NORMAL,NORMAL,14.918401,15.499893,-0.232021,0.141814,-0.003933,0.008883,0.009482,0.004108
2026-09-17T15:28:08.029384,NORMAL,NORMAL,14.911602,15.499893,-0.230743,0.142561,-0.001721,0.009417,0.009300,0.005161
2026-09-17T15:28:08.216213,NORMAL,NORMAL,14.912803,15.499893,-0.230412,0.143240,-0.000450,0.009274,0.009247,0.005569
2026-09-17T15:28:08.400600,NORMAL,NORMAL,14.865752,15.499893,-0.228585,0.142038,0.000590,0.010119,0.008015,0.005948
2026-09-17T15:28:08.583848,NORMAL,NORMAL,14.810827,15.499893,-0.227953,0.138748,0.001902,0.009696,0.005500,0.006863
2026-09-17T15:28:08.761785,NORMAL,NORMAL,14.824344,15.499893,-0.228413,0.135461,0.004071,0.008410,0.003405,0.008018
2026-09-17T15:28:08.948432,NORMAL,NORMAL,14.838781,15.499893,-0.229479,0.134634,0.005182,0.006705,0.003079,0.008660
2026-09-17T15:28:09.131888,NORMAL,NORMAL,14.813580,15.499893,-0.230054,0.135132,0.005863,0.005904,0.003728,0.009673
2026-09-17T15:28:09.310745,NORMAL,NORMAL,14.781358,15.499893,-0.229532,0.134608,0.005130,0.006360,0.003640,0.009828
2026-09-17T15:28:09.490466,NORMAL,NORMAL,14.771341,15.499893,-0.229668,0.134485,0.003597,0.006515,0.003684,0.009425
2026-09-17T15:28:09.665885,NORMAL,NORMAL,14.757863,15.499893,-0.230632,0.134976,0.004006,0.005983,0.004162,0.009609
2026-09-17T15:28:09.859702,NORMAL,NORMAL,14.758342,15.499893,-0.230882,0.134797,0.005047,0.006127,0.004435,0.009901
2026-09-17T15:28:10.031184,NORMAL,NORMAL,14.761882,15.499893,-0.230101,0.133737,0.006752,0.006735,0.003604,0.010410
2026-09-17T15:28:10.220401,NORMAL,NORMAL,14.789542,15.499893,-0.229682,0.132396,0.008057,0.006829,0.002520,0.010677
2026-09-17T15:28:10.411590,NORMAL,NORMAL,14.810835,15.499893,-0.229435,0.128909,0.009606,0.006123,-0.000893,0.011205
2026-09-17T15:28:10.601792,NORMAL,NORMAL,14.748116,15.499893,-0.231400,0.125515,0.010527,0.003446,-0.003857,0.011662
2026-09-17T15:28:10.795216,NORMAL,NORMAL,14.685766,15.499893,-0.233687,0.123922,0.011158,0.000506,-0.005202,0.011701
2026-09-17T15:28:10.992228,NORMAL,NORMAL,14.674690,15.499893,-0.237264,0.122277,0.011264,-0.002923,-0.006384,0.011143
2026-09-17T15:28:11.185759,NORMAL,NORMAL,14.662610,15.499893,-0.240392,0.120634,0.010746,-0.005344,-0.007639,0.010463
2026-09-17T15:28:11.382297,NORMAL,NORMAL,14.612901,15.499893,-0.244666,0.119893,0.010684,-0.007974,-0.008473,0.010214
2026-09-17T15:28:11.572169,NORMAL,NORMAL,14.559009,15.499893,-0.248738,0.119841,0.010101,-0.009745,-0.008679,0.009465
2026-09-17T15:28:11.747947,NORMAL,NORMAL,14.515283,15.499893,-0.252227,0.120482,0.008606,-0.011542,-0.008429,0.008761
2026-09-17T15:28:11.925188,NORMAL,NORMAL,14.469757,15.499893,-0.257480,0.122706,0.004427,-0.014184,-0.006971,0.007040
2026-09-17T15:28:12.104476,NORMAL,NORMAL,14.463640,15.499893,-0.261524,0.124958,-0.001855,-0.016034,-0.005270,0.004708
2026-09-17T15:28:12.283268,NORMAL,NORMAL,14.458162,15.499893,-0.265196,0.126333,-0.007532,-0.017338,-0.004606,0.002568
2026-09-17T15:28:12.481307,NORMAL,NORMAL,14.432724,15.499893,-0.270519,0.126900,-0.014254,-0.019901,-0.004466,0.000105
2026-09-17T15:28:12.677384,NORMAL,NORMAL,14.400584,15.499893,-0.274354,0.127400,-0.017369,-0.021227,-0.004313,-0.001311
2026-09-17T15:28:12.866884,NORMAL,NORMAL,14.399776,15.499893,-0.274202,0.127587,-0.018373,-0.019608,-0.004128,-0.001787
2026-09-17T15:28:13.053900,NORMAL,NORMAL,14.402519,15.499893,-0.272460,0.126421,-0.019601,-0.017205,-0.004972,-0.002345
2026-09-17T15:28:13.239189,NORMAL,NORMAL,14.423457,15.499893,-0.269997,0.124869,-0.020680,-0.014680,-0.005971,-0.003174
2026-09-17T15:28:13.428551,NORMAL,NORMAL,14.446586,15.499893,-0.267571,0.123268,-0.020732,-0.012662,-0.007022,-0.003670
2026-09-17T15:28:13.605049,NORMAL,NORMAL,14.405639,15.499893,-0.263967,0.120146,-0.020530,-0.010017,-0.008703,-0.003534
2026-09-17T15:28:13.778651,NORMAL,NORMAL,14.363161,15.499893,-0.262293,0.118986,-0.018988,-0.008577,-0.008578,-0.003163
2026-09-17T15:28:13.990554,NORMAL,NORMAL,14.361960,15.499893,-0.260433,0.121392,-0.016940,-0.006342,-0.005526,-0.002734
2026-09-17T15:28:14.158876,NORMAL,NORMAL,14.364004,15.499893,-0.257730,0.126087,-0.016041,-0.003496,-0.001052,-0.002721
2026-09-17T15:28:14.333287,NORMAL,NORMAL,14.403914,15.499893,-0.255045,0.130198,-0.016016,-0.000489,0.002629,-0.002691
2026-09-17T15:28:14.542079,NORMAL,NORMAL,14.459462,15.499893,-0.252475,0.134060,-0.016496,0.001967,0.005978,-0.002767
2026-09-17T15:28:14.729136,NORMAL,NORMAL,14.476283,15.499893,-0.247890,0.139056,-0.018150,0.005993,0.009207,-0.003154
2026-09-17T15:28:14.923436,NORMAL,NORMAL,14.487613,15.499893,-0.244604,0.141024,-0.019303,0.008573,0.009843,-0.003568
2026-09-17T15:28:15.144364,NORMAL,NORMAL,14.519588,15.499893,-0.240769,0.143889,-0.019558,0.011078,0.011160,-0.003810
2026-09-17T15:28:15.333502,NORMAL,NORMAL,14.555920,15.499893,-0.238670,0.145732,-0.021371,0.011683,0.011403,-0.004463
2026-09-17T15:28:15.516119,NORMAL,NORMAL,14.598852,15.499893,-0.239146,0.145656,-0.022700,0.010702,0.010768,-0.004942
2026-09-17T15:28:15.731223,NORMAL,NORMAL,14.643810,15.499893,-0.240432,0.145802,-0.023211,0.008908,0.010011,-0.005598
2026-09-17T15:28:15.905853,NORMAL,NORMAL,14.665216,15.499893,-0.241596,0.144558,-0.022759,0.007343,0.008768,-0.005743
2026-09-17T15:28:16.094986,NORMAL,NORMAL,14.684010,15.499893,-0.242626,0.143385,-0.021114,0.005883,0.008122,-0.004986
2026-09-17T15:28:16.260951,NORMAL,NORMAL,14.699363,15.499893,-0.244230,0.142603,-0.016829,0.003523,0.007973,-0.003190
2026-09-17T15:28:16.439564,NORMAL,NORMAL,14.721062,15.499893,-0.245243,0.143514,-0.013782,0.001344,0.009032,-0.002005
2026-09-17T15:28:16.625229,NORMAL,NORMAL,14.802077,15.499893,-0.244284,0.144542,-0.010669,0.001035,0.009503,-0.001030
2026-09-17T15:28:16.821933,NORMAL,NORMAL,14.885580,15.499893,-0.243133,0.143339,-0.007577,0.000638,0.007693,-0.000283
2026-09-17T15:28:17.035016,NORMAL,NORMAL,14.913701,15.499893,-0.242433,0.138889,-0.004263,0.000441,0.003695,0.000022
2026-09-17T15:28:17.222693,NORMAL,NORMAL,14.939630,15.499893,-0.242796,0.134651,-0.001733,-0.000432,0.000513,0.000363
2026-09-17T15:28:17.410032,NORMAL,NORMAL,14.982168,15.499893,-0.243300,0.133072,0.000488,-0.001039,-0.000244,0.000992
2026-09-17T15:28:17.590664,NORMAL,NORMAL,15.021111,15.499893,-0.243557,0.133215,0.001795,-0.001502,0.000414,0.000868
2026-09-17T15:28:17.772915,NORMAL,NORMAL,15.026637,15.499893,-0.244397,0.131345,0.003761,-0.002103,-0.000873,0.000539
2026-09-17T15:28:17.954833,NORMAL,NORMAL,15.025788,15.499893,-0.244730,0.129681,0.003414,-0.002432,-0.001858,-0.000122
2026-09-17T15:28:18.131680,NORMAL,NORMAL,15.042939,15.499893,-0.244962,0.129218,0.002540,-0.002446,-0.001789,-0.001131
2026-09-17T15:28:18.314520,NORMAL,NORMAL,15.052985,15.499893,-0.245176,0.130435,0.002438,-0.002851,-0.001114,-0.001304
2026-09-17T15:28:18.486661,NORMAL,NORMAL,15.077860,15.499893,-0.245637,0.132051,0.001758,-0.003202,-0.000312,-0.001727
2026-09-17T15:28:18.702471,NORMAL,NORMAL,15.114832,15.499893,-0.245656,0.133407,0.000142,-0.003423,0.000322,-0.002278
2026-09-17T15:28:18.876377,NORMAL,NORMAL,15.097504,15.499893,-0.245361,0.133787,-0.001146,-0.003188,-0.000169,-0.002307
2026-09-17T15:28:19.047723,NORMAL,NORMAL,15.076601,15.499893,-0.243631,0.133651,-0.002704,-0.001449,-0.000766,-0.002295
2026-09-17T15:28:19.235346,NORMAL,NORMAL,15.035006,15.499893,-0.239403,0.132734,-0.004323,0.001693,-0.001534,-0.002328
2026-09-17T15:28:19.416147,NORMAL,NORMAL,14.992275,15.499893,-0.235764,0.131011,-0.006512,0.004551,-0.002996,-0.003123
2026-09-17T15:28:19.601909,NORMAL,NORMAL,14.968000,15.499893,-0.236263,0.129533,-0.009170,0.003826,-0.003634,-0.004155
2026-09-17T15:28:19.789211,NORMAL,NORMAL,14.946397,15.499893,-0.240001,0.128099,-0.012592,0.001007,-0.003990,-0.005362
2026-09-17T15:28:19.971652,NORMAL,NORMAL,14.959102,15.499893,-0.245183,0.126549,-0.016485,-0.002262,-0.004059,-0.006800
2026-09-17T15:28:20.151292,NORMAL,NORMAL,14.981274,15.499893,-0.249442,0.124638,-0.018586,-0.004322,-0.005069,-0.006941
2026-09-17T15:28:20.330473,NORMAL,NORMAL,14.941771,15.499893,-0.254755,0.122030,-0.019557,-0.006850,-0.006241,-0.006826
2026-09-17T15:28:20.510585,NORMAL,NORMAL,14.909141,15.499893,-0.259029,0.119051,-0.020466,-0.008911,-0.007927,-0.006677
2026-09-17T15:28:20.713009,NORMAL,NORMAL,14.878143,15.499893,-0.261766,0.116424,-0.021267,-0.009565,-0.009185,-0.006471
2026-09-17T15:28:20.914929,NORMAL,NORMAL,14.842452,15.499893,-0.263257,0.114490,-0.022101,-0.009271,-0.010255,-0.006607
2026-09-17T15:28:21.099118,NORMAL,NORMAL,14.778071,15.499893,-0.264409,0.113110,-0.022095,-0.008691,-0.010969,-0.006151
2026-09-17T15:28:21.274384,NORMAL,NORMAL,14.719064,15.499893,-0.263623,0.114125,-0.022139,-0.006845,-0.009809,-0.005993
2026-09-17T15:28:21.472740,NORMAL,NORMAL,14.733444,15.499893,-0.260653,0.115423,-0.023383,-0.004381,-0.008881,-0.006089
2026-09-17T15:28:21.664437,NORMAL,NORMAL,14.760323,15.499893,-0.257539,0.114860,-0.026335,-0.002044,-0.009730,-0.007148
2026-09-17T15:28:21.887809,NORMAL,NORMAL,14.749885,15.499893,-0.255370,0.113643,-0.028044,-0.001437,-0.010642,-0.007598
2026-09-17T15:28:22.076771,NORMAL,NORMAL,14.745196,15.499893,-0.253658,0.114675,-0.031429,-0.001577,-0.009462,-0.008117
2026-09-17T15:28:22.262657,NORMAL,NORMAL,14.698222,15.499893,-0.252872,0.115199,-0.035613,-0.001912,-0.008975,-0.009560
2026-09-17T15:28:22.471608,NORMAL,NORMAL,14.652722,15.499893,-0.252968,0.115605,-0.041574,-0.002844,-0.008253,-0.011231
2026-09-17T15:28:22.650350,NORMAL,NORMAL,14.694336,15.499893,-0.253350,0.115735,-0.046320,-0.003169,-0.007203,-0.012081
2026-09-17T15:28:22.830388,NORMAL,NORMAL,14.748228,15.499893,-0.252535,0.116523,-0.048971,-0.002639,-0.005322,-0.011903
2026-09-17T15:28:23.014885,NORMAL,NORMAL,14.749823,15.499893,-0.250821,0.119014,-0.049798,-0.001386,-0.002039,-0.011394
2026-09-17T15:28:23.186546,NORMAL,NORMAL,14.746683,15.499893,-0.249512,0.122345,-0.049028,-0.000201,0.001722,-0.010318
2026-09-17T15:28:23.368143,NORMAL,NORMAL,14.803665,15.499893,-0.248711,0.124253,-0.046831,0.000564,0.003915,-0.008618
2026-09-17T15:28:23.547842,NORMAL,NORMAL,14.863988,15.499893,-0.248745,0.122974,-0.044441,0.000566,0.002992,-0.006912
2026-09-17T15:28:23.739916,NORMAL,NORMAL,14.858995,15.499893,-0.248563,0.117434,-0.041498,0.001070,-0.001012,-0.005582
2026-09-17T15:28:23.920890,NORMAL,NORMAL,14.844717,15.499893,-0.246725,0.113200,-0.037968,0.002984,-0.003789,-0.003983
2026-09-17T15:28:24.106813,NORMAL,NORMAL,14.830594,15.499893,-0.244571,0.111850,-0.032270,0.004633,-0.003552,-0.002028
2026-09-17T15:28:24.289573,NORMAL,NORMAL,14.810123,15.499893,-0.242780,0.112185,-0.027280,0.005696,-0.002440,-0.000728
2026-09-17T15:28:24.473390,NORMAL,NORMAL,14.800149,15.499893,-0.241975,0.114556,-0.022119,0.005719,0.000178,0.000091
2026-09-17T15:28:24.655651,NORMAL,NORMAL,14.797563,15.499893,-0.241238,0.116012,-0.018832,0.005610,0.001418,0.000852
2026-09-17T15:28:24.836693,NORMAL,NORMAL,14.855875,15.499893,-0.241372,0.117818,-0.016365,0.004958,0.002631,0.001273
2026-09-17T15:28:25.013770,NORMAL,NORMAL,14.914978,15.499893,-0.241484,0.118732,-0.014847,0.004767,0.003343,0.001718
2026-09-17T15:28:25.189296,NORMAL,NORMAL,14.915601,15.499893,-0.241448,0.118605,-0.011765,0.004517,0.003093,0.002217
2026-09-17T15:28:25.368335,NORMAL,NORMAL,14.916282,15.499893,-0.240183,0.118846,-0.007207,0.004855,0.003092,0.003751
2026-09-17T15:28:25.542540,NORMAL,NORMAL,14.918444,15.499893,-0.238518,0.118947,-0.003394,0.005085,0.002999,0.005013
2026-09-17T15:28:25.717634,NORMAL,NORMAL,14.921637,15.499893,-0.236485,0.118246,-0.001677,0.005609,0.001967,0.005000
2026-09-17T15:28:25.912867,NORMAL,NORMAL,14.907098,15.499893,-0.234613,0.117247,-0.001535,0.005952,0.000414,0.004907
2026-09-17T15:28:26.144372,NORMAL,NORMAL,14.876174,15.499893,-0.234613,0.117867,-0.001557,0.005375,0.000285,0.004956
2026-09-17T15:28:26.329937,NORMAL,NORMAL,14.870400,15.499893,-0.236199,0.119442,-0.002482,0.004053,0.001145,0.004533
2026-09-17T15:28:26.511075,NORMAL,NORMAL,14.865821,15.499893,-0.238755,0.121050,-0.004144,0.002269,0.001779,0.003986
2026-09-17T15:28:26.690860,NORMAL,NORMAL,14.846104,15.499893,-0.241631,0.122744,-0.005823,0.000308,0.002413,0.002846
2026-09-17T15:28:26.872448,NORMAL,NORMAL,14.821538,15.499893,-0.245260,0.125670,-0.008998,-0.002084,0.003606,0.001819
2026-09-17T15:28:27.055515,NORMAL,NORMAL,14.774384,15.499893,-0.248371,0.128516,-0.012231,-0.004504,0.005315,0.000518
2026-09-17T15:28:27.234428,NORMAL,NORMAL,14.743430,15.499893,-0.252492,0.131893,-0.014259,-0.007550,0.007357,-0.000273
2026-09-17T15:28:25.380126,NORMAL,NORMAL,14.717729,15.499893,-0.255120,0.134851,-0.015068,-0.009246,0.009099,-0.000707
2026-09-17T15:28:25.565169,NORMAL,NORMAL,14.702600,15.499893,-0.257983,0.138244,-0.016946,-0.011109,0.010874,-0.001079
2026-09-17T15:28:25.746510,NORMAL,NORMAL,14.726854,15.499893,-0.261890,0.142309,-0.018952,-0.013460,0.012455,-0.001290
2026-09-17T15:28:25.929234,NORMAL,NORMAL,14.750702,15.499893,-0.264776,0.143837,-0.020996,-0.014732,0.012250,-0.001801
2026-09-17T15:28:26.124456,NORMAL,NORMAL,14.751739,15.499893,-0.267148,0.144918,-0.023227,-0.014891,0.011510,-0.001731
2026-09-17T15:28:26.326476,NORMAL,NORMAL,14.758463,15.499893,-0.270111,0.146131,-0.024831,-0.015882,0.010852,-0.001927
2026-09-17T15:28:26.520904,NORMAL,NORMAL,14.746108,15.499893,-0.271048,0.147679,-0.027099,-0.015652,0.010778,-0.002312
2026-09-17T15:28:26.712115,NORMAL,NORMAL,14.726477,15.499893,-0.270866,0.149623,-0.028752,-0.014883,0.011074,-0.002246
2026-09-17T15:28:26.895880,NORMAL,NORMAL,14.697536,15.499893,-0.271526,0.151297,-0.030169,-0.014948,0.011683,-0.002647
2026-09-17T15:28:27.075132,NORMAL,NORMAL,14.668029,15.499893,-0.273062,0.152732,-0.031465,-0.014340,0.011989,-0.003133
2026-09-17T15:28:27.262891,NORMAL,NORMAL,14.652077,15.499893,-0.274981,0.153228,-0.031792,-0.014232,0.011386,-0.003478
2026-09-17T15:28:27.443411,NORMAL,NORMAL,14.635210,15.499893,-0.277582,0.152506,-0.032666,-0.014661,0.009713,-0.003890
2026-09-17T15:28:27.626227,NORMAL,NORMAL,14.627256,15.499893,-0.278408,0.151306,-0.035200,-0.014442,0.007799,-0.004603
2026-09-17T15:28:27.828243,NORMAL,NORMAL,14.623966,15.499893,-0.276803,0.147425,-0.036723,-0.011989,0.004420,-0.004750
2026-09-17T15:28:27.994685,NORMAL,NORMAL,14.587043,15.499893,-0.274346,0.143526,-0.036678,-0.009183,0.001484,-0.004461
2026-09-17T15:28:28.166825,NORMAL,NORMAL,14.544934,15.499893,-0.271400,0.140309,-0.036935,-0.006659,-0.000799,-0.004321
2026-09-17T15:28:28.352813,NORMAL,NORMAL,14.582191,15.499893,-0.268251,0.136744,-0.036641,-0.004322,-0.003322,-0.004432
2026-09-17T15:28:28.534886,NORMAL,NORMAL,14.615422,15.499893,-0.264987,0.131591,-0.033095,-0.002318,-0.006920,-0.002804
2026-09-17T15:28:28.718915,NORMAL,NORMAL,14.607005,15.499893,-0.261551,0.127718,-0.028909,-0.000608,-0.009319,-0.001816
2026-09-17T15:28:28.903245,NORMAL,NORMAL,14.591007,15.499893,-0.256195,0.122972,-0.025617,0.001738,-0.012435,-0.000984
2026-09-17T15:28:29.080821,NORMAL,NORMAL,14.537090,15.499893,-0.251924,0.119716,-0.022743,0.003489,-0.014404,0.000332
2026-09-17T15:28:29.263249,NORMAL,NORMAL,14.483774,15.499893,-0.248017,0.116023,-0.020403,0.004880,-0.015996,0.001324
2026-09-17T15:28:29.442909,NORMAL,NORMAL,14.462498,15.499893,-0.243768,0.110952,-0.018689,0.006223,-0.018184,0.002117
2026-09-17T15:28:29.625035,NORMAL,NORMAL,14.450471,15.499893,-0.242259,0.108194,-0.019021,0.006703,-0.018656,0.001802
2026-09-17T15:28:29.799771,NORMAL,NORMAL,14.436778,15.499893,-0.243177,0.105133,-0.019925,0.006184,-0.018930,0.001377
2026-09-17T15:28:29.976665,NORMAL,NORMAL,14.413363,15.499893,-0.245611,0.102191,-0.021542,0.005158,-0.019605,0.000623
2026-09-17T15:28:30.151641,NORMAL,NORMAL,14.407374,15.499893,-0.248378,0.100200,-0.023950,0.004351,-0.019193,-0.000560
2026-09-17T15:28:30.322469,NORMAL,NORMAL,14.414428,15.499893,-0.251242,0.099485,-0.028901,0.003508,-0.017409,-0.002807
2026-09-17T15:28:30.512195,NORMAL,NORMAL,14.400027,15.499893,-0.251337,0.100723,-0.032372,0.004621,-0.015332,-0.004228
2026-09-17T15:28:30.701207,NORMAL,NORMAL,14.384171,15.499893,-0.250262,0.102334,-0.034060,0.006580,-0.013292,-0.004950
2026-09-17T15:28:30.891718,NORMAL,NORMAL,14.396898,15.499893,-0.249517,0.104195,-0.033760,0.007548,-0.011371,-0.005256
2026-09-17T15:28:31.088180,NORMAL,NORMAL,14.412667,15.499893,-0.250016,0.103992,-0.033070,0.007531,-0.011954,-0.004964
2026-09-17T15:28:31.275484,NORMAL,NORMAL,14.425676,15.499893,-0.252992,0.104379,-0.033360,0.005297,-0.011228,-0.005478
2026-09-17T15:28:31.463928,NORMAL,NORMAL,14.447683,15.499893,-0.258273,0.107237,-0.033874,0.001373,-0.008316,-0.005864
2026-09-17T15:28:31.652766,NORMAL,NORMAL,14.479090,15.499893,-0.263284,0.110673,-0.032871,-0.001596,-0.005053,-0.005824
2026-09-17T15:28:31.837847,NORMAL,NORMAL,14.518336,15.499893,-0.267500,0.114450,-0.031631,-0.003757,-0.002151,-0.005319
2026-09-17T15:28:32.020968,NORMAL,NORMAL,14.501446,15.499893,-0.270207,0.117002,-0.030726,-0.004658,-0.000956,-0.005216
2026-09-17T15:28:32.201092,NORMAL,NORMAL,14.485008,15.499893,-0.268995,0.117870,-0.028953,-0.003235,-0.001171,-0.004660
2026-09-17T15:28:32.383242,NORMAL,NORMAL,14.525737,15.499893,-0.265779,0.118754,-0.025451,-0.001422,-0.001010,-0.003563
2026-09-17T15:28:32.559690,NORMAL,NORMAL,14.566796,15.499893,-0.261137,0.121127,-0.022521,0.001366,0.000448,-0.002642
2026-09-17T15:28:32.748690,NORMAL,NORMAL,14.655851,15.499893,-0.252926,0.122842,-0.018803,0.006056,0.001304,-0.001588
2026-09-17T15:28:32.956091,NORMAL,NORMAL,14.744925,15.499893,-0.245934,0.122505,-0.017168,0.010037,0.000422,-0.000894
2026-09-17T15:28:33.140547,NORMAL,NORMAL,14.746809,15.499893,-0.240026,0.121818,-0.014584,0.012518,-0.000899,0.000296
2026-09-17T15:28:33.320194,NORMAL,NORMAL,14.740640,15.499893,-0.235209,0.123593,-0.012997,0.014604,-0.000006,0.000833
2026-09-17T15:28:33.510587,NORMAL,NORMAL,14.784752,15.499893,-0.233228,0.126113,-0.013043,0.014987,0.001086,0.001062
2026-09-17T15:28:33.698199,NORMAL,NORMAL,14.836399,15.499893,-0.230575,0.130443,-0.013897,0.015710,0.003683,0.000958
2026-09-17T15:28:33.880394,NORMAL,NORMAL,14.856904,15.499893,-0.227383,0.133646,-0.014654,0.016065,0.004967,0.000934
2026-09-17T15:28:34.061951,NORMAL,NORMAL,14.876976,15.499893,-0.224875,0.135900,-0.014762,0.015632,0.005743,0.001057
2026-09-17T15:28:34.247371,NORMAL,NORMAL,14.913058,15.499893,-0.222659,0.137402,-0.016897,0.014606,0.005524,0.000366
2026-09-17T15:28:34.425388,NORMAL,NORMAL,14.954824,15.499893,-0.222609,0.137198,-0.018236,0.012269,0.004173,0.000019
2026-09-17T15:28:34.605643,NORMAL,NORMAL,14.903207,15.499893,-0.223019,0.134789,-0.018155,0.010951,0.001269,0.000560
2026-09-17T15:28:34.784380,NORMAL,NORMAL,14.846995,15.499893,-0.224846,0.129826,-0.016796,0.009116,-0.003167,0.001127
2026-09-17T15:28:34.984003,NORMAL,NORMAL,14.814215,15.499893,-0.226540,0.125524,-0.015640,0.007507,-0.006545,0.001216
2026-09-17T15:28:35.190991,NORMAL,NORMAL,14.775111,15.499893,-0.227604,0.121173,-0.015823,0.006736,-0.009451,0.000757
2026-09-17T15:28:35.382019,NORMAL,NORMAL,14.724569,15.499893,-0.228887,0.118989,-0.016358,0.005820,-0.010637,0.000141
2026-09-17T15:28:35.561362,NORMAL,NORMAL,14.678527,15.499893,-0.229832,0.119740,-0.017621,0.005780,-0.009779,-0.000677
2026-09-17T15:28:35.746777,NORMAL,NORMAL,14.671060,15.499893,-0.231456,0.121513,-0.019525,0.005301,-0.008378,-0.001580
2026-09-17T15:28:35.932781,NORMAL,NORMAL,14.660798,15.499893,-0.233617,0.122683,-0.022321,0.004160,-0.007528,-0.002726
2026-09-17T15:28:36.116412,NORMAL,NORMAL,14.638119,15.499893,-0.236203,0.124582,-0.024151,0.002379,-0.006289,-0.003226
2026-09-17T15:28:36.299419,NORMAL,NORMAL,14.613212,15.499893,-0.238251,0.126972,-0.024819,0.000775,-0.004688,-0.003345
2026-09-17T15:28:36.481800,NORMAL,NORMAL,14.558699,15.499893,-0.242589,0.129172,-0.024645,-0.002928,-0.003198,-0.003259
2026-09-17T15:28:36.662680,NORMAL,NORMAL,14.517411,15.499893,-0.246383,0.128050,-0.023865,-0.006110,-0.003877,-0.002841
2026-09-17T15:28:36.838463,NORMAL,NORMAL,14.518245,15.499893,-0.250677,0.126706,-0.021823,-0.008797,-0.004552,-0.001961
2026-09-17T15:28:37.014754,NORMAL,NORMAL,14.516365,15.499893,-0.253302,0.125671,-0.020483,-0.010151,-0.004695,-0.001100
2026-09-17T15:28:37.210559,NORMAL,NORMAL,14.486646,15.499893,-0.254474,0.124943,-0.019389,-0.010126,-0.004703,-0.000356
2026-09-17T15:28:37.399487,NORMAL,NORMAL,14.453476,15.499893,-0.254589,0.125883,-0.017976,-0.008768,-0.003640,-0.000169
2026-09-17T15:28:37.583408,NORMAL,NORMAL,14.436715,15.499893,-0.251520,0.126400,-0.016407,-0.005566,-0.003180,0.000136
2026-09-17T15:28:37.793057,NORMAL,NORMAL,14.419825,15.499893,-0.247803,0.124783,-0.015726,-0.002880,-0.003972,0.000386
2026-09-17T15:28:37.974279,NORMAL,NORMAL,14.398292,15.499893,-0.243886,0.120938,-0.015447,-0.000512,-0.006597,0.000734
2026-09-17T15:28:38.160282,NORMAL,NORMAL,14.383135,15.499893,-0.242540,0.117408,-0.015323,-0.000704,-0.008327,0.001007
2026-09-17T15:28:38.356789,NORMAL,NORMAL,14.410382,15.499893,-0.242663,0.116602,-0.014336,-0.000989,-0.008134,0.001674
2026-09-17T15:28:38.554304,NORMAL,NORMAL,14.430676,15.499893,-0.244042,0.117756,-0.013228,-0.001560,-0.006880,0.002323
2026-09-17T15:28:38.772247,NORMAL,NORMAL,14.480737,15.499893,-0.245145,0.121267,-0.011833,-0.000954,-0.003979,0.002644
2026-09-17T15:28:38.978234,NORMAL,NORMAL,14.530260,15.499893,-0.244657,0.125566,-0.009222,0.001274,-0.001411,0.002534
2026-09-17T15:28:39.159558,NORMAL,NORMAL,14.575523,15.499893,-0.243007,0.128408,-0.006221,0.002401,-0.000088,0.003303
2026-09-17T15:28:39.340502,NORMAL,NORMAL,14.620943,15.499893,-0.244566,0.129856,-0.004145,0.000596,0.000365,0.003672
2026-09-17T15:28:39.538563,NORMAL,NORMAL,14.653791,15.499893,-0.246929,0.130936,-0.002189,-0.001627,0.000149,0.004012
2026-09-17T15:28:39.759654,NORMAL,NORMAL,14.679222,15.499893,-0.246486,0.132854,-0.002357,-0.001606,0.000947,0.003482
2026-09-17T15:28:39.950986,NORMAL,NORMAL,14.671542,15.499893,-0.245804,0.136446,-0.004246,-0.001294,0.002691,0.002086
2026-09-17T15:28:40.150814,NORMAL,NORMAL,14.668053,15.499893,-0.245217,0.137593,-0.005559,-0.001173,0.002360,0.001378
2026-09-17T15:28:40.341635,NORMAL,NORMAL,14.675774,15.499893,-0.246088,0.136334,-0.006793,-0.001599,0.000485,0.000810
2026-09-17T15:28:40.541649,NORMAL,NORMAL,14.693275,15.499893,-0.246725,0.134601,-0.008946,-0.000275,-0.001572,-0.000228
2026-09-17T15:28:40.738530,NORMAL,NORMAL,14.694020,15.499893,-0.246812,0.134603,-0.010904,0.000639,-0.001043,-0.000918
2026-09-17T15:28:40.936204,NORMAL,NORMAL,14.696297,15.499893,-0.246877,0.135086,-0.012720,0.001581,-0.000153,-0.001120
2026-09-17T15:28:41.136914,NORMAL,NORMAL,14.719465,15.499893,-0.247480,0.137820,-0.013612,0.001907,0.002271,-0.001335
2026-09-17T15:28:41.328318,NORMAL,NORMAL,14.732048,15.499893,-0.247038,0.141368,-0.014206,0.002657,0.005177,-0.000913
2026-09-17T15:28:41.510639,NORMAL,NORMAL,14.751631,15.499893,-0.246661,0.143939,-0.015576,0.002758,0.006773,-0.000747
2026-09-17T15:28:41.700509,NORMAL,NORMAL,14.778388,15.499893,-0.246458,0.145738,-0.016732,0.002711,0.007670,-0.000412
2026-09-17T15:28:41.937545,NORMAL,NORMAL,14.805221,15.499893,-0.245462,0.147333,-0.017260,0.002746,0.008125,-0.000061
2026-09-17T15:28:42.131672,NORMAL,NORMAL,14.832810,15.499893,-0.241972,0.152432,-0.017857,0.004116,0.011097,0.000114
2026-09-17T15:28:42.317742,NORMAL,NORMAL,14.858757,15.499893,-0.237963,0.156937,-0.017988,0.005834,0.013048,0.000581
2026-09-17T15:28:42.515211,NORMAL,NORMAL,14.878782,15.499893,-0.235466,0.158870,-0.018839,0.006341,0.013132,0.000571
2026-09-17T15:28:42.751808,NORMAL,NORMAL,14.863524,15.499893,-0.234047,0.161489,-0.019978,0.005467,0.013818,0.000586
2026-09-17T15:28:42.945550,NORMAL,NORMAL,14.850145,15.499893,-0.236798,0.164236,-0.019704,0.002041,0.014471,0.001206
2026-09-17T15:28:43.149249,NORMAL,NORMAL,14.889450,15.499893,-0.238625,0.165480,-0.018212,0.000367,0.014241,0.002032
2026-09-17T15:28:43.354524,NORMAL,NORMAL,14.940685,15.499893,-0.239080,0.165697,-0.016606,0.000621,0.013404,0.002286
2026-09-17T15:28:43.548227,NORMAL,NORMAL,14.950078,15.499893,-0.238688,0.166604,-0.015221,0.001786,0.012861,0.002544
2026-09-17T15:28:43.753110,NORMAL,NORMAL,14.957624,15.499893,-0.236674,0.168685,-0.014732,0.003907,0.013883,0.002736
2026-09-17T15:28:43.939663,NORMAL,NORMAL,14.973400,15.499893,-0.235503,0.170288,-0.014193,0.005364,0.014097,0.002707
2026-09-17T15:28:44.126003,NORMAL,NORMAL,14.977026,15.499893,-0.235887,0.171398,-0.012739,0.005203,0.014313,0.003054
2026-09-17T15:28:44.327574,NORMAL,NORMAL,15.015201,15.499893,-0.236968,0.171209,-0.011307,0.004642,0.013413,0.002851
2026-09-17T15:28:44.519606,NORMAL,NORMAL,15.062374,15.499893,-0.236222,0.169222,-0.009329,0.005455,0.011190,0.003160
2026-09-17T15:28:44.709126,NORMAL,NORMAL,15.104783,15.499893,-0.236086,0.168441,-0.007073,0.005261,0.010203,0.003565
2026-09-17T15:28:44.896080,NORMAL,NORMAL,15.142071,15.499893,-0.237441,0.167624,-0.005764,0.003102,0.009472,0.003431
2026-09-17T15:28:45.082477,NORMAL,NORMAL,15.127815,15.499893,-0.238001,0.167561,-0.006793,0.002511,0.009238,0.002843
2026-09-17T15:28:45.304443,NORMAL,NORMAL,15.109806,15.499893,-0.237637,0.168772,-0.009244,0.002164,0.010511,0.001800
2026-09-17T15:28:45.487977,NORMAL,NORMAL,15.090449,15.499893,-0.235199,0.168826,-0.013271,0.003429,0.010991,0.000136
2026-09-17T15:28:45.673056,NORMAL,NORMAL,15.072544,15.499893,-0.231578,0.168831,-0.015797,0.005481,0.011879,-0.000737
2026-09-17T15:28:45.851217,NORMAL,NORMAL,15.052709,15.499893,-0.228886,0.165290,-0.018347,0.006139,0.009396,-0.001502
2026-09-17T15:28:46.032108,NORMAL,NORMAL,15.027016,15.499893,-0.226881,0.159890,-0.019297,0.006389,0.005795,-0.001771
2026-09-17T15:28:46.210671,NORMAL,NORMAL,14.978858,15.499893,-0.225318,0.154748,-0.020288,0.006952,0.002577,-0.002280
2026-09-17T15:28:46.388880,NORMAL,NORMAL,14.929689,15.499893,-0.225240,0.150840,-0.021462,0.006550,0.001335,-0.002617
2026-09-17T15:28:46.581998,NORMAL,NORMAL,14.904257,15.499893,-0.226323,0.149279,-0.020586,0.005595,0.001467,-0.001916
2026-09-17T15:28:46.778613,NORMAL,NORMAL,14.880921,15.499893,-0.229482,0.148109,-0.018840,0.003292,0.001713,-0.001012
2026-09-17T15:28:46.969674,NORMAL,NORMAL,14.859656,15.499893,-0.232423,0.148817,-0.018253,0.001110,0.003259,-0.000574
2026-09-17T15:28:47.155131,NORMAL,NORMAL,14.845761,15.499893,-0.233186,0.150221,-0.019091,0.000783,0.004900,-0.001120
2026-09-17T15:28:47.341564,NORMAL,NORMAL,14.839181,15.499893,-0.234231,0.152227,-0.020044,0.000241,0.006631,-0.001628
2026-09-17T15:28:47.555804,NORMAL,NORMAL,14.826690,15.499893,-0.236062,0.152067,-0.018821,-0.001053,0.006099,-0.001030
2026-09-17T15:28:47.748303,NORMAL,NORMAL,14.830013,15.499893,-0.236262,0.149777,-0.014675,-0.000015,0.003683,0.000768
2026-09-17T15:28:47.934062,NORMAL,NORMAL,14.827846,15.499893,-0.235622,0.146593,-0.011063,0.001444,0.000774,0.002155
2026-09-17T15:28:48.118054,NORMAL,NORMAL,14.811634,15.499893,-0.235779,0.143783,-0.010857,0.002247,-0.001090,0.001973
2026-09-17T15:28:48.300648,NORMAL,NORMAL,14.791854,15.499893,-0.234859,0.141305,-0.013467,0.004365,-0.001831,0.000853
2026-09-17T15:28:48.475938,NORMAL,NORMAL,14.738320,15.499893,-0.234246,0.140271,-0.015847,0.005939,-0.001177,-0.000108
2026-09-17T15:28:48.660745,NORMAL,NORMAL,14.684875,15.499893,-0.234777,0.140148,-0.017796,0.006778,0.000610,-0.001288
2026-09-17T15:28:48.859486,NORMAL,NORMAL,14.669470,15.499893,-0.235903,0.139913,-0.019144,0.006477,0.001223,-0.001521
2026-09-17T15:28:49.054031,NORMAL,NORMAL,14.642250,15.499893,-0.237537,0.140093,-0.018995,0.005450,0.001721,-0.000889
2026-09-17T15:28:49.244199,NORMAL,NORMAL,14.615193,15.499893,-0.239708,0.139132,-0.018027,0.004556,0.000521,-0.000036
2026-09-17T15:28:49.435297,NORMAL,NORMAL,14.596075,15.499893,-0.240950,0.136074,-0.017444,0.004598,-0.002107,0.000740
2026-09-17T15:28:49.624819,NORMAL,NORMAL,14.573694,15.499893,-0.243433,0.134370,-0.017670,0.002926,-0.003274,0.000791
2026-09-17T15:28:49.862797,NORMAL,NORMAL,14.566466,15.499893,-0.248605,0.135014,-0.018204,-0.000798,-0.002776,0.000680
2026-09-17T15:28:50.051336,NORMAL,NORMAL,14.596934,15.499893,-0.255039,0.136118,-0.017474,-0.004248,-0.001670,0.001097
2026-09-17T15:28:50.233364,NORMAL,NORMAL,14.634487,15.499893,-0.258026,0.135420,-0.016271,-0.005596,-0.001904,0.001147
2026-09-17T15:28:50.416176,NORMAL,NORMAL,14.670696,15.499893,-0.258642,0.134478,-0.014053,-0.005764,-0.002588,0.002241
2026-09-17T15:28:50.598931,NORMAL,NORMAL,14.705737,15.499893,-0.257250,0.134505,-0.010120,-0.004519,-0.002318,0.004151
2026-09-17T15:28:50.777998,NORMAL,NORMAL,14.681704,15.499893,-0.254411,0.134860,-0.005537,-0.002439,-0.001406,0.005792
2026-09-17T15:28:50.964572,NORMAL,NORMAL,14.653372,15.499893,-0.251966,0.134065,0.000719,-0.000693,-0.001688,0.007999
2026-09-17T15:28:51.166502,NORMAL,NORMAL,14.622751,15.499893,-0.251505,0.132413,0.004258,-0.000632,-0.002651,0.009230
2026-09-17T15:28:51.386058,NORMAL,NORMAL,14.597220,15.499893,-0.251166,0.130601,0.007367,-0.000723,-0.003399,0.009909
2026-09-17T15:28:51.576782,NORMAL,NORMAL,14.594435,15.499893,-0.250744,0.129294,0.009291,0.000166,-0.002961,0.009916
2026-09-17T15:28:51.766211,NORMAL,NORMAL,14.596000,15.499893,-0.252481,0.127040,0.010632,-0.000875,-0.003334,0.009989
2026-09-17T15:28:51.953352,NORMAL,NORMAL,14.607517,15.499893,-0.256275,0.123596,0.011303,-0.003466,-0.004825,0.010147
2026-09-17T15:28:52.141744,NORMAL,NORMAL,14.619874,15.499893,-0.261640,0.120279,0.012827,-0.006514,-0.005814,0.010410
2026-09-17T15:28:52.346475,NORMAL,NORMAL,14.627886,15.499893,-0.263296,0.120136,0.014460,-0.006769,-0.004612,0.010719
2026-09-17T15:28:52.534895,NORMAL,NORMAL,14.635027,15.499893,-0.264041,0.123117,0.015114,-0.005943,-0.001254,0.010276
2026-09-17T15:28:52.754308,NORMAL,NORMAL,14.673859,15.499893,-0.264707,0.126033,0.014067,-0.006065,0.001239,0.009773
2026-09-17T15:28:52.933816,NORMAL,NORMAL,14.717941,15.499893,-0.265816,0.127914,0.011223,-0.006375,0.002124,0.008036
2026-09-17T15:28:53.113623,NORMAL,NORMAL,14.734313,15.499893,-0.266205,0.126779,0.007924,-0.006223,0.000565,0.006579
2026-09-17T15:28:53.299046,NORMAL,NORMAL,14.751551,15.499893,-0.266334,0.125075,0.005776,-0.005924,-0.000756,0.005987
2026-09-17T15:28:53.493476,NORMAL,NORMAL,14.760544,15.499893,-0.266009,0.123563,0.005291,-0.005566,-0.002201,0.005469
2026-09-17T15:28:53.683667,NORMAL,NORMAL,14.760777,15.499893,-0.265096,0.120827,0.004832,-0.004990,-0.004487,0.005026
2026-09-17T15:28:53.870321,NORMAL,NORMAL,14.711400,15.499893,-0.263449,0.117713,0.003915,-0.004241,-0.007156,0.004058
2026-09-17T15:28:54.056267,NORMAL,NORMAL,14.660833,15.499893,-0.262711,0.116275,0.003493,-0.003709,-0.007848,0.004001
2026-09-17T15:28:54.247421,NORMAL,NORMAL,14.664800,15.499893,-0.263537,0.118603,0.004313,-0.004079,-0.005223,0.004413
2026-09-17T15:28:54.457093,NORMAL,NORMAL,14.677349,15.499893,-0.263074,0.123034,0.004149,-0.003430,-0.001799,0.004231
2026-09-17T15:28:54.663222,NORMAL,NORMAL,14.696057,15.499893,-0.260028,0.130911,0.002429,-0.000140,0.004005,0.003143
2026-09-17T15:28:54.862443,NORMAL,NORMAL,14.718729,15.499893,-0.254407,0.136317,-0.000291,0.003951,0.007036,0.001883
2026-09-17T15:28:55.051142,NORMAL,NORMAL,14.736179,15.499893,-0.248097,0.140436,-0.005148,0.008277,0.009099,0.000544
2026-09-17T15:28:55.231192,NORMAL,NORMAL,14.758184,15.499893,-0.243409,0.144797,-0.009963,0.010374,0.011415,-0.001039
2026-09-17T15:28:55.408049,NORMAL,NORMAL,14.780349,15.499893,-0.239428,0.148747,-0.013547,0.011914,0.013688,-0.002116
2026-09-17T15:28:55.587374,NORMAL,NORMAL,14.799964,15.499893,-0.233162,0.152166,-0.017920,0.015220,0.015701,-0.003156
2026-09-17T15:28:55.781439,NORMAL,NORMAL,14.823310,15.499893,-0.226489,0.156388,-0.023482,0.018298,0.017892,-0.004248
2026-09-17T15:28:55.964986,NORMAL,NORMAL,14.843107,15.499893,-0.222921,0.159607,-0.028685,0.018794,0.018863,-0.005611
2026-09-17T15:28:56.151880,NORMAL,NORMAL,14.876321,15.499893,-0.221735,0.161939,-0.032543,0.018200,0.019895,-0.006795
2026-09-17T15:28:56.339377,NORMAL,NORMAL,14.912885,15.499893,-0.221938,0.165277,-0.036006,0.016395,0.021501,-0.007654
2026-09-17T15:28:56.527586,NORMAL,NORMAL,14.906650,15.499893,-0.223169,0.168390,-0.038295,0.014367,0.022714,-0.008064
2026-09-17T15:28:56.710969,NORMAL,NORMAL,14.910833,15.499893,-0.223243,0.171240,-0.040632,0.014040,0.023895,-0.008186
2026-09-17T15:28:56.892277,NORMAL,NORMAL,14.968029,15.499893,-0.221139,0.173161,-0.043078,0.015697,0.024749,-0.009015
