time_sec,x,y,z,vx,vy,vz,ax,ay,az,roll,pitch,yaw,angular_x,angular_y,angular_z,voltage_v,remaining,motor_1,motor_2,motor_3,motor_4,flight_id
0.0,0.060191292,-0.028016724,-0.06640756,-0.0051667984,-0.015532097,-0.000332172,0.0005594821,0.0052058566,0.002485234,6.514167308937289e-05,0.0004263452372054,1.6704971484995768,0.00083047245,0.0009773485,-0.00097499683,16.2,0.9999466,0.00089824566,0.0011703759,0.00045888996,0.0014724882,1
0.1,0.058643837,-0.03107823,-0.06623261,-0.0058119716,-0.017388655,0.00015660207,-0.0035993988,-0.0055170115,-0.0061909663,5.115878115017678e-05,0.0004906817543521,1.6704850714195467,-0.0005887528,-9.876938e-05,0.0010818872,16.2,0.9999466,0.0008274843,0.0012190216,0.0008699438,0.00108355,1
0.2,0.057350453,-0.033360045,-0.0660893,-0.0063859955,-0.018697454,0.00067577773,-0.005508749,-0.0012565708,0.0003748573,7.201650344651101e-05,0.0005033810525694,1.6704649702648902,-0.00025621644,-0.0002452569,1.7923776e-06,16.19424,0.9996586,0.0006843623,0.0014077799,0.0007643521,0.0011435054,1
0.3,0.056191508,-0.035286717,-0.06533414,-0.0071204,-0.019600129,0.0012067668,-0.0018934202,-0.0089287525,0.00024028121,7.524749268190849e-05,0.0005109724553246,1.6704829757079414,0.00050139043,-0.00036662808,-0.000224903,16.188242,0.9988203,0.0009283269,0.0010818043,0.00075018127,0.0012396872,1
0.4,0.055488415,-0.036100242,-0.06431854,-0.007116155,-0.019636542,0.0014088656,0.0067396793,-0.0051155295,-0.0050109806,5.198238610826337e-05,0.0005122678897512,1.6704710395246405,-0.00021826055,8.907805e-05,2.0059182e-05,16.188242,0.9988203,0.0007561218,0.0013172087,0.0007603165,0.0011663527,1
0.5,0.055458914,-0.03575893,-0.06337425,-0.0065966765,-0.01874193,0.001818392,0.0011179651,-0.012033177,-0.0009667128,1.776065372535774e-05,0.0004472052903154,1.670508326572305,-0.0005337636,-0.000177907,0.00034062602,16.188242,0.9988203,0.000665613,0.0012860287,0.0009085825,0.0011397756,1
0.6000000000000001,0.056041002,-0.03471318,-0.061778024,-0.006062114,-0.017242195,0.0024282187,-0.0045055095,-0.007312461,-0.008843838,-3.0572550094490584e-06,0.0003737690423275,1.6705017111360632,-0.00033090188,-0.00026386714,0.00020100495,16.182241,0.9975319,0.00080093794,0.0012254445,0.0011005406,0.0008730766,1
0.7000000000000001,0.05636293,-0.03342756,-0.060107917,-0.005916177,-0.015240135,0.0027867337,-0.0037584407,-0.007817585,-0.0014333053,-2.916111568371029e-05,0.0003308883525261,1.6704823657419203,0.00065392803,0.0004348023,0.00010323811,16.176243,0.9958725,0.0009426816,0.0011089211,0.0006362337,0.0013121633,1
0.8,0.056612227,-0.03228965,-0.05853483,-0.005672221,-0.013787985,0.003429654,0.004223797,-0.0014229558,0.0034617258,-6.554261062840288e-05,0.0002557032174945,1.670481271342714,0.0007853791,0.000556893,-0.00019325387,16.176243,0.9958725,0.00090537954,0.0010757903,0.000521666,0.0014971639,1
0.9,0.056743864,-0.031279616,-0.057206556,-0.0057104584,-0.012513434,0.00386717,-0.0016233936,-0.0047205617,0.0005885958,-5.580828421971068e-05,0.000200248440512,1.6704480442615617,0.00013605655,-0.0002469534,-0.00046481637,16.176243,0.9958725,0.0010299719,0.0010208612,0.0008607599,0.0010884068,1
1.0,0.056673553,-0.030381909,-0.05633557,-0.005885393,-0.011701872,0.00423757,-0.0042239255,-0.0065035084,0.003189314,-4.66338187346336e-05,0.0001984576659139,1.670434487315079,-0.00030846935,0.00034180423,6.0917228e-06,16.170242,0.9939146,0.00080320734,0.0012036798,0.0009223675,0.001070745,1
1.1,0.05639803,-0.02952087,-0.05615963,-0.006149368,-0.010661859,0.004303799,-0.0019360713,0.0019634906,0.0013625248,-9.478945438822367e-06,0.0001664369983832,1.6704151042334416,0.0007935361,-0.0005655155,-0.00022370878,16.164244,0.99171066,0.023312362,0.022877375,0.02291118,0.023225002,1
1.2000000000000002,0.055941053,-0.028642926,-0.056464612,-0.0065201204,-0.009347889,0.004273066,-0.003641967,-0.0010002172,0.0042109746,-3.131949735526213e-05,0.0001532427238363,1.6703904794211548,-0.0006286967,-0.0013159573,-0.00031115967,16.164244,0.99171066,0.041633442,0.041482285,0.041904125,0.0410258,1
1.3,0.055987906,-0.02798925,-0.056720287,-0.006434123,-0.008620616,0.0043546557,0.0028128768,-0.003611121,0.0015832483,-4.59074333157662e-05,0.0001345722168887,1.6704016910268304,0.00054245204,-7.326009e-05,-0.00016173322,16.158243,0.9892998,0.060608942,0.060815845,0.060347218,0.060967896,1
1.4,0.05634108,-0.027199093,-0.057172358,-0.005771766,-0.007866601,0.0041626766,0.0039803153,-0.0047199903,0.0048396173,-6.039984859285875e-05,0.0001154836102449,1.670449381503622,0.00034157283,-0.0011377604,0.0009016712,16.158243,0.9892998,0.08396278,0.08336216,0.083852306,0.08362439,1
1.5,0.056673877,-0.026592683,-0.057090104,-0.0052353805,-0.0069124047,0.004272201,0.0037764614,-0.0015901222,-0.0056158747,-9.364411628651564e-05,0.0001074217934988,1.6704727467315212,0.00024256369,0.00054329576,-0.00043898035,16.158243,0.9892998,0.10697296,0.10724859,0.10701951,0.10735672,1
1.6,0.056892734,-0.025993213,-0.056565166,-0.0045287064,-0.0059438553,0.004489648,0.0009870841,-0.006887515,-0.0042053866,-0.0001270890856816,6.768721875174562e-05,1.670466956872228,1.4309431e-05,-0.00037427482,-3.846021e-05,16.152245,0.98672295,0.1348244,0.13496336,0.13500158,0.13477568,1
1.7000000000000002,0.05722262,-0.02577906,-0.05609472,-0.0038653067,-0.0053194095,0.004578865,0.0034424823,-0.0019190289,0.0029406508,-0.0001259181468196,6.109068205806203e-05,1.6704568314145638,0.00012487706,-0.00032447456,0.0002018142,16.146244,0.98400784,0.16269317,0.16257209,0.16259114,0.16256206,1
1.8,0.05777329,-0.025833437,-0.05596298,-0.0033438988,-0.005086314,0.004454987,0.0053270045,-0.00011784777,-0.001465436,-0.0001725167150091,7.582150164156648e-05,1.6704830614721256,-4.727654e-05,0.00025833756,1.6552895e-05,16.146244,0.98400784,0.19481176,0.19492137,0.19490139,0.1949416,1
1.9,0.058112517,-0.026508424,-0.05593708,-0.0030335495,-0.0055304263,0.0042560166,-7.058065e-05,4.6570618e-05,0.00017369165,-0.0001400569984293,6.741636877901532e-05,1.6705057033522817,0.00038983126,-0.00020652327,-0.0007360052,16.140245,0.981184,0.22662216,0.22690415,0.226777,0.22693373,1
2.0,0.058245007,-0.027586974,-0.056071892,-0.0032403555,-0.006170563,0.003919396,-0.0047876206,0.0008829693,0.0062007452,-0.0001338159128057,0.0001379196463916,1.6705183986131638,8.683302e-05,0.00044244787,0.00012560766,16.140245,0.981184,0.2634453,0.2637929,0.2633511,0.26405218,1
2.1,0.05823081,-0.028891856,-0.05647379,-0.0036210762,-0.007057287,0.003835127,0.00049319613,0.0075567933,-0.006540678,-0.0001185206496461,0.0001663076191784,1.6704908030065249,0.0001971089,-0.0006909751,-0.0013077346,16.140245,0.981184,0.29994115,0.29986057,0.2996513,0.30001298,1
2.2,0.058082834,-0.030519197,-0.057954565,-0.0042167148,-0.0083146375,0.0034494852,-0.007305804,0.0064433487,-0.006326008,-9.256554874869907e-05,0.0002143301968383,1.6704722062969424,1.8353307e-05,-0.00025016058,-0.00056662585,16.134245,0.97826576,0.34121257,0.34153074,0.34106532,0.3415012,1
2.3000000000000003,0.058091186,-0.03244609,-0.060102448,-0.0045265215,-0.009793131,0.0027277027,-0.0003995785,-0.0035686847,-0.004507135,-6.361395809517571e-05,0.0002675697429248,1.670471738544366,-1.019029e-05,0.000956667,-0.00041742704,16.128246,0.97527313,0.381193,0.38215223,0.3808368,0.38245073,1
2.4000000000000004,0.05814345,-0.034620203,-0.06224668,-0.0040491438,-0.011280978,0.002309879,0.00084110495,-0.00840656,0.00026868653,-4.636761830651253e-05,0.0002914545318853,1.6704529685394631,-0.0012883097,-0.00022813307,3.8975766e-05,16.128246,0.97527313,0.3958486,0.39740792,0.3963417,0.39676413,1
2.5,0.057617348,-0.03659779,-0.06432472,-0.004280298,-0.012508359,0.0018797024,-0.003517569,0.0035738018,0.0013797543,-2.6930851160720456e-05,0.0003112406523931,1.6704731270377469,0.0008479691,0.0002972903,0.0001628189,16.128246,0.97527313,0.40590066,0.40650666,0.40522888,0.40727416,1
2.6,0.056648772,-0.03847649,-0.06653264,-0.004636699,-0.013569802,0.0015866295,-0.0058075874,-0.0035621852,-0.0060116868,-4.411444156136616e-05,0.0003317802914962,1.6704532559354142,0.0004194268,-0.00047819107,0.0007110392,16.122246,0.97221947,0.42160338,0.42177892,0.4207586,0.4224928,1
2.7,0.05601379,-0.040010702,-0.06917639,-0.0047373287,-0.013801068,0.0011566329,-0.00061312935,0.002178425,-0.0040223817,-7.233606118438867e-05,0.0003344680003382,1.6704753270290238,-0.000115700605,-0.0004981415,-0.00028466753,16.116247,0.9691143,0.43200186,0.4328607,0.43197846,0.43295646,1
2.8000000000000003,0.055377927,-0.041265715,-0.07221557,-0.00471518,-0.014197353,0.00039846927,0.0017172053,0.0012270781,0.0029369255,-7.652943746982832e-05,0.0003482722561389,1.6704564039265473,-0.00044864014,0.00047979678,9.885742e-06,16.116247,0.9691143,0.4483774,0.44986078,0.4482867,0.449817,1
2.9000000000000004,0.05504895,-0.04161699,-0.07501967,-0.004574472,-0.013963529,-1.8557785e-05,-0.0028890474,-0.0028201996,0.005135778,-9.025376268608968e-05,0.0003374592062437,1.6704270398154788,0.00017032369,-0.00014866739,-0.0002165151,16.110247,0.96596813,0.4606751,0.46162072,0.46022272,0.4618039,1
3.0,0.05457168,-0.041552737,-0.077301666,-0.004501023,-0.013503554,-0.00070887303,0.0014728793,-0.0022121824,-8.4284686e-05,-7.569206432628312e-05,0.0003092499314444,1.670447001552833,0.0004849849,0.00020640423,0.00060570706,16.110247,0.96596813,0.47844794,0.47954854,0.47817415,0.47982246,1
3.1,0.05330602,-0.041480843,-0.079459414,-0.0051017525,-0.012782662,-0.0012632085,0.0033194667,0.0022535163,-0.000430271,-4.736750168905676e-05,0.0002641526431982,1.6704221071311944,0.0002905486,0.0011928158,-0.00072495174,16.110247,0.96596813,0.49163616,0.49273866,0.49098143,0.49324974,1
3.2,0.051404975,-0.04168654,-0.081460685,-0.006236772,-0.012477918,-0.0019626103,0.0038943356,-0.0072313906,-0.004963949,-1.458759792330691e-05,0.0002175262523517,1.6704145079633088,3.964464e-05,0.00044181885,0.0003829243,16.104248,0.96278954,0.51085424,0.51191473,0.51008886,0.51249987,1
3.3000000000000003,0.04913844,-0.041648183,-0.08283809,-0.007693026,-0.012239477,-0.0023092537,0.0012614259,-0.0045330063,0.0016470439,1.9510581093277024e-05,0.0002286212633296,1.6704198855343302,-0.0002537881,-0.0002082428,7.824993e-05,16.098248,0.9595823,0.5253751,0.5261847,0.52480197,0.5267216,1
3.4000000000000004,0.046884265,-0.04031117,-0.083759755,-0.008957036,-0.010933111,-0.0024950237,0.0060227485,-0.00854653,-0.0009834765,9.458833902085838e-05,0.0001728514490103,1.6704014104167175,-8.898549e-06,0.00046855723,-2.3691859e-05,16.098248,0.9595823,0.54597247,0.54680073,0.5450364,0.5475115,1
3.5,0.045240488,-0.037491843,-0.08469665,-0.009666643,-0.008361821,-0.0024388179,-0.0038871379,0.0037072466,-0.0024451872,9.423715867318196e-05,9.499175763565972e-05,1.670427795684896,-0.0009406423,0.00025954208,0.0005755818,16.098248,0.9595823,0.56174743,0.5623542,0.561326,0.56279826,1
3.6,0.04400537,-0.03319019,-0.085822105,-0.009956511,-0.004669686,-0.0025674913,-0.003623676,-0.0018405173,0.0028801148,5.569995465504848e-05,-1.6314585088143374e-05,1.6704119645511908,-0.00058890873,0.0008444925,-0.00056394504,16.092249,0.95635223,0.5838706,0.58407015,0.58309317,0.5846578,1
3.7,0.043707967,-0.028632924,-0.0867303,-0.0095958,-0.00093016215,-0.00302154,-0.0013069193,0.0069206045,-0.0019595025,1.4537887759127298e-05,-0.0001814203345752,1.6704119769878591,-9.999885e-05,0.00014340787,0.0002597983,16.086248,0.953105,0.60100275,0.60054415,0.6000585,0.60129195,1
3.8,0.044304643,-0.02367511,-0.087255865,-0.0088013625,0.003004596,-0.0028685103,-0.009217722,-0.00048700324,0.008853617,-6.890048323982887e-05,-0.000270761555371,1.6703966566482216,-0.0010234565,-0.00029229952,-0.0010289217,16.086248,0.953105,0.6243309,0.623659,0.6240566,0.6237309,1
3.9,0.044983547,-0.01915014,-0.087385446,-0.007980269,0.006362224,-0.0028283254,-0.0025426582,0.0032771584,-0.003578141,-0.000147620753011,-0.00034760145281,1.6703796911759523,-0.00070203334,-3.2243577e-05,-0.0002794851,16.08025,0.94984055,0.6426372,0.6416977,0.6421389,0.641934,1
4.0,0.04598045,-0.015624246,-0.08690469,-0.0068401117,0.008669059,-0.0025928128,-7.086112e-05,-0.00075932936,-0.0025220213,-0.0002248378571707,-0.0003868863616147,1.6703817008840147,-0.00022010467,-0.0004917695,0.00022637295,16.08025,0.94984055,0.6673885,0.665893,0.6669367,0.6661987,1
4.1000000000000005,0.04710952,-0.012941868,-0.0861458,-0.0059242644,0.010246233,-0.0023654746,0.002894005,0.0009572722,-0.0064051705,-0.0002424775258041,-0.0004081954565551,1.6703650207541216,0.0005887879,-0.00063085306,-0.0003692795,16.07425,0.94656277,0.7177733,0.7155987,0.71721905,0.71593505,1
4.2,0.04766433,-0.011791,-0.085133806,-0.005585516,0.010234223,-0.005023661,-0.0023166651,0.0022937919,-0.15412131,-0.0002852321329718,-0.0002084911131672,1.6703386864789522,-0.001173364,0.0065618576,-0.00065352966,16.07425,0.94656277,0.74135166,0.742251,0.7413689,0.74182034,1
4.3,0.04758142,-0.011324791,-0.08577889,-0.0055826018,0.0094976295,-0.03994247,0.00085123547,-0.0042567276,-0.5293237,-0.0002738657871444,0.0003396869935146,1.670347743497142,0.00056956126,0.003993595,0.00043779376,16.07425,0.94656277,0.75372785,0.7531851,0.7531984,0.7535393,1
4.4,0.046408474,-0.011161206,-0.09249565,-0.006232572,0.008118518,-0.10660303,-0.0043410244,-0.0037491315,-0.7253452,-0.000233425040031,0.0006930019960592,1.67037491607717,-0.0003196926,0.0018644396,0.0005734911,16.06825,0.94327736,0.763481,0.7633792,0.76317465,0.76353514,1
4.5,0.044619326,-0.011495159,-0.106946975,-0.007230241,0.0063236905,-0.18295012,0.0023355887,-0.0121856285,-0.8450839,-0.0002501723019079,0.0008330362636627,1.6704222001146884,-0.0015633577,-0.00029475917,-0.00038322574,16.06825,0.94327736,0.76418304,0.76399696,0.7640465,0.764082,1
4.6000000000000005,0.042040735,-0.011661393,-0.13232827,-0.009027204,0.0049087964,-0.27320516,0.0035352763,-0.0037198951,-0.8686105,-0.0004550996886825,0.0008411006762803,1.670502179982054,-0.004260127,0.00022972356,-0.0001305769,16.06225,0.93998337,0.76802504,0.7683575,0.7681915,0.7683343,1
4.7,0.039109424,-0.010566915,-0.16848016,-0.010609803,0.004588405,-0.36674604,0.008032662,-0.0033047486,-0.89096737,-0.0008379645739424,0.000786129065292,1.6705223396576594,-0.005089238,0.00065401616,-0.0008238691,16.056252,0.936677,0.76503617,0.76482266,0.7647776,0.764865,1
4.800000000000001,0.036462847,-0.008806428,-0.21069282,-0.011365667,0.0049923644,-0.4526012,0.01715817,-0.010639448,-0.86712736,-0.001394385167534,0.0008700738661922,1.6705466711000003,-0.0066716024,0.0024616502,-0.00052008405,16.056252,0.936677,0.7683301,0.7680285,0.7681814,0.76789993,1
4.9,0.033788826,-0.0071839043,-0.26547518,-0.011115731,0.0049341074,-0.54460424,0.024149956,-0.004601897,-0.8657821,-0.0020268018827259,0.0012354724709076,1.6705934864510932,-0.0073149456,0.0051423307,0.0007015733,16.050251,0.9333706,0.7635226,0.76344824,0.76347864,0.7634624,1
5.0,0.03144137,-0.006320349,-0.32442966,-0.010224631,0.004034813,-0.6281651,0.03452635,-0.0186557,-0.84257495,-0.0027605702921421,0.0018019007614706,1.6706254587846263,-0.008585598,0.006548931,5.105001e-06,16.050251,0.9333706,0.7670967,0.76692957,0.7670449,0.7671318,1
5.1000000000000005,0.029874284,-0.006204481,-0.39781967,-0.007694733,0.0019147608,-0.7175094,0.04317001,-0.02574193,-0.82852036,-0.0037311139034957,0.0024739706917351,1.6706464283674969,-0.012721826,0.0065552094,0.0010704737,16.044252,0.9300604,0.76156485,0.76119554,0.7617949,0.76119006,1
5.2,0.029648304,-0.0065654623,-0.4738703,-0.003386187,-0.0008097641,-0.7885706,0.05328994,-0.028439721,-0.51456594,-0.0053885748844995,0.0033987521675744,1.6706348617818478,-0.020709004,0.009468658,0.0002767061,16.044252,0.9300604,0.7405393,0.740345,0.7407038,0.7403095,1
5.300000000000001,0.030793838,-0.007240574,-0.56188035,0.0035708128,-0.004416047,-0.8117314,0.06876644,-0.0298006,0.0539422,-0.007347864665822,0.0044128120208277,1.6705775373923817,-0.015992325,0.007436854,0.00037369318,16.038252,0.9267435,0.71742165,0.7180824,0.7180398,0.7174395,1
5.4,0.03370895,-0.008477316,-0.64228535,0.012001374,-0.008249311,-0.78306323,0.077620104,-0.03557138,0.48411867,-0.0080161043569376,0.004531056746835,1.670503518617276,0.010904675,-0.011573988,-0.0011335856,16.038252,0.9267435,0.7043145,0.7088282,0.7074094,0.70547056,1
5.5,0.03829617,-0.010197448,-0.7176603,0.020181417,-0.011248425,-0.74744886,0.05066548,-0.016705746,0.24283676,-0.0046574370088169,0.0022635302020358,1.6704313364714296,0.0486131,-0.031082932,-3.306924e-05,16.038252,0.9267435,0.71579915,0.71717185,0.71723586,0.7154481,1
5.6000000000000005,0.043983966,-0.012340426,-0.7951001,0.023868114,-0.012230055,-0.73195356,-0.014721272,0.012470076,0.08135335,0.001741755154759,-0.0013326489086581,1.6703540455282293,0.07854065,-0.04043614,0.0003253954,16.032253,0.9234247,0.7235847,0.7262358,0.72560567,0.72399265,1
5.7,0.048760574,-0.014247606,-0.8709688,0.01824492,-0.009767019,-0.727082,-0.116542414,0.040508144,0.029886605,0.0106261841741655,-0.0055036608892852,1.6702304907557968,0.08693191,-0.040368814,-0.00087203336,16.026253,0.9200983,0.7262669,0.7223274,0.7238352,0.72447234,1
5.800000000000001,0.05098217,-0.015626991,-0.9401556,0.0038968849,-0.0048971972,-0.72514296,-0.17725477,0.06722412,0.00060116866,0.0170961683874213,-0.008502485960382,1.6700513074706755,0.04136284,-0.02210273,0.0013405625,16.026253,0.9200983,0.73020446,0.7238833,0.72479,0.7291471,1
5.9,0.05098069,-0.016710402,-1.0145154,-0.016009564,0.00236767,-0.7215136,-0.17392701,0.077592105,0.050990373,0.0164399097248401,-0.0094421289849479,1.6699167041497385,-0.057713766,0.007941618,0.00031764372,16.020254,0.91677094,0.72723293,0.7179688,0.72214794,0.7231926,1
6.0,0.049459986,-0.017289065,-1.0823679,-0.028677428,0.008306497,-0.7151114,-0.07384404,0.052365202,0.07338309,0.0054847060504117,-0.0054565056063722,1.669935371461208,-0.14514184,0.05838676,-1.5030684e-05,16.020254,0.91677094,0.72572225,0.7235407,0.7241732,0.72509646,1
6.1000000000000005,0.046843264,-0.017699808,-1.1549064,-0.02785121,0.010064726,-0.7080646,0.089200996,0.0045559052,0.034418885,-0.0096726981384221,0.0009419354598644,1.6700223877844502,-0.138755,0.062007222,0.000501448,16.014254,0.91344357,0.71960527,0.7296117,0.72799325,0.7210201,1
6.2,0.04518895,-0.017927838,-1.2216022,-0.014802834,0.007838282,-0.7005115,0.16132185,-0.03453888,0.104023606,-0.0159517289350428,0.0051859216196724,1.6701453544735103,0.008174647,0.0142681785,0.0008291526,16.014254,0.91344357,0.71768343,0.72696686,0.7240549,0.7207654,1
6.300000000000001,0.045816652,-0.018350938,-1.293029,0.0002893838,0.0040212544,-0.689979,0.11062592,-0.030921916,0.10278634,-0.0106309043287854,0.0041383263286606,1.6702266668550836,0.06448746,-0.01859542,0.0005843848,16.008255,0.9101162,0.7208054,0.71987605,0.71961683,0.72146183,1
6.4,0.048503973,-0.01943195,-1.3578967,0.008695231,0.0010893685,-0.6789515,0.050559323,-0.018084873,0.116437204,-0.0052246424552472,0.0022338484482465,1.6701055527592152,0.0470912,-0.01756609,0.00061448105,16.008255,0.9101162,0.72196186,0.7207161,0.72077674,0.72196347,1
6.5,0.052355163,-0.02118312,-1.4213878,0.012979631,-0.00096401817,-0.667088,0.008225959,-0.016135437,0.112106554,-0.0014521538789941,0.0007685637239674,1.6698405791520583,0.03241283,-0.012873247,-0.0003061895,16.008255,0.9101162,0.7200357,0.71892023,0.7189416,0.719922,1
6.6000000000000005,0.0571321,-0.023140501,-1.4886658,0.0146072935,-0.0020489935,-0.6526012,-0.011541995,0.0020121548,0.14315824,0.0010394593230481,-0.0003445730567213,1.669576424174668,0.022001961,-0.009344699,0.0010752259,16.002254,0.9067888,0.7207605,0.7200033,0.71971107,0.7209364,1
6.7,0.061721124,-0.024551965,-1.5546155,0.013777799,-0.00175445,-0.6374686,-0.029515779,0.0063497117,0.1483825,0.0026733306214549,-0.0011991453938359,1.6694099330465997,0.013774687,-0.007599088,9.75034e-05,15.996256,0.90346146,0.71882683,0.7182148,0.71851957,0.7185602,1
6.800000000000001,0.065627016,-0.025417274,-1.6140578,0.011425609,-0.00086521957,-0.62176627,-0.040769998,0.014122695,0.16193463,0.0037606023352742,-0.0017376157941371,1.669374274471502,0.008501651,-0.0035178177,0.00084922346,15.996256,0.90346146,0.71918476,0.7193234,0.7193287,0.7194143,1
6.9,0.06920242,-0.026027579,-1.6765038,0.0077307275,0.0005142724,-0.60430086,-0.037349936,0.011515151,0.17015588,0.0044236525113654,-0.0020002194606375,1.669424325351819,0.0048496593,-0.0009835055,-0.00037738512,15.990255,0.9001341,0.71750104,0.7178931,0.7177518,0.71799403,1
7.0,0.071561724,-0.026847444,-1.7324946,0.0034029002,0.0014924136,-0.58686817,-0.056021806,0.014418573,0.1762933,0.0048166688093641,-0.0020942734751404,1.6694683193364357,0.0013450257,-0.00035424612,0.00043604148,15.990255,0.9001341,0.7184185,0.71862376,0.7185722,0.7186801,1
7.1000000000000005,0.07317683,-0.027662378,-1.7912537,-0.0015041097,0.0026090096,-0.5679997,-0.05150154,0.01885605,0.18097086,0.0048783143331579,-0.0021066886441262,1.6695276954395042,-0.0013264157,-0.00081078784,0.00065051235,15.984257,0.8968067,0.7173735,0.716825,0.71748894,0.7169115,1
7.2,0.07352574,-0.027536731,-1.8433484,-0.0063448898,0.0038663535,-0.5436732,-0.04515393,0.006208319,0.36848846,0.0045596741191386,-0.0019403605473263,1.6696218392915363,-0.006834595,0.005959347,0.00016024048,15.984257,0.8968067,0.70128673,0.7009435,0.7009336,0.7015768,1
7.300000000000001,0.0724962,-0.0267951,-1.8949653,-0.011348997,0.0053389636,-0.47806478,-0.0392259,0.007645069,0.83369523,0.0035478887293348,-0.0011447846251197,1.6696935678369889,-0.0115768695,0.0080408435,-0.00047682723,15.978256,0.89347935,0.6858858,0.6855465,0.68607616,0.68528247,1
7.4,0.07042566,-0.025899021,-1.9337581,-0.014909808,0.0061837416,-0.37729487,-0.023680847,0.0017513902,1.1969441,0.002386268081161,-0.0002704699421834,1.6698240515155218,-0.011731435,0.008098524,-0.0004463152,15.978256,0.89347935,0.6607334,0.6604205,0.6604555,0.6607339,1
7.5,0.06818469,-0.024753042,-1.9602462,-0.017430672,0.006478918,-0.2576438,-0.012983506,-0.004936563,1.0591736,0.0012059366447687,0.000548662843037,1.669891112776423,-0.010801216,0.007824615,-0.00091220776,15.978256,0.89347935,0.6860365,0.6855735,0.68555075,0.68594104,1
7.6,0.06603502,-0.023226313,-1.9765886,-0.018557701,0.006216108,-0.17529702,-0.00083254505,-0.014575184,0.5350364,8.106741699111139e-05,0.0013142988336581,1.669893808931252,-0.01045882,0.006995489,-0.00029350907,15.972258,0.89015293,0.70993555,0.70973015,0.70988226,0.7096907,1
7.7,0.06414027,-0.021958074,-1.9865209,-0.018198509,0.005299603,-0.1410467,0.010093213,-0.01912034,0.12254481,-0.0006616197849721,0.0017284202218614,1.6698649034248811,-0.0029205733,0.00071732025,-0.0006290565,15.966257,0.88682175,0.7249142,0.7250972,0.72484833,0.72495157,1
7.800000000000001,0.063311934,-0.021272022,-1.9952661,-0.016821913,0.003969199,-0.14200963,0.0033690538,-0.014210146,-0.14646257,-0.0008098626815251,0.0016466400449268,1.6698452751883248,0.0002565036,-0.0021789162,-0.00035113384,15.966257,0.88682175,0.7387706,0.7389864,0.7389397,0.73877627,1
7.9,0.0632859,-0.020900095,-2.0077727,-0.014910097,0.0026983144,-0.16663885,0.005035599,-0.011583219,-0.31078932,-0.0006393463253399,0.0013323971561178,1.6697807074393052,0.002447898,-0.0037525725,-0.00012608965,15.9602585,0.88348866,0.74198776,0.74204797,0.7421937,0.741801,1
8.0,0.063462414,-0.020863375,-2.023095,-0.013602757,0.0014478555,-0.1952327,0.0016626237,-0.013608159,-0.28280166,-0.0003037365277022,0.0009747701930302,1.669710178274712,0.0047636093,-0.004379287,-0.00021506565,15.9602585,0.88348866,0.7395575,0.7386477,0.7388575,0.7390857,1
8.1,0.063336655,-0.02077773,-2.0415545,-0.013093381,0.0009616452,-0.21543792,0.003683966,-0.006001416,-0.15875603,-7.925944717311353e-05,0.000711083650339,1.6696845475756208,0.0007304116,-0.0014681851,3.024036e-05,15.9602585,0.88348866,0.7333267,0.7329762,0.733172,0.7330043,1
8.200000000000001,0.063191675,-0.020623766,-2.0638552,-0.013242696,0.0007115562,-0.22549646,-0.0034954648,-0.005106645,-0.046722587,-8.26503782716258e-05,0.0006795303568593,1.6696483202266823,-0.00064901466,0.00017725883,0.0007246517,15.954258,0.8801565,0.72924304,0.7293917,0.7291981,0.7292774,1
8.3,0.06309369,-0.02088988,-2.087838,-0.013183866,0.00018647991,-0.2271432,-0.0020906262,-0.009648531,0.022387596,-0.0001251133116174,0.0007146136841135,1.669608556887018,-0.0015476979,-6.846265e-06,0.00020153014,15.948259,0.8768234,0.72614384,0.72640944,0.7264241,0.7258314,1
8.4,0.06302288,-0.021583563,-2.1105459,-0.012674291,-0.0008358813,-0.22272722,0.0026325101,-0.012015661,0.07097935,-0.0001915868812929,0.0007028059173602,1.6696338536224475,-0.0011001892,0.00034409252,0.0005406819,15.948259,0.8768234,0.72406375,0.7248839,0.7242657,0.72448266,1
8.5,0.06291961,-0.022558868,-2.132918,-0.012374773,-0.0017712982,-0.21475399,0.0026630505,-0.0020640444,0.09592622,-0.000266462067721,0.0006150163375022,1.669691310253688,-0.0009363493,-0.0023369612,3.852078e-05,15.948259,0.8768234,0.72348934,0.7225626,0.72321564,0.72278696,1
8.6,0.06292689,-0.02383385,-2.1563776,-0.0118756415,-0.0030228118,-0.20398697,0.0053587314,-0.0018149295,0.11647492,-0.0003490851311488,0.000463653797856,1.669725541851331,0.00045061085,-0.0028298423,0.00039127958,15.942259,0.8734913,0.7233304,0.72265863,0.7229759,0.72288746,1
8.700000000000001,0.06286531,-0.02524305,-2.178804,-0.01132492,-0.003814009,-0.19210277,0.00428403,-0.0020719387,0.11900346,-0.0003396836398595,0.0002552556508749,1.6697853390663029,-0.0002177131,-0.0028450955,-0.00054705946,15.93626,0.87015915,0.7225737,0.72264653,0.7227343,0.72255605,1
8.8,0.06296079,-0.0264653,-2.1983974,-0.010895321,-0.004396552,-0.18140149,-0.0026651667,-0.0065384535,0.1145401,-0.0003416136644408,-4.677548791795816e-05,1.6698061412259906,-0.0002617536,-0.0021289228,-0.00023274998,15.93626,0.87015915,0.72289443,0.7234112,0.72309166,0.72327,1
8.9,0.06314081,-0.028075842,-2.2169645,-0.01075822,-0.00501871,-0.1710999,0.002782084,0.0032064014,0.10944157,-0.0004006708571384,-0.0003381646379205,1.6698436629633393,-0.0004563408,-0.0028158824,-0.00052374776,15.93626,0.87015915,0.7231458,0.7229211,0.72307396,0.7231643,1
9.0,0.06279865,-0.030264068,-2.235739,-0.0107717095,-0.005755982,-0.1608086,0.0045645293,0.005697061,0.09376369,-0.0004681981142801,-0.0006200935619253,1.6698849555674502,3.0278934e-05,-0.003633504,0.0007932274,15.93026,0.86682606,0.72357154,0.72361803,0.7235499,0.72397465,1
9.1,0.062481392,-0.032358073,-2.2524376,-0.010907438,-0.0059624435,-0.1518506,0.0025909839,0.007683049,0.08647749,-0.0005655845000027,-0.0009849158509156,1.6698804961660876,-0.0015251272,-0.0031345857,1.5736478e-06,15.93026,0.86682606,0.72344303,0.7235651,0.72357935,0.7236038,1
9.2,0.062424302,-0.034866247,-2.2698507,-0.010424639,-0.0058846273,-0.14228465,0.010374595,0.013571256,0.10096467,-0.0006623143444225,-0.0013573135938232,1.6698568073373667,-0.0003397933,-0.0039713867,0.0003627325,15.924261,0.8634939,0.7241965,0.7239559,0.7239665,0.7241845,1
9.3,0.062276043,-0.03723765,-2.286433,-0.009722084,-0.005518818,-0.13340515,0.006672218,0.013284868,0.08895527,-0.0007454910610989,-0.0016759972488326,1.6698489594709738,0.00047349348,-0.004552634,0.00024276618,15.918261,0.8601608,0.7244909,0.7233665,0.72384804,0.72402483,1
9.4,0.062276192,-0.038948998,-2.3007112,-0.008861365,-0.0043344344,-0.12555884,0.011218438,0.012468909,0.079848334,-0.0007624948496875,-0.0020203302044331,1.669866582746658,0.00036734444,-0.0033499831,0.00026536616,15.918261,0.8601608,0.7245062,0.7243399,0.7245138,0.72449917,1
9.5,0.06227962,-0.040171236,-2.313826,-0.008108143,-0.0027568196,-0.11819252,0.001969769,0.017354626,0.074475065,-0.0007201148535975,-0.0022918183412155,1.6698985688153936,0.00055218884,-0.0030228838,-0.0004913648,15.918261,0.8601608,0.724805,0.72416663,0.72505736,0.72423136,1
9.6,0.062394314,-0.04102072,-2.3267457,-0.007195696,-0.00046316677,-0.11106932,0.007334134,0.022203384,0.06529549,-0.0006726628074142,-0.0023757319016881,1.669919004150571,0.00083180453,-0.0015695114,0.00049561675,15.912262,0.8568287,0.72535986,0.7249146,0.72555894,0.7251063,1
9.7,0.062817715,-0.041064914,-2.3386185,-0.006215801,0.0019770046,-0.10483254,-0.0017103888,0.02371755,0.050817613,-0.0005495637335478,-0.0023349441593305,1.669903354959256,0.0015446253,0.0011824829,9.382813e-05,15.906261,0.8534956,0.72511405,0.72551924,0.7251393,0.7256654,1
9.8,0.06328725,-0.040753584,-2.3487866,-0.0057064686,0.0042160978,-0.09974198,0.002313739,0.023106473,0.047235746,-0.0003951747885892,-0.0021736399544065,1.6698886888305762,0.0028561915,0.0021899545,-0.00040821824,15.906261,0.8534956,0.72621614,0.72556394,0.72580004,0.72599983,1
9.9,0.06316346,-0.040575042,-2.3585606,-0.0059595346,0.005845579,-0.095391996,-0.0032252236,0.015197027,0.041478775,-0.0002757364999089,-0.0018858697549016,1.6699183936609383,0.00048257917,0.002277472,0.00022895446,15.906261,0.8534956,0.7259093,0.7256605,0.7261909,0.72542775,1
10.0,0.06279359,-0.04010334,-2.3686543,-0.0061946837,0.0077076997,-0.09068489,-0.0005268655,0.016083773,0.04358822,-0.0001958364386965,-0.0016099122406633,1.6699304225483869,-0.00011483327,0.0019282188,-0.0013767879,15.900263,0.85016346,0.72635514,0.7260658,0.7263417,0.7259264,1
10.1,0.062541276,-0.03889598,-2.3785837,-0.0060864408,0.009370567,-0.08673893,-0.00080357015,0.0065410365,0.045353077,-0.000203218201714,-0.0012690313400644,1.669998754928979,-0.0003651464,0.0034902114,0.00036312017,15.894262,0.84683037,0.72589934,0.72576416,0.7261232,0.7257415,1
10.2,0.062665,-0.037313018,-2.387408,-0.0055634873,0.01080788,-0.083123505,-0.001728793,0.008421091,0.03583403,-0.0002066663571198,-0.000883294026,1.670000194960744,-8.2673505e-05,0.0045562317,-0.0004707278,15.894262,0.84683037,0.72569084,0.7260568,0.7262057,0.72589076,1
10.3,0.063225806,-0.035690702,-2.3965662,-0.004740959,0.011425794,-0.07941647,-0.001208518,-0.00060292264,0.03668386,-0.0001764435529717,-0.0005024771596658,1.669879573149048,0.00096337387,0.003321931,-3.0240692e-05,15.888264,0.84349823,0.7257316,0.7255719,0.7256161,0.7257165,1
10.4,0.063773245,-0.034515124,-2.4044843,-0.0039019978,0.011334764,-0.07578127,0.0003144654,-0.0015137466,0.040830575,-4.18642773816149e-05,-0.000107040522871,1.6697190966025082,0.002123391,0.0040246425,-0.00011983914,15.888264,0.84349823,0.72565126,0.7261057,0.72554827,0.7259202,1
10.5,0.06434019,-0.033470936,-2.4119613,-0.0034271716,0.0106179295,-0.072308265,0.00028851564,-0.008581844,0.032319218,0.0001473393374493,0.0001614187787698,1.6695648031455756,0.0015170795,0.0018175939,-0.000811574,15.888264,0.84349823,0.72580427,0.7258472,0.7256258,0.7254279,1
10.6,0.06442318,-0.032788634,-2.419623,-0.0033896226,0.0097640725,-0.068403415,-0.0084138885,-0.008892778,0.037528105,0.0003108252073815,0.000325594526481,1.6694697384793815,0.0018849978,0.0011159014,0.00026162204,15.882263,0.8401661,0.7260748,0.72621024,0.72556424,0.72594523,1
10.7,0.063656,-0.032368015,-2.426621,-0.0039854827,0.008511742,-0.0650797,-0.0023251188,-0.009461678,0.039818227,0.0003987469762685,0.0004393577470336,1.669460264274314,0.00071431417,0.00036000885,0.0005492011,15.876265,0.836833,0.72625583,0.7260881,0.72549325,0.7260842,1
10.8,0.06224359,-0.03208301,-2.432518,-0.004996754,0.0073742494,-0.06217384,-0.01147588,-0.009768029,0.032186504,0.0003787325431494,0.0004334686538778,1.6695412994009424,-0.002117949,-0.00077270536,-9.016039e-05,15.876265,0.836833,0.7263961,0.72679305,0.7266512,0.72608876,1
10.9,0.06029122,-0.031692326,-2.438298,-0.006412089,0.0064300452,-0.059714995,-0.0028940246,-0.012148514,0.016036907,0.0001629472400874,0.0003579305660906,1.6696641071989515,-0.0043272353,0.00064594136,0.00054240326,15.876265,0.836833,0.7259511,0.72711,0.7262861,0.7266105,1
11.0,0.057745766,-0.031124108,-2.4441855,-0.007512505,0.0055750143,-0.056946117,-0.00037270284,-0.0003148592,0.026274936,-0.0002152022394763,0.0003184427839041,1.6698179105125792,-0.0047121653,-0.00037798285,0.0009561048,15.870264,0.83350086,0.726892,0.7267169,0.72696054,0.72694826,1
11.1,0.055131968,-0.030702798,-2.449727,-0.008249652,0.0047177947,-0.054615825,0.008999941,-0.0011931723,0.023586208,-0.0007201846130634,0.0003165798457616,1.6699663443201125,-0.0065531796,-0.00010141329,0.00082560774,15.864265,0.8301678,0.7264911,0.72693574,0.7272702,0.72691363,1
11.2,0.0533785,-0.030589338,-2.4548888,-0.007677833,0.003910227,-0.05264447,0.012375533,-0.0028458252,0.020300036,-0.0012632369676652,0.0003252808875027,1.670005879420256,-0.005713481,-8.7831766e-05,0.0003490406,15.864265,0.8301678,0.726603,0.72725636,0.7274473,0.72705674,1
11.3,0.052341335,-0.03051731,-2.4607513,-0.0063660876,0.0031488843,-0.05060212,0.019446094,-0.0009982702,0.023444647,-0.0016693603294361,0.0003101704928084,1.6699710009760234,-0.0038596806,-0.0009943908,-0.0009817957,15.858265,0.82683563,0.7266085,0.7269484,0.7270166,0.7268881,1
11.4,0.05238793,-0.030503094,-2.466093,-0.004530636,0.002394527,-0.048798762,0.019554539,0.0024635894,0.02905959,-0.0019118272309651,0.0002241371461855,1.6699303474669382,-0.0017858046,-0.0012832178,0.0011085568,15.858265,0.82683563,0.72650653,0.72698325,0.72703046,0.72674924,1
11.5,0.05337323,-0.030111356,-2.4712608,-0.0019695875,0.0022094594,-0.046337295,0.023578089,0.00024400486,0.02848217,-0.0018892562176782,0.0001570275815329,1.669868051408903,0.001913989,-0.0003895302,-0.00058945647,15.858265,0.82683563,0.7266643,0.7268039,0.72667104,0.726816,1
11.6,0.055195708,-0.028994603,-2.4762156,0.00071932026,0.0027550366,-0.043873902,0.015877116,0.0022544796,0.032173,-0.0016204849636705,7.068957313482461e-05,1.669843886282906,0.0028827123,-6.3178144e-05,-0.0011053036,15.852265,0.82350254,0.72646224,0.7274959,0.7273132,0.726618,1
11.7,0.057341356,-0.027433211,-2.4807315,0.00302018,0.0035602339,-0.04162221,0.011559872,0.0016802677,0.020170582,-0.001130221065209,0.0001036297698324,1.6698557441425674,0.0055926885,0.0015072676,-0.00033065758,15.846266,0.8201704,0.72678053,0.72728646,0.727123,0.7269032,1
11.8,0.05950973,-0.026181651,-2.4842613,0.0046999436,0.0039256415,-0.039174836,0.008347028,-0.007985828,0.022842081,-0.0005253220865267,0.0003025908706299,1.669852792605777,0.0062293657,0.002500518,0.00032515015,15.846266,0.8201704,0.72775334,0.72737855,0.7277321,0.72733015,1
11.9,0.06200047,-0.025415104,-2.4868906,0.005840183,0.0035226422,-0.03746239,-0.0044272174,-0.009534494,0.010800547,7.80946538110915e-05,0.0005242200291433,1.66982467056727,0.0050115823,0.0017731414,-0.0007551897,15.846266,0.8201704,0.7274696,0.7283384,0.72816926,0.7276121,1
12.0,0.06439861,-0.02464479,-2.4889529,0.006122925,0.0029922419,-0.036238454,-0.008011102,-0.008083184,0.000629574,0.0006616512358991,0.0006565937523908,1.669787953806661,0.004674735,0.00040104048,0.00031737395,15.840266,0.8168373,0.72822946,0.7286317,0.7286678,0.7281385,1
12.1,0.06672526,-0.023565173,-2.4909701,0.00555008,0.002449334,-0.035787016,-0.013824068,-0.015692713,-0.0073444094,0.001124918359795,0.0006829844259106,1.6697625570693488,-0.0013988495,-0.0041597765,-0.0023955328,15.834267,0.8135052,0.6892592,0.67482805,0.73595464,0.80386984,1
12.2,0.06919031,-0.02206895,-2.494881,0.012902133,0.008448809,-0.06940642,0.22446185,0.14805754,0.30520278,-0.0306983385086845,-0.0150712843601315,1.6561543731546846,-0.53204906,-0.1737781,-0.34370503,15.834267,0.8135052,0.1434581,0.11739084,1.0,0.99919,1
12.3,0.07475356,-0.018706987,-2.496893,0.063772134,0.032718133,0.019483907,0.7087878,0.26754782,0.92222166,-0.0843365467256563,-0.0282720166880137,1.5916931718113874,-0.5105366,-0.005515575,-0.8939267,15.828267,0.81017303,0.17707735,0.18611163,1.0,0.9864614,1
12.4,0.087182686,-0.012655532,-2.489798,0.15392742,0.057760186,0.09903112,1.0907978,0.20976156,0.7349527,-0.1212287486770089,-0.0337855300137683,1.4736142302326716,-0.31280082,0.11577346,-1.4085163,15.828267,0.81017303,0.21559429,0.24101162,1.0,0.98979783,1
12.5,0.110403955,-0.0043950435,-2.4751513,0.2714163,0.07210953,0.1607675,1.2768465,0.06628145,0.5446388,-0.1346254518276769,-0.0423265468355748,1.3047648042189963,-0.10713249,0.13956226,-1.8969668,15.828267,0.81017303,0.24953783,0.27122307,1.0,0.9966228,1
12.6,0.15011314,0.004580737,-2.453481,0.40940455,0.07157431,0.20291649,1.3227205,-0.07100258,0.041984018,-0.1259841870814778,-0.0578179820248798,1.0877634713873394,0.0418478,0.12124298,-2.3472,15.822268,0.80683994,0.4111415,0.41965592,1.0,0.9986999,1
12.7,0.20678419,0.0112274885,-2.4343824,0.55873275,0.05778724,0.094533704,1.3510077,-0.14728153,-1.4563724,-0.100090467628232,-0.0751755584873677,0.8310348243387854,0.119412296,0.11628349,-2.631098,15.816268,0.8035078,0.6499569,0.64752537,0.8809304,0.8804257,1
12.8,0.27407822,0.014617643,-2.42933,0.67775214,0.04128773,0.010270637,1.0348351,-0.117363766,-0.51396334,-0.065481379953936,-0.0837045953476618,0.557323646886975,0.13061672,0.14752184,-2.6327755,15.816268,0.8035078,0.79737127,0.794114,0.6751643,0.67964524,1
12.9,0.35264573,0.014988754,-2.431532,0.7733578,0.024509069,-0.031002786,0.8333865,-0.0902082,-0.4289923,-0.0334696965624252,-0.0802217262621027,0.295805498266101,0.095690615,0.15599254,-2.3657756,15.816268,0.8035078,0.9241979,0.92202556,0.5210293,0.5284813,1
13.0,0.4468758,0.011905479,-2.4396152,0.85714585,0.0066294293,-0.08765395,0.6514182,-0.0598813,-0.6054165,-0.0103184859271942,-0.0690845896164084,0.0704626992220661,0.057467427,0.15037474,-1.9148481,15.810268,0.8001747,0.996819,0.9974823,0.41083097,0.41989636,1
13.1,0.54690415,0.0063072806,-2.453666,0.92025924,-0.008014403,-0.13141797,0.46492913,-0.021043833,-0.14247744,0.0037030242305917,-0.0554498461159293,-0.1033199198022793,0.030022983,0.1335055,-1.3791924,15.804269,0.7968426,0.99752426,1.0,0.32563215,0.33609194,1
13.2,0.64250493,-0.00014181808,-2.468861,0.96263784,-0.017198749,-0.13204318,0.34534377,0.008078361,0.068765126,0.0105801291017731,-0.043075529410123,-0.2202022220450518,0.007491087,0.10711821,-0.83621794,15.804269,0.7968426,0.9964347,1.0,0.32123396,0.33019313,1
13.3,0.74844193,-0.0068928846,-2.4846783,0.997117,-0.020811016,-0.13892655,0.26476493,0.036155507,-0.22700381,0.0126732231373001,-0.033709639495685,-0.2802094931317435,-0.009550556,0.07934272,-0.3219895,15.798269,0.7935095,0.989396,0.9928988,0.37818906,0.38432142,1
13.4,0.8477228,-0.012071801,-2.5001843,1.0208524,-0.019897787,-0.15083615,0.1848358,0.04825531,0.075643875,0.0116456278909378,-0.0272173952428162,-0.2881089115928231,-0.020550743,0.059591003,0.12409391,15.798269,0.7935095,0.924834,0.9297515,0.43044075,0.43485996,1
13.5,0.94766265,-0.016357796,-2.5150874,1.0369387,-0.017619608,-0.12609199,0.124676876,0.03496505,0.3932961,0.0090075478532942,-0.0227134460539665,-0.2549122927745701,-0.022229565,0.04346811,0.4588392,15.798269,0.7935095,0.85728395,0.86234486,0.5088322,0.5120925,1
13.6,1.0564885,-0.020539207,-2.527783,1.0482941,-0.016064081,-0.07907347,0.08305917,0.017162612,0.47788534,0.0059449574905007,-0.0195094627821517,-0.1946008677833003,-0.018352557,0.030134782,0.66887844,15.79227,0.79017735,0.7935291,0.7982847,0.59746265,0.59930134,1
13.7,1.165105,-0.025691915,-2.5347657,1.0539607,-0.01745548,-0.034332607,0.052507218,0.01692154,0.3762282,0.0032845953947164,-0.0170858423034158,-0.1206098093489919,-0.010178327,0.02151397,0.7607786,15.78627,0.7868452,0.73440635,0.74005365,0.6787237,0.68037415,1
13.8,1.264771,-0.031726997,-2.5373924,1.055647,-0.021351656,-0.0063415705,0.031005556,0.00043866792,0.21606776,0.0015234175368625,-0.0152676746378432,-0.0445449249956586,-0.00022107005,0.014681023,0.7467636,15.78627,0.7868452,0.6856868,0.6918515,0.74403644,0.7466537,1
13.9,1.3637792,-0.038661715,-2.5375104,1.0552045,-0.026013276,0.0077701597,0.024478765,0.00754744,0.08853385,0.0007922462613945,-0.0140806285279693,0.0250482783674309,0.008487867,0.007079125,0.6536039,15.78627,0.7868452,0.64958024,0.6549722,0.78822255,0.7919022,1
14.0,1.4699173,-0.04714786,-2.5362184,1.0525179,-0.031261157,0.012748268,0.013401076,0.007947459,0.008202623,0.0008569047009586,-0.0134498045454881,0.0821208536350084,0.01085651,-0.00028517356,0.50619894,15.780271,0.7835121,0.62777525,0.6329903,0.8140936,0.8162861,1
14.1,1.5753598,-0.056042295,-2.534424,1.0490624,-0.035745695,0.012704502,0.01337819,0.010368048,-0.012282747,0.0014086713352545,-0.0134227537787101,0.1235015387547434,0.01232585,-0.0051029874,0.33672926,15.774271,0.78018,0.6202375,0.6249959,0.8217321,0.82494146,1
14.2,1.6721569,-0.06398283,-2.5329764,1.0460569,-0.038465,0.01243988,0.013431195,0.026006475,-0.00051967794,0.0022018191629822,-0.013804974980675,0.1483691784462124,0.010923904,-0.0069753514,0.16718169,15.774271,0.78018,0.62500226,0.6295252,0.81707954,0.8207098,1
14.3,1.7762454,-0.07205283,-2.5313773,1.042649,-0.039577127,0.012679919,0.013084656,0.032383166,0.0042868773,0.0030026971445182,-0.0142789819393792,0.1574975919414555,0.007553877,-0.006998894,0.015939662,15.768271,0.7768469,0.6390844,0.64337283,0.80368125,0.80709624,1
14.4,1.8715781,-0.07887836,-2.529683,1.0394915,-0.039273556,0.014070085,0.017124172,0.034976225,0.01757685,0.0037373086221094,-0.0148022105751606,0.1534022975349671,0.0050268765,-0.006698487,-0.10429858,15.768271,0.7768469,0.6588925,0.6631961,0.784883,0.7887665,1
14.5,1.9663665,-0.0851607,-2.528122,1.0362175,-0.03792188,0.016563324,0.017121244,0.037886534,0.023560597,0.0042892537153256,-0.0152497645451846,0.1392036921997501,-0.00097124814,-0.0073486944,-0.18976729,15.768271,0.7768469,0.68093145,0.6859783,0.7651838,0.7674068,1
14.6,2.068725,-0.09083176,-2.5260153,1.0333333,-0.03541768,0.01947181,0.03701113,0.041830946,0.025229061,0.0047265760776921,-0.0156586641318693,0.1187283142156128,-0.001470108,-0.005908287,-0.23718755,15.762272,0.7735138,0.702992,0.7077603,0.74491686,0.7482961,1
14.7,2.1714356,-0.09490608,-2.5236416,1.0312357,-0.031608965,0.021567335,0.030760441,0.03995907,0.013194046,0.0049542117261044,-0.0160037382823824,0.0953844912975727,-0.004119331,-0.005463587,-0.25124818,15.756272,0.7701807,0.72228557,0.72649425,0.7277825,0.73082876,1
14.8,2.266545,-0.09734267,-2.5213113,1.0301228,-0.027721748,0.022601115,0.030767366,0.032054827,0.0032875685,0.0049512906162984,-0.0162189076268041,0.0722290364240264,-0.005991249,-0.0036080824,-0.23822652,15.756272,0.7701807,0.73682547,0.74144566,0.7144143,0.71737546,1
14.9,2.361827,-0.09893513,-2.5191875,1.0295889,-0.024062594,0.02264753,0.03435419,0.029655866,-0.008508096,0.0047377644160466,-0.0163147660935139,0.0515611650514662,-0.0062269694,-0.002363468,-0.20747933,15.756272,0.7701807,0.7469171,0.7510036,0.7053592,0.7080915,1
15.0,2.465178,-0.09978283,-2.5172787,1.0292704,-0.020838112,0.021985412,0.033568233,0.017466934,-0.007357448,0.0044318082612689,-0.0162852748201501,0.03490160606092,-0.007523279,-0.0004883143,-0.16525461,15.750273,0.7668476,0.7511428,0.75646454,0.70099425,0.7033235,1
15.1,2.5693607,-0.099861436,-2.5154896,1.0293268,-0.017681938,0.021593306,0.026927685,0.013795916,0.00056996936,0.0040897781316379,-0.0162163973356997,0.0229540908117125,-0.0065434226,-0.0005168329,-0.11581201,15.744273,0.7635145,0.7524872,0.7572079,0.7004322,0.7025753,1
15.2,2.6664615,-0.09932089,-2.5138311,1.0302314,-0.0153499665,0.020893944,0.033392288,0.013822117,-0.004542991,0.0037112631587311,-0.0161145879993502,0.015605464874172,-0.0059118513,0.0017671272,-0.069797754,15.744273,0.7635145,0.7499754,0.75514716,0.70261925,0.7054047,1
15.3,2.7728505,-0.09766731,-2.5120897,1.0320604,-0.012816962,0.01982235,0.023062259,0.008595628,-0.007544178,0.003329510337769,-0.0159369435084149,0.012372863206876,-0.0048067644,0.0018440492,-0.030877406,15.738274,0.7601814,0.7457896,0.75033957,0.707295,0.70965606,1
15.4,2.8721006,-0.094555184,-2.510902,1.034008,-0.009551049,0.01883344,0.024972519,0.006362074,-0.01429906,0.0029412474866806,-0.0156479577468676,0.0122202339963688,-0.0050156456,0.0037673283,-0.0009203868,15.738274,0.7601814,0.7402981,0.7448352,0.7126842,0.7151926,1
15.5,2.9714935,-0.09024965,-2.510105,1.0354843,-0.0061574713,0.017973822,0.023200998,0.0033889625,-0.005959067,0.0024400204455798,-0.0152532646540094,0.0143499032455415,-0.0049742186,0.0054902737,0.01928852,15.738274,0.7601814,0.73449636,0.7392566,0.7178597,0.7214096,1
15.6,3.0788321,-0.0845769,-2.5092936,1.0362976,-0.0024825907,0.016904224,0.011319185,-0.006321908,-0.004170462,0.0018833779537421,-0.0148749805264814,0.0178649416994747,-0.0062736077,0.0044915155,0.028239112,15.732274,0.75684834,0.72898644,0.7342381,0.72331655,0.72628593,1
15.7,3.185935,-0.07874763,-2.5077798,1.0359753,-0.0001243714,0.016202465,0.0024078179,-0.018965801,-0.0011152587,0.0012537337079879,-0.014520305056412,0.0220269755147427,-0.006740172,0.0034511646,0.029735113,15.7262745,0.75351524,0.72452056,0.73005164,0.72780484,0.73059493,1
15.8,3.284845,-0.07311659,-2.5065017,1.0357288,0.0015106506,0.015602718,0.0117375525,-0.015379093,-0.0050109806,0.0007423274313118,-0.0142889351901565,0.0262281158233944,-0.005058899,0.0023586757,0.02611017,15.7262745,0.75351524,0.7211452,0.7269322,0.7312244,0.7338995,1
15.9,3.38389,-0.06710848,-2.5054126,1.0354364,0.0027835565,0.01488333,-0.0021272425,-0.025372714,-0.0039790752,0.0003600981251335,-0.0141123007240207,0.0296795590478726,-0.0030455473,0.0017418064,0.017140135,15.7262745,0.75351524,0.71942,0.72441334,0.73310864,0.7362689,1
16.0,3.4920483,-0.060614157,-2.5038764,1.0359448,0.0037069798,0.014359034,0.002764289,-0.025856921,-0.0073141414,3.172372729754091e-05,-0.0140116167319944,0.0320899899672013,-0.0033615362,0.0015574587,0.004960417,15.720275,0.75018215,0.7184701,0.723647,0.73440915,0.7369445,1
16.1,3.6009047,-0.05389269,-2.5020404,1.0371803,0.0046164263,0.0139376065,0.00074534904,-0.02745439,0.006997026,-0.000170818171412,-0.013834946617523,0.0331890742442971,-0.0024202685,0.0040021795,-0.006926356,15.714275,0.74684906,0.71856207,0.7238477,0.73424387,0.7370472,1
16.2,3.7016127,-0.04760179,-2.5003183,1.0378431,0.0055795866,0.013672086,0.0057801805,-0.032399625,-0.0033141111,-0.0003444329657303,-0.0135701767090275,0.0330167351027103,-0.0016447032,0.0041846544,-0.017175289,15.714275,0.74684906,0.7197248,0.7247522,0.73320466,0.7365976,1
16.3,3.8107696,-0.040934373,-2.4980106,1.0382059,0.0062366114,0.013012984,-0.005624635,-0.03397412,-0.011960044,-0.0005015212243687,-0.0132999793145724,0.0318204725869758,-0.0019041831,0.0037276305,-0.027481632,15.708276,0.74351597,0.72098136,0.72642195,0.73194975,0.73502034,1
16.400000000000002,3.9121332,-0.034969162,-2.4957752,1.0390764,0.006507462,0.012404332,-0.005313981,-0.03155408,-0.012375413,-0.0005981775480577,-0.0130686553425912,0.0298268498528602,-0.0014387586,0.00211333,-0.032642398,15.708276,0.74351597,0.72305614,0.72774667,0.7305385,0.7329694,1
16.5,4.0141683,-0.029296428,-2.4931226,1.0404875,0.006721566,0.011920836,-0.009108603,-0.03974843,-0.005288515,-0.0006790862180995,-0.0128058173916116,0.0274586915788319,-0.0012794016,0.0036018016,-0.03526673,15.708276,0.74351597,0.7244534,0.7296267,0.7289256,0.7314049,1
16.6,4.1248946,-0.02360472,-2.4903455,1.0415711,0.0065229665,0.011323739,-0.011117255,-0.031523738,-0.005465466,-0.0007233414581465,-0.0124323714310807,0.0249691568947897,-0.0016512782,0.0047576115,-0.036422968,15.702276,0.7401829,0.7254948,0.73123914,0.7275896,0.7300911,1
16.7,4.2273555,-0.018643945,-2.4878874,1.0422381,0.0061076786,0.011164701,-0.019065315,-0.029781813,-0.0003040768,-0.0007088807933933,-0.012102062675587,0.0226175035807652,-0.0010779618,0.0034000922,-0.03469614,15.702276,0.7401829,0.7268873,0.73216575,0.7268925,0.72890496,1
16.8,4.338862,-0.01368084,-2.4857438,1.0429606,0.005482896,0.0105399005,-0.02027586,-0.027014079,-0.011119059,-0.0006526726157347,-0.0117986819824822,0.0205096138853888,-1.9523563e-05,0.0034219641,-0.032802064,15.696277,0.7368498,0.7274687,0.73287,0.72593004,0.72850615,1
16.900000000000002,4.450424,-0.009062362,-2.4842014,1.0432419,0.0046276203,0.009825567,-0.022220518,-0.031482454,-0.0041220332,-0.0005461887552767,-0.0115167608951612,0.0187933507840637,0.0004020104,0.0028309354,-0.02770621,15.690277,0.7335167,0.7277789,0.73297024,0.7256603,0.7281418,1
17.0,4.5531263,-0.0049556233,-2.4835048,1.0429585,0.0038542745,0.009310475,-0.022612674,-0.026518507,-0.009905546,-0.0004245008861472,-0.0112329461669639,0.0174500186190147,0.0008895748,0.0027342536,-0.02479272,15.690277,0.7335167,0.7277172,0.7329969,0.7255515,0.72822607,1
17.1,4.6646576,-0.000733846,-2.4848514,1.0413761,0.003149407,-0.008519134,-0.10341161,-0.026242442,-0.23016146,-0.0001430341442783,0.0010836136920354,0.0164766122371943,0.005587953,0.40184683,-0.021190757,15.684278,0.7301836,0.74294066,0.7301538,0.74183124,0.72527224,1
17.2,4.7667737,0.0031145315,-2.488588,1.0060997,0.0023722432,-0.022949819,-0.64913845,-0.028300082,-0.050866507,0.0007453431776306,0.0584418462161973,0.015896033545847,0.008818235,0.57801694,-0.018396141,15.684278,0.7301836,0.7190499,0.7404881,0.71796775,0.7369423,1
17.3,4.8698816,0.0071467194,-2.493258,0.91213846,0.0016351056,-0.019797163,-1.1076158,-0.03122592,0.09095808,0.0015173423107954,0.1030139930757046,0.0155469216971357,0.0061581996,0.3262903,-0.01591533,15.678278,0.7268505,0.7174963,0.73715866,0.71734273,0.73463595,1
17.400000000000002,4.952315,0.010971476,-2.4974155,0.79404896,0.0012195872,-0.0103895925,-1.2983241,-0.026520187,0.115450464,0.0019696015999325,0.1220743283844242,0.0153784096801402,0.005227937,0.09309316,-0.014376488,15.678278,0.7268505,0.7204709,0.73384345,0.7201632,0.73342633,1
17.5,5.0203567,0.015084109,-2.5002513,0.66624075,0.0013694813,-0.0005263023,-1.2979159,-0.020868706,0.10574422,0.0020822991098191,0.1226619329085873,0.0149082636352395,0.0024809178,-0.053673733,-0.01478718,15.678278,0.7268505,0.72415525,0.7318011,0.72446626,0.7320203,1
17.6,5.07797,0.019977212,-2.50194,0.53156096,0.00210159,0.007269897,-1.1982659,-0.01672097,0.05917204,0.0019944621859848,0.1126553902035326,0.0136635252372054,-0.00036897522,-0.13045491,-0.014348054,15.672278,0.7235174,0.72635806,0.7317332,0.72718835,0.7314105,1
17.7,5.117161,0.024578506,-2.5022252,0.41813496,0.0032264371,0.01122778,-1.0549176,-0.012734732,0.0307383,0.0017711257429133,0.097729252268585,0.0117596175634358,-0.001665406,-0.16084751,-0.013944002,15.672278,0.7235174,0.72885424,0.7311415,0.7283898,0.7303445,1
17.8,5.1470404,0.030265335,-2.501829,0.3119865,0.005421671,0.01294062,-0.8707296,-0.020067843,0.0075534913,0.0014125687003198,0.0813549506770536,0.0092472360358231,-0.004775251,-0.16601129,-0.013155941,15.666279,0.7201843,0.7304063,0.73146,0.7291395,0.7283935,1
17.900000000000002,5.166215,0.03668092,-2.5005898,0.22365971,0.00862675,0.013002356,-0.70105195,-0.024357762,-0.0048396173,0.0009755127043145,0.0656058056587746,0.0064038471191946,-0.006150962,-0.15223432,-0.009415588,15.660279,0.71685123,0.73166984,0.7317477,0.7283766,0.72728324,1
18.0,5.176501,0.043462884,-2.499459,0.15734412,0.011679965,0.012017548,-0.55620956,-0.028010204,-0.01073908,0.0003654833445458,0.0514904427639315,0.0041030820662194,-0.0071154404,-0.13361521,-0.0058974987,15.660279,0.71685123,0.7323924,0.73191446,0.72722054,0.726419,1
18.1,5.181881,0.051430207,-2.4978113,0.100396276,0.01445167,0.010875076,-0.43419415,-0.035226252,-0.015116761,-0.0003077799728617,0.0394210166569446,0.0029073597539419,-0.0077673416,-0.11130116,-0.0012420523,15.65428,0.71351814,0.7322246,0.73198116,0.72721285,0.72559863,1
18.2,5.1827865,0.059353683,-2.4956052,0.059314772,0.016580608,0.010002092,-0.32947192,-0.037790604,-0.008583068,-0.0009452453243634,0.0294328743711544,0.0023323436156753,-0.007554992,-0.09208962,0.0030301302,15.65428,0.71351814,0.73172575,0.7315306,0.72757417,0.7254781,1
18.3,5.181276,0.06832564,-2.4931095,0.025393577,0.0189112,0.00905754,-0.2410416,-0.038124163,-0.010068993,-0.0015261587052504,0.0214096718686407,0.0022443986546082,-0.00642085,-0.07216002,0.007719874,15.64828,0.71018505,0.7310894,0.73064214,0.727398,0.72658044,1
18.4,5.179033,0.076486155,-2.490609,0.002486567,0.020001944,0.008592185,-0.17698881,-0.042902052,-0.00981707,-0.0020057641919344,0.0150722214137972,0.0026138875487968,-0.0058606626,-0.05581535,0.009319564,15.64828,0.71018505,0.72995275,0.73021394,0.72842216,0.72700953,1
18.5,5.177071,0.08454547,-2.4880438,-0.012943374,0.020449854,0.007815465,-0.12921293,-0.052417036,-0.010018236,-0.0024255592373692,0.0102237648063201,0.0032067733185471,-0.004287812,-0.04166156,0.010890825,15.64828,0.71018505,0.7292749,0.72915083,0.7290225,0.72768974,1
18.6,5.1758447,0.092678525,-2.4860368,-0.022885049,0.01991611,0.0070628673,-0.09106234,-0.044029422,-0.012246425,-0.0027299929586039,0.0067315587352253,0.0042358867991225,-0.0035931065,-0.027784565,0.010597828,15.642281,0.70685196,0.7279589,0.7286937,0.7296603,0.7283902,1
18.7,5.175995,0.09942533,-2.4842968,-0.0281471,0.018680474,0.0068597062,-0.06881242,-0.042773496,-0.009472015,-0.0028558149031176,0.0044103567639428,0.0054702488209267,-0.0012354153,-0.017736128,0.008650706,15.642281,0.70685196,0.7275268,0.7277677,0.73022157,0.7293411,1
18.8,5.1775513,0.10640647,-2.4818604,-0.030138977,0.017450485,0.0065176203,-0.053615265,-0.03515265,-0.008379108,-0.0028284640525988,0.0029715137055052,0.0067663349884496,0.0007559011,-0.009367454,0.006160081,15.636281,0.70351887,0.72697634,0.7271144,0.73051506,0.73025566,1
18.9,5.1800404,0.11339991,-2.4791327,-0.030319316,0.016351908,0.0062953657,-0.036624666,-0.041644175,-0.00545755,-0.0027646882772783,0.0022180888935069,0.0078050648633185,0.00048954383,-0.0027526792,0.0037236155,15.630281,0.7001858,0.7264621,0.72690094,0.7306323,0.7309681,1
19.0,5.1830893,0.11985418,-2.4768226,-0.029624905,0.015478894,0.0060544447,-0.041609246,-0.040968906,-0.005744863,-0.0026460654346004,0.0019002970611453,0.0084384743771199,0.00045854397,0.0004569405,-7.415721e-05,15.630281,0.7001858,0.726373,0.7268153,0.730988,0.73088205,1
19.1,5.187311,0.12653138,-2.4750583,-0.02846796,0.014792333,0.005490231,-0.03980795,-0.042002857,-0.0068149525,-0.0025586928965668,0.0018099540030341,0.008716307017618,0.00055532163,0.0009973556,-0.0039517926,15.624282,0.6968527,0.7267794,0.7264914,0.73091877,0.7305994,1
19.200000000000003,5.191679,0.13216037,-2.4732041,-0.027315367,0.013956321,0.00498212,-0.03592754,-0.037342764,-0.005879439,-0.0024775649688493,0.0018643643583523,0.0086855921739581,0.00017784715,0.0032008651,-0.0067642755,15.624282,0.6968527,0.72630745,0.72739416,0.73023105,0.73051584,1
19.3,5.197014,0.13820095,-2.4710774,-0.025750637,0.013412657,0.0048006894,-0.035172142,-0.037594035,0.0030980443,-0.0024233105860609,0.0019734334223403,0.0083531043634981,-0.0001205055,0.0025567512,-0.009219566,15.618282,0.6935196,0.72716326,0.7274173,0.7300058,0.72989434,1
19.4,5.202449,0.14379944,-2.470056,-0.024177236,0.013304043,0.0044382587,-0.039117165,-0.03474725,0.0040926966,-0.0023721214041951,0.0021245042372914,0.0077458841718314,-0.00037536948,0.0028653746,-0.0098305475,15.618282,0.6935196,0.72749996,0.7279984,0.72944176,0.72943354,1
19.5,5.208144,0.14895,-2.4687603,-0.023008604,0.012525423,0.003977987,-0.044494238,-0.032493718,-0.006247777,-0.0023949020102467,0.002356221955524,0.0071376167819281,-0.0012732875,0.005311516,-0.011210921,15.618282,0.6935196,0.72743046,0.7287909,0.7288267,0.7290233,1
19.6,5.214013,0.15356235,-2.467669,-0.022476368,0.010768631,0.003499841,-0.04474887,-0.036225434,0.00086938957,-0.002377293848471,0.0025287371206443,0.0066081500119201,0.0004020896,0.0033813533,-0.010675153,15.612283,0.6901865,0.72792083,0.7287931,0.72848535,0.72853136,1
19.700000000000003,5.218475,0.15720128,-2.4668062,-0.023193965,0.008636113,0.003190097,-0.040556993,-0.033413913,-0.0014705582,-0.0022123313820261,0.0026000935367683,0.0062073057722416,0.0023525893,0.0015065635,-0.010805519,15.606283,0.6868534,0.7282921,0.7287377,0.7279874,0.7285594,1
19.8,5.2220035,0.15968978,-2.465636,-0.024309505,0.006424138,0.0031371822,-0.04664915,-0.028024742,-0.0017876736,-0.0019788987500374,0.0025167028393029,0.0059328678681803,0.0023166346,-0.0010158044,-0.010576186,15.606283,0.6868534,0.7282307,0.7289665,0.7283632,0.72811395,1
19.9,5.2255087,0.16168916,-2.4638698,-0.025156252,0.0038377794,0.0031525902,-0.04279123,-0.032617398,0.006706919,-0.0016875587249619,0.0023342724036057,0.0056945861304793,0.0038079224,-0.0022037616,-0.009510076,15.600284,0.6835203,0.7287323,0.728481,0.72840214,0.728176,1
20.0,5.2284217,0.16338545,-2.462431,-0.025782578,0.0020158156,0.003142811,-0.037816837,-0.023042873,-0.001370441,-0.0013153029591038,0.0021009033363532,0.0054598418429177,0.004187629,-0.0012509009,-0.009035434,15.600284,0.6835203,0.7285575,0.7287623,0.72820336,0.7285219,1
20.1,5.231182,0.16563596,-2.4606218,-0.02644811,0.0012619232,0.0030735913,-0.036619127,-0.014002667,0.0017001292,-0.0009519872386792,0.0018970712758424,0.0051474491840389,0.0037494893,-0.00054805994,-0.007507761,15.594284,0.6801872,0.7285819,0.7287719,0.7279222,0.72884655,1
20.200000000000003,5.233316,0.1676182,-2.4592888,-0.02700022,0.00071534177,0.002775817,-0.032006115,-0.017870307,0.0018863938,-0.0007557160534019,0.0017031153884044,0.0048251416649342,0.0013231898,-0.000917124,-0.008168309,15.594284,0.6801872,0.7283644,0.72887355,0.72832084,0.728405,1
20.3,5.2349224,0.16981454,-2.4580047,-0.02777632,0.00047692156,0.0025535794,-0.026002496,-0.013328514,0.002020504,-0.0006397121015268,0.0015016294623903,0.0044925925544159,0.0007060885,-0.0013181239,-0.007991339,15.5882845,0.67685413,0.7286386,0.72861546,0.7281144,0.72846967,1
20.4,5.236025,0.1715961,-2.4571471,-0.028476464,7.692297e-05,0.002260604,-0.025146395,-0.011949627,0.0044843177,-0.0005649390579503,0.0012958950898516,0.0041991157119317,4.067469e-05,-0.0025154303,-0.007074471,15.5882845,0.67685413,0.72867113,0.72852653,0.7285175,0.7279394,1
20.5,5.237055,0.17317101,-2.45683,-0.029015267,-0.00059625,0.0020822294,-0.023675008,-0.011636695,0.005315523,-0.0005121314633447,0.0010813636642946,0.0039539907183331,0.0005555345,-0.001541542,-0.006315558,15.5882845,0.67685413,0.7285369,0.7285574,0.72823596,0.72823226,1
20.6,5.2385917,0.1743903,-2.4561217,-0.029088823,-0.0017044267,0.0020539225,-0.027557604,-0.01896072,4.796311e-05,-0.0004353278296664,0.0008658929414763,0.0036641117911968,0.0001972701,-0.0006460607,-0.0057452046,15.582285,0.67352104,0.7283523,0.7289804,0.72830766,0.72801775,1
20.700000000000003,5.240535,0.17488609,-2.4553847,-0.028677264,-0.0031306944,0.0020476049,-0.025610583,-0.011834621,-0.0046109776,-0.0002736180463565,0.0006832509932414,0.0034458134702058,0.0030495797,-0.000902207,-0.0059779547,15.576285,0.67018795,0.7289186,0.72842926,0.72807515,0.7283641,1
20.8,5.2423916,0.17438667,-2.4547176,-0.027828237,-0.0048185005,0.0020278052,-0.017985461,-0.01612679,-0.0048736106,-0.0001050705898224,0.0005861503979368,0.0032858431389952,0.002241952,0.0006640653,-0.0052453508,15.576285,0.67018795,0.72829515,0.72884303,0.72833115,0.72840005,1
20.9,5.243948,0.17318128,-2.453179,-0.027510416,-0.0066164234,0.0024853947,-0.021275878,-0.006267949,0.0007101334,0.0001568165336062,0.0005840585962649,0.0031095141587507,0.0038515555,0.0009371443,-0.0048389356,15.570286,0.66685486,0.72885287,0.72860956,0.7282163,0.72877955,1
21.0,5.2444115,0.1717287,-2.4518802,-0.027806433,-0.007853128,0.0025253305,-0.018894384,0.0034950958,-0.0019110738,0.0004425632897375,0.0005665124451727,0.0029716914472501,0.003711984,0.0006088907,-0.0044360496,15.570286,0.66685486,0.7285643,0.7289179,0.72830474,0.7289467,1
21.1,5.2437754,0.17037445,-2.4504852,-0.028937068,-0.008583122,0.0024516352,-0.01391352,-0.0022705966,-0.0010165385,0.0007077857939032,0.0004949209456633,0.0028394183699686,0.0029593704,-0.0014348088,-0.005337746,15.564286,0.66352177,0.72898495,0.728572,0.72866833,0.72852695,1
21.200000000000003,5.2419467,0.16955538,-2.4503193,-0.03068523,-0.008266083,0.0020121764,-0.01523892,0.00669018,-0.009335111,0.0009375920666515,0.0002957230980508,0.0028089183160499,0.0022156255,-0.0031445648,-0.0028728324,15.564286,0.66352177,0.72892195,0.7283047,0.72851795,0.72866553,1
21.3,5.239223,0.16894862,-2.4508264,-0.032490022,-0.0074983872,0.0014821005,-0.0164791,0.010095928,-0.0066570933,0.0010226428679824,-1.022667312316492e-05,0.0027925156587116,-0.0003762447,-0.0037099868,-0.003750473,15.558287,0.6601887,0.72828263,0.7286479,0.7285164,0.72851187,1
21.4,5.2370205,0.16851647,-2.451529,-0.033051968,-0.0068651144,0.0011276605,-0.009855104,0.0023729892,-0.0013238749,0.0009957324273064,-0.0004107684957193,0.0027719607975557,-0.00028216452,-0.004552917,-0.0038914082,15.558287,0.6601887,0.72869444,0.7280315,0.72859615,0.72823113,1
21.5,5.235205,0.16793068,-2.4526625,-0.033154253,-0.0064116823,0.0009133092,-0.011877754,-0.0029215273,-0.0030896624,0.0009167417273977,-0.0007433826311422,0.0027331064041109,-0.000741014,-0.0023570063,-0.004008117,15.558287,0.6601887,0.7281821,0.72826195,0.72843844,0.7284736,1
21.6,5.2338123,0.16730228,-2.454408,-0.032708846,-0.0061207395,0.00049679884,-0.005170226,0.005598421,0.0026789492,0.0008672705255376,-0.0009579147580517,0.0026375146731757,-0.0011767339,-0.0017606602,-0.0035749462,15.552287,0.6568556,0.72812927,0.72807956,0.7287016,0.72799456,1
21.700000000000003,5.2327113,0.16654243,-2.4564009,-0.031450793,-0.006029469,0.00031352104,-0.0025024372,-0.0033963546,0.0036349518,0.0008175933401361,-0.0010793950599847,0.0024644446310607,0.00021728841,-0.0016722146,-0.0030897309,15.546288,0.6535225,0.7286596,0.72753936,0.72869,0.72782624,1
21.8,5.231737,0.16582392,-2.45832,-0.030202705,-0.006165195,0.000339219,-0.0054180124,-0.0025213014,-0.0012661329,0.000784936894328,-0.0010674838207027,0.0022333224302212,0.0011879867,0.0017023375,-0.003882326,15.546288,0.6535225,0.7282609,0.7281424,0.7277549,0.72860616,1
21.9,5.230483,0.16494739,-2.4602199,-0.02932337,-0.006245869,0.00034548363,-0.0048682946,0.0058608325,0.0063912007,0.0007934641838,-0.0010076324879377,0.0019959581893714,0.00060829293,0.00055383274,-0.0035822934,15.540288,0.6501894,0.72837186,0.7281698,0.7282052,0.7280096,1
22.0,5.229132,0.16376072,-2.4616086,-0.028890107,-0.0068857563,0.00050849805,-0.011832764,-0.0018207153,0.0034561378,0.0008051285107708,-0.0009340161891012,0.0017411243758136,0.0012724705,0.00026396842,-0.0033955427,15.540288,0.6501894,0.72862035,0.7281582,0.7280754,0.7281536,1
22.1,5.227248,0.1621113,-2.4623508,-0.028558964,-0.0076521533,0.00072205765,-0.0013847861,0.0051993937,-0.005863141,0.000886200176237,-0.0009359882203917,0.001507100706868,0.0021965872,0.0005607377,-0.0029134918,15.534288,0.6468563,0.72862476,0.7284327,0.72790396,0.72836864,1
22.200000000000003,5.225303,0.16058807,-2.4622693,-0.028308026,-0.007987924,0.001309146,-0.004239778,0.012350317,0.002538785,0.0010097802154489,-0.000977432293464,0.001308052252585,0.0018819248,-0.0007441866,-0.0022356734,15.534288,0.6468563,0.7289561,0.728575,0.7283071,0.72820807,1
22.3,5.223049,0.15909651,-2.4616156,-0.028133856,-0.008183192,0.0014578395,-0.0046526482,0.0063179946,-0.013328622,0.0011235512376675,-0.0010063819673307,0.0011905566895078,0.0011765673,-0.00015185021,-0.0020163087,15.528289,0.6435232,0.7288551,0.7288545,0.7283586,0.7283145,1
22.4,5.2206516,0.15804774,-2.461046,-0.027953815,-0.0078119226,0.0013710518,0.0058573685,0.005288778,-0.008526723,0.0012160933361644,-0.0010886993417374,0.0011469028622532,0.0005012693,-0.0013398074,-0.0023682297,15.528289,0.6435232,0.72899735,0.72858906,0.7285227,0.7281839,1
22.5,5.217962,0.15789472,-2.460411,-0.02813304,-0.006670487,0.001419885,-0.0019750772,0.012468552,-0.005387235,0.0012572705168868,-0.0011799057748472,0.0012180468677115,0.0002699768,-0.0005628538,-0.0016131047,15.528289,0.6435232,0.7287661,0.7287389,0.7282036,0.7287206,1
22.6,5.2153006,0.15791078,-2.4601758,-0.02776895,-0.005510665,0.0012011264,0.004400392,0.010598225,-0.012533738,0.0011679860196251,-0.0012820687816724,0.0013386940846819,-0.001264765,0.00046847493,-0.0013267752,15.522289,0.6401901,0.7282926,0.7288557,0.7283201,0.7287867,1
22.700000000000003,5.21251,0.15796098,-2.4606497,-0.027330982,-0.0047079735,0.0007905378,0.0052988324,0.0070522567,-0.005106907,0.0010171118612554,-0.0013519989787701,0.0014266678824312,-0.0019007368,-0.00081885123,-0.0011008772,15.51629,0.63685703,0.7284775,0.72826684,0.7287173,0.7284235,1
22.8,5.2099423,0.15830372,-2.4609737,-0.026981184,-0.0038220554,0.00060807954,0.0031198931,0.00484835,-0.0010547227,0.0008693409262835,-0.0013994074793342,0.001490188388058,-0.0011329183,0.00081658934,-0.00088672095,15.51629,0.63685703,0.7281262,0.7283719,0.72822905,0.7289269,1
22.9,5.20791,0.15849824,-2.461149,-0.025830159,-0.0036035392,0.0006003225,0.0064838873,-0.000949667,-0.0043502073,0.0007366842747058,-0.0014566776949369,0.0015035825107711,-0.0012918318,-0.0002665965,-0.0020702768,15.51029,0.63352394,0.7282729,0.72811997,0.7287559,0.72856206,1
23.0,5.206681,0.15796241,-2.4616368,-0.023854362,-0.0041550747,0.0006742262,0.0009346172,0.0011442859,-0.0029345972,0.0006351156564344,-0.0014379135325205,0.0013319564103601,-0.00019441932,0.00091033644,-0.0012477238,15.51029,0.63352394,0.7285859,0.72795755,0.728874,0.7283866,1
23.1,5.205589,0.15646201,-2.4627285,-0.022128338,-0.005481449,0.00046757795,-0.0006168425,0.006262641,-0.0017103738,0.0006674160110365,-0.0013017591148396,0.0010300189552158,0.0019377356,0.0028664214,-0.0011058867,15.504291,0.63019085,0.72839344,0.72826266,0.72825384,0.72872627,1
23.200000000000003,5.204251,0.15416098,-2.4641423,-0.020895498,-0.0074278247,9.7829354e-05,-0.007051483,-0.00034652813,0.0025425104,0.0007910839221875,-0.0011379816527823,0.0005724020494028,0.0030141948,0.0020920637,-0.0013993843,15.504291,0.63019085,0.72848976,0.7284695,0.7281916,0.7280276,1
23.3,5.2022924,0.15120953,-2.4653625,-0.020265615,-0.0094683515,-7.4677e-05,-0.0035939422,-0.0027840459,0.0014789401,0.0010653572889029,-0.0009508786806725,0.0001562855501086,0.0052377433,0.000969433,-0.0014201244,15.498291,0.62685776,0.7293208,0.7279971,0.72774744,0.7279378,1
23.4,5.2001224,0.14823113,-2.4664927,-0.020123815,-0.010587937,-0.00021344822,-0.0014480783,0.00934354,0.006297137,0.0014008531259156,-0.0008547202725569,-5.474345993114621e-05,0.003628667,0.0018508708,-0.00037531633,15.498291,0.62685776,0.72832185,0.72896355,0.72760296,0.7279115,1
23.5,5.197849,0.14503609,-2.466727,-0.020249445,-0.011360925,0.00024340562,-0.0061380626,0.00777133,0.00063376495,0.0016811254226605,-0.0008541181965172,-0.0001722299357404,0.0032844539,-0.00031695215,8.438993e-05,15.498291,0.62685776,0.7289874,0.728594,0.7278438,0.7279158,1
23.6,5.195515,0.1422523,-2.4665294,-0.020056454,-0.011454033,0.00061776413,0.0036765346,0.013910218,0.0010989605,0.0019427514366495,-0.0008918820529102,-0.0001076242215614,0.0035597275,-0.00011953109,0.0020922853,15.492291,0.62352467,0.7289492,0.72861624,0.7278719,0.72837174,1
23.700000000000003,5.1937656,0.14096493,-2.4659405,-0.019703912,-0.009712358,0.0009867746,-0.0087379925,0.024150334,-0.003531575,0.0020799698959061,-0.0009447176453484,0.0001461414117572,-7.0573165e-05,0.00043576743,0.0008604062,15.486292,0.6201916,0.7285647,0.7289584,0.7281114,0.7286657,1
23.8,5.1928444,0.14043476,-2.4658482,-0.01888309,-0.00767911,0.0005048979,0.006922637,0.0151241645,-0.0037010757,0.0020265967238861,-0.0009873476759351,0.0005227747770658,-0.0014072236,0.00049305,0.0018734667,15.486292,0.6201916,0.72862196,0.7281463,0.72823733,0.7287553,1
23.9,5.192049,0.13973321,-2.4660895,-0.018250419,-0.006149277,0.00036471835,-0.0013193483,0.009852748,-0.0014686956,0.0017932250666103,-0.0009685500956002,0.0008544047048164,-0.0036701646,0.0016342202,0.0012058383,15.480292,0.6168585,0.72783035,0.7283885,0.728687,0.72871345,1
24.0,5.1911736,0.13874166,-2.4660826,-0.01780661,-0.005520001,0.0005624156,-0.009808616,0.007192904,-0.0010379589,0.0015172937464642,-0.0009276631877219,0.0010337574362783,-0.0015438736,-0.00073232705,0.0008960499,15.480292,0.6168585,0.7286731,0.72748446,0.72909725,0.7286272,1
24.1,5.1901665,0.1372968,-2.4664664,-0.01761927,-0.0054402766,0.00027860177,-0.001793251,0.0025513493,0.001606997,0.0013429089252636,-0.0008902260306117,0.0010321403957608,-0.0017207675,0.0009673648,0.00015716578,15.474293,0.6135254,0.7276596,0.7284579,0.72883123,0.72861475,1
24.200000000000003,5.189163,0.13618158,-2.467217,-0.017543389,-0.005505117,0.00018034459,-0.0029232004,0.017750159,-0.0021713783,0.0012847674463766,-0.0009162435884877,0.0009502814129084,-0.00032686486,-0.00047950583,-0.0011562197,15.474293,0.6135254,0.7281463,0.7281314,0.72885257,0.72833997,1
24.3,5.187563,0.13517863,-2.468271,-0.018115243,-0.005733455,-0.00040894715,-0.006632366,0.004884714,0.0035087576,0.0012578854618517,-0.0009270559146076,0.0008809213097665,1.8686344e-05,-0.0016393034,-0.001490028,15.468293,0.6101923,0.7282241,0.7277815,0.7287411,0.7280403,1
24.4,5.185164,0.13435139,-2.469676,-0.019360775,-0.0055657,-0.0006547623,-0.0034160304,0.008507842,0.009351875,0.0012866525889104,-0.0010131512222975,0.0008333540487462,0.0009575093,-0.0024035284,-0.0010081099,15.468293,0.6101923,0.72827995,0.7277124,0.7282906,0.7281683,1
24.5,5.181628,0.13323694,-2.4711354,-0.021313308,-0.005699366,-0.0006758179,0.0008233882,0.005288201,-0.0012652016,0.0012918208039652,-0.001205594304583,0.0007982534630529,-0.0002422333,-0.0028540548,-0.0007582131,15.468293,0.6101923,0.7277513,0.72831005,0.7280387,0.7282968,1
24.6,5.1767697,0.13229573,-2.4726324,-0.023657482,-0.0053791343,-0.0005965568,0.0028865146,0.008953283,0.0031664965,0.001330762696884,-0.0015042774651117,0.000807565040882,-0.00021797058,-0.004732575,-0.00107535,15.462294,0.6068592,0.7280477,0.7280818,0.72838783,0.72793984,1
24.700000000000003,5.171131,0.13199472,-2.4737225,-0.025738826,-0.004432977,-3.4484936e-05,0.006388427,0.0106376335,0.0076992433,0.0013393284076532,-0.0019342381504947,0.0008844788755909,-0.0008544664,-0.0059389384,-0.0012211598,15.456294,0.6035261,0.72838545,0.72801256,0.728628,0.72801083,1
24.8,5.1660824,0.13205619,-2.4742434,-0.026741657,-0.0034157932,0.00026512484,0.01224264,0.009407975,0.005959067,0.0012934933045268,-0.0023676127595512,0.0009855965724909,-0.0010310725,-0.0038552808,-0.0011581685,15.456294,0.6035261,0.72816324,0.728359,0.72829145,0.72864705,1
24.9,5.160692,0.1320024,-2.4746993,-0.027311064,-0.0025117917,0.00036189493,0.0152015975,0.004384126,-0.004729721,0.0011421610756605,-0.0027291200578827,0.0010085452214896,-0.002469028,-0.0032531365,-0.0018448184,15.4502945,0.600193,0.72807175,0.72856086,0.7286206,0.7283761,1
25.0,5.1556325,0.13184589,-2.4748673,-0.027451374,-0.00229697,0.00047918886,0.014181007,0.005653404,-0.0071064564,0.0010156220601686,-0.0029980239730354,0.0010209007793966,0.00014207358,-0.0030467052,-0.0012047604,15.4502945,0.600193,0.72882223,0.7277651,0.7283729,0.7288546,1
25.1,5.1503596,0.13096721,-2.4757755,-0.027118461,-0.0029262786,0.0004579471,0.01884032,-0.0013034586,-0.003634486,0.0009273580008921,-0.0031944560893733,0.0008720040347393,0.0011906284,-0.0017929558,-0.001369676,15.444295,0.59685993,0.72878456,0.72796404,0.7283364,0.7287181,1
25.200000000000003,5.1458488,0.1302697,-2.4764183,-0.026811669,-0.0031315517,0.00056234485,0.021753937,0.011720705,0.010402407,0.0009328180126947,-0.0033282329514256,0.0006605322402925,0.00047589754,-0.0011051259,-0.0022472616,15.444295,0.59685993,0.7284338,0.7286324,0.728453,0.72839576,1
25.3,5.1413016,0.13002922,-2.4769928,-0.025789784,-0.0028669366,0.0005110116,0.026254669,0.009379157,-0.007189344,0.0009998272454052,-0.0033635050823355,0.0004919038106702,0.0017611434,0.0009571698,-0.002177024,15.438295,0.59352684,0.72879785,0.72842485,0.7278016,0.7289223,1
25.4,5.137361,0.13046429,-2.477987,-0.024870064,-0.0022517801,0.0002674492,0.0170238,0.0033898717,-0.0040405425,0.0009992026062906,-0.0033773697978881,0.0004103804708615,0.000107690765,0.0012464306,-0.0017534362,15.438295,0.59352684,0.72852904,0.7285848,0.72797257,0.72853047,1
25.5,5.133878,0.13142098,-2.4795213,-0.02379685,-0.0013830051,0.00021700407,0.016602129,0.005935893,0.0022249294,0.0009460060799676,-0.0033196109736683,0.0004095991609685,-0.002282291,0.0006647359,-0.0016792371,15.438295,0.59352684,0.72825253,0.7287705,0.728456,0.72808754,1
25.6,5.1308155,0.13230656,-2.4812322,-0.022131745,-0.0007214394,-0.0002286577,0.021308001,0.00020940819,0.0013820826,0.000868340652456,-0.0032473598346838,0.0003778303894644,-0.0010375946,0.00056633167,-0.0014384006,15.432296,0.59019375,0.72850674,0.7282911,0.72837377,0.72787094,1
25.700000000000003,5.1281714,0.1326431,-2.4834297,-0.020672437,-0.00091657083,-0.0005500097,0.010549871,0.0034751007,0.0005997717,0.0007518981211938,-0.0031087786109124,0.0003426082502597,-0.0010901047,0.0018807523,-0.0009101844,15.426296,0.58686066,0.7281377,0.72837657,0.7282463,0.7279251,1
25.8,5.1258087,0.13224745,-2.4852495,-0.019514851,-0.0013622292,-0.0008171916,0.016528457,-0.0011351077,0.0075683924,0.000679607024506,-0.0029447175892579,0.0002712696795039,0.0008843704,0.002198275,1.491225e-05,15.426296,0.58686066,0.7282984,0.7279868,0.727784,0.7282192,1
25.9,5.1229444,0.13131988,-2.4869888,-0.019007396,-0.001903527,-0.0006021496,0.015507642,-0.0024358071,0.0012461095,0.000719114231131,-0.00280594983535,0.0002170558192478,0.0014052991,0.00028614927,4.761874e-05,15.420297,0.58352757,0.7285393,0.7278252,0.72797555,0.728198,1
26.0,5.1205215,0.13026549,-2.4888353,-0.018542327,-0.002697469,-0.00046708182,0.016495937,-0.0038004029,0.0027455387,0.0007791210635607,-0.002743468153208,0.0001557780230846,0.0010899665,0.00028861227,-0.000643931,15.420297,0.58352757,0.7281064,0.7283642,0.7280885,0.72807455,1
26.1,5.1184583,0.12891941,-2.491115,-0.01754019,-0.0036764564,-0.0006987731,0.019390883,0.0018681507,0.009730457,0.0009001188977789,-0.0027020885139861,0.0001329458918835,0.0016582723,0.00022213622,0.00020379701,15.414297,0.5801945,0.72822255,0.727997,0.7282155,0.72785383,1
26.200000000000003,5.1170526,0.12767068,-2.4929042,-0.016430058,-0.0038992972,-0.0007202519,0.015501459,0.005441916,0.008252914,0.001055627701418,-0.0026473890086563,0.0001297474807669,0.0012544333,0.0009982373,0.0002719837,15.414297,0.5801945,0.7279143,0.7282308,0.7281074,0.7280069,1
26.3,5.1161265,0.12642954,-2.4948828,-0.015099721,-0.0040285876,-0.0005016548,0.008309278,0.0040697176,0.006849877,0.0011740382492117,-0.0025599632438407,0.0001573742165376,0.0021043543,-0.00023942237,0.0010520177,15.408298,0.5768614,0.72872543,0.7274476,0.7282885,0.7279971,1
26.4,5.116647,0.12542924,-2.4965916,-0.013246453,-0.0038783792,-0.0004536181,0.0037450835,0.0073969266,0.002895016,0.0012364789553637,-0.0024496565923916,0.0001423831169199,0.0006889828,0.0023862673,1.0979296e-05,15.408298,0.5768614,0.7281229,0.7281768,0.7279874,0.7282169,1
26.5,5.118112,0.124560595,-2.4981873,-0.010905771,-0.0035804664,-0.00022811646,0.011253525,0.009218671,0.009028706,0.0012771151337186,-0.0022347229661818,0.0001347404928829,-0.00013569632,0.003785434,-0.0001464248,15.408298,0.5768614,0.72808856,0.72835106,0.72816813,0.72813654,1
26.6,5.119757,0.12376324,-2.500152,-0.009050274,-0.0030623956,-0.00020694398,1.2141753e-05,0.0107129915,0.005956273,0.0012901745476968,-0.0019436080638135,0.0001883159481273,0.0002408298,0.0035114887,-0.00037473947,15.402298,0.5735283,0.72822654,0.7280817,0.7282864,0.7281637,1
26.700000000000003,5.120798,0.12399268,-2.5017967,-0.008017072,-0.0014694256,-0.00046827618,0.00821663,0.0055318708,0.0025145707,0.0012364147503359,-0.0016427201011637,0.0002632246282429,-0.00059557095,0.0027243278,-0.0012076407,15.396298,0.5701952,0.72829854,0.7278658,0.7279276,0.72836167,1
26.8,5.121284,0.124656945,-2.5033803,-0.007821005,-1.9228668e-05,-0.00033317786,-0.0006641521,0.0017041985,0.011008232,0.0010557516181003,-0.0014365030778928,0.0003519316652238,-0.002314974,0.000408337,-0.00062721333,15.396298,0.5701952,0.7282546,0.7279466,0.7282786,0.7280852,1
26.9,5.12206,0.12579365,-2.5053928,-0.0071225716,0.0013858642,-0.00019401559,0.0005189799,0.0028988146,0.008542555,0.0008372461163271,-0.0013245701549923,0.0004337820004179,-0.0020969878,0.0025362126,1.9537409e-05,15.390299,0.5668621,0.72788846,0.72830415,0.72776556,0.7287272,1
27.0,5.1226754,0.12729342,-2.5072675,-0.0067023193,0.0025320654,-0.0001819079,0.002807445,-0.004308955,0.0056503336,0.0006124741155496,-0.0012680073340991,0.0005084223412101,-0.0037515117,0.00047172292,-0.00054586964,15.390299,0.5668621,0.7279816,0.7281645,0.72858524,0.7279812,1
27.1,5.1228595,0.12861131,-2.5093527,-0.0064248815,0.0039399737,-0.015731346,-0.0022285643,0.0473494,-0.25879124,0.0091375092949977,-0.0012116975744371,0.0005619358807062,0.33445072,0.00083204336,-0.0006813611,15.384299,0.563529,0.72291124,0.74993503,0.7498597,0.72357404,1
27.200000000000003,5.12235,0.13041423,-2.5131435,-0.006486429,0.034780655,-0.03288458,0.0028380437,0.5638772,-0.07357029,0.064860957344634,-0.0012200026069886,0.0005762729715107,0.5867105,-0.0006924535,-0.0016426395,15.384299,0.563529,0.7369544,0.72110885,0.721639,0.73703724,1
27.3,5.121227,0.13864322,-2.518478,-0.0069225184,0.12360149,-0.031150142,0.0065528536,1.049976,0.07762387,0.1111297848006743,-0.001252364022359,0.0005473485724517,0.3436872,-0.0017474792,-0.0009139564,15.3783,0.5601959,0.73399234,0.7189548,0.7196159,0.7337275,1
27.4,5.1197324,0.15741575,-2.5227218,-0.007823913,0.2370088,-0.021396194,-0.0021685641,1.240187,0.11567818,0.1319109879773935,-0.0013378239175496,0.0005935892966668,0.107827805,-0.0016667414,-0.0013363083,15.3783,0.5601959,0.7315028,0.72164595,0.7220554,0.73148674,1
27.5,5.1176243,0.19002427,-2.525586,-0.009191202,0.36143914,-0.010753632,0.007762426,1.2741144,0.10670116,0.1338547611548023,-0.0014957987408247,0.0008389870502443,-0.042249795,-0.0034628105,-0.0012677733,15.3783,0.5601959,0.7297313,0.72552097,0.7261012,0.7295318,1
27.6,5.1156015,0.24122262,-2.5269313,-0.010449439,0.4940697,-0.0020116235,-0.00094522326,1.1752199,0.06594229,0.1248344559175958,-0.0017265147406785,0.0012467052841464,-0.12229507,-0.00394163,-0.0016314206,15.3723,0.55686283,0.729464,0.72743255,0.7284424,0.72959477,1
27.700000000000003,5.114334,0.30744892,-2.5270343,-0.010471364,0.61465985,0.0033046016,0.0031118218,1.0192801,0.030837951,0.1105566124140778,-0.0020174530785841,0.0014669536633393,-0.15600446,-0.0030253557,-0.0023069312,15.366301,0.55352974,0.7283786,0.7295247,0.7305979,0.72867364,1
27.8,5.113457,0.37982687,-2.526123,-0.010047402,0.71123326,0.005918904,0.0044533885,0.85600346,0.0062417234,0.0946202272998317,-0.0022250998390409,0.0015165454678966,-0.1623235,-0.0020849088,-0.0021466063,15.366301,0.55352974,0.7281166,0.7302317,0.73173934,0.7281243,1
27.9,5.1129155,0.46759042,-2.5240595,-0.0088970605,0.7982661,0.0074461224,0.0033066142,0.6899253,0.004830304,0.0790878177585434,-0.0022934248590689,0.0013426140751058,-0.1513495,-0.00063074,-0.0034248538,15.360301,0.55019665,0.7278658,0.7309227,0.73241913,0.72749424,1
28.0,5.11362,0.555224,-2.5218155,-0.0066608144,0.86319697,0.007270924,0.017628266,0.54787385,-0.020084435,0.0651407408637583,-0.0023053510525402,0.0008406328831554,-0.13201785,0.00011485246,-0.002990616,15.360301,0.55019665,0.7281898,0.7306236,0.73205954,0.7271597,1
28.1,5.11563,0.65502465,-2.519365,-0.0030694425,0.9179745,0.0069734054,0.012280266,0.4175109,-0.011727213,0.053207794097247,-0.002076424821432,8.599688424564798e-07,-0.11104215,0.003757137,-0.0035278688,15.354301,0.54686356,0.72756946,0.73164487,0.73206663,0.7262479,1
28.200000000000003,5.1190147,0.74992937,-2.5172772,0.0009373154,0.9562966,0.006028781,-0.002323275,0.3232469,-0.015690455,0.043414790600927,-0.0016381042775364,-0.0011739980180384,-0.088300586,0.0061539044,-0.0028801379,15.354301,0.54686356,0.72784525,0.73163897,0.73115355,0.72576004,1
28.3,5.1239595,0.85423785,-2.5151834,0.0054314733,0.9869721,0.0055175796,-0.0022863608,0.23692885,-0.0042533497,0.0356726796529218,-0.0010084103714379,-0.0025061377472286,-0.06921479,0.007222582,-0.0009922549,15.348302,0.54353046,0.728313,0.73200995,0.7307435,0.724818,1
28.4,5.1293335,0.9505342,-2.513195,0.009239775,1.0062566,0.005026528,0.0004197703,0.1716128,-0.013197306,0.0297248936922601,-0.0002696478217524,-0.003687576446214,-0.051121272,0.008511129,0.0010170336,15.348302,0.54353046,0.7286088,0.73246974,0.72992027,0.72453046,1
28.5,5.1348777,1.0465027,-2.511511,0.011828335,1.019337,0.0046326383,-0.008114708,0.12974036,-0.013233627,0.0253555084936336,0.0004781191894972,-0.0044666020657454,-0.035590786,0.0075810296,0.0037269199,15.348302,0.54353046,0.7290569,0.73236424,0.72943616,0.72441375,1
28.6,5.1410217,1.1503092,-2.5103536,0.013821367,1.0286434,0.0037302827,-0.020885654,0.10620105,-0.006021,0.0223319828411039,0.0011184766407312,-0.0047792926864028,-0.023735765,0.0069800247,0.006179123,15.342302,0.5401974,0.72856843,0.7322552,0.7290464,0.7245508,1
28.700000000000003,5.1472373,1.2538546,-2.5095532,0.014828316,1.0346307,0.0029774422,-0.023499371,0.08689474,-0.007706694,0.0202324740176849,0.0016085522053019,-0.0046775953690568,-0.015984226,0.0051875575,0.009755317,15.336303,0.5368633,0.72832245,0.7315574,0.7293922,0.7244998,1
28.8,5.1530414,1.3489369,-2.5091321,0.015255566,1.0376577,0.002926469,-0.0325072,0.06255909,0.0015585682,0.0188110525409809,0.0019327524232871,-0.0043047396482725,-0.0107437605,0.0036976836,0.010483883,15.336303,0.5368633,0.7279036,0.73117375,0.7297839,0.72494304,1
28.9,5.158877,1.4514378,-2.5089936,0.014811821,1.039453,0.0025868237,-0.026507342,0.05678482,-0.0021546145,0.017889014062551,0.0021357287094372,-0.0036007051366964,-0.00597788,0.0013195233,0.0118459165,15.330303,0.5335312,0.72758394,0.73026544,0.7303427,0.72540194,1
29.0,5.1635804,1.5460477,-2.5097346,0.013880652,1.0404869,0.001985648,-0.0277892,0.04847576,-0.006712507,0.0173322340132058,0.0022115092104053,-0.00268401199249,-0.0035344737,0.00028464705,0.011425359,15.330303,0.5335312,0.72697985,0.7295191,0.73049676,0.7259731,1
29.1,5.1682878,1.6485199,-2.5109959,0.012575661,1.0412316,0.001628609,-0.030309455,0.044400968,0.0071967947,0.016957668258406,0.0022090651889007,-0.0016671306902731,-0.0011514918,-0.0005666566,0.01073412,15.324304,0.53019714,0.7264579,0.7287486,0.730882,0.7265349,1
29.200000000000003,5.1724353,1.7437747,-2.5119963,0.0112889735,1.0421814,0.0016328102,-0.027777845,0.041847993,0.0054403204,0.0166811763119398,0.0020890451957404,-0.0007990013614779,-0.0022218167,-0.0009623042,0.008997759,15.324304,0.53019714,0.72584885,0.7287138,0.7314616,0.7266919,1
29.3,5.176815,1.8474722,-2.5127587,0.010217326,1.0432831,0.001936613,-0.034646194,0.038134847,0.003263354,0.016428796415738,0.0019235384891119,-8.212402194051759e-05,-0.0026400783,-0.0009920244,0.0081303865,15.318304,0.526865,0.7256995,0.72852796,0.7319111,0.7269867,1
29.4,5.180916,1.9430945,-2.512391,0.009782085,1.0438247,0.002460645,-0.022608403,0.039955825,-0.0012917443,0.0161146191508487,0.001756015283744,0.0003803412458127,-0.0034532503,-0.0016299031,0.005586519,15.318304,0.526865,0.72578937,0.72875017,0.7325561,0.72680473,1
29.5,5.184783,2.0380936,-2.511792,0.009177966,1.0429995,0.0025936752,-0.021405885,0.026979765,0.0017387791,0.0158367261167175,0.0016997946825503,0.0006414276362563,-0.0013896658,6.795497e-05,0.0038879127,15.318304,0.526865,0.7259772,0.728915,0.7320967,0.7272217,1
29.6,5.1882887,2.140474,-2.5113652,0.008098163,1.0415657,0.002785667,-0.022754624,0.028176792,-0.0048726792,0.0157053573588959,0.0016307454346949,0.0007665648802002,-0.00011001741,-0.0005992339,0.0012099341,15.3123045,0.52353096,0.7261695,0.72934264,0.7321994,0.72689956,1
29.700000000000003,5.191071,2.2427468,-2.511137,0.006436925,1.0399514,0.0025748238,-0.023463853,0.028438857,-0.0062715258,0.0156958666962096,0.0015293842319266,0.0008059029691052,0.0016223253,-0.00076419744,0.0005955605,15.306305,0.5201988,0.7266073,0.7293428,0.7316531,0.7269511,1
29.8,5.193602,2.337349,-2.5111933,0.0054635145,1.0390085,0.0023979717,-0.020507377,0.029585239,0.0047776843,0.015783434185751,0.0013665429064066,0.0007640551342208,0.0028460026,-0.0018138828,-0.0014999685,15.306305,0.5201988,0.7271251,0.72912043,0.7313866,0.72682804,1
29.9,5.1966424,2.4400127,-2.5114431,0.0047523887,1.0381021,0.0020265987,-0.018706322,0.029556,-0.006292015,0.0158617099477814,0.0011994145410503,0.00060319912289,0.0014905614,-0.0019309472,-0.0013976678,15.300305,0.5168648,0.72724396,0.7293847,0.7314735,0.7260917,1
30.0,5.19959,2.5353022,-2.51191,0.004748991,1.0377444,0.001784527,-0.02212427,0.022938212,-0.0045010815,0.0159038172996031,0.0010558985699487,0.0003713660799885,0.00037311867,-0.001064831,-0.0016517662,15.300305,0.5168648,0.72722125,0.7297851,0.7311565,0.72581214,1
30.1,5.202558,2.6389723,-2.5124216,0.004828233,1.0376728,0.0012409216,-0.013482639,0.028405126,-0.012118368,0.0159191743212542,0.0010123731658009,0.0001974698596427,-4.086105e-06,0.00062135694,-0.0016892708,15.3,0.51382256,0.7270361,0.7299155,0.73055434,0.7260375,1
30.200000000000003,5.204476,2.735631,-2.512856,0.0041868635,1.0384597,0.0010585971,-0.015955497,0.031226756,0.005325302,0.01587722145634,0.0010261121361468,5.052401069475376e-05,-0.00049819995,-0.00053781486,-0.00030715665,15.3,0.51382256,0.72734624,0.72963053,0.7306917,0.72557366,1
30.3,5.205513,2.8414152,-2.5135028,0.0030468733,1.0398452,0.0007612548,-0.024218714,0.025807122,0.0022840684,0.0156733852679158,0.001023974697425,-7.38877558563724e-05,-0.002100903,-1.9976527e-05,-0.0018789378,15.3,0.51132774,0.7270898,0.7298841,0.7301138,0.7258614,1
30.4,5.205537,2.939433,-2.5142326,0.0011897564,1.0409658,0.00049921795,-0.011448875,0.022965591,0.0011743977,0.0153793203475099,0.0009168268294872,-0.0001362406331384,-0.0035971948,-0.003100439,-5.239717e-05,15.3,0.51132774,0.72729325,0.7295097,0.7306491,0.7251847,1
30.5,5.204839,3.03729,-2.515324,-0.0005346213,1.0412228,7.231915e-05,-0.013023872,0.012014337,0.0016391276,0.0150329821161653,0.0006755878375543,-0.0001498610897504,-0.0031647335,-0.0024071783,-0.0007870055,15.3,0.51132774,0.7265827,0.7299246,0.730205,0.72543424,1
30.6,5.203977,3.1435196,-2.5164351,-0.0022012617,1.0412405,0.00016569861,-0.006517697,0.019178245,0.009926035,0.0147679246880395,0.000402092508762,-0.0001217550304811,-0.0011610031,-0.0028908849,-0.00028148634,15.3,0.50928307,0.7270327,0.7294143,0.73019403,0.7256116,1
30.700000000000003,5.2035747,3.2506626,-2.5171003,-0.003138645,1.0417811,0.00016557303,-0.004988906,0.0074557243,-0.0014095566,0.0145939146116173,0.0001367782888369,-0.0001073269980802,-0.0017030485,-0.003034122,-1.7336111e-05,15.3,0.5076084,0.7270364,0.72940665,0.7305778,0.72527945,1
30.8,5.2039165,3.3503482,-2.5173438,-0.0028009587,1.0427794,0.00056708325,-0.006967424,0.0104532,0.011244322,0.0143936774627795,-6.962349673874463e-05,-4.583445300573955e-05,-0.002926754,-0.0012551915,-9.640363e-05,15.3,0.5076084,0.7269169,0.72960174,0.7307089,0.72549623,1
30.9,5.2053046,3.4589796,-2.5172448,-0.0014927492,1.044183,0.00091039564,0.0018660604,0.014563247,0.004849862,0.0141461169365893,-0.0001652105965374,5.927523369318728e-05,-0.0028011505,-4.0471474e-05,-0.00018676862,15.3,0.5062361,0.72723365,0.7293135,0.73078966,0.7257799,1
31.0,5.2068233,3.5594406,-2.5167403,-0.0002569216,1.0451477,0.00088235945,-0.001149974,0.006871094,-0.006302725,0.0137882592155491,-7.874329841160428e-05,0.0001719822641059,-0.0035353515,0.0019819709,0.00093164656,15.3,0.5062361,0.7269559,0.7295127,0.73075986,0.7259393,1
31.1,5.208157,3.668394,-2.516427,0.00078989245,1.0458859,0.001127478,0.00016593037,-0.0006844347,-0.00065658236,0.0134411514389658,0.0001167935496939,0.0002282048022188,-0.003544891,0.002666355,-0.0014135725,15.3,0.5051117,0.72693914,0.7296949,0.73076457,0.72610456,1
31.200000000000003,5.208663,3.7689602,-2.5162032,0.00078529527,1.0462633,0.0012378936,-0.0085630035,-0.010101975,-0.009065027,0.0131262092538466,0.0003130136890053,0.0002479932853034,-0.0030840714,0.0014816641,-0.0005950498,15.3,0.5051117,0.7270397,0.7296804,0.7310009,0.7259824,1
31.3,5.2079024,3.8775218,-2.5163286,-0.0005405462,1.0457348,0.0011014487,-0.0065869093,-0.0010340227,-0.006029382,0.0128605503118581,0.0004313190242039,0.0002104875385673,-0.0016343062,0.0010130164,0.00045775235,15.3,0.5041895,0.7267157,0.72996783,0.73053414,0.7264429,1
31.4,5.206621,3.9771848,-2.5163643,-0.0018939624,1.0451207,0.0009886896,-0.003899164,-0.00789215,-0.0063162292,0.0126681159394541,0.0003461922065927,0.0001215827765193,-0.0010379959,-0.0027663982,-0.0015392116,15.3,0.5041895,0.7272959,0.72947097,0.7309895,0.7257828,1
31.5,5.2055697,4.076359,-2.5164955,-0.0028120743,1.0437517,0.000886848,-0.008230479,-0.0026733612,-0.0015357508,0.0125347692338049,0.0001569755762425,5.8403349509797226e-05,0.00044804867,-0.0035700072,0.00014674247,15.3,0.5041895,0.7275389,0.7293001,0.7312043,0.72543633,1
31.6,5.2046084,4.18342,-2.5166292,-0.003345769,1.0419761,0.00079520326,0.0008535845,-0.008732211,-0.0044093463,0.0125270122726807,-3.681325416779159e-05,5.6884718251204646e-05,0.00039946995,-0.0020537304,-0.00028607357,15.3,0.5034332,0.72727686,0.7295367,0.73091835,0.72569925,1
31.700000000000003,5.2036843,4.2901254,-2.5168114,-0.0035724025,1.0402343,0.00059215253,0.0010518398,-0.0058513684,0.0015418044,0.0126224931595757,-0.0001604499980815,5.143412080504382e-05,0.0015552219,-0.0007073986,-0.00079926447,15.3,0.50281334,0.72699827,0.7297664,0.73095465,0.7255142,1
31.8,5.202894,4.388868,-2.5170414,-0.0034532389,1.0392578,0.0005628448,0.008104478,-0.0050008674,-0.006899237,0.0127422607267882,-0.0002340609741022,7.594920338234032e-05,0.0018303619,-0.00025367195,-3.384935e-05,15.3,0.50281334,0.7273641,0.7293189,0.7306981,0.7258533,1
31.9,5.201579,4.496004,-2.517824,-0.0037317863,1.0384504,1.6875838e-05,0.006913419,-0.0010376824,0.0041271555,0.0128211155228362,-0.0002684873087357,7.860768512375026e-05,-2.305484e-05,-0.00068261387,-0.00047479043,15.3,0.5023041,0.72686297,0.7294044,0.7309569,0.72540104,1
32.0,5.199535,4.5946665,-2.518536,-0.0050198617,1.0378014,-0.00010631673,0.0058877207,-0.005068468,0.0003208406,0.0128513099957063,-0.000276189921378,-4.155190310797611e-05,0.0013282114,-0.0019642278,-0.0011559103,15.3,0.5023041,0.72729135,0.7290187,0.7305139,0.72563213,1
32.1,5.1966343,4.701149,-2.5197515,-0.0066058617,1.0365087,-0.011833338,0.0129651055,-0.026608933,-0.24377275,0.0068657545271388,-0.0004197314925618,-0.0002509857891751,-0.26492625,-0.0026356343,-0.0010307105,15.3,0.5023041,0.75386167,0.7182158,0.7190607,0.7524882,1
32.2,5.193374,4.798599,-2.522447,-0.00841903,1.0094856,-0.028211972,0.009448224,-0.5344745,-0.08215568,-0.0471965241004779,-0.0006438717812974,-0.0004927224585864,-0.59718525,-0.0042705243,0.00017560988,15.3,0.5018883,0.7214318,0.73733443,0.7382176,0.7195442,1
32.300000000000004,5.189299,4.8982058,-2.5257583,-0.010271148,0.9231468,-0.02652621,0.006216666,-1.0276347,0.07244944,-0.0956627292618376,-0.0009540670248341,-0.0006427254025774,-0.3685411,-0.0043029217,0.00057519117,15.3,0.5015478,0.7179246,0.7361238,0.73688805,0.7161225,1
32.4,5.185585,4.9791503,-2.52659,-0.011429538,0.8096377,-0.01650147,0.009042952,-1.2496178,0.10650418,-0.1184062850220853,-0.0012780815917041,-0.0006738291184646,-0.12319323,-0.0031975515,0.0005345697,15.3,0.5015478,0.7208771,0.73395246,0.73429847,0.7196063,1
32.5,5.181868,5.0462513,-2.5253687,-0.011926336,0.6838928,-0.006196482,0.016146222,-1.2875105,0.084417865,-0.1214677355648108,-0.0015136219146937,-0.000593724613618,0.03553111,-0.0029053383,0.0014575539,15.3,0.5015478,0.72524256,0.73181754,0.73271334,0.7236453,1
32.6,5.177691,5.1025367,-2.522192,-0.012247514,0.5486376,0.0021507542,0.012428821,-1.1931466,0.053365245,-0.1128953076033682,-0.0016762885825002,-0.0004191163034049,0.12131277,-0.00026624772,0.0017698522,15.3,0.5012684,0.7271176,0.7320114,0.7322476,0.726488,1
32.7,5.1730814,5.143678,-2.517839,-0.012753978,0.42555428,0.0070466604,0.012885553,-1.0438643,0.024592502,-0.0985995507927345,-0.0017823872660922,-0.0002818707260155,0.15768161,-0.001488058,0.0015536217,15.3,0.5010395,0.7295918,0.73056024,0.7317991,0.72841704,1
32.800000000000004,5.16785,5.17053,-2.513498,-0.0137776295,0.32733244,0.008900816,0.013628828,-0.88440865,-4.796311e-05,-0.0824712662571523,-0.0018593959805848,-0.0003690532252106,0.16345938,-0.00060954824,0.00043484592,15.3,0.5010395,0.7299315,0.73061,0.7313288,0.7293741,1
32.9,5.161257,5.1892076,-2.5088184,-0.015857598,0.24475047,0.0089329,0.017903216,-0.7238072,-0.018188262,-0.0667791878549383,-0.0019682001416744,-0.0008318556748641,0.15288305,-0.002645104,0.0015479425,15.3,0.5010395,0.73098785,0.72942346,0.73026204,0.72994304,1
33.0,5.1525073,5.202382,-2.5043907,-0.019351635,0.17264022,0.008128896,0.0154097825,-0.5613452,-0.025878193,-0.0526610601567697,-0.0022395841976659,-0.0017743821514721,0.13313442,-0.0047077597,0.0010587835,15.3,0.5008526,0.73072267,0.7297641,0.72955644,0.72943306,1
33.1,5.1428847,5.2103944,-2.5003026,-0.022819081,0.11684943,0.0070203724,0.027079232,-0.43438026,-0.027535016,-0.0406552101162104,-0.0027028523140728,-0.0029487563601414,0.11105384,-0.0057209386,0.0024244175,15.3,0.5008526,0.73105013,0.72996426,0.7282305,0.729175,1
33.2,5.133401,5.21477,-2.4962604,-0.025705868,0.07740839,0.006268586,0.029786866,-0.32473668,-0.021443235,-0.0308650731038882,-0.0033002564429774,-0.0040446484900837,0.088900685,-0.007330896,0.0038003519,15.3,0.50069904,0.731515,0.7299637,0.7279776,0.72810525,1
33.300000000000004,5.122773,5.2169943,-2.4925594,-0.028092284,0.04503827,0.0053958655,0.04230087,-0.2568873,-0.0143907955,-0.0231077855898719,-0.003942196507432,-0.0048885482688981,0.068279006,-0.0081972955,0.0059024454,15.3,0.5005722,0.7315157,0.7302299,0.72772217,0.72734296,1
33.4,5.112656,5.218034,-2.4896207,-0.029908186,0.02327121,0.0047896416,0.040256944,-0.18796423,-0.01220079,-0.017048302142748,-0.0045111778965919,-0.0054088774412689,0.05351452,-0.00634171,0.008663117,15.3,0.5005722,0.7313668,0.73020524,0.72728515,0.72744477,1
33.5,5.101652,5.2187877,-2.4875274,-0.03195785,0.0077455286,0.004040723,0.042822104,-0.142408,-0.014747492,-0.0125073493966832,-0.0049803465298615,-0.0057829338350149,0.03900728,-0.006211314,0.010902714,15.3,0.5005722,0.7310405,0.7299944,0.72719395,0.727427,1
33.6,5.088606,5.2198324,-2.4853683,-0.03455587,-0.0039230287,0.0033833554,0.048344072,-0.1056835,-0.009097624,-0.0091589016304964,-0.0054270175529693,-0.0061413786551644,0.027597077,-0.0070332624,0.012307901,15.3,0.50047016,0.7305651,0.72994983,0.72748196,0.72710776,1
33.7,5.0754766,5.221854,-2.4834354,-0.035972346,-0.011063487,0.003056613,0.05770127,-0.08180868,-0.007131602,-0.0067699820211616,-0.0059385400527566,-0.0062199687972773,0.018946609,-0.006474396,0.014272924,15.3,0.5003853,0.7303361,0.7296775,0.72749746,0.7274252,1
33.800000000000004,5.063528,5.2247276,-2.482476,-0.03693767,-0.014486663,0.0023774924,0.058943592,-0.06498893,-0.0035045666,-0.0051776379244977,-0.0063836034354196,-0.0059164843849386,0.01029767,-0.005566877,0.016522797,15.3,0.5003853,0.72968656,0.72933775,0.7281125,0.72713095,1
33.9,5.051481,5.2279687,-2.4824045,-0.03750402,-0.01677631,0.0019261907,0.06201889,-0.05338733,0.0057537104,-0.0041786808497757,-0.0067562940007932,-0.0053661530215606,0.0062041287,-0.0051338817,0.016460806,15.3,0.5003853,0.72918046,0.72876513,0.72841704,0.72749436,1
34.0,5.038799,5.231726,-2.4824913,-0.037384238,-0.018464535,0.0015070467,0.06279692,-0.050578535,-0.002949964,-0.0035937184482304,-0.0070767347532349,-0.004695308470811,0.0051331786,-0.004928394,0.016862314,15.3,0.50031567,0.72917104,0.72786653,0.72836626,0.7280662,1
34.1,5.0266123,5.2362432,-2.4824255,-0.036896937,-0.019014994,0.0012849751,0.07310615,-0.04877554,-0.0015003606,-0.0031788976883456,-0.0072765291841101,-0.0038407669551595,0.0033215466,-0.0023892436,0.016356055,15.3,0.50031567,0.7281304,0.72787756,0.72859377,0.7287329,1
34.2,5.016666,5.2409134,-2.4828908,-0.034877315,-0.01878847,0.00094545225,0.06643625,-0.036016542,0.0042566094,-0.0029618171511293,-0.0074317677451022,-0.0028447806477047,0.0007648754,-0.0011398726,0.014511539,15.3,0.50025845,0.72777736,0.7272488,0.72903365,0.7288845,1
34.300000000000004,5.0073595,5.2469554,-2.483595,-0.03153105,-0.017763866,0.00070810737,0.06607957,-0.037777808,0.00049313525,-0.0028720052416685,-0.0073549229113432,-0.001783187121009,-0.0005416051,0.0005363937,0.013394938,15.3,0.50021267,0.72760135,0.7266887,0.7295439,0.7289046,1
34.4,5.000317,5.253139,-2.4841814,-0.027969627,-0.016256778,0.0009329254,0.06043158,-0.03880617,0.006364658,-0.0029130767032132,-0.0071062012834092,-0.0007302463233857,-0.0010831247,0.0031124435,0.00983225,15.3,0.50021267,0.72733176,0.72653353,0.72937244,0.7297693,1
34.5,4.9950814,5.2592673,-2.4845364,-0.023637444,-0.014961954,0.00088858145,0.058849055,-0.038949057,-0.007206108,-0.0030782433350771,-0.0067183833655567,0.0002166706712576,-0.00371485,0.0053111403,0.0077847927,15.3,0.50021267,0.7265295,0.7270142,0.7299411,0.72951245,1
34.6,4.9908223,5.265725,-2.4847016,-0.018798657,-0.014126417,0.0010752194,0.06051556,-0.03890659,0.0042328606,-0.0032711198304466,-0.0061639430018034,0.0009852233584987,-0.0021233356,0.006151158,0.0056837,15.3,0.5001745,0.72702664,0.72646886,0.7299701,0.72980154,1
34.7,4.9867187,5.2719164,-2.4848676,-0.015151542,-0.013749564,0.0011858379,0.044175137,-0.046577908,0.003583729,-0.0034236705861337,-0.005510722627046,0.0014323356487684,-0.0015678004,0.0077741384,0.0023297304,15.3,0.5001421,0.72661334,0.72706634,0.7295503,0.7302086,1
34.800000000000004,4.98279,5.2772913,-2.4850218,-0.012847229,-0.013856679,0.001096856,0.038512126,-0.048148952,-0.0009653158,-0.0034942624870952,-0.0048845354677639,0.0015391245278421,-0.0008292477,0.0055362014,0.00045108658,15.3,0.5001421,0.72700906,0.72709835,0.7296951,0.7296146,1
34.9,4.979047,5.2819514,-2.4854913,-0.011051494,-0.014294725,0.00069436035,0.035394404,-0.050250467,0.0017313285,-0.003535280358471,-0.004443561927091,0.0013316528765416,-0.0015664529,0.0035966001,-0.0016545737,15.3,0.5001421,0.7271491,0.727576,0.72929054,0.7289713,1
35.0,4.9753666,5.285858,-2.4862218,-0.0095875235,-0.015880104,0.00062359683,0.026279641,-0.04203475,-0.006493646,-0.0034602527569483,-0.004113011181734,0.0009632011594074,0.00090049376,0.002645085,-0.0029418794,15.3,0.50011826,0.72758013,0.7279659,0.72872716,0.7286697,1
35.1,4.972115,5.2890587,-2.4867916,-0.008195187,-0.017058155,0.0005521624,0.024977837,-0.03797861,0.005614012,-0.003292209024951,-0.0038814424365008,0.0005696601077928,0.0016620192,0.001996147,-0.0034511015,15.3,0.50011826,0.7280152,0.7281965,0.72833836,0.7283106,1
35.2,4.969169,5.2918825,-2.4871988,-0.007245782,-0.018270357,0.001048186,0.022445966,-0.046596438,0.0078058797,-0.0030226651764632,-0.0036832795121211,0.0001804809241539,0.0022097263,0.0018273428,-0.0033517242,15.3,0.5000963,0.72844243,0.72867095,0.7281074,0.7282974,1
35.300000000000004,4.965874,5.2945604,-2.4876947,-0.006615555,-0.019144243,0.000910965,0.019267758,-0.035948824,0.0052182,-0.0027561567269195,-0.0035169214036377,-0.0001676551892426,0.002805774,9.269329e-06,-0.0018324599,15.3,0.50007725,0.72910297,0.7283751,0.7280692,0.72784626,1
35.4,4.962953,5.297376,-2.4881897,-0.0060028294,-0.01930547,0.0006552552,0.02249977,-0.034278885,-0.0045918855,-0.0025111729134331,-0.003399464537139,-0.0004262425030982,0.002124964,-0.00019500693,-0.0016361396,15.3,0.50007725,0.72921324,0.7283653,0.72779876,0.72778064,1
35.5,4.9599485,5.3003893,-2.4881191,-0.005650205,-0.019014956,0.00087995897,0.021152902,-0.03151582,-0.0020079312,-0.0023202740590632,-0.0033332715634906,-0.0006016260945774,9.597433e-05,-0.00044466127,-0.0013614919,15.3,0.50007725,0.728866,0.7289419,0.72800434,0.72765374,1
35.6,4.9562464,5.302824,-2.4872026,-0.0055872747,-0.019286172,0.001139573,0.020678146,-0.032654203,-0.0033965332,-0.0022688733500775,-0.0032599840446454,-0.0006697849099288,-0.0008039807,-0.0010127476,0.00082393247,15.3,0.50006676,0.729103,0.72874886,0.7284441,0.7275355,1
35.7,4.9524555,5.303738,-2.4857998,-0.0056790905,-0.020593068,0.0016308994,0.0199751,-0.028008986,-0.00065797934,-0.0022088376456813,-0.003237317965772,-0.0006623914821299,0.0012009862,-0.00032932058,0.00049706677,15.3,0.50005627,0.72888374,0.72901046,0.72810346,0.72842675,1
35.800000000000004,4.949548,5.3038087,-2.484488,-0.0055039986,-0.021795101,0.0016732006,0.016669817,-0.020434665,-0.009819864,-0.002031044850074,-0.0032946284354191,-0.0006213732801022,0.0015452048,-0.0007470739,0.0008230207,15.3,0.50005627,0.7286124,0.72922087,0.7285524,0.72825235,1
35.9,4.947052,5.3031564,-2.4837723,-0.004895019,-0.023590539,0.0014224526,0.019342681,-0.020622605,0.0017723067,-0.0017827335276969,-0.0033025874449171,-0.0005081502018201,0.0025522758,-3.5508565e-05,0.0011741911,15.3,0.50005627,0.7286404,0.7287783,0.7286021,0.7284022,1
36.0,4.9443283,5.3020153,-2.4833808,-0.0043383976,-0.025143253,0.0012150113,0.014882401,-0.017835932,0.0011241062,-0.0014405613226669,-0.0032574784375662,-0.0004099770393676,0.0042609475,0.00024777275,0.0006845442,15.3,0.5000458,0.7286977,0.72855824,0.7284252,0.7285833,1
36.1,4.941839,5.3007216,-2.4830315,-0.0038662245,-0.026142469,0.0008605511,0.017028503,-0.0074779866,-0.0046025957,-0.0011081589155277,-0.0032058262458228,-0.0002712527741741,0.0023524745,0.0002765027,0.0012992363,15.3,0.5000458,0.72819203,0.7287143,0.7285596,0.728464,1
36.2,4.9396253,5.299162,-2.4823933,-0.003753192,-0.02700804,0.0007423351,0.01779474,-0.01232035,-0.0042798924,-0.0007814312562737,-0.0031257603393322,-9.170111001758388e-05,0.0032128203,-0.00056986616,0.0016998393,15.3,0.5000353,0.7285329,0.72806394,0.72864866,0.7285664,1
36.3,4.9375095,5.297353,-2.4825478,-0.0035471537,-0.027552854,0.0005092239,0.020196958,-0.009753939,-0.0063697803,-0.0005188517214245,-0.0030987702080096,3.022820104609767e-05,0.002549107,-0.00040342074,0.0018562938,15.3,0.5000267,0.7282657,0.7282601,0.7285953,0.7285299,1
36.4,4.936395,5.2961135,-2.483565,-0.0027562992,-0.027345426,0.00037332845,0.021046303,-6.1253327e-06,0.0017806886,-0.000288449587589,-0.0030782436228664,0.0001499458298262,0.0026591562,-0.00049466064,0.0001910314,15.3,0.5000267,0.7285962,0.72772753,0.72842425,0.7286925,1
36.5,4.93675,5.294782,-2.485256,-0.00092292234,-0.026784388,5.4399738e-05,0.014747509,-0.003599739,0.0037448478,-0.0001576968086009,-0.0030312156845907,0.0001733021757848,0.0011555455,0.001610784,-9.866972e-05,15.3,0.5000267,0.7282915,0.7279283,0.7282859,0.7285664,1
36.6,4.9388323,5.2934747,-2.4870713,0.0017637302,-0.026318217,-0.0001513104,0.012492709,-0.010146153,0.0003292225,-0.000114535347271,-0.0028661329061573,0.0001137423428206,-3.6388137e-05,0.0021620204,-0.00067455706,15.3,0.5000267,0.7283225,0.72791624,0.72869545,0.7278928,1
36.7,4.94167,5.292772,-2.488784,0.0046101934,-0.025259746,-0.0003294058,0.007136374,-0.0067836177,0.0071502286,-5.423486746393011e-05,-0.0025334872627797,6.188968770607392e-05,0.00040303814,0.005383119,-0.00026554434,15.3,0.5000267,0.72798765,0.7281556,0.72782147,0.7286029,1
36.8,4.944262,5.2923803,-2.489936,0.006460513,-0.024321632,-0.0002438032,0.007172945,0.00049002195,0.0015445984,-7.64058997660918e-05,-0.0020987892058286,1.803111477986062e-05,-0.0012898231,0.0052657756,0.00040972864,15.3,0.5000267,0.72783124,0.7284329,0.7280843,0.7283293,1
36.9,4.946652,5.2920847,-2.4912655,0.007911585,-0.023145385,-0.0003469224,0.011430737,-0.00929545,0.0016544944,-0.000136259725473,-0.0017065493502118,-7.091536277490528e-07,-0.001320202,0.0037202195,-0.00028672253,15.3,0.5000267,0.72800714,0.72822326,0.72801113,0.7282994,1
37.0,4.949137,5.2922964,-2.492839,0.008871358,-0.021632012,-0.00018302289,0.0057960614,-0.01322285,0.0078137955,-0.000222074096762,-0.00137525625387,-1.290927338356929e-05,-0.0019543217,0.00268688,-0.00018989014,15.3,0.5000267,0.7280881,0.7282972,0.7281958,0.72813463,1
37.1,4.951875,5.292456,-2.4947746,0.009582286,-0.020267623,-8.064418e-05,-0.0038423107,-0.004629014,0.0033807007,-0.0003688121406267,-0.0011182814378935,-4.597476152772805e-05,-0.0011936835,0.0018985106,0.00038697012,15.3,0.5000267,0.7286204,0.72789514,0.72806835,0.72825336,1
37.2,4.9542656,5.2919617,-2.4966338,0.009880181,-0.019843014,-2.790289e-05,-0.008856569,-0.010294506,0.004737172,-0.0005332402470169,-0.0009365361964632,-6.385745284970952e-05,-0.0021258881,0.0024599596,0.00047148805,15.3,0.5000267,0.7277105,0.7287686,0.72800714,0.7284059,1
37.3,4.9570355,5.2906575,-2.4986463,0.010558891,-0.019988356,-0.00014263777,-0.0025778834,-0.005827176,0.0011539086,-0.0006011916234649,-0.0008193594362234,-0.0001128087521046,0.00028951673,0.0024590318,0.0010731076,15.3,0.5000267,0.7281489,0.7282904,0.7276783,0.7286525,1
37.4,4.9596453,5.2887697,-2.5006435,0.0109299645,-0.020706253,-0.00018667756,-0.00501349,-0.005347519,0.0079814335,-0.0006048738255211,-0.0006928458622646,-0.0001882924999558,0.00039084704,0.0033891925,-0.0003078484,15.3,0.5000267,0.7277586,0.728733,0.72768754,0.72850627,1
37.5,4.9616346,5.286026,-2.5025508,0.010751559,-0.022020314,-0.0003070478,-0.009384895,-0.006140797,0.007588416,-0.0004540402841315,-0.0005283772996616,-0.0002191942360898,0.0017838638,0.0027333503,-0.00019289009,15.3,0.5000267,0.7277472,0.72865784,0.7278559,0.7282647,1
37.6,4.963516,5.281993,-2.5043476,0.010360209,-0.024254126,1.2004941e-05,-0.016405206,-0.01010911,0.010548159,-0.0002298910223354,-0.0004563421784864,-0.0002250704821143,0.0042242133,0.00025595797,0.00043676322,15.3,0.5000267,0.72848856,0.7281016,0.7279649,0.72833395,1
37.7,4.9654984,5.2767487,-2.505624,0.010047388,-0.026821017,0.00018336331,-0.012988806,0.0017348953,0.0034631228,0.0001235026240521,-0.0004813201159386,-0.0002544443605966,0.004296995,-0.00030309617,0.0006418231,15.3,0.5000267,0.72827697,0.7284882,0.72840035,0.72791636,1
37.8,4.9676933,5.2713966,-2.5061018,0.010072486,-0.028935121,0.00037311745,-0.013989694,0.0049829986,-0.0005108304,0.0005550466955219,-0.0005006727830558,-0.0002301898905365,0.0053438474,0.00096597,0.00062625663,15.3,0.5000267,0.7280862,0.72871405,0.72819066,0.72835326,1
37.9,4.970268,5.2662487,-2.5061145,0.010184067,-0.03046034,0.0008785047,-0.015662001,0.01106209,0.00030314547,0.0010467932026393,-0.0004875630956679,-0.0002219244224054,0.005496571,0.0009767435,4.277051e-05,15.3,0.5000267,0.72848374,0.72860116,0.72837806,0.7285156,1
38.0,4.972843,5.2613487,-2.506081,0.01006192,-0.031238092,0.0009970418,-0.007149313,0.009242144,-0.004423316,0.0014694942282032,-0.0004545965250864,-0.0001705487741665,0.005589091,-4.387394e-05,3.6443016e-05,15.3,0.5000267,0.7291038,0.7279593,0.72825634,0.7288585,1
38.1,4.9754243,5.257556,-2.5056083,0.0102215605,-0.030527854,0.0011815625,-0.009902225,0.012097034,-0.0022193415,0.0018154292621085,-0.0004276712781192,-0.0001310711625065,0.0033809447,0.0002182833,0.00033198588,15.3,0.5000267,0.72893745,0.7282216,0.72841084,0.7288734,1
38.2,4.9783497,5.254724,-2.5050616,0.010720532,-0.029142447,0.0008142325,-0.010904688,0.0123161655,-0.007210299,0.0019754319175611,-0.0003853738904185,-0.0001356505298304,0.00062663446,0.0007890363,0.0009196765,15.3,0.5000267,0.7285682,0.72842,0.72849697,0.72860545,1
38.3,4.981464,5.252259,-2.504308,0.010803196,-0.02717542,0.00068131223,-0.020964969,0.013778451,-0.0009769573,0.0019499494428237,-0.0003122846473065,-0.0001553890340217,-0.0023244733,0.0013187448,6.416965e-05,15.3,0.5000267,0.72814524,0.7288127,0.7285704,0.72843355,1
38.400000000000006,4.9837656,5.2500963,-2.5032961,0.01020048,-0.025166634,0.0004920253,-0.008617484,0.019433253,-0.0008102506,0.0018283987638761,-0.0002119068634921,-0.0001318966896711,-0.002702847,0.0007977204,0.0007777192,15.3,0.5000267,0.7282639,0.7286739,0.72850126,0.7283519,1
38.5,4.985369,5.2478657,-2.5023332,0.009187402,-0.02365196,7.069032e-05,-0.002974559,0.014610297,-0.00025145707,0.0016009618922636,-0.0001998705985279,-3.3783404430525675e-05,-0.0036006446,-0.00035388613,-0.0004606598,15.3,0.5000267,0.72801447,0.7286017,0.728497,0.72819614,1
38.6,4.986263,5.245327,-2.5011709,0.0073823705,-0.022667263,0.00028615617,-0.014938589,0.0056329435,-0.002481043,0.0013846600720709,-0.0002844834565114,0.0001073531056522,-0.0016523168,-0.0006174073,-0.000566208,15.3,0.5000267,0.72796464,0.7286577,0.72825843,0.7286951,1
38.7,4.986511,5.243231,-2.5004935,0.005419301,-0.021828212,0.00024651177,-0.013269456,0.01126266,-0.0024149192,0.0012649818894233,-0.0004695704782044,0.0002454718562326,-0.00025696252,-0.002726313,0.00030302734,15.3,0.5000267,0.7282919,0.72819155,0.7283134,0.72878355,1
38.8,4.986577,5.2417636,-2.5005527,0.004269228,-0.02076579,-0.00017524285,-0.0024048178,0.010722049,-0.0018766149,0.0012097095287843,-0.0007223089699256,0.0003116759529798,-0.00011170689,-0.0018514593,-0.00030177907,15.3,0.5000267,0.72793126,0.7283422,0.7280855,0.7286962,1
38.900000000000006,4.9862285,5.240357,-2.5006073,0.0034682595,-0.019864107,-0.00019195408,0.0011472208,0.005986288,0.004404224,0.0011145703106891,-0.0009488670492369,0.0003501812613084,-0.00028330542,-0.0017960577,-0.00079827174,15.3,0.5000267,0.72831684,0.72787815,0.7280941,0.7286998,1
39.0,4.9856124,5.2389703,-2.5003924,0.0023361628,-0.019232403,0.00011694473,-0.007826445,0.0011498802,0.0033108515,0.00103704578847,-0.0011187872545356,0.0003659460566412,-0.0011251834,-0.0037208835,-0.00038621353,15.3,0.5000267,0.72857016,0.72780854,0.7289594,0.7280516,1
39.1,4.984431,5.23729,-2.500169,0.0011872172,-0.01863443,0.00046347486,-0.0021384694,0.0052060247,0.0048321667,0.000945750047347,-0.0012869844848955,0.0003599873683887,-0.00022088525,-0.0027418337,-0.0014882324,15.3,0.5000267,0.72867846,0.7280302,0.72842205,0.7286297,1
39.2,4.983357,5.235404,-2.5001965,0.00019766239,-0.018666776,0.00045845314,0.0016137686,0.005989354,0.0030780209,0.0009240425638751,-0.0014553427007954,0.0003557287446057,-0.00021995693,-0.0025568216,-0.0014996593,15.3,0.5000267,0.7283926,0.7284173,0.7287566,0.7282695,1
39.3,4.982527,5.2337203,-2.5004742,-0.00022501433,-0.01830161,0.00048501263,0.005379334,0.005678983,0.0016363336,0.000961918572152,-0.0016318576979961,0.0003392494241609,0.00041825147,-0.0015253662,-0.0007937299,15.3,0.5000267,0.72835964,0.72846204,0.7285011,0.72855544,1
39.400000000000006,4.98238,5.2324395,-2.5008564,4.493264e-05,-0.017469132,0.00018469553,0.008290179,0.009646869,-0.003238674,0.0009993622830689,-0.001765334022467,0.0002678023009275,7.565275e-06,-0.0026551695,-0.0015473199,15.3,0.5000267,0.7288708,0.72788066,0.7287038,0.728102,1
39.5,4.9831324,5.2314773,-2.5013428,0.0007211311,-0.016367711,0.00020318574,0.003292863,0.0136804925,-0.00027287749,0.0009533383960058,-0.0018008722143141,0.0001601122747241,-0.0009396367,-0.00026453912,-0.00058467675,15.3,0.5000267,0.72862023,0.7282726,0.72839856,0.72829735,1
39.6,4.98483,5.230247,-2.5014632,0.0017505755,-0.01557501,0.00027444024,0.0007000971,0.0042894497,-0.0015539116,0.0008849177332475,-0.0017647402396657,-1.884828581111468e-05,-0.001429952,0.00027524028,-0.0013482948,15.3,0.5000267,0.72871643,0.72842294,0.72850144,0.7280445,1
39.7,4.9867554,5.228729,-2.5006595,0.0031480752,-0.015033019,0.0007251057,0.003044445,0.002197762,-0.0024116596,0.0007861958548188,-0.001622989972188,-0.0001424964988493,-0.00051812164,0.002527397,-0.00026158264,15.3,0.5000267,0.7286148,0.7288344,0.7281849,0.72860366,1
39.8,4.988535,5.22754,-2.4999282,0.004060765,-0.014575071,0.0006972662,-0.0019496636,0.0049062343,-0.0011008232,0.0007358538320364,-0.0014196686269785,-0.0002008977476602,0.0004760253,0.0018271549,-8.649616e-05,15.3,0.5000267,0.72900724,0.7283858,0.7283845,0.7284769,1
39.900000000000006,4.990453,5.2268295,-2.4994626,0.0046012853,-0.014008863,0.00050668954,-0.0039570285,0.0027934527,-0.008570961,0.0007253925236,-0.0012261560084307,-0.0002525125923321,-0.0008307989,0.0023925405,-0.0003440954,15.3,0.5000267,0.72841245,0.7289832,0.72833717,0.7284024,1
40.0,4.9921236,5.226513,-2.4991229,0.0051661115,-0.013003845,0.00045475163,0.00097286457,0.007074169,-0.0023418104,0.0006880937740614,-0.0010708775749288,-0.0002824929018711,-0.00023195245,0.0011329924,-7.434064e-06,15.3,0.5000267,0.728828,0.7285493,0.72829187,0.72836685,1
40.1,4.9935594,5.225564,-2.4988177,0.005567897,-0.012885313,7.018859e-05,-0.0019825115,0.0018724692,0.0069704833,0.0005809520357072,-0.0009425139898069,-0.0002623667148168,-0.00044080857,0.0016298442,-0.0001453809,15.3,0.5000267,0.7285248,0.7285336,0.7281336,0.7283476,1
40.2,4.993962,5.223891,-2.4988723,0.0049748174,-0.013892678,-8.511755e-05,0.0015145255,0.005977848,0.0016833654,0.0005211594374318,-0.0008363931842284,-0.0001469452685855,0.0005654148,-0.0001419556,0.0006104571,15.3,0.5000267,0.7284481,0.728319,0.72847605,0.7281718,1
40.3,4.993831,5.221128,-2.4995718,0.0037685214,-0.015702665,-0.00029315462,-0.01114584,-0.0028662847,0.005519483,0.0006292052738662,-0.0008270934422367,3.270100817022308e-06,0.0025339553,-0.001405302,-7.125156e-06,15.3,0.5000267,0.7281919,0.7282911,0.72848445,0.7281769,1
40.400000000000006,4.9937387,5.217855,-2.4998844,0.0028917477,-0.017298331,-0.00030263903,-0.0016663929,0.011641136,0.0051595266,0.0008657321594536,-0.0009295903856964,0.0001109990899134,0.0035917214,-0.0013470305,0.00035755063,15.3,0.5000267,0.72815484,0.7282571,0.7281894,0.7285282,1
40.5,4.994115,5.214788,-2.4999201,0.0026361665,-0.018488154,-0.00017783484,-0.008837818,0.007453245,3.073364e-05,0.0011928330805776,-0.0010607847894538,0.000185639793409,0.005154553,-0.0007905313,0.00081308646,15.3,0.5000267,0.72851646,0.7278786,0.72818035,0.7286894,1
40.6,4.9949393,5.2123356,-2.4991477,0.0029461975,-0.018316561,0.00019166639,-0.006833778,0.015233511,-0.005579553,0.0014908773836237,-0.001154689007998,0.0002061245610102,0.0014114789,0.0005327435,0.0005888496,15.3,0.5000267,0.72776204,0.72883624,0.72863007,0.72847056,1
40.7,4.9963727,5.211411,-2.498107,0.00359256,-0.017144531,0.0005117233,0.0015430063,0.012645242,-7.776543e-05,0.0016849108597735,-0.0011649612668057,0.0002202429350319,0.0012296102,0.00063587265,0.0007774105,15.3,0.5000267,0.72839713,0.7282623,0.72853565,0.7288617,1
40.8,4.998225,5.2120137,-2.49674,0.004318632,-0.014631416,0.0006459016,-0.004866485,0.0019474854,0.002779532,0.0017148957545893,-0.0011178246373264,0.0001516770675298,-0.0014359101,0.0006352741,0.0004954187,15.3,0.5000267,0.72868294,0.7282546,0.7287579,0.7285909,1
40.900000000000006,5.0003557,5.213958,-2.4950962,0.005272473,-0.0112398155,0.0006942518,0.0055364245,0.008668503,-0.0069788652,0.0015164097616053,-0.0009864865134143,5.426069221136845e-05,-0.0040401323,0.0014808422,-2.5635847e-05,15.3,0.5000267,0.72862875,0.72858953,0.7286137,0.7285746,1
41.0,5.001983,5.21651,-2.4936478,0.005711647,-0.00802282,0.00062812894,-0.004241276,-0.0036174646,-0.009649898,0.0011827935502229,-0.0008311251250549,-4.657160781441716e-05,-0.0053126425,0.0014692392,-0.00034719758,15.3,0.5000267,0.7287197,0.7286792,0.7284783,0.72846735,1
41.1,5.0028877,5.2201486,-2.4924235,0.00504144,-0.004203071,0.00059053634,-0.0095394375,0.0007785249,-0.0098911105,0.0006830723951945,-0.000672033227395,-6.568879821094291e-05,-0.0056705824,-7.6215336e-05,-0.0005613309,15.3,0.5000267,0.7288989,0.72850585,0.728508,0.72848976,1
41.2,5.00324,5.223863,-2.4913278,0.0042896722,-0.0013739803,0.0004524701,-0.008142163,-0.0062570795,-0.001609791,0.0001046946346098,-0.0006671207283234,-5.890592872322448e-05,-0.0061197174,-0.000323028,-0.000114810595,15.3,0.5000267,0.72862446,0.72865415,0.7281958,0.72873425,1
41.3,5.0035095,5.227522,-2.4902947,0.0035482394,0.0006730363,0.0004583508,-0.00012711665,-0.0058127935,-0.0039143483,-0.0004319012082871,-0.0007327889443454,-4.678936231303608e-05,-0.0052417484,6.3104244e-06,-0.0005945196,15.3,0.5000267,0.72835696,0.7289475,0.72817606,0.72876555,1
41.400000000000006,5.0036626,5.2301426,-2.4892218,0.0029711786,0.0015089806,0.00050043094,-0.009271069,-0.02208774,0.0007813796,-0.0008714433309166,-0.0008370711446802,3.094383540885938e-06,-0.003920713,-0.0017641785,0.0006820869,15.3,0.5000267,0.7289062,0.7282677,0.7288383,0.72830987,1
41.5,5.0032873,5.2320623,-2.4878352,0.0021793542,0.0012549111,0.0005683035,-0.004760595,-0.019357054,-0.0006984919,-0.0011453363067985,-0.0009239727072843,4.607544354930371e-05,-0.0010136019,-0.0014761175,0.00013365228,15.3,0.5000267,0.72891647,0.72826535,0.7286141,0.7286383,1
41.6,5.003012,5.2333694,-2.4866474,0.0016811137,0.00044749287,0.0002712039,-0.0021480075,-0.014678891,-0.0033108515,-0.0012461132347154,-0.0010628610783693,5.898763495836304e-05,-0.0005125289,-0.0014255375,0.0001834019,15.3,0.5000267,0.7282998,0.7287467,0.7287187,0.7283421,1
41.7,5.0033627,5.234379,-2.4852374,0.0018084359,-0.00029199378,0.0004878729,-0.0049430123,-0.012511376,-0.0049304212,-0.001198283890513,-0.0011620236009101,5.684853418543671e-05,0.000995981,-0.0005451593,-2.6815513e-05,15.3,0.5000267,0.72864544,0.7285142,0.7284449,0.72878295,1
41.8,5.0037074,5.235596,-2.4841797,0.0019510101,-0.00040087418,0.0002465173,-0.0053389613,-0.018303955,-0.010217073,-0.0010873796887181,-0.0011995230001552,3.680527134202556e-05,0.00038377443,0.00061971636,0.000105136845,15.3,0.5000267,0.7285314,0.728506,0.72836673,0.7287148,1
41.900000000000006,5.003889,5.236533,-2.4827874,0.001942062,-0.0009096565,0.0006531956,-0.005644961,-0.020241208,0.00070128584,-0.0009931634266024,-0.0011864985595434,1.2055842246697367e-05,0.00075914984,0.00033964234,-0.00075499335,15.3,0.5000267,0.7287572,0.72856325,0.7285007,0.7287358,1
42.0,5.003905,5.236476,-2.481437,0.0022343446,-0.0018291812,0.00086706714,-0.0043170904,-0.014886668,0.00014808027,-0.0009538918874678,-0.0011634201328482,4.498545106289844e-05,-6.621936e-05,0.0013936269,-4.95149e-05,15.3,0.5000267,0.72847056,0.7289059,0.72870445,0.72884107,1
42.1,5.0034847,5.2352967,-2.4810832,0.0018744073,-0.0032193845,-0.010502461,-0.0062136073,-0.022364201,-0.32064083,-0.0046309750579708,-0.0011031339266274,4.7611346640121584e-05,-0.19268027,0.001116236,-0.0007644152,15.3,0.5000267,0.7628194,0.7142235,0.71411186,0.76302975,1
42.2,5.0023365,5.232194,-2.4830508,0.001212205,-0.027817298,-0.030897029,0.000566059,-0.49202216,-0.116944775,-0.0558494827489996,-0.0010839873030644,0.0001130702094255,-0.60080874,0.0008908616,-0.00041182167,15.3,0.5000267,0.72388786,0.7367645,0.7364869,0.7244632,1
42.3,5.0002737,5.2216854,-2.4867902,-0.0002461496,-0.11244523,-0.031973917,0.0003022146,-1.0055534,0.05992781,-0.1058054204093973,-0.0011128289107837,0.0001546548105072,-0.38491058,-0.0005377503,-0.00024289518,15.3,0.5000267,0.71883184,0.73499197,0.73471487,0.7193121,1
42.400000000000006,4.998036,5.2004547,-2.4902332,-0.0015488471,-0.22630316,-0.022579167,-0.0010217299,-1.2330592,0.11703837,-0.1299475259231223,-0.0012442390139125,0.0001975716431098,-0.13278256,-0.0013535883,-0.00049691205,15.3,0.5000267,0.7213892,0.7319951,0.7318774,0.7218872,1
42.5,4.9957643,5.1653037,-2.4926152,-0.0025937832,-0.35328075,-0.012288652,-0.00080269994,-1.2744664,0.10295072,-0.13375347953882,-0.001436004488053,0.0002024319450987,0.030916058,-0.0019547248,-1.5745114e-05,15.3,0.5000267,0.7251152,0.72993493,0.72984964,0.72562295,1
42.6,4.9933276,5.1110425,-2.493666,-0.003043642,-0.4894725,-0.003131103,0.0043868534,-1.1878672,0.061967406,-0.1253773852691681,-0.001620013952632,0.0001660732111113,0.12144445,-0.0011365713,0.00027908676,15.3,0.5000267,0.72766244,0.7296183,0.729353,0.7281354,1
42.7,4.9909277,5.0420275,-2.494443,-0.0035343806,-0.61291885,0.002112324,0.00059499324,-1.0342997,0.035301313,-0.1110378110137741,-0.0017710166824178,0.0001194949457192,0.15938766,-0.0009292686,-0.0009697805,15.3,0.5000267,0.73005724,0.72832906,0.72822034,0.7302103,1
42.8,4.9883347,4.967092,-2.4951754,-0.0038149809,-0.7116785,0.0043315478,0.0031690008,-0.8756208,0.02120435,-0.094785088651488,-0.0018501119430961,-3.700409744574656e-05,0.16568524,-0.00033897383,-0.00082787324,15.3,0.5000267,0.7308151,0.7279895,0.72760785,0.73085034,1
42.900000000000006,4.9849243,4.876107,-2.4955802,-0.004988651,-0.8007103,0.0052588023,0.0037954303,-0.6967432,0.013976823,-0.0789381739662005,-0.0018946086940927,-0.0003141890814129,0.15364078,-0.0004884272,-3.847794e-05,15.3,0.5000267,0.73088986,0.7278448,0.7269434,0.7312639,1
43.0,4.9811606,4.7852936,-2.4961216,-0.0065760724,-0.8670787,0.005365071,0.0038585246,-0.55216193,0.0057676802,-0.0646578905984084,-0.0020168785721832,-0.0007977871900254,0.13527301,-0.002115132,0.00013029278,15.3,0.5000267,0.73143697,0.72746813,0.7263206,0.7312403,1
43.1,4.976764,4.6818943,-2.4964416,-0.008306025,-0.9234656,0.0046921116,0.0027474978,-0.4244201,-0.0047185454,-0.0524699145732258,-0.0022200372378121,-0.0013699158662378,0.112543166,-0.0026273162,0.00023048336,15.3,0.5000267,0.73149997,0.72732955,0.7255974,0.7310153,1
43.2,4.972531,4.5834327,-2.49698,-0.00987709,-0.9632885,0.004198693,0.014448707,-0.32533023,0.00059511507,-0.0424546001359902,-0.0024920740211031,-0.0019179839260375,0.090882145,-0.0040972005,0.00044793746,15.3,0.5000267,0.73156977,0.7273419,0.72558635,0.73016745,1
43.3,4.967726,4.474298,-2.4980092,-0.011339143,-0.9955908,0.0035770931,0.010727932,-0.23441137,0.0018263235,-0.03447720674156,-0.0028016795568957,-0.0023454035130681,0.072421804,-0.0037922629,0.001967994,15.3,0.5000267,0.73160243,0.72716975,0.72476906,0.7304457,1
43.400000000000006,4.9628496,4.372604,-2.4994915,-0.012748321,-1.0173247,0.0029270865,0.015651526,-0.17335838,0.0081891185,-0.0282861741770351,-0.0031070052515401,-0.0026025814197468,0.054848738,-0.003782645,0.0031311712,15.3,0.5000267,0.73116213,0.7271078,0.72504693,0.7299066,1
43.5,4.957674,4.2709417,-2.5008752,-0.013714142,-1.0327525,0.0024384423,0.014409714,-0.12550493,0.00435207,-0.0235654798311655,-0.0033944365649428,-0.002750787079469,0.041875467,-0.0029407546,0.0045103477,15.3,0.5000267,0.73107696,0.7268913,0.7244436,0.7303074,1
43.6,4.951793,4.161242,-2.502177,-0.014390553,-1.0439435,0.0020508405,0.020389706,-0.08920119,0.004790257,-0.0201006515039014,-0.0036418034548528,-0.0026957116540514,0.029780215,-0.0021808047,0.006305523,15.3,0.5000267,0.7305825,0.72691965,0.72462094,0.73021996,1
43.7,4.945702,4.0522428,-2.5033643,-0.015055085,-1.0509013,0.0022017595,0.02160358,-0.067114316,0.005880836,-0.0176195135268283,-0.0038677622178071,-0.0024759187474575,0.020162584,-0.002393603,0.007003322,15.3,0.5000267,0.7300954,0.7271179,0.7253051,0.7300743,1
43.8,4.940123,3.952564,-2.503933,-0.015078303,-1.0542384,0.0024253307,0.026730917,-0.044171277,-0.00059185544,-0.0158929921514309,-0.0040494927104468,-0.0020982470130251,0.013681093,-0.0021128785,0.007930516,15.3,0.5000267,0.7302919,0.72657293,0.7256634,0.73048186,1
43.900000000000006,4.9336324,3.845813,-2.5033603,-0.015444985,-1.0553436,0.0028515256,0.031042732,-0.026233776,0.0052750106,-0.0147699985219861,-0.0041683853500448,-0.0017247872310034,0.0070304433,-0.0013999946,0.0070323176,15.3,0.5000267,0.7296697,0.72704995,0.7260755,0.7308077,1
44.0,4.927435,3.7480056,-2.5027087,-0.015937084,-1.0550503,0.0027371754,0.025484843,-0.022240652,-0.0032228415,-0.0141181991573321,-0.0042907713407996,-0.0014166736936446,0.0036544683,-0.0014577941,0.006055047,15.3,0.5000267,0.7296333,0.72686094,0.7260652,0.7311588,1
44.1,4.920602,3.642466,-2.5018642,-0.016354384,-1.0541794,0.0028734494,0.025453717,-0.02777395,-0.00053271645,-0.0138281508363038,-0.0044244699076182,-0.0011417311261528,0.0012293218,-0.002895725,0.005546458,15.3,0.5000267,0.7299386,0.7264879,0.72647387,0.7311421,1
44.2,4.9141264,3.5454192,-2.5016768,-0.016760284,-1.0531234,0.0026239303,0.027642958,-0.020093301,-6.5658234e-05,-0.013715551852421,-0.004550355719702,-0.0009577784183164,3.49755e-05,-0.002651913,0.0048091337,15.3,0.5000267,0.7297316,0.72669905,0.72651225,0.7309782,1
44.3,4.9076247,3.4409742,-2.5014818,-0.01661263,-1.0515636,0.0023873728,0.033817485,-0.02168439,0.0001117587,-0.0136670593838776,-0.0046994345704809,-0.0007656099803601,-0.00013801466,-0.0019543844,0.0038232678,15.3,0.5000267,0.72984946,0.7265141,0.7263281,0.73111147,1
44.400000000000006,4.902375,3.3448799,-2.5013638,-0.01581466,-1.0500689,0.0022109463,0.0290357,-0.01701718,-0.0018551945,-0.0137320122155254,-0.0048165538315982,-0.0005226448762609,-0.0015234551,-0.0011495916,0.0039352113,15.3,0.5000267,0.7295376,0.726653,0.7265099,0.73102176,1
44.5,4.89821,3.248865,-2.5011802,-0.014155034,-1.0485679,0.0019810854,0.032481283,-0.018352056,-0.0031045636,-0.0138356901186023,-0.0048535798832992,-0.0002503903857889,-0.002881509,-0.0004678206,0.0027104497,15.3,0.5000267,0.7294863,0.72649986,0.72685266,0.73072636,1
44.6,4.894601,3.1453803,-2.5008204,-0.01182092,-1.0470338,0.0017168408,0.02746172,-0.023551658,-0.004454981,-0.0139288004622538,-0.0047139764627442,-2.6983564508726987e-05,-0.0011785306,0.0017925184,0.0027373782,15.3,0.5000267,0.7295662,0.7263739,0.7263947,0.7310279,1
44.7,4.8913736,3.0418231,-2.500902,-0.00950805,-1.0459036,0.0017079103,0.029849665,-0.02593273,-0.0017043202,-0.0140057767071777,-0.0044784951526053,0.0001334994058935,-0.0017560255,0.0028989168,0.0011924808,15.3,0.5000267,0.7294538,0.7265948,0.72653675,0.7308861,1
44.8,4.888476,2.945447,-2.5014958,-0.0079154,-1.0456784,0.0016638162,0.023356397,-0.031100737,0.00054854894,-0.0140904072284794,-0.0041834645134904,0.0002050024982969,-0.0010563554,0.0020220308,-7.569036e-05,15.3,0.5000267,0.7296489,0.7265133,0.7266414,0.73067975,1
44.900000000000006,4.8860054,2.8404565,-2.5027797,-0.005977649,-1.0459431,0.0012472711,0.012872638,-0.021477781,0.0033066606,-0.0140784941685749,-0.003923510773726,0.0002477564723058,0.0012712204,0.0029525524,0.000516639,15.3,0.5000267,0.72941786,0.7265311,0.72599965,0.7311178,1
45.0,4.884343,2.743231,-2.504062,-0.0041027395,-1.046246,0.0010545907,0.018544978,-0.027630217,0.0023143364,-0.0139415112711061,-0.0036433995273067,0.0001986815958598,0.0013151246,0.003347439,-0.00035138754,15.3,0.5000267,0.72939986,0.7267073,0.72592956,0.7308559,1
45.1,4.8826647,2.6371186,-2.5057507,-0.0024775052,-1.0469517,0.00091637624,0.009036398,-0.020041475,-0.0036507843,-0.0137583704944055,-0.0033561970965146,0.0001096697936328,0.0018977267,0.0028811425,-0.00070938264,15.3,0.5000267,0.72963506,0.72666675,0.7258929,0.7306533,1
45.2,4.8812046,2.5382729,-2.5076456,-0.0013752078,-1.0478792,0.000912394,0.008364163,-0.013219373,-0.0024586914,-0.0135142847761431,-0.0030912695738884,-7.81013073456685e-06,0.0021163346,0.0036251708,-0.00086007925,15.3,0.5000267,0.729168,0.72728246,0.72580165,0.7305587,1
45.3,4.879557,2.4304547,-2.509865,-0.0007177462,-1.0490998,0.00064935884,0.0030361833,-0.011248051,0.0030831432,-0.0132272617519944,-0.0028594068044479,-0.0001304314868691,0.0033977006,0.0031506366,-0.00022990633,15.3,0.5000267,0.7293622,0.727125,0.7254052,0.7306571,1
45.400000000000006,4.8774524,2.330833,-2.511797,-0.0010682283,-1.0500995,0.00089068466,0.008254071,-0.015260254,0.0048046927,-0.0128925649245353,-0.0026954512462061,-0.0002181060206772,0.0033385598,0.0009238922,0.00021069476,15.3,0.5000267,0.72958696,0.7271651,0.7255817,0.730514,1
45.5,4.87484,2.2309058,-2.5131345,-0.0019800302,-1.0508317,0.0009840993,0.009495412,-0.0053066323,0.00387663,-0.0125418353735605,-0.0026517822149836,-0.0002709253484499,0.0045722118,3.066104e-05,0.00045196267,15.3,0.5000267,0.7300052,0.72685546,0.7251884,0.73095536,1
45.6,4.87242,2.1224952,-2.5143206,-0.0026030024,-1.0514966,0.000972095,0.00703932,-0.0062549477,0.00297185,-0.0121917586446961,-0.0027607178044521,-0.0002502853689169,0.0040926393,-0.001717818,0.0011274754,15.3,0.5000267,0.7300044,0.7267309,0.7255432,0.73076195,1
45.7,4.870563,2.0142004,-2.5149155,-0.0027064763,-1.0515215,0.0014320964,-0.0027093226,-0.003752564,-0.0012647359,-0.0118729902950392,-0.0028592399138784,-0.0002506188502375,0.0030664194,-0.0012146897,0.0012685142,15.3,0.5000267,0.73004186,0.72699404,0.72603804,0.73056155,1
45.8,4.869648,1.914486,-2.5149558,-0.002014111,-1.0508466,0.0017628146,0.005531259,0.0030245061,0.001257751,-0.0116137276149963,-0.0029513440912069,-0.0002751549352902,0.0028842504,-4.6500423e-05,0.0011615807,15.3,0.5000267,0.73034275,0.7269976,0.72590655,0.7308902,1
45.900000000000006,4.870021,1.8065076,-2.5147462,-0.00020912827,-1.0500292,0.0016455009,0.0071709026,0.00019103389,-0.0038645228,-0.0114729407262609,-0.0029646064143074,-0.0003296138572713,0.0015786914,0.001546143,0.0002087962,15.3,0.5000267,0.73006076,0.72729045,0.72564495,0.73108923,1
46.0,4.871388,1.7068495,-2.514979,0.0021030577,-1.049341,0.0016421688,0.005227235,0.0019830076,-0.0016926787,-0.0113824166510422,-0.002778536561831,-0.0004095436086479,0.00055808795,0.0033060415,0.00018239135,15.3,0.5000267,0.73015463,0.72726715,0.7261461,0.73061883,1
46.1,4.873441,1.5989004,-2.5153887,0.0043222094,-1.0482694,0.0013283753,-0.0011272413,0.008493006,-0.00066123897,-0.0113090750908215,-0.0024899795843166,-0.0004519537546578,-0.0001035364,0.0039931857,0.00072330656,15.3,0.5000267,0.7298838,0.7273774,0.7261318,0.7305038,1
46.2,4.8754573,1.4999897,-2.5165327,0.0059479102,-1.0469337,0.0008515151,-3.370678e-05,-9.914947e-05,-0.008889007,-0.0112703992394069,-0.0021307317268881,-0.0004636383929941,-0.0005834361,0.003125195,0.0016374786,15.3,0.5000267,0.73000306,0.72695535,0.7262494,0.7301976,1
46.3,4.877865,1.3938556,-2.518148,0.007303103,-1.0446366,0.0005673758,-0.0023081282,0.009057879,0.00013131647,-0.0112699350301183,-0.0017806056739151,-0.0004463098253052,-0.00063039584,0.0038094695,0.0011256371,15.3,0.5000267,0.7299693,0.7267936,0.7257228,0.73067534,1
46.400000000000006,4.8798265,1.2960131,-2.5193646,0.007856889,-1.0426114,0.00035838236,-0.006881828,0.012254855,0.004082452,-0.0113634545359851,-0.0015108493339409,-0.000393950106531,-0.0006080989,0.004091557,0.0016306494,15.3,0.5000267,0.7296749,0.7269115,0.72495323,0.7313661,1
46.5,4.8814964,1.1978931,-2.520211,0.007881288,-1.0415322,0.00053496927,-0.008535225,0.0038077012,0.005229376,-0.0115471978398368,-0.001299902333347,-0.000307611267666,-0.0029236283,0.0013235393,0.0004475999,15.3,0.5000267,0.7293514,0.72727394,0.72614145,0.7303654,1
46.6,4.8830676,1.0910013,-2.5208137,0.007529525,-1.0408877,0.00064262317,-0.017414741,0.002312612,0.006266869,-0.0116673760999005,-0.0011968198069432,-0.0001897832165181,-0.0017323464,0.0008254784,0.0011846516,15.3,0.5000267,0.72927564,0.72731394,0.72622204,0.730481,1
46.7,4.8838124,0.9839259,-2.5210538,0.0064067855,-1.0403769,0.0008687757,-0.014979067,-0.0017075144,0.0014039687,-0.011691894359309,-0.001145927173313,-7.527214125137477e-05,7.32928e-05,-0.0001539764,0.001046587,15.3,0.5000267,0.7296177,0.727051,0.72604823,0.7308403,1
46.8,4.8835826,0.88495135,-2.521242,0.0049091703,-1.040045,0.0010775959,-0.009021272,0.0052906866,-0.0025811603,-0.0116905182584181,-0.0012280528939843,4.854027170091194e-05,-0.00041007117,-0.002146719,0.00075229676,15.3,0.5000267,0.7297034,0.72711444,0.72649294,0.73059314,1
46.900000000000006,4.882655,0.77762604,-2.5211914,0.0031696102,-1.0396172,0.000867458,-0.0061051724,0.0050865235,-0.0040074806,-0.0115881024898475,-0.0014068795372758,0.0001495315818515,0.0019276922,-0.0025870807,3.2467215e-05,15.3,0.5000267,0.7298913,0.7267747,0.7259828,0.731068,1
47.0,4.8812895,0.6785322,-2.5212724,0.0016683068,-1.0392889,0.0008494966,-0.0022445063,0.0034992406,-0.009995419,-0.0114934800315908,-0.001633537845475,0.0002304982985588,0.00036477682,-0.002086536,-0.0005092751,15.3,0.5000267,0.7294454,0.7272367,0.72608924,0.7309693,1
47.1,4.8799243,0.5709466,-2.521669,0.00058577623,-1.0390178,-0.004606957,-0.000121852274,0.002533903,-0.26590237,-0.0103704125838282,-0.0019035685722131,0.0003164680311297,0.072805375,-0.0029613648,-0.0005570594,15.3,0.5000267,0.7083449,0.7680114,0.7671825,0.7096656,1
47.2,4.8787427,0.4718331,-2.523205,-0.00032384333,-1.0240442,-0.025462043,0.0014064735,0.38066196,-0.14079641,0.0342476057996405,-0.0021191160792425,0.0003726167696494,0.60919935,-0.002662147,-0.0012393137,15.3,0.5000267,0.7367798,0.7245461,0.7240974,0.7377397,1
47.3,4.8776784,0.3695099,-2.5263991,-0.0007911379,-0.95036036,-0.028302064,-9.7334116e-05,0.9445432,0.042269003,0.0880105944102182,-0.0023342634395836,0.0003222053066411,0.43550825,-0.0011995967,-0.00028177717,15.3,0.5000267,0.73672867,0.71775603,0.7165444,0.7380178,1
47.400000000000006,4.8766794,0.28578332,-2.52896,-0.0010648301,-0.8418009,-0.020062499,0.0064065554,1.219005,0.10688602,0.116792725294609,-0.0024842352652031,0.0003191025549444,0.1751835,-0.0011935353,-0.000562176,15.3,0.5000267,0.7342534,0.7194896,0.71863383,0.73515636,1
47.5,4.8755717,0.2154734,-2.5307238,-0.0013995861,-0.71664053,-0.009810419,0.007838706,1.2979288,0.10323571,0.1237259500238225,-0.002593914621215,0.0005350694002615,-0.0060172556,-0.00066874066,-0.00070014683,15.3,0.5000267,0.7317345,0.7237631,0.7229212,0.7329152,1
47.6,4.8743687,0.15554576,-2.5308206,-0.001944053,-0.5799861,-0.0006960582,0.010358586,1.2230823,0.061575785,0.1171808080720581,-0.0027095751441491,0.0010005173641363,-0.10719535,-0.0023972138,-0.0002997671,15.3,0.5000267,0.7311698,0.7264,0.72632426,0.73208433,1
47.7,4.873449,0.11120446,-2.52985,-0.0025595648,-0.45360792,0.005096442,0.0036721174,1.0757397,0.03392575,0.1037897131644814,-0.0027856670512983,0.0017373945344109,-0.1519034,-0.0027468153,-0.0016907903,15.3,0.5000267,0.73057044,0.72791314,0.72872156,0.73174614,1
47.8,4.8731537,0.08232191,-2.528651,-0.002979171,-0.351377,0.0074203126,0.0060629086,0.91640425,0.007902271,0.0878244112861569,-0.0029170861313051,0.0024874149410403,-0.16515303,-0.0030774765,-0.002337171,15.3,0.5000267,0.72943825,0.72900945,0.7302731,0.7312597,1
47.900000000000006,4.8735228,0.061442014,-2.5275445,-0.0028021857,-0.25806513,0.0077228984,0.015887631,0.7390206,-0.01249602,0.0718667346372214,-0.0030788236132699,0.003010287930366,-0.15627238,-0.0021515365,-0.0037463673,15.3,0.5000267,0.7286103,0.72904336,0.73058236,0.7312317,1
48.0,4.8748484,0.049431507,-2.526983,-0.0011384498,-0.18818936,0.007192691,0.010681165,0.5969243,-0.0063227485,0.0572876105834958,-0.0031776042948786,0.003089550494258,-0.13822371,-0.00059325964,-0.005097646,15.3,0.5000267,0.7283081,0.7288424,0.7306887,0.7304965,1
48.1,4.8778205,0.04252473,-2.5263565,0.0016306662,-0.12785687,0.006474367,0.009612998,0.46515626,-0.016515141,0.0447481557121765,-0.0030745961171657,0.0025993713357447,-0.116724744,0.0008850838,-0.0069499244,15.3,0.5000267,0.7283963,0.72891736,0.7306638,0.72956693,1
48.2,4.8819566,0.04007215,-2.5260568,0.005262282,-0.08451405,0.005532669,0.0039543137,0.36223915,-0.01466507,0.034330891096061,-0.002771830772962,0.0016489113055538,-0.094922386,0.004822219,-0.006615274,15.3,0.5000267,0.72857195,0.7291315,0.72957224,0.7291004,1
48.3,4.8875494,0.040262144,-2.5260506,0.009265158,-0.048635703,0.004567373,-0.0011688917,0.26464105,-0.007872469,0.0259270694019826,-0.0022777280491312,0.0003868347309115,-0.07627228,0.0063364506,-0.006530543,15.3,0.5000267,0.7288519,0.7297027,0.7289165,0.727988,1
48.400000000000006,4.893346,0.041921705,-2.5261073,0.012803142,-0.024100559,0.0040336363,0.0020686884,0.19286011,-0.003092922,0.0192930731905758,-0.0016391667014965,-0.0009239127853034,-0.05964722,0.008137429,-0.006150593,15.3,0.5000267,0.7289847,0.7306012,0.7279715,0.7273784,1
48.5,4.8993683,0.04390629,-2.5260556,0.015242208,-0.0064751487,0.0035623985,-0.013221669,0.14397588,-0.0012926756,0.0142358438574873,-0.0009305569124543,-0.0019739248163176,-0.044446826,0.007273469,-0.0021623853,15.3,0.5000267,0.72970396,0.7305128,0.7274203,0.7269166,1
48.6,4.906149,0.04565903,-2.525949,0.017274069,0.0065196315,0.0030991014,-0.0103947995,0.10242012,-0.005909707,0.0104383111783784,-0.0003492656896964,-0.002708285245887,-0.03144066,0.0063997367,-0.000846541,15.3,0.5000267,0.7297957,0.73060715,0.72669905,0.72709364,1
48.7,4.913209,0.046810422,-2.526147,0.018708486,0.014596607,0.0027057456,-0.024735129,0.07640153,-0.0055874693,0.0077579409494358,0.0001376558114144,-0.0031544899067563,-0.021232108,0.0058511477,0.0014619133,15.3,0.5000267,0.7297237,0.7305237,0.7265439,0.72716296,1
48.8,4.9199843,0.04744374,-2.5265203,0.019969046,0.019504659,0.0024558485,-0.02723976,0.055485338,0.0013061798,0.0059360459393345,0.0005003461919491,-0.0033492197849029,-0.014376434,0.0038003107,0.0049177967,15.3,0.5000267,0.7296335,0.7301068,0.7270816,0.7269233,1
48.900000000000006,4.927373,0.047447596,-2.5267048,0.021225648,0.022470303,0.0023837825,-0.027546896,0.048631422,-0.004533212,0.0047035991164893,0.0008483490525813,-0.0033307875545458,-0.007899002,0.0043195146,0.007605229,15.3,0.5000267,0.72963905,0.7295362,0.72689146,0.72777027,1
49.0,4.9343176,0.046913147,-2.5268874,0.021969045,0.023865512,0.0021860285,-0.027416935,0.031306982,-0.0035334376,0.0039269627923478,0.0011573680599227,-0.0031447555960975,-0.0044019637,0.0036920013,0.008694632,15.3,0.5000267,0.7293106,0.7291246,0.7273318,0.7279374,1
49.1,4.941329,0.045455303,-2.5273914,0.02249709,0.024184437,0.0021928996,-0.029569877,0.027735053,0.0010314396,0.0034736149645253,0.0014365967164737,-0.0027608644117646,-0.003033453,0.0030200833,0.008878456,15.3,0.5000267,0.7287617,0.7290065,0.72828937,0.72776747,1
49.2,4.947082,0.043410562,-2.5274594,0.022033218,0.02344799,0.0023017286,-0.036149193,0.02915653,0.002137385,0.0032313591727402,0.0016631779534668,-0.0021925176847335,-0.00065236277,0.0027881158,0.009081018,15.3,0.5000267,0.7282225,0.72888315,0.72843903,0.72856313,1
49.3,4.9524307,0.0409807,-2.5278778,0.020768696,0.022841455,0.0021376119,-0.029701035,0.03440179,-0.003535766,0.0031912823625017,0.0017482475893206,-0.0015502981758511,0.0021980728,0.00093375606,0.008249879,15.3,0.5000267,0.72835934,0.7281022,0.72840184,0.7292008,1
49.400000000000006,4.9563527,0.03888997,-2.5283487,0.019135835,0.022643177,0.0019906857,-0.02973025,0.022541888,-0.0063031907,0.0032118443554866,0.0017254282359,-0.0009092939283197,0.0013463987,-0.00048824798,0.00718141,15.3,0.5000267,0.72797257,0.7279472,0.72870034,0.7293697,1
49.5,4.959422,0.03651709,-2.5287886,0.017229958,0.02210521,0.0019420654,-0.029932149,0.023302646,0.0013560056,0.0032212468459329,0.0015837952019267,-0.0002768219704942,0.0012554204,-0.0014089271,0.0059465584,15.3,0.5000267,0.72764665,0.72783226,0.7289907,0.72957003,1
49.6,4.9620824,0.033886008,-2.529191,0.014921531,0.02179312,0.0019926818,-0.030756265,0.025478566,-0.0051222737,0.0032348943492924,0.0013943648738344,0.0002388235932281,0.0003196327,-0.0011997055,0.0047843847,15.3,0.5000267,0.72734386,0.72801274,0.7293733,0.7294881,1
49.7,4.964801,0.030909281,-2.530138,0.013541935,0.021241391,0.0015278766,-0.019073438,0.021826293,-0.012022908,0.0032526792761558,0.0011277718817678,0.0005821807437986,0.000732879,-0.0023628594,0.0033303376,15.3,0.5000267,0.72760826,0.72760326,0.72936565,0.7293096,1
49.8,4.967813,0.028059224,-2.5313337,0.0125826225,0.020641794,0.0011996864,-0.025116881,0.026832467,-0.0045313495,0.0032527029697668,0.0008881139205632,0.0007741309546506,-0.00012881562,-0.0013680622,0.0014258883,15.3,0.5000267,0.7272067,0.7278502,0.7294383,0.7289727,1
49.900000000000006,4.9708047,0.025560202,-2.5330827,0.011704513,0.020487925,0.0006978723,-0.024315411,0.024817314,-0.0048722136,0.0032808375125489,0.0007395730636895,0.0008008538534011,0.0010466428,-0.0030744213,0.00038493707,15.3,0.5000267,0.72824204,0.72694767,0.72940385,0.72843707,1
50.0,4.9729233,0.023537993,-2.5347216,0.010615613,0.020587776,0.0004968697,-0.018018348,0.036325384,0.005952082,0.0032997314255823,0.0006340437141963,0.000749356279765,-0.0008680616,-0.0012647118,-0.0012994315,15.3,0.5000267,0.72744834,0.72796094,0.7288864,0.72843,1
50.1,4.9748263,0.021358993,-2.5372274,0.009281329,0.020713583,-3.366219e-05,-0.027691413,0.021781018,0.0014719552,0.0032500322489721,0.00051506843325,0.0006654567191311,0.00035486146,-0.00079518993,-0.000909291,15.3,0.5000267,0.7277834,0.72771233,0.7281876,0.7285059,1
50.2,4.975821,0.019030046,-2.5395458,0.007869538,0.020274673,-0.00018612339,-0.02071904,0.0264457,0.009698792,0.0031637237699187,0.0003931392695597,0.0005759834382636,9.9631136e-05,-0.0021260935,-0.00073978934,15.3,0.5000267,0.72805613,0.7276127,0.72840613,0.72785085,1
50.3,4.976603,0.016380975,-2.541834,0.0061640446,0.019585293,-7.278122e-05,-0.019092444,0.029481357,0.006704125,0.0031275474595311,0.0002079680764781,0.0004760639108125,0.0017738737,-0.002730707,-0.0020760107,15.3,0.5000267,0.72842413,0.7275621,0.7279548,0.7281228,1
50.400000000000006,4.977352,0.0150445085,-2.543285,0.0051034098,0.020001335,1.8166284e-05,-0.023279352,0.024454739,0.011702533,0.0031686317315127,-2.5689938474478977e-05,0.0003638657838242,0.0005342831,-0.0016607213,-0.0018269216,15.3,0.5000267,0.7279905,0.7281871,0.72808576,0.7278937,1
50.5,4.978275,0.014721223,-2.5445404,0.0049347384,0.02067991,0.0001321971,-0.013127311,0.023204459,-7.962807e-05,0.0031078145713758,-0.0002219347130502,0.0002468090995275,-0.0009173911,-0.0012098274,-0.0017659697,15.3,0.5000267,0.7281024,0.72827786,0.72823143,0.72768414,1
50.6,4.9790015,0.01461394,-2.5450654,0.004379711,0.02168438,0.00041003758,-0.011566973,0.029692555,0.0035748815,0.0029778889652751,-0.0003392684686319,0.0001477431981289,-0.0010822293,0.00081718166,-0.0017659655,15.3,0.5000267,0.727951,0.72868115,0.7275699,0.7284381,1
50.7,4.97895,0.014574373,-2.544424,0.00350135,0.022782484,0.0007848423,-0.0046814117,0.020165633,0.0043241302,0.0027768731954325,-0.0003794006081152,0.0001077665419939,-0.0015457163,0.00049596507,-0.0010339228,15.3,0.5000267,0.7282746,0.72847986,0.727575,0.72872716,1
50.8,4.9785743,0.014658783,-2.5430984,0.0026349563,0.023294237,0.0012651031,-0.010169208,0.01938702,0.0047856006,0.0025212449524791,-0.0004644524998423,6.099378051842766e-05,-0.0022625101,-0.0009607424,-0.0013399627,15.3,0.5000267,0.72850275,0.7286767,0.7282662,0.7282991,1
50.900000000000006,4.9786587,0.015016285,-2.5414836,0.0022393293,0.023887504,0.001195323,-0.005439229,0.01956279,-0.0064671035,0.0023281150903267,-0.000608165530818,4.406541550039723e-05,-0.0016321483,-0.0012593489,-0.0007514179,15.3,0.5000267,0.7285673,0.7286089,0.7284167,0.72817945,1
51.0,4.978995,0.015374509,-2.5404298,0.0024106472,0.02416468,0.0010222142,-0.002786484,0.016750952,-0.001081731,0.002121788942574,-0.0006720517181129,6.850218402467593e-05,-0.0017331013,-0.0001298348,-0.001106827,15.3,0.5000267,0.7286921,0.7283178,0.7283756,0.72820634,1
51.1,4.9798155,0.015949272,-2.5398576,0.0028163502,0.024432333,0.00078607793,-0.011793954,0.01352119,-0.0011413357,0.0019702793709622,-0.0007227298984996,0.0001366630529151,-0.0015588314,-0.00042446904,0.00025125674,15.3,0.5000267,0.72859555,0.72809404,0.7286835,0.7280171,1
51.2,4.9809756,0.016557544,-2.539651,0.0033143687,0.024575844,0.00063154957,-0.0074793333,0.014781151,-0.0028321517,0.001844544704465,-0.0006612826515127,0.0001734048679878,-0.0007364115,0.0005769531,-0.00024536127,15.3,0.5000267,0.7284228,0.7281719,0.7284788,0.72814405,1
51.3,4.9820895,0.016618354,-2.5392158,0.0034095885,0.023951747,0.00081292656,-0.0064810086,0.013471122,0.0057304273,0.0016938647272785,-0.0005904208572865,0.0001938838609974,-0.0020984856,0.0007385041,-0.0014142703,15.3,0.5000267,0.727872,0.7288141,0.7287671,0.7279622,1
51.400000000000006,4.982716,0.0164375,-2.5388665,0.0028667054,0.023299951,0.0009113783,-0.009712789,0.011542387,-0.0011357478,0.0016389523200877,-0.0005148964434416,0.0001971201904678,0.00044194845,9.5197836e-05,0.0002713321,15.3,0.5000267,0.72847134,0.728342,0.7285054,0.7283237,1
51.5,4.982264,0.016309766,-2.5387638,0.0017774885,0.022605967,0.0008135921,-0.007020956,0.008336952,0.0058980654,0.0016463532044479,-0.0005130977543045,0.0002388570438771,0.0008925061,-0.0006142413,-0.0009255993,15.3,0.5000267,0.72816366,0.7284357,0.72832257,0.7286561,1
51.6,4.9804835,0.01581447,-2.538655,-1.5546546e-05,0.021529572,0.000502162,-0.0022557788,0.0039994344,0.0039911824,0.0016750761252135,-0.0005967906627995,0.0002202603018465,0.0012518803,-0.0013955449,-0.001450909,15.3,0.5000267,0.72811383,0.72838527,0.7282884,0.72847056,1
51.7,4.978225,0.014748321,-2.538864,-0.0022068147,0.020251876,0.000157636,-0.0096116895,0.008566033,0.005309004,0.0017146465965894,-0.0008318354048768,0.0001764685260717,0.0011195781,-0.0020046486,-0.0007495327,15.3,0.5000267,0.7278974,0.7284994,0.72796017,0.7285144,1
51.8,4.9758167,0.013508329,-2.5398579,-0.0036448222,0.018946642,-3.7325666e-05,0.0027869432,0.007894006,0.0048093493,0.0018079322043814,-0.0011110296015448,0.000106063153856,0.0013062301,-0.0036196045,-0.0012968555,15.3,0.5000267,0.7280205,0.72840184,0.72826517,0.72795856,1
51.900000000000006,4.9729977,0.012308399,-2.5408418,-0.005030961,0.018030426,-9.3851624e-05,0.0011377773,0.011157035,0.00808481,0.0019538554564205,-0.0014147213403617,5.456648115760368e-05,0.0006705374,-0.0032722813,-0.00047147484,15.3,0.5000267,0.72809684,0.72831583,0.72834235,0.7277947,1
52.0,4.970319,0.011175407,-2.5413797,-0.0061341594,0.017409157,0.00011994534,0.0029525466,0.006447979,0.0046798955,0.0020692831505514,-0.001679067355954,3.533850533483595e-05,0.0014334731,-0.0023513045,-0.0008597819,15.3,0.5000267,0.7282558,0.72826785,0.72811306,0.72819555,1
52.1,4.9670534,0.010089189,-2.5414662,-0.0068056257,0.016870106,0.00034645395,0.010356092,0.00969028,0.00068172807,0.0021537900038758,-0.0019255423132928,-1.8575551329219224e-06,0.00060612906,-0.0023871807,-0.00037975033,15.3,0.5000267,0.7280909,0.7286463,0.72839963,0.72797465,1
52.2,4.9635997,0.009595898,-2.5409365,-0.0074339425,0.017004237,0.0006061087,0.008346622,0.016451946,0.0005261972,0.0021982088503691,-0.0020772785144108,-1.2773461560353911e-06,0.0013345439,-0.0018688019,0.00017458625,15.3,0.5000267,0.7286815,0.7281135,0.728205,0.7284462,1
52.3,4.959772,0.009499354,-2.5403256,-0.008038451,0.017083155,0.00053570955,0.012556525,0.011385944,-0.004037283,0.0021909611374312,-0.0022274584853217,-7.628458410521447e-06,-0.0008204511,-0.0016737075,-0.00021289426,15.3,0.5000267,0.72826487,0.7284897,0.7285574,0.7281073,1
52.400000000000006,4.956153,0.009385677,-2.5399134,-0.008572242,0.017124146,0.0007180033,0.015667753,0.023930449,0.001995824,0.0021086605201451,-0.0023702891864416,-2.6769557366364018e-05,-0.00025922232,-0.0025456029,0.00049488794,15.3,0.5000267,0.7287201,0.7281582,0.7284905,0.7282841,1
52.5,4.952831,0.009064834,-2.5398853,-0.008834558,0.01670215,0.00071283424,0.0107071735,0.003210971,-0.0006742775,0.0020281003457465,-0.0024679938612465,-4.4003337431806514e-05,-0.000292409,-0.00087031565,0.001035352,15.3,0.5000267,0.72836226,0.7285214,0.72844225,0.72836465,1
52.6,4.950077,0.008091715,-2.5403924,-0.00827795,0.0156217655,0.0004833017,0.012058745,0.009223214,0.0010044313,0.0019656693696818,-0.0025934216051523,-3.605542798734687e-05,0.00035454793,-0.0009598043,-0.0011863476,15.3,0.5000267,0.72846127,0.72830915,0.7283113,0.7283671,1
52.7,4.948341,0.0072251833,-2.5406535,-0.0070632272,0.014492197,0.0004616145,0.019875102,0.0069101793,-0.0016465782,0.0020292606524051,-0.0026073803914223,3.601466797689808e-05,0.002192415,3.847117e-05,0.0002994071,15.3,0.5000267,0.7284989,0.7281831,0.7284947,0.72829217,1
52.8,4.9474106,0.0069193374,-2.5406787,-0.0057186442,0.01408512,0.0004859513,0.015783237,0.014335807,0.0011757946,0.0021224443433654,-0.0025436783063778,9.272320802156325e-05,0.0010168066,0.00044722488,-0.00037150824,15.3,0.5000267,0.7284666,0.72823566,0.7287776,0.728025,1
52.900000000000006,4.946116,0.0071884696,-2.5409472,-0.0046124966,0.014316304,0.00062733,0.012404315,0.013156654,0.006636604,0.0022125823848821,-0.0023378425717403,0.0001207742825845,0.00040005633,0.0021427844,-0.0003476232,15.3,0.5000267,0.7283574,0.72835726,0.7285948,0.7283404,1
53.0,4.944411,0.008395262,-2.541331,-0.004281714,0.015199247,0.0003621184,0.009085075,0.0060612806,-0.0023818573,0.0022140619451778,-0.0021547920863392,0.0001004112686256,0.00073583185,0.00201093,0.0005944219,15.3,0.5000267,0.728495,0.72814965,0.72801685,0.7287544,1
53.1,4.9418426,0.01026637,-2.541567,-0.0049241725,0.016446775,0.00044813196,0.01073701,0.0019025063,0.0026589257,0.0020766500890951,-0.0020259575001135,3.57863399720502e-05,-0.0017601373,-0.000977701,-0.00044039957,15.3,0.5000267,0.72864854,0.72810626,0.72860026,0.7281288,1
53.2,4.939448,0.012542172,-2.5405777,-0.005490202,0.017768417,0.0008987709,0.009828276,0.011889547,-0.00936957,0.0018693616119079,-0.0020513001634427,-5.6404385253908965e-05,-0.0029105488,-0.00120337,-0.00021139119,15.3,0.5000267,0.7284961,0.728727,0.72863865,0.72825396,1
53.3,4.937022,0.015699059,-2.538626,-0.005707975,0.019470807,0.0014258317,0.010154157,0.011822174,-0.0020596196,0.0016027490358189,-0.0021538553141925,-8.204683770897765e-05,-0.0032185062,-0.001053128,0.00042083426,15.3,0.5000267,0.728714,0.7287874,0.72854984,0.7286409,1
53.400000000000006,4.9343243,0.019261722,-2.5359757,-0.0061175628,0.020943334,0.0020555954,0.0072123692,0.0014327487,-0.010589602,0.0013156425797637,-0.0022075785669602,-9.613732280626026e-05,-0.0021927063,-0.001283408,-0.0005272858,15.3,0.5000267,0.7294579,0.72849566,0.72870207,0.72899806,1
53.5,4.930767,0.023066588,-2.533433,-0.0073357373,0.022469623,0.0021105248,0.014777594,0.0048732334,-0.007124617,0.0009649137817217,-0.0022900979101685,-0.0001401841217392,-0.0035122938,-0.0016875408,-0.00042557882,15.3,0.5000267,0.729154,0.7289325,0.7288266,0.7289285,1
53.6,4.9267836,0.02733274,-2.5314496,-0.00843873,0.02344256,0.0018292549,0.004839542,-0.0008069732,-0.016223637,0.0006433491030462,-0.00244823287839,-0.0001784663247646,-0.004159645,-0.0013194486,0.00031656906,15.3,0.5000267,0.72850543,0.7295013,0.7288104,0.7288189,1
53.7,4.923551,0.031538688,-2.5307033,-0.008581709,0.02390823,0.0011847533,0.012583434,-0.0058017266,-0.0049727964,0.0003523192199667,-0.0026701894664368,-0.0001679841452786,-0.0020866431,-0.0027263646,-0.0008304595,15.3,0.5000267,0.7290675,0.72854275,0.7287926,0.7285909,1
53.8,4.9217067,0.0351871,-2.530916,-0.0074379877,0.023940085,0.00031223375,0.0133258365,-0.0047760583,-0.0083334735,0.0001113027374178,-0.0028068919180366,-0.000109940413971,-0.0019522996,-0.0011840523,-0.00011063247,15.3,0.5000267,0.7285724,0.72848135,0.72874594,0.7281655,1
53.900000000000006,4.9210796,0.038899623,-2.5316691,-0.0054389294,0.023541188,2.9589864e-05,0.015893012,-0.011212299,-0.0052968967,-2.810771106917749e-05,-0.0027903484192749,3.9311984330764864e-05,-0.00093044824,0.0016919989,0.0009460688,15.3,0.5000267,0.72850335,0.7282418,0.7285571,0.7284093,1
54.0,4.9208674,0.04211526,-2.532902,-0.0036428792,0.022778455,-0.00027095468,0.007342875,-0.0178186,0.0010966322,-9.743071142992904e-05,-0.0026252502266092,0.0001855423371373,0.00066684687,0.002262287,0.0006925672,15.3,0.5000267,0.7284925,0.72790396,0.7285202,0.7283557,1
54.1,4.9204726,0.045561343,-2.5345078,-0.0018927659,0.022313243,-0.0005363631,0.015012213,-0.010989067,0.0044517214,-0.0001030899775911,-0.0023501817668698,0.0002833425375151,0.00046084356,0.0029307848,0.0003174851,15.3,0.5000267,0.72828215,0.7278618,0.72840714,0.7283708,1
54.2,4.91983,0.048941344,-2.5364444,-0.0014935131,0.021818833,-0.00065772294,0.0121351415,-0.021003619,0.011473893,-7.613840148205581e-05,-0.0020717058456078,0.0003113724320533,-0.00014347926,0.002448916,-0.0003140226,15.3,0.5000267,0.72795624,0.72811776,0.72836,0.72832125,1
54.3,4.9188333,0.05281841,-2.5389297,-0.0015201004,0.021647519,-0.00083277706,0.0009274599,-0.0129359625,0.0028191132,-7.505130012987546e-05,-0.001873578293404,0.0002853788391921,0.00050742517,0.002288195,0.00035805287,15.3,0.5000267,0.7278433,0.72817886,0.72785825,0.72867626,1
54.400000000000006,4.917143,0.056283973,-2.5410028,-0.0022914934,0.021605365,-0.0009962779,0.006566323,-0.013113201,0.0017271376,-0.0001122496991836,-0.0017979852833892,0.000193507300168,-0.0013736708,-0.00034817582,-0.00098683,15.3,0.5000267,0.72793067,0.72809696,0.72811085,0.7281266,1
54.5,4.9144487,0.059231374,-2.5430157,-0.004022192,0.021140775,-0.0011386083,0.0019523121,-0.008811795,0.006204005,-0.0001895091897497,-0.0018232508321976,4.3679418320144095e-05,-0.0013630379,-0.0018241432,-0.0003599361,15.3,0.5000267,0.72766864,0.7284086,0.72803235,0.72792685,1
54.6,4.9109898,0.062451314,-2.5451777,-0.005579932,0.020847952,-0.0009751855,0.0060563413,-0.008993905,0.011873896,-0.0001951933323313,-0.0020124033021768,-6.689431115381094e-05,-0.00059861975,-0.002986259,-3.143176e-05,15.3,0.5000267,0.7279699,0.7282069,0.7282505,0.7277348,1
54.7,4.907379,0.06614697,-2.5468035,-0.006880417,0.021011654,-0.0008033183,0.005822547,-0.010497908,0.004677567,-0.0002321082723317,-0.0022895889222348,-0.0001951066263505,-0.000358972,-0.004548714,-0.0007138684,15.3,0.5000267,0.72862756,0.7278528,0.72810286,0.72771496,1
54.8,4.904033,0.06980179,-2.5480347,-0.007464197,0.021309273,-0.0005849533,0.015740989,-0.013919463,0.011841766,-0.000301844064679,-0.002551296208108,-0.0002222115343977,-0.0014141492,-0.004277538,0.0005352412,15.3,0.5000267,0.7285393,0.72797793,0.72831553,0.727696,1
54.900000000000006,4.900459,0.07385225,-2.5496304,-0.0077734515,0.021451002,-0.00041266653,0.0065745674,-0.012267208,0.0073383558,-0.0003907671051154,-0.0027234082177743,-0.0002287746686057,-0.0016918118,-0.0016729218,-0.0005112424,15.3,0.5000267,0.7283222,0.7283159,0.7283051,0.72773623,1
55.0,4.8972898,0.07766232,-2.5507112,-0.0075526866,0.021206558,-0.00051999156,0.011016278,-0.018413473,-0.0018607824,-0.000496816060502,-0.0028610861372833,-0.000189924176015,-0.0021283976,-0.001040093,-0.000552358,15.3,0.5000267,0.7279731,0.7285079,0.72837764,0.7276935,1
55.1,4.894444,0.0812741,-2.551349,-0.007251941,0.020470487,-0.00029886715,0.012205031,-0.012200406,0.005048699,-0.0005966962206888,-0.0029292489912252,-0.0001339053967478,-0.0005597097,-0.0005121219,0.00045269253,15.3,0.5000267,0.72826666,0.7282072,0.72818255,0.7280941,1
55.2,4.8920116,0.083807684,-2.5515683,-0.0064186044,0.019250534,0.00017608472,0.013855649,-0.020166913,0.0017364508,-0.0006232238361071,-0.0029320303524045,-9.78296131085573e-05,0.00037384202,-0.00019392384,0.00092678925,15.3,0.5000267,0.7285538,0.7281705,0.72844625,0.728176,1
55.3,4.88962,0.08579355,-2.5514002,-0.005725842,0.017313657,0.00031759366,0.018948669,-0.012266722,-0.0012186355,-0.0005578372690635,-0.002859159401779,-4.312216941531354e-05,0.0016967433,0.0015967292,0.0005899321,15.3,0.5000267,0.72827107,0.72842246,0.72830015,0.72853714,1
55.400000000000006,4.887311,0.0869836,-2.5512745,-0.0051966324,0.015330705,0.00045510504,0.016967187,-0.022519212,0.00026589257,-0.0003921423998044,-0.0027772668239357,-4.377980272212845e-05,0.0016303255,-0.00024685104,0.001660965,15.3,0.5000267,0.72837013,0.7284742,0.72887194,0.7279984,1
55.5,4.884866,0.08745795,-2.5511029,-0.0048338026,0.0130664,0.0006025624,0.015179069,-0.010492638,0.0011017545,-0.0001663084247487,-0.0026835944600503,-2.4621789999183885e-05,0.0027624462,1.3738347e-05,0.00029843254,15.3,0.5000267,0.72834957,0.7285166,0.7288094,0.7282434,1
55.6,4.8823543,0.087581225,-2.55024,-0.004631088,0.011231858,0.00088545826,0.012289222,-0.0020293058,-0.0035846604,0.0001494437816403,-0.0026149116325749,-2.6660666667916888e-05,0.0031489632,7.868206e-05,0.0006095524,15.3,0.5000267,0.72853166,0.7285337,0.7286399,0.72859854,1
55.7,4.880367,0.087473646,-2.5495672,-0.004597788,0.009705626,0.00063218485,0.00806587,-0.0048159906,-0.00063749024,0.0004315492330509,-0.0025795057603231,-3.2812392546903915e-05,0.0025081062,-0.00039629068,0.0005016064,15.3,0.5000267,0.7285501,0.72841203,0.72877944,0.7283076,1
55.8,4.8793764,0.087262936,-2.5500534,-0.0038760006,0.0086375475,7.834355e-05,0.009737888,-0.0013533506,-0.0050170342,0.0006706660994578,-0.0025955223543219,-1.6394601835828487e-05,0.0017347845,-0.00016107433,-0.0007019859,15.3,0.5000267,0.7281566,0.72850853,0.7285646,0.7281778,1
55.900000000000006,4.8790226,0.08713536,-2.5504913,-0.002519982,0.007800948,-0.00022921417,0.01919282,0.008400698,-0.0014374963,0.0008633707126699,-0.0025552190577921,2.390981558826632e-05,0.0017628141,0.0004187243,0.00038790182,15.3,0.5000267,0.72841406,0.728094,0.7284451,0.7281144,1
56.0,4.879355,0.08765749,-2.5507717,-0.0010793337,0.007792886,-0.0003401145,0.0011584924,0.0036116124,0.0002630986,0.0010263626148713,-0.0024342216066489,5.7640408254843374e-05,0.0004436181,0.00054031814,-0.0011030248,15.3,0.5000267,0.7284533,0.7280333,0.72869056,0.7277035,1
56.1,4.8798227,0.08876127,-2.5515995,6.5109736e-05,0.008563788,-0.0002833489,0.008795612,0.004632749,0.009501352,0.0010714091602481,-0.0022058329878904,0.0001077155324025,-0.0006972073,0.0025631713,0.00010082827,15.3,0.5000267,0.72812176,0.72829974,0.7281094,0.7283409,1
56.2,4.880107,0.08962303,-2.5531101,0.00077217113,0.008941681,-0.0007513553,0.008526822,-0.007938726,0.011597759,0.0009930085507025,-0.0020109650925748,0.0001567673312662,-0.0021889794,0.0015404001,0.00064335717,15.3,0.5000267,0.7277398,0.7283112,0.7284181,0.7278739,1
56.3,4.8805614,0.09046442,-2.5550578,0.0013007041,0.009021497,-0.000996908,-0.000240022,-0.003415859,0.012059229,0.0008830349818473,-0.0018320472770928,0.0001612602060973,-0.001982901,0.0015725628,0.00093425927,15.3,0.5000267,0.72772294,0.7281453,0.7283325,0.72778463,1
56.400000000000006,4.881175,0.091399156,-2.556721,0.0014497677,0.009332581,-0.0009872961,0.0039824187,-0.00073911855,0.013884156,0.0008179174614043,-0.0017018719390742,0.0001428918813152,-0.0016925783,-3.4558496e-05,-0.00028238908,15.3,0.5000267,0.72771925,0.7281683,0.7283974,0.7276661,1
56.5,4.8815536,0.09209531,-2.5582943,0.0008129798,0.009204209,-0.00088488526,-0.001650078,0.0041579357,0.008979811,0.0007222622308578,-0.0016277115288646,0.0001250997973353,-0.00071169296,0.00041553823,0.00013320122,15.3,0.5000267,0.7277869,0.7280885,0.7279691,0.72817737,1
56.6,4.8822165,0.09230076,-2.5591664,0.00014626709,0.008317052,-0.0006338867,0.00049391924,0.0021173186,0.009446404,0.0006602841771938,-0.0016427789030311,7.703966238285437e-05,0.00057270407,-0.0005838593,-0.00055519637,15.3,0.5000267,0.7279252,0.72817683,0.7279862,0.7281866,1
56.7,4.8832574,0.09271148,-2.558723,3.0330153e-05,0.0076074176,-0.00033600847,-0.0023259271,-0.0037881513,0.004933681,0.0007198092704959,-0.0017316525062432,2.789508096323478e-05,0.0018320924,-0.0013940341,9.968906e-06,15.3,0.5000267,0.72849894,0.7278458,0.72799635,0.7282077,1
56.8,4.885276,0.093669735,-2.5578065,0.00065666914,0.0076436005,0.00010323034,-0.0033593585,0.0007008277,0.0016819685,0.0008072381510907,-0.0018054277873867,6.415279969850682e-05,0.0007043093,-0.00040349842,0.0005124509,15.3,0.5000267,0.72829616,0.7282231,0.72842747,0.72816163,1
56.900000000000006,4.8884535,0.09499997,-2.556462,0.0021593198,0.007764296,0.00047552807,0.01020026,-0.0021825016,-0.002954155,0.0008203728717141,-0.0017962852509281,6.036084495197333e-05,-0.00039872545,0.0015271008,-0.0021550409,15.3,0.5000267,0.72838634,0.72852033,0.7282747,0.72837114,1
57.0,4.891799,0.09638787,-2.554879,0.0036179812,0.008262199,0.0007589241,-0.0015270042,0.0003740208,-0.0031474044,0.0008175683748884,-0.00164825779544,0.0001121909132984,-0.0012181149,0.0015557669,-0.00037427145,15.3,0.5000267,0.7285012,0.7285006,0.72884613,0.72808844,1
57.1,4.895704,0.09736508,-2.5539231,0.005285586,0.008054425,-0.00764679,0.00557062,-0.0023662804,-0.31191063,0.0007243366548403,0.0007153706773351,0.0001563885363068,-0.0011192757,0.12966767,0.0003285315,15.3,0.5000267,0.7678956,0.7100867,0.76816696,0.7099109,1
57.2,4.898763,0.09783484,-2.5555384,-0.012278587,0.007643738,-0.029633218,-0.43497244,-0.00083684444,-0.13523082,0.0007094097611631,0.0492286190174252,0.0002067458409458,-0.0007838196,0.61058486,-0.00016673368,15.3,0.5000267,0.7247314,0.7366125,0.7255013,0.73610556,1
57.3,4.8963704,0.098614395,-2.559519,-0.08950463,0.0076840585,-0.032102853,-0.96997815,-0.0011354958,0.057552937,0.0007377103005117,0.1014183248183277,0.0002609156800852,0.00023198547,0.4120603,0.00026854075,15.3,0.5000267,0.7191773,0.73466617,0.71912736,0.73511475,1
57.400000000000006,4.8837733,0.099898785,-2.562678,-0.19859259,0.008204269,-0.02328381,-1.223463,-0.006139833,0.10518543,0.0007998964026869,0.1281393942109246,0.0003241746025674,0.00021453673,0.15748882,-0.0005844913,15.3,0.5000267,0.7209264,0.7323077,0.7210247,0.73244375,1
57.5,4.858264,0.101679385,-2.564587,-0.32214764,0.008718466,-0.012603536,-1.2887957,-0.004505273,0.104023136,0.0007848548087497,0.1337566775889395,0.0005351375393657,-3.228106e-05,-0.014190573,8.566748e-05,15.3,0.5000267,0.7251665,0.729922,0.7250006,0.7304059,1
57.6,4.8153014,0.103651546,-2.565999,-0.45574856,0.00919078,-0.0033702226,-1.2181967,-0.0021854676,0.072645016,0.0007666974175149,0.1266614172667317,0.0009766872797293,0.0003887474,-0.10893591,-0.00013720032,15.3,0.5000267,0.7278026,0.7289849,0.72779554,0.73011225,1
57.7,4.756698,0.10598575,-2.566483,-0.5791181,0.009777176,0.0023382101,-1.0647128,-0.0044089397,0.032128297,0.0007157041781542,0.1132229704007908,0.0014414844113316,0.00014738881,-0.15189886,-0.00085052627,15.3,0.5000267,0.73009515,0.7275257,0.73031867,0.72913754,1
57.8,4.6905036,0.10855598,-2.5661054,-0.678512,0.010185881,0.005003566,-0.91064894,-0.0049194684,0.0043818722,0.00065420748882,0.0974718869648165,0.0019320331275679,0.00037443457,-0.162231,-0.0012730383,15.3,0.5000267,0.730619,0.7269594,0.7312514,0.7290657,1
57.900000000000006,4.607848,0.11197205,-2.5646245,-0.7697075,0.0111958925,0.0065395595,-0.7387655,0.002378152,0.0006561167,0.000581980136394,0.0818294916525218,0.0021532979999162,-0.00031303533,-0.15371425,-0.003904004,15.3,0.5000267,0.73128164,0.72640216,0.73195046,0.72861797,1
58.0,4.524069,0.115540974,-2.5629535,-0.8382803,0.0122944545,0.006559122,-0.5931223,-0.0030011495,-0.002354849,0.0004525106679436,0.0675352865013647,0.0021701019630759,-0.0016282115,-0.13657418,-0.003952851,15.3,0.5000267,0.7312528,0.72619295,0.7318613,0.72825545,1
58.1,4.4274473,0.12039132,-2.561811,-0.89733195,0.014064584,0.0062260577,-0.45823234,-0.011981334,-0.0035255214,0.000282733062363,0.0551570771936296,0.0018755787101235,-0.0030201348,-0.114692055,-0.0043159714,15.3,0.5000267,0.7312138,0.72629595,0.73177314,0.7275839,1
58.2,4.334209,0.12527579,-2.5608196,-0.9396346,0.01618103,0.0054909904,-0.3590352,-0.0023966087,-0.0032577661,1.5282697057129577e-05,0.0448913630608231,0.0013863420304289,-0.0034997072,-0.09325412,-0.005463828,15.3,0.5000267,0.7315015,0.72613317,0.73070323,0.72756684,1
58.3,4.2301903,0.13074818,-2.5598588,-0.97431666,0.017801594,0.004998466,-0.2632751,-0.012837218,-0.010402407,-0.0003788103591282,0.03658223605954,0.0008337368788424,-0.005210257,-0.074375965,-0.0058468464,15.3,0.5000267,0.7313976,0.7266731,0.73071295,0.726654,1
58.400000000000006,4.132651,0.13624923,-2.5585551,-0.9980183,0.019308753,0.0047544534,-0.1988559,-0.014045364,-0.0091074025,-0.0007647074543673,0.0300616645385686,0.0002585800053359,-0.0041529746,-0.05827712,-0.004790926,15.3,0.5000267,0.7320265,0.7265189,0.7304655,0.72620195,1
58.5,4.0341854,0.14221127,-2.5565517,-1.0154575,0.020407619,0.0045178775,-0.15121181,-0.02015701,-0.0014812684,-0.001130843641285,0.0250633637799653,-0.0002371231638721,-0.0035296988,-0.042842533,-0.0034740414,15.3,0.5000267,0.73191357,0.7268461,0.7296212,0.72671306,1
58.6,3.9272468,0.14935954,-2.5541677,-1.028726,0.021672493,0.0042406283,-0.10691871,-0.02359682,-0.0055050473,-0.0014522836774833,0.0213163644560832,-0.0007531746245052,-0.0043372107,-0.03199125,-0.0021077574,15.3,0.5000267,0.73188585,0.7271171,0.72969747,0.7262714,1
58.7,3.8207502,0.15658146,-2.5516088,-1.0373719,0.022740236,0.004075775,-0.08430737,-0.027418267,-0.008803326,-0.0017791929681171,0.0185337928813332,-0.0011587273477486,-0.0037441493,-0.022849103,-0.0011251839,15.3,0.5000267,0.7321492,0.72705764,0.7294676,0.7263096,1
58.8,3.7225163,0.1634684,-2.5490901,-1.0424079,0.023548493,0.0042437143,-0.06108639,-0.028978722,-0.0065043564,-0.0020809170174481,0.0165952412977183,-0.0014585006604846,-0.004261961,-0.014995866,-0.00037281588,15.3,0.5000267,0.7317832,0.7276922,0.72957397,0.726364,1
58.900000000000006,3.6155882,0.1710586,-2.5463593,-1.0464342,0.024277467,0.004396853,-0.035630208,-0.031581488,-0.00676047,-0.0023630904811266,0.0152580776437573,-0.001631011745289,-0.0038413561,-0.009964634,0.0023453054,15.3,0.5000267,0.7318573,0.7276244,0.72937334,0.7269448,1
59.0,3.5172968,0.17768599,-2.544453,-1.0485808,0.024391575,0.003996856,-0.03537097,-0.03392655,-0.018206423,-0.0026004526340376,0.0142923010030923,-0.0016751742765254,-0.0034063144,-0.0072096917,0.003334203,15.3,0.5000267,0.73160607,0.7275656,0.72980607,0.7266197,1
59.1,3.4113424,0.18429655,-2.543017,-1.0499153,0.023967851,0.00346544,-0.024894105,-0.03734892,-0.0013317912,-0.0028016585616405,0.013584099650879,-0.0015136870289223,-0.0029720215,-0.005594482,0.004104345,15.3,0.5000267,0.7315601,0.72688437,0.72999567,0.7266881,1
59.2,3.3138788,0.18985261,-2.5416653,-1.050018,0.02303434,0.0030912901,-0.014294123,-0.029693004,-0.010899267,-0.002917042991631,0.0131050037527239,-0.0012566746064817,-0.0027291747,-0.004116285,0.003608439,15.3,0.5000267,0.73118544,0.7267889,0.73054826,0.7264056,1
59.3,3.2085176,0.1950597,-2.5403464,-1.0498396,0.021232478,0.0026828195,-0.018235946,-0.03746731,-0.0111311665,-0.0029042683488743,0.0128042023435912,-0.0009157638104225,-0.0005626438,-0.0017721326,0.003671732,15.3,0.5000267,0.7309355,0.72652215,0.7301671,0.7270495,1
59.400000000000006,3.1110907,0.19893734,-2.5393107,-1.0495836,0.019144205,0.0025007287,-0.020708956,-0.029397648,0.0018221325,-0.0028087720676578,0.0126452248331843,-0.0004711264779221,0.0011373791,-0.00015105528,0.003745181,15.3,0.5000267,0.7306394,0.72619504,0.73015475,0.727553,1
59.5,3.0138278,0.20218782,-2.5385697,-1.048918,0.017012525,0.0021338733,-0.014072185,-0.034658622,0.003820285,-0.0026073376674534,0.0124926692068602,-6.395973595369763e-05,0.0018906706,-0.0010761309,0.0033654142,15.3,0.5000267,0.7305392,0.7257929,0.7305756,0.7273324,1
59.6,2.9091597,0.20451234,-2.5385485,-1.0472263,0.014248481,0.0015534579,-0.018414764,-0.03080576,0.0003916211,-0.0023500048511277,0.0123908764703187,0.0003199225237005,0.0039270255,-0.0003588517,0.002807736,15.3,0.5000267,0.73049945,0.72528,0.730329,0.727565,1
59.7,2.8050265,0.20571876,-2.538844,-1.0451725,0.011109755,0.0008898019,-0.013512398,-0.026909333,-0.0045811753,-0.0020119193707549,0.0124319093424001,0.000644780543222,0.0039371606,0.0021424433,0.0014219454,15.3,0.5000267,0.72971994,0.72558135,0.7303082,0.72745645,1
59.8,2.7087364,0.20643035,-2.5389402,-1.0436983,0.008480228,0.00064172386,-0.012465836,-0.025046496,0.0032740643,-0.0016221043901413,0.012554251882166,0.0008393582298667,0.0060808803,0.0027948515,0.00091110397,15.3,0.5000267,0.7301343,0.7250882,0.72958946,0.7279099,1
59.900000000000006,2.6047237,0.20730704,-2.5390115,-1.042129,0.006594951,0.0007203772,-0.017886788,-0.018245226,0.00018253921,-0.0011936067494792,0.0126707156153505,0.0009484484922711,0.004723892,0.0017552035,-0.0007211219,15.3,0.5000267,0.7302851,0.7251064,0.7299096,0.72758955,1
60.0,2.5089972,0.20805664,-2.5389237,-1.0407444,0.005388356,0.0007950405,-0.01853245,-0.010423375,0.0023609025,-0.0008390202939154,0.012788031758803,0.0009663728519819,0.0026054643,0.001370922,-0.0016922231,15.3,0.5000267,0.7301814,0.7254415,0.7303112,0.7270643,1
60.1,2.4050517,0.20855653,-2.538324,-1.0395918,0.0042548017,0.0008349362,-0.02432441,-0.011451627,-0.0053411345,-0.0005832029080741,0.0128829485202389,0.0008930867621884,0.0024609321,0.0009338297,-0.0025597168,15.3,0.5000267,0.73057675,0.725407,0.7300973,0.7270516,1
60.2,2.308485,0.20875387,-2.5378942,-1.0390893,0.003476352,0.00093713927,-0.024623655,-0.008939119,0.004476867,-0.0003952550100915,0.0129873676431694,0.0007895805858104,0.001932559,0.000862897,-0.0013309063,15.3,0.5000267,0.7306923,0.7255793,0.7299641,0.7270197,1
60.3,2.2028785,0.20879534,-2.5369263,-1.0392503,0.002615947,0.0015051917,-0.018377787,-0.001911007,0.0033918766,-0.000267954499612,0.0130118206558709,0.0006402027853569,0.0018665865,0.0006452914,-0.003275494,15.3,0.5000267,0.7307249,0.7261413,0.7297448,0.7273011,1
60.400000000000006,2.1050274,0.20884354,-2.5359178,-1.039461,0.0017338481,0.0015810251,-0.020109087,-0.007003501,-0.0013518146,-0.0001605600993742,0.0129031517079989,0.0004642702087633,0.0012929536,-0.00056998135,-0.0024018856,15.3,0.5000267,0.73090434,0.72637534,0.7297401,0.7271455,1
60.5,2.006839,0.20901108,-2.5347717,-1.0397503,0.0012096086,0.0015309468,-0.017445337,-0.0026647977,-0.006822403,-2.6670336642477112e-05,0.0127459461872434,0.0003082104979509,0.0020280106,-0.0014250268,-0.00254515,15.3,0.5000267,0.73132676,0.7261259,0.72949183,0.72724175,1
60.6,1.9000838,0.20903285,-2.5335643,-1.040221,0.0004172717,0.0012874071,-0.009509323,-0.0009970663,-0.0016749835,8.184686112404424e-05,0.0125862618474824,0.0001816465061217,0.0015916143,-0.00083325175,-0.0017559262,15.3,0.5000267,0.73096406,0.7264379,0.7294051,0.7271684,1
60.7,1.7934668,0.2091135,-2.533205,-1.0403687,-3.8193743e-05,0.00088272826,-0.015787467,-0.0027239593,-0.0014728865,0.000185067348691,0.0123642461119346,9.611792038332968e-05,0.0013859678,-0.0011159242,-0.0011668262,15.3,0.5000267,0.73096883,0.72626877,0.7292171,0.72712547,1
60.8,1.6950434,0.20914452,-2.5331705,-1.0403969,-0.00028054818,0.00062220515,-0.011877396,-0.002654069,4.144385e-05,0.0002679433075967,0.0121786095415991,5.333592213200596e-05,0.00020978204,-0.00075148145,-0.0008011102,15.3,0.5000267,0.7305667,0.72645944,0.72954524,0.7267151,1
60.900000000000006,1.5881848,0.20906179,-2.533232,-1.0402669,-0.0008279724,0.000801457,-0.0043625804,-0.0027649594,0.0075930725,0.0003227847660737,0.0120122075150705,3.383356320972575e-05,-0.00024083036,-0.0010494153,-0.0010793649,15.3,0.5000267,0.73058766,0.7264922,0.7297929,0.7265915,1
61.0,1.4899517,0.20869707,-2.5327027,-1.0397757,-0.0012514256,0.00071129063,-0.0033907525,-0.002664371,-0.0081588505,0.0003995870717106,0.011848028146609,2.3938433226046668e-05,0.0015376786,-0.0008859584,-0.0007264073,15.3,0.5000267,0.7310189,0.72603226,0.7295083,0.7269175,1
61.1,1.3842688,0.20851581,-2.5318847,-1.0386175,-0.001410669,0.0008002347,-0.0077096913,0.008351674,0.00072270626,0.0004883868844603,0.0117415629075551,6.579074580877008e-05,0.0007751002,-0.00079645717,-0.00033915121,15.3,0.5000267,0.7310347,0.7259169,0.7300215,0.7266369,1
61.2,1.2870427,0.20871015,-2.531326,-1.037464,-0.0010970222,0.0008989975,-0.0026422166,0.0032973224,0.0047264616,0.0005301678615955,0.0117169736551472,0.0001166624927872,0.0006729617,0.00057963136,-0.00055120105,15.3,0.5000267,0.7309573,0.72602147,0.7296108,0.7272104,1
61.3,1.1815702,0.2091674,-2.5309443,-1.0364032,-0.00084174593,0.00082048256,0.0004681933,-0.0014473941,0.0057341526,0.0005537564357396,0.0117605814303368,0.0001596012701523,0.0012438009,0.00020202826,0.00011274268,15.3,0.5000267,0.7313279,0.72561157,0.7296191,0.7271318,1
61.400000000000006,1.0836892,0.20958297,-2.5307217,-1.036117,-0.00072133966,0.0006544846,-0.008267463,0.0006221863,-0.0003231689,0.0004989108049734,0.0118127285560463,0.0002144572858243,-0.0006333373,0.0011446128,-0.00085086713,15.3,0.5000267,0.73056006,0.72622156,0.72973084,0.72707987,1
61.5,0.98509777,0.20974177,-2.5305705,-1.0366229,-0.0008105273,0.0006812083,-0.008172238,0.0068457504,-0.004966743,0.0004592248139371,0.0117887751829873,0.0002418970237464,-0.00015121207,-0.0012572976,-0.00029437323,15.3,0.5000267,0.73087734,0.72584134,0.7299375,0.7269936,1
61.6,0.87801147,0.20966817,-2.5296652,-1.0369319,-0.0010206087,0.00076980743,-0.0012704767,0.0029487705,0.0040484588,0.00042797252243,0.0116562595169153,0.0002248967948718,0.00017338099,-0.0017761536,-0.00049421354,15.3,0.5000267,0.7309011,0.7259338,0.7297573,0.72720206,1
61.7,0.7707389,0.20960912,-2.5287025,-1.0373073,-0.0014449026,0.0008659078,-0.0066783535,-0.0007098443,-0.00640843,0.000460654364131,0.0114924738340844,0.0002006734707409,0.00087927666,-0.0012686166,-0.00028897802,15.3,0.5000267,0.73082465,0.7261345,0.72967595,0.72735065,1
61.8,0.6714786,0.20963481,-2.5285096,-1.0377973,-0.0018411946,0.00077219604,0.00035698756,-0.000114316885,-0.0080405725,0.0005130712578922,0.011313606224548,0.000211434399416,0.001273993,-0.0023770751,-0.00045767703,15.3,0.5000267,0.73093665,0.7258949,0.7298948,0.7271597,1
61.900000000000006,0.5635736,0.20942917,-2.528901,-1.0383718,-0.002054122,0.0005752622,0.0051561906,0.002071988,-0.0002812594,0.0005754311019698,0.0111057425400577,0.0002146905007178,0.00043946697,-0.002375926,-0.0018954461,15.3,0.5000267,0.7306857,0.7260747,0.7299669,0.72695637,1
62.0,0.4634616,0.2084934,-2.529616,-1.0390141,-0.003026328,0.0004988448,0.008045022,0.0104170265,-0.0025550833,0.0006367086936508,0.0108726280924797,0.0001883780032413,0.00083957985,-0.0027057647,-0.0002689777,15.3,0.5000267,0.7305698,0.72617894,0.73002374,0.7268454,1
62.1,0.35448784,0.20695417,-2.5308359,-1.0398164,-0.004365583,-0.00544293,0.001569755,0.0011992776,-0.2619135,0.0007255560820879,0.0095894452759236,8.854028446522232e-05,0.0023012874,-0.074371085,-0.0005240211,15.3,0.5000267,0.7095806,0.7671277,0.7082185,0.7682654,1
62.2,0.25403738,0.20544168,-2.5346355,-1.0251844,-0.0051775794,-0.02702153,0.39889297,0.003313236,-0.12984498,0.0008819012464847,-0.035171277522486,-4.858402188212648e-05,0.0006199729,-0.6106941,0.00012481611,15.3,0.5000267,0.7372681,0.7240956,0.7366876,0.7240247,1
62.3,0.15010951,0.20379262,-2.5406244,-0.95160484,-0.0058733122,-0.03032353,0.9567449,0.0062331297,0.05135871,0.0010628125730586,-0.0890474538692906,-0.0001927652177922,0.0020655585,-0.4375354,-0.0005923514,15.3,0.5000267,0.7380776,0.71600693,0.7366069,0.7165447,1
62.400000000000006,0.06430839,0.20302713,-2.5458527,-0.8439278,-0.0057893274,-0.021937251,1.2292256,0.008763036,0.122604415,0.0011970679173983,-0.1178837242134397,-0.0002997034495562,0.00080086046,-0.1761013,-0.00040889622,15.3,0.5000267,0.73474145,0.7185916,0.7339827,0.71850014,1
62.5,-0.008277644,0.20295304,-2.5495296,-0.7196115,-0.0050808173,-0.011184527,1.2957017,0.009756813,0.11749798,0.0012496766351594,-0.1248748882454257,-0.0005819283809848,-0.00011939971,0.0041784644,0.00033310376,15.3,0.5000267,0.7328326,0.72266203,0.73140574,0.72318673,1
62.6,-0.07033423,0.20329373,-2.5516798,-0.58294386,-0.004254394,-0.0021707849,1.232052,0.015580054,0.075425014,0.0011959198696177,-0.1184623737273975,-0.0012240283595327,-0.0013036974,0.10576732,0.00087416737,15.3,0.5000267,0.7321881,0.7257899,0.73084474,0.72555494,1
62.7,-0.116306245,0.20326029,-2.5528316,-0.45626032,-0.004132689,0.0036964174,1.0901146,0.002505888,0.038365364,0.0010503590907399,-0.1051733586362629,-0.0018502892714532,-0.0006740071,0.1531435,0.0018070533,15.3,0.5000267,0.73140454,0.7284548,0.72956496,0.7278964,1
62.8,-0.14714026,0.20283201,-2.5528653,-0.3540314,-0.004613871,0.0064734067,0.9246759,0.006745975,0.018570105,0.000929087960333,-0.0892390203767621,-0.0022767606659797,-0.00066698075,0.16498949,0.002648213,15.3,0.5000267,0.73112637,0.72978526,0.72944486,0.7283673,1
62.900000000000006,-0.1706767,0.20185919,-2.5519657,-0.2611224,-0.005682984,0.007551762,0.7531939,0.009497427,0.0010351649,0.0009072779151953,-0.0733183745281079,-0.002446308071226,0.0010581771,0.15577018,0.003940477,15.3,0.5000267,0.73076874,0.7302688,0.72875285,0.7291435,1
63.0,-0.1855877,0.200598,-2.5508983,-0.19162697,-0.0065774946,0.0072058532,0.6118164,0.005103118,-0.00989437,0.0009876860505872,-0.0587647366528742,-0.0023639231469443,0.0018697699,0.1383641,0.0052146153,15.3,0.5000267,0.7300815,0.73023814,0.7283539,0.7294323,1
63.1,-0.19639865,0.19812554,-2.5492935,-0.13203204,-0.0083409855,0.006678768,0.47697625,0.009578638,-0.017579643,0.0011235518927779,-0.0462691079800899,-0.0024640219166692,0.0023654993,0.115937196,0.0053761303,15.3,0.5000267,0.72964054,0.7301205,0.72853833,0.72921807,1
63.2,-0.2024684,0.19510394,-2.5477061,-0.088883504,-0.01033018,0.0063331816,0.36231148,0.0033070412,-0.00873953,0.0013440076010766,-0.0359372057935843,-0.0028398311767309,0.002704798,0.0935317,0.006289197,15.3,0.5000267,0.7293726,0.73017585,0.72883576,0.72870046,1
63.3,-0.20650338,0.19103466,-2.5463865,-0.053592425,-0.0126237795,0.005341236,0.282892,0.01729078,-0.00839075,0.0016839412571537,-0.027619974194408,-0.0033823816441213,0.004509643,0.07482197,0.006209224,15.3,0.5000267,0.7293476,0.73004663,0.7278664,0.7288947,1
63.400000000000006,-0.20853208,0.18633686,-2.5455914,-0.02947372,-0.015230087,0.004417225,0.20783745,0.014168247,-0.014322809,0.0020965718907402,-0.0210760105105022,-0.0039725958989285,0.005305295,0.05639247,0.008263654,15.3,0.5000267,0.72974837,0.7294587,0.72795695,0.72804767,1
63.5,-0.20908833,0.18110958,-2.5447996,-0.011077411,-0.01743792,0.003934808,0.16642097,0.021940805,-0.0143013885,0.0025715367322449,-0.0161009483428644,-0.0044227724492596,0.007242923,0.043559667,0.008601206,15.3,0.5000267,0.7298619,0.72942704,0.7270558,0.7284821,1
63.6,-0.20886026,0.17505625,-2.5434134,0.0035970625,-0.019117981,0.003918359,0.12608343,0.025434481,-0.003446359,0.0030445772387283,-0.0123214399248012,-0.004616309500155,0.005530704,0.033072274,0.009578687,15.3,0.5000267,0.72966206,0.7297503,0.72742295,0.728184,1
63.7,-0.20834437,0.169003,-2.5419776,0.013526091,-0.020048881,0.003628536,0.08747842,0.032908782,-0.008074566,0.0034591503978279,-0.0094618947611226,-0.0044740155742754,0.004775394,0.025202576,0.011381037,15.3,0.5000267,0.7295064,0.72953534,0.72731596,0.7285643,1
63.8,-0.20808741,0.16411066,-2.54079,0.019567145,-0.020212403,0.0033069116,0.0664666,0.03196351,-0.005342997,0.0038060940856755,-0.0073907974943746,-0.0039817394171815,0.0042747227,0.016871445,0.01189241,15.3,0.5000267,0.7294481,0.7289648,0.7277323,0.7285577,1
63.900000000000006,-0.20852353,0.15964852,-2.539736,0.023266101,-0.018864995,0.0028464915,0.050181877,0.03658418,-0.004133675,0.0040145296058048,-0.0059262689067878,-0.0031640121743605,0.0024283007,0.011562923,0.011605455,15.3,0.5000267,0.72883296,0.7284837,0.72797483,0.7290669,1
64.0,-0.20951273,0.15580805,-2.539254,0.024761973,-0.017450426,0.002518189,0.039339833,0.028466415,0.0068633812,0.0040193420223982,-0.0049700938508293,-0.0022031342327088,-0.00026001493,0.0063135037,0.012984622,15.3,0.5000267,0.72807354,0.72807294,0.728796,0.7291486,1
64.10000000000001,-0.21101442,0.15193991,-2.5382276,0.025414072,-0.015926933,0.0024252618,0.032464236,0.03926843,-0.0010081566,0.0039263997597713,-0.0044034541871263,-0.0013187541253824,-0.0011842595,0.003666987,0.01074777,15.3,0.5000267,0.7276513,0.7278239,0.7292623,0.7293698,1
64.2,-0.21310726,0.14861795,-2.5366263,0.025129743,-0.014641962,0.0023884543,0.03315108,0.028748749,-0.00525685,0.0037710333829065,-0.0041413695124381,-0.0005451447297157,-0.0015698104,0.00018037019,0.008980441,15.3,0.5000267,0.7276564,0.72737175,0.7298163,0.72938514,1
64.3,-0.21581662,0.14581947,-2.534901,0.024433233,-0.013263417,0.0021159372,0.030690653,0.03094967,-0.0069579105,0.0036080606020764,-0.0040047331153051,6.917252308359363e-05,-0.0014734382,-6.140872e-05,0.006669781,15.3,0.5000267,0.72725546,0.7274686,0.7296402,0.72967154,1
64.4,-0.21975566,0.14356047,-2.5332384,0.022924138,-0.011130037,0.0019145833,0.027973711,0.024223587,-0.011068768,0.0034587267860064,-0.0039907600466961,0.0005403341998268,-0.0020052781,-0.0010779974,0.004438217,15.3,0.5000267,0.727285,0.7274207,0.7295649,0.72965,1
64.5,-0.22430651,0.14227796,-2.5319707,0.021490414,-0.009181197,0.002035627,0.03712313,0.029254403,-0.0013494863,0.0032186778728382,-0.0040906797280628,0.0009088399163753,-0.0019175644,-0.0039279233,0.0019354591,15.3,0.5000267,0.72805285,0.7268647,0.72970945,0.7295492,1
64.60000000000001,-0.229785,0.14137581,-2.530887,0.019890185,-0.006876715,0.0016396453,0.035306256,0.023586918,-0.004933681,0.002959014462917,-0.0042669131575237,0.0011047791313751,-0.0032880937,-0.003770876,0.0010554378,15.3,0.5000267,0.7275843,0.7274497,0.7295057,0.72928363,1
64.7,-0.2354735,0.14045061,-2.530761,0.018375006,-0.005212839,0.0012856667,0.037386004,0.022223283,0.00068917865,0.002651523967721,-0.0044557716347937,0.0011276960344346,-0.003913537,-0.0028108256,-0.00070801924,15.3,0.5000267,0.72722167,0.7280434,0.72932553,0.72893286,1
64.8,-0.24013862,0.13919765,-2.5313988,0.01746538,-0.0046201646,0.0006328664,0.034204982,0.009663722,-0.004815403,0.0023524184244435,-0.0046625968947163,0.0009748032480817,-0.0022344529,-0.001470134,-0.0016559719,15.3,0.5000267,0.7272771,0.72809,0.72866577,0.72874385,1
64.9,-0.24418151,0.13751161,-2.5317802,0.017597126,-0.004625483,0.00054556713,0.040884353,0.012051165,0.0020735895,0.0021751018563116,-0.0048187393018285,0.0007085827432734,0.0001322707,-0.0008640967,-0.001615215,15.3,0.5000267,0.7280408,0.7277864,0.72811073,0.7287882,1
65.0,-0.24704479,0.13551292,-2.5325313,0.018397717,-0.004962125,0.00039493875,0.036853895,0.01815441,0.0073043625,0.002134239478936,-0.0048465898916536,0.0003310164969557,0.0009083042,-0.001309965,-0.0023797587,15.3,0.5000267,0.7286316,0.7276944,0.72839624,0.7278294,1
65.10000000000001,-0.24917975,0.1330785,-2.533392,0.01980453,-0.005687899,0.00037473108,0.03529331,0.005048721,0.0044172625,0.0021530076057182,-0.0047725295272816,-3.30530291046363e-05,0.00049231795,0.00068630156,-0.0020593444,15.3,0.5000267,0.7282292,0.72850317,0.7282069,0.7276145,1
65.2,-0.25111452,0.13121036,-2.534196,0.020574175,-0.005950127,0.00053323474,0.035981636,0.0141051905,0.012365169,0.0022692221269787,-0.0045381334429455,-0.0003274909558177,0.0030941463,0.0016351326,-0.0019245893,15.3,0.5000267,0.729081,0.7279977,0.72760797,0.72807384,1
65.3,-0.2533476,0.1299705,-2.535023,0.020668684,-0.005686087,0.00063671183,0.026389716,0.023152769,0.003931112,0.0023731733639084,-0.0042972807103556,-0.0005174175578252,0.0006581648,0.0014894415,-0.0015688543,15.3,0.5000267,0.72847754,0.72884446,0.72792196,0.72767746,1
65.4,-0.25616655,0.12946202,-2.5361335,0.020453895,-0.004846306,0.00030930567,0.035811525,0.017470647,0.006213318,0.0024195891535053,-0.0041544795312561,-0.0005820566318695,8.141304e-05,-5.7388846e-05,-0.00052111223,15.3,0.5000267,0.72857815,0.7284717,0.7277198,0.72779036,1
65.5,-0.25901562,0.12971792,-2.5370638,0.019781552,-0.0036342703,0.00018279748,0.019189391,0.016700102,-0.00050524244,0.0023692629980849,-0.0040586858335608,-0.0005360105179543,-0.0017943613,-0.00028409014,0.0012502659,15.3,0.5000267,0.72818077,0.72859454,0.7279487,0.72770315,1
65.60000000000001,-0.26195166,0.13087891,-2.5378344,0.018886425,-0.0020423597,0.0004952787,0.021424089,0.008273522,0.0040582377,0.0022440188073448,-0.0040348656643819,-0.0004770916116073,-0.0021611084,-0.0009983424,0.0010997683,15.3,0.5000267,0.72841775,0.7284713,0.7281365,0.7277934,1
65.7,-0.2647537,0.13305032,-2.5385423,0.01839652,-2.3905224e-05,0.00052242476,0.028507687,0.008956511,-0.0025620682,0.0020501068261017,-0.0040953896785654,-0.0003374855275145,-0.0020416314,-0.0021137411,0.001265305,15.3,0.5000267,0.7286237,0.7280169,0.72829634,0.72797996,1
65.8,-0.26715022,0.13604955,-2.5396357,0.018182712,0.0021965893,0.00072600204,0.037454072,0.005225178,0.00666175,0.0017797780157092,-0.0041461054581504,-0.000174594714956,-0.0039028672,-0.0013604625,0.00084806024,15.3,0.5000267,0.72817206,0.72830784,0.7285596,0.7281122,1
65.9,-0.26907757,0.14010312,-2.5412977,0.018443538,0.0045002727,0.0007296396,0.025024544,0.008688332,0.002063345,0.0014673140726445,-0.0041548688035396,-7.308698942748838e-05,-0.0035304388,0.00018891289,0.00036302986,15.3,0.5000267,0.7282726,0.72819334,0.7282744,0.72846717,1
66.0,-0.26973617,0.14479688,-2.542729,0.019678378,0.0069748545,0.0006787447,0.0215015,-0.005929017,-0.0024833714,0.0010788975872875,-0.0041458281546093,-7.70909860508057e-06,-0.0059669735,0.00064320274,0.0016650488,15.3,0.5000267,0.72801787,0.7284005,0.7285962,0.7281593,1
66.10000000000001,-0.2697209,0.15116498,-2.5445757,0.021201154,0.010040541,0.00014682846,0.02614101,-0.007555079,0.0023562459,0.0006695570627005,-0.0039513768987973,3.488857897007604e-05,-0.0058166925,0.0024566737,0.0011806171,15.3,0.5000267,0.72799253,0.7281172,0.72826827,0.72821796,1
66.2,-0.2691493,0.15725712,-2.5466123,0.022814468,0.012485147,0.00011075148,0.020725558,-0.0068239504,0.007733702,0.0002055989468937,-0.0036795457595652,5.797202093319381e-05,-0.006861424,0.0029495724,0.00024962358,15.3,0.5000267,0.7277151,0.72830075,0.7284937,0.72801805,1
66.3,-0.26857868,0.16393109,-2.548366,0.023761109,0.0149168,0.00024422718,0.01950878,-0.01210647,0.009990762,-0.0002605872863589,-0.0033599188226518,1.4445166033888344e-06,-0.006060773,0.0023232794,7.709846e-05,15.3,0.5000267,0.72803944,0.728223,0.7285162,0.7279177,1
66.4,-0.26847938,0.17122053,-2.5501966,0.023836056,0.01696121,0.0001216564,0.012839188,-0.018689847,0.004853587,-0.0007391567594391,-0.0030441426508312,-4.649830153582992e-05,-0.0059144255,0.0025406703,1.4158691e-05,15.3,0.5000267,0.72795206,0.72827095,0.728083,0.72825754,1
66.5,-0.268841,0.17754216,-2.551492,0.02343872,0.017784743,0.00010633777,0.0160549,-0.026136674,0.011471099,-0.0011764969137949,-0.002844300107284,-6.680496355261452e-05,-0.0046430957,0.0011640897,0.0011001956,15.3,0.5000267,0.7278877,0.7282967,0.72814125,0.7282234,1
66.60000000000001,-0.26941878,0.18358867,-2.552291,0.022968588,0.017688502,0.0005152055,0.009057113,-0.019326914,-0.0038156284,-0.0014920824159697,-0.0027567257375402,-9.357868174519006e-05,-0.0024363236,-0.000688826,0.0004996938,15.3,0.5000267,0.72856534,0.7279594,0.7285235,0.728011,1
66.7,-0.26927012,0.18827146,-2.5529358,0.022947762,0.016062353,0.00074728247,0.016994622,-0.024443502,0.0018258578,-0.0016676815128151,-0.0027425657509571,-0.0001210796725816,-0.00074617297,-9.664907e-05,0.00053523056,15.3,0.5000267,0.72822994,0.7285215,0.7284527,0.72813547,1
66.8,-0.26851845,0.19147095,-2.5533185,0.023172492,0.013818919,0.0007790799,0.01102953,-0.03475344,0.00030966473,-0.0016285363137409,-0.0027033600594401,-0.0001203638367908,0.0010486984,-0.00038454353,-1.4503716e-05,15.3,0.5000267,0.7282989,0.72850287,0.7286844,0.72796285,1
66.9,-0.26719832,0.19365828,-2.5535727,0.023899784,0.0111244675,0.00079443585,0.015725335,-0.01884608,0.0016973353,-0.0014193856840377,-0.0026078552518508,-0.0001398326393284,0.0029725381,0.0006579633,-0.00015580506,15.3,0.5000267,0.7284441,0.72846067,0.72837627,0.72820234,1
67.0,-0.26551807,0.19464558,-2.5533795,0.02472521,0.008422307,0.0009975878,0.017256554,-0.026767338,0.0048819925,-0.0010846600395145,-0.0024598393337049,-9.54503353734194e-05,0.003984674,0.0017243131,-5.2426913e-08,15.3,0.5000267,0.72824204,0.7286854,0.7284885,0.72838145,1
67.10000000000001,-0.26317087,0.19549485,-2.5521615,0.025742017,0.006053957,0.0014288713,0.011006193,-0.017500628,-0.0029862856,-0.0006783041954677,-0.0022601457341098,-6.57626493715616e-05,0.004005973,0.0017504354,0.00090244797,15.3,0.5000267,0.7286256,0.72847253,0.7287899,0.72843957,1
67.2,-0.26086372,0.19645235,-2.5506895,0.026475701,0.0051486962,0.0015602692,0.0043700906,-0.016513575,-0.0109854145,-0.0002750935799882,-0.0020317875598724,-0.0001172866931054,0.0030807531,0.0022236605,0.0006890904,15.3,0.5000267,0.7286998,0.728673,0.72865313,0.728599,1
67.3,-0.25862154,0.19699216,-2.5494037,0.027002512,0.0043318816,0.0018389081,0.0071768686,-0.015594744,-0.0022565944,-1.7131716401268484e-05,-0.0017975904058084,-0.0001373164720362,0.0015173244,0.002760917,0.0010023989,15.3,0.5000267,0.728608,0.7289189,0.7286705,0.72885334,1
67.4,-0.2563071,0.19715787,-2.5477846,0.026993448,0.0034448488,0.0017637555,-0.0060395454,-0.005083489,-0.0006635673,0.00017137258647,-0.0015811283432433,-0.0001801982926514,0.002820334,0.0026985486,-4.475355e-06,15.3,0.5000267,0.7289378,0.72868544,0.72836757,0.7290778,1
67.5,-0.25407317,0.19730614,-2.5462341,0.026824433,0.0030224188,0.0017944246,-0.0013433978,-0.004363419,-0.00071944663,0.0003101425405827,-0.0014287752599626,-0.0002278703710044,0.00039364042,0.0008832797,0.00078114384,15.3,0.5000267,0.72876036,0.729018,0.72893006,0.7284942,1
67.60000000000001,-0.2520193,0.19702546,-2.5438852,0.026078787,0.0023151462,0.0019712052,0.0036191393,-0.0040618456,-0.012181698,0.0003999034529503,-0.0013167380878124,-0.0002235827380797,-5.394209e-05,0.0011703832,0.00053424155,15.3,0.5000267,0.72847587,0.7293939,0.7287973,0.72886,1
67.7,-0.2505881,0.19616032,-2.541472,0.024762418,0.0014134661,0.0018068773,-0.007365721,-0.0044972147,-0.014482996,0.0004866060420046,-0.0012576320351109,-0.0001869273988582,0.0014941918,-0.00017163427,0.0007283582,15.3,0.5000267,0.7289509,0.7288491,0.72879833,0.72891897,1
67.8,-0.24984598,0.19504213,-2.5394368,0.02314593,0.0004978648,0.0016462654,-0.004676163,-0.0070175645,-0.01018634,0.0005925586024254,-0.0013073165476132,-0.0001347097082337,0.001579826,-0.00044800967,0.001166462,15.3,0.5000267,0.7287314,0.7289485,0.7285638,0.72912705,1
67.9,-0.24947338,0.19329755,-2.5377975,0.02101106,-0.00076349353,0.0010879203,-0.003630946,-0.0007997557,-0.004206318,0.0007331326175809,-0.0014397476772321,-5.513104957080717e-05,0.0019378281,-0.0027127038,-0.00027150987,15.3,0.5000267,0.72875524,0.7285197,0.7289377,0.72857517,1
68.0,-0.24928918,0.19141322,-2.5366533,0.019338341,-0.0019070206,0.00063797995,0.0004934818,-0.0015557911,-0.010792165,0.0009175459066101,-0.0016310546105627,-1.8964800894486394e-05,0.003185192,-0.00247811,4.9238326e-05,15.3,0.5000267,0.72866595,0.72842026,0.7282996,0.7289268,1
68.10000000000001,-0.24859194,0.18931206,-2.536587,0.018216312,-0.0027794098,0.00035119525,0.0013417766,0.0024835174,-0.0013909301,0.0010933510096808,-0.0018692277903271,7.069449957706853e-06,0.001667137,-0.0025819961,0.00059876003,15.3,0.5000267,0.7284276,0.7285604,0.7286772,0.72836393,1
68.2,-0.24721436,0.18753974,-2.5373006,0.018094296,-0.0035229733,-0.0002368052,0.0051404857,0.0040715463,0.003728084,0.0012606356875492,-0.0020537009953253,6.436624446458556e-05,0.0012570691,-0.0012533214,-8.948913e-05,15.3,0.5000267,0.7280915,0.7284212,0.72846085,0.7283353,1
68.3,-0.24577883,0.18587849,-2.538943,0.01785832,-0.00415211,-0.0009590741,0.0017401353,0.001669336,-0.0020987352,0.0014382446627072,-0.0021282536090247,8.96425072913069e-05,0.0020100586,-6.962013e-05,0.00011417268,15.3,0.5000267,0.7279198,0.7281599,0.7280943,0.72824985,1
68.4,-0.24377756,0.1844413,-2.5420868,0.01808679,-0.0042439983,-0.0016863648,0.0017666415,0.0031959352,0.0023441387,0.0015946117353647,-0.0021132671381931,9.72912003204656e-05,0.0020831067,0.0009627411,0.0004231434,15.3,0.5000267,0.72771186,0.7278721,0.72773093,0.7281653,1
68.5,-0.24123773,0.18340272,-2.545464,0.01890952,-0.0037752448,-0.002050038,0.0013054414,0.009389686,0.014430377,0.0016470909897117,-0.0020679680369121,0.0001134972473358,-0.00024556374,0.0016801389,0.00011514949,15.3,0.5000267,0.7273658,0.72787756,0.72795945,0.72773594,1
68.60000000000001,-0.23808138,0.18259287,-2.548924,0.019594194,-0.0030180202,-0.0019161609,0.0050181663,0.010596868,0.01606345,0.0016257852862134,-0.0019071713618256,6.406562702560021e-05,-0.0012343553,0.0017727088,-0.00013035281,15.3,0.5000267,0.72750926,0.7278707,0.72800046,0.7275891,1
68.7,-0.2345406,0.18263783,-2.5515265,0.020441206,-0.0015509273,-0.0016989388,0.0018627169,0.0044996655,0.0013750977,0.0015591821783437,-0.0017366923238532,3.562587289504752e-06,-0.0018890593,0.0013630963,-0.00015373701,15.3,0.5000267,0.727683,0.72787625,0.7279026,0.72774655,1
68.8,-0.23128785,0.18332492,-2.5534365,0.021169718,-0.00032320805,-0.0014226966,0.0006574396,0.008516126,0.0047413628,0.0014534562887741,-0.0015305154776048,-0.0001002394499585,-0.0016855845,0.0015994854,-0.00028615582,15.3,0.5000267,0.72807693,0.7276987,0.7278584,0.72772336,1
68.9,-0.22819468,0.1842818,-2.5546396,0.021486396,0.0012059836,-0.0008053709,-0.0045557544,0.008886037,0.008416361,0.0012484804281785,-0.0013354274876171,-0.0001617288848738,-0.0027532654,0.001572226,-0.00016457768,15.3,0.5000267,0.72797006,0.7281013,0.72813404,0.72778213,1
69.0,-0.22551906,0.18514621,-2.5554047,0.021495964,0.002258555,-0.00040502235,-0.0075495215,0.0013080961,0.008394475,0.0010192294120547,-0.0011516819902667,-0.0002329262678324,-0.002442029,0.0009545808,0.00013188961,15.3,0.5000267,0.7283453,0.7280561,0.7282214,0.7278359,1
69.10000000000001,-0.22253604,0.18597278,-2.5559394,0.02153878,0.0030176146,-4.8807633e-05,-0.012831753,-0.0020868713,0.0027869826,0.0008026385053226,-0.0010404270344926,-0.0002880316425665,-0.0017515973,0.00076484605,-0.00039320355,15.3,0.5000267,0.72851837,0.7281766,0.728149,0.7280076,1
69.2,-0.2201159,0.18658671,-2.5559082,0.021014804,0.0031537558,0.0001394231,-0.008072297,0.003874344,-0.0023734753,0.0006059764254007,-0.0009462773818782,-0.0003254801867455,-0.0012577508,0.0017108977,0.00023810906,15.3,0.5000267,0.7282216,0.7286956,0.72776484,0.7284111,1
69.3,-0.21784309,0.18749265,-2.5552795,0.02033392,0.0034090185,0.0006705926,-0.0042808494,-0.004880558,-0.008453614,0.0005215790583032,-0.0008919456475855,-0.000312374167251,-0.00096016855,-0.0010915515,0.00090356707,15.3,0.5000267,0.7286263,0.7285195,0.72874343,0.7278607,1
69.4,-0.21519153,0.18851143,-2.5548851,0.019857528,0.0034166814,0.0007295319,-0.0013805692,-0.0095893815,-0.005422625,0.0004487953054211,-0.0009287487360956,-0.0002679528366812,-0.0007037155,-0.00015153273,0.0010956906,15.3,0.5000267,0.72840476,0.72866213,0.7283158,0.7284846,1
69.5,-0.21282786,0.18937014,-2.554724,0.019237874,0.0032847223,0.00049346435,-0.011310362,-0.0070366096,-0.0015911645,0.0004264443701784,-0.0009395560381829,-0.000216486951817,4.6801575e-05,-0.0006328581,0.00027640036,15.3,0.5000267,0.7284082,0.7284632,0.7285178,0.7282351,1
69.60000000000001,-0.21047145,0.18999973,-2.55491,0.018667856,0.002863452,0.0003790415,-0.0057817013,-0.0030831078,0.0013052485,0.0003944731908202,-0.0009556143496421,-0.0001325393646398,-0.00014598845,-0.00088648614,0.0018641233,15.3,0.5000267,0.7282948,0.72835726,0.72851664,0.72834545,1
69.7,-0.2085965,0.19021796,-2.5550983,0.017718606,0.0020532582,6.357202e-05,-0.0052117854,-0.010633354,0.00015785916,0.0004146815464855,-0.0009721519747996,-7.911818897314715e-05,0.0003192273,-0.00044084754,0.000939522,15.3,0.5000267,0.7281523,0.7283776,0.7284056,0.72824085,1
69.8,-0.20752269,0.1902677,-2.5547588,0.016397249,0.0014688665,0.00015549667,-0.008917815,-0.0074737743,0.0064326446,0.0005023650004826,-0.0010093785373912,-3.4905235267354138e-06,0.0015680587,-0.000916477,0.0015358248,15.3,0.5000267,0.7282657,0.72820026,0.72830594,0.72845924,1
69.9,-0.20638494,0.18973008,-2.554581,0.0148591595,0.00025045496,0.0001278692,-0.011983933,0.0044110906,0.00015366821,0.0005832927240886,-0.0011149016529842,5.430498919713992e-05,0.0010584539,-0.00078785996,0.0002532464,15.3,0.5000267,0.727843,0.72864145,0.72826195,0.7285267,1
70.0,-0.20472455,0.18905543,-2.554474,0.014404224,-0.00082936,9.780167e-06,-0.006199203,-0.00398037,0.00063376495,0.0007319479906921,-0.0012761892570002,0.0001276613667952,0.0025090848,0.00048143018,0.00052832003,15.3,0.5000267,0.7276978,0.72862095,0.7277832,0.72901237,1
70.10000000000001,-0.20254414,0.18845327,-2.554257,0.014073878,-0.0015562547,0.00014424638,-0.006146026,0.004202078,0.008672475,0.0009183252022608,-0.0013775845903475,0.000142331131501,0.0027327938,-0.00070494605,-3.263362e-05,15.3,0.5000267,0.72837293,0.7280972,0.72819126,0.7285621,1
70.2,-0.20012634,0.18856359,-2.5544262,0.014150701,-0.001901178,-1.7509843e-05,-0.0021624535,0.004913573,-0.0030333174,0.0010722863239606,-0.0014139365027501,0.000135276796009,0.001675008,0.0005774064,0.00012495744,15.3,0.5000267,0.72817767,0.72826946,0.72816294,0.72848684,1
70.3,-0.1971796,0.18954818,-2.5549765,0.014650361,-0.0013370296,-0.00023807156,-0.008638157,0.00032025488,-0.0025094484,0.001185642214141,-0.0014090207538232,0.0001147311072575,0.00044987808,0.00038423628,5.3219585e-05,15.3,0.5000267,0.72819287,0.72807294,0.7282226,0.72833526,1
70.4,-0.19378981,0.19111644,-2.5554528,0.01516716,-0.00036271696,-0.00015274803,-0.00018631952,0.0069575394,-0.0003823079,0.0011894611571048,-0.0013133581956835,4.4601248867155394e-05,-0.0008839166,0.0024261756,-3.2093347e-05,15.3,0.5000267,0.7278349,0.7286137,0.7278483,0.728616,1
70.5,-0.19068657,0.19259717,-2.5560496,0.015643744,0.0005772109,-0.00022291395,-0.00883528,0.0068571656,0.009201932,0.0011144676746882,-0.0012115755632821,-1.7359428379320495e-05,-0.00090250093,0.0012475398,-0.0008462235,15.3,0.5000267,0.7283853,0.7280756,0.72797364,0.7283805,1
70.60000000000001,-0.1872876,0.19361578,-2.5564654,0.016056333,0.0008483103,3.9855462e-05,-0.008030938,0.0022029616,0.0050072554,0.0009717441643757,-0.0010622666729815,-8.669898986926067e-05,-0.0008648224,0.0016183236,-0.0003313962,15.3,0.5000267,0.7283135,0.7284426,0.7280517,0.7283115,1
70.7,-0.18384555,0.19453318,-2.5563228,0.016463967,0.0012543484,0.0005212474,-0.009697939,-0.0042083943,0.007504597,0.00086482740261,-0.0009544233553185,-0.0001442544034667,-0.00059630285,0.0006998993,-0.00084863894,15.3,0.5000267,0.72871584,0.72835785,0.72840244,0.72813886,1
70.8,-0.1808747,0.19564313,-2.556416,0.016431652,0.0016198413,0.00048659684,-0.008214161,0.0013612697,-0.0013536772,0.0007793986939713,-0.0007986451354871,-0.000140299881524,-0.002017534,0.0010117713,0.0008323038,15.3,0.5000267,0.7283113,0.7286757,0.7286408,0.7280644,1
70.9,-0.17784594,0.19662963,-2.5560775,0.016209092,0.0020195146,0.00037395422,-0.011747713,-0.0058494434,-0.0021122394,0.0007181650072344,-0.0006915649423859,-0.0001465303011235,-0.0020922704,0.0014216634,0.000550947,15.3,0.5000267,0.72802657,0.72887856,0.72866875,0.72803515,1
71.0,-0.1749708,0.19773151,-2.556052,0.016077613,0.0025474548,0.0002849556,-0.011758135,0.00079738966,-0.006577465,0.0006604796275536,-0.0006393430245677,-0.0001317453315451,-0.00082414894,0.00039950886,9.1072216e-05,15.3,0.5000267,0.72855014,0.728252,0.7285012,0.7281991,1
71.10000000000001,-0.17194329,0.19894037,-2.5561144,0.015892446,0.0028870308,0.00011661303,-0.008873977,-0.0038019053,-0.0036866402,0.0005632960152837,-0.0005956529773411,-0.0001289113164427,-0.00057660165,0.0005657466,0.00071419915,15.3,0.5000267,0.72857356,0.7281542,0.7282527,0.7283744,1
71.2,-0.16944382,0.19964008,-2.5557194,0.01568414,0.0028075902,0.00029982167,-0.006056365,-0.0051473463,-0.0015422701,0.000472627134204,-0.0005550317454755,-0.0001456410933651,-0.0010081282,0.00097449386,-0.0004951461,15.3,0.5000267,0.72819525,0.72875017,0.7282201,0.7283801,1
71.3,-0.16726176,0.19994587,-2.5549364,0.015490147,0.0022769955,0.00048814883,-0.005475237,-0.0010268799,-0.0043842006,0.0004682728553664,-0.000524414679749,-0.0001058122738263,0.00069373363,0.0011792588,0.0002535358,15.3,0.5000267,0.7284659,0.7284713,0.7282871,0.72856593,1
71.4,-0.16517347,0.19988455,-2.5539753,0.014962659,0.0016785563,0.0009210308,-0.01704601,-0.008857565,-0.00018905847,0.0004737536616016,-0.0005308114277334,-6.80843095705225e-05,0.0014894293,0.00032882177,0.00063616765,15.3,0.5000267,0.72882,0.728347,0.7283505,0.72882843,1
71.5,-0.163677,0.20006809,-2.5529788,0.014202324,0.0014490611,0.00081315544,-0.008920656,-0.005780922,0.006048474,0.0005414107372618,-0.0005075990830176,-1.1544781242003855e-05,-0.00043966598,0.00097392977,0.000915585,15.3,0.5000267,0.728037,0.7289516,0.7286497,0.72862357,1
71.60000000000001,-0.1623499,0.20052955,-2.5520918,0.013316678,0.0018244294,0.0009281337,-0.011032136,-0.00030078762,-0.008136964,0.0005828618347087,-0.0005409117598132,1.9378334695714147e-05,-0.0006374403,-0.00078179466,0.00033246656,15.3,0.5000267,0.7283824,0.7286704,0.72882587,0.7285741,1
71.7,-0.16047207,0.20082316,-2.552232,0.012813014,0.0017952793,0.0004933734,-0.010805415,-0.0050902413,0.001315493,0.0005783049076323,-0.0006236738540882,1.8480996670278568e-05,-0.0008597603,-0.0015773564,-0.00052963523,15.3,0.5000267,0.72840923,0.7284675,0.7287976,0.7283154,1
71.8,-0.15811951,0.20063807,-2.5531871,0.0127318185,0.0015176351,-0.0002580979,-0.0069717714,-0.008839532,-0.00015646218,0.0005405449584975,-0.000676781629903,4.435698094236719e-05,-0.0007046679,0.00065455266,-0.00035257655,15.3,0.5000267,0.7277079,0.7286957,0.72831094,0.72837996,1
71.9,-0.15517056,0.20033942,-2.5546145,0.012872661,0.0010029533,-0.0005232178,-0.00945822,-0.0026981188,0.0046594064,0.0005695197404684,-0.0006876441857916,4.159401267979526e-05,6.036844e-06,0.000862865,8.0154365e-05,15.3,0.5000267,0.7278789,0.72844076,0.72843087,0.7280307,1
72.0,-0.15213387,0.20034206,-2.5558643,0.013323187,0.0006910346,-0.00064957014,-0.0083732195,-0.0051714797,0.009698327,0.0006027851429029,-0.0006279162511834,4.278601254805899e-05,-0.00062030856,0.0009830296,0.00010336102,15.3,0.5000267,0.7279495,0.7282531,0.7285261,0.7278427,1
72.10000000000001,-0.14860143,0.20056365,-2.5569758,0.013918569,0.00060644647,-0.0006037663,-0.007920279,0.0021169148,-0.0024293547,0.0006578621868127,-0.000552217035713,4.6522880593065175e-05,-0.00036214018,0.0013371548,0.00059484644,15.3,0.5000267,0.72800696,0.7282022,0.72838163,0.72806215,1
72.2,-0.14539331,0.20045248,-2.557204,0.014185905,-0.0002802874,0.0015623159,-0.01797231,-0.009324794,0.111346595,0.0006936852501258,8.114474484063792e-05,4.9120440460328425e-05,0.0002331713,0.022682853,7.982777e-05,15.3,0.5000267,0.71022856,0.7089428,0.71051335,0.7088034,1
72.3,-0.14220461,0.20027174,-2.5549877,0.012652255,-0.00093087286,0.043158043,-0.043189943,0.0018358714,0.7144422,0.0007000602620837,0.0025358305037336,4.4056746403978805e-05,0.0011539214,0.004061508,-0.0010398884,15.3,0.5000267,0.6884782,0.68964034,0.6885718,0.68954337,1
72.4,-0.13876538,0.20037475,-2.5438066,0.010697821,-0.0013467986,0.1474261,-0.028247938,-0.002671849,1.2232335,0.0008791286609883,0.0016279802301608,3.553050541480939e-05,0.0019931563,-0.0122996755,-0.0011189375,15.3,0.5000267,0.65700346,0.65665454,0.6570911,0.6564744,1
72.5,-0.13579357,0.2008651,-2.520019,0.009667396,-0.001304542,0.28756395,-0.025319628,-0.00043193242,1.6279881,0.0010228037465543,0.000595889429063,2.7654521809149444e-05,-0.00016416228,-0.007464858,-0.0005616596,15.3,0.5000267,0.6497756,0.6497458,0.6502707,0.64912343,1
72.60000000000001,-0.13275422,0.20163238,-2.475147,0.009176838,-0.0009216655,0.4789922,-0.01814844,-0.0055109095,1.9274986,0.001100802450763,9.883613320854662e-05,4.482741673920878e-05,0.0003649037,-0.0033658575,-0.0004362265,15.3,0.5000267,0.6431487,0.642078,0.6428823,0.6423456,1
72.7,-0.1302926,0.20272303,-2.408356,0.008506744,-0.00038965675,0.63716334,-0.015322788,-0.0003892173,1.0886843,0.00104039219443,0.0001680905739904,2.359783824105861e-05,-0.0015019884,0.0028498888,-0.000677846,15.3,0.5000267,0.6869957,0.6873464,0.68695676,0.68721056,1
72.8,-0.12862584,0.20436157,-2.3346422,0.0072898455,0.00048631773,0.70765984,-0.022704117,-0.004891126,0.38560197,0.0008851702424519,0.0004251155541915,2.340664510379633e-05,-0.0015478556,0.0027716218,-0.0005736248,15.3,0.5000267,0.71755373,0.71694386,0.7168541,0.71743894,1
72.9,-0.12706111,0.20629069,-2.2509618,0.0057602515,0.0014804131,0.7198338,-0.009133359,0.007418416,-0.1646513,0.0006065984803254,0.0006925868358461,4.224964379031557e-05,-0.0037222493,0.0025106051,-1.9843797e-05,15.3,0.5000267,0.7406307,0.74074084,0.7405769,0.7407724,1
73.0,-0.12600388,0.20819761,-2.1765149,0.003950712,0.002110708,0.6842086,-0.027149962,-0.008955311,-0.5721226,0.0002307630417373,0.0009097259827089,3.175673538326204e-05,-0.0040031835,0.0023528715,-0.00063277263,15.3,0.5000267,0.75399864,0.75400496,0.7538265,0.7540808,1
73.10000000000001,-0.12479536,0.210013,-2.1029427,0.0023608229,0.0022834246,0.63271534,-0.022120163,-0.011317481,-0.37433624,-0.0002329287827498,0.0010049528803629,4.8748586905263126e-05,-0.004800644,-0.0009042177,0.0004805339,15.3,0.5000267,0.74370086,0.7437023,0.74402314,0.74339265,1
73.2,-0.1238666,0.21153542,-2.040409,0.0010066412,0.0017242419,0.6092619,-0.02280792,-0.02035919,-0.1640697,-0.0006153207108938,0.0008771734952082,5.696768522399065e-05,-0.0032851119,-0.00021243363,-0.000614042,15.3,0.5000267,0.7309292,0.7312104,0.73098934,0.73116434,1
73.3,-0.12324596,0.21305181,-1.9807085,-0.00028951748,0.001015071,0.60198915,-0.018484045,-0.01477907,-0.024955252,-0.000905113658948,0.0008123883941889,7.578832872226055e-05,-0.0023999352,-0.0004899867,0.00031267342,15.3,0.5000267,0.72968024,0.7295982,0.729788,0.7295577,1
73.4,-0.122981094,0.21447927,-1.9173485,-0.001678141,-0.000475458,0.60409606,-0.021914113,-0.022254312,0.04231743,-0.0010799926706727,0.0007366804084202,8.71473680764181e-05,-0.0011779673,-0.0005062292,0.00025434908,15.3,0.5000267,0.72364926,0.72348535,0.7235168,0.7237499,1
73.5,-0.123328336,0.21566974,-1.8591543,-0.003155607,-0.0017081297,0.61044145,-0.016117515,-0.020715058,0.09026378,-0.0011866652427513,0.0006613298622996,0.0001057385750474,-0.0008654326,-0.00053136307,0.00068015984,15.3,0.5000267,0.7253187,0.72566414,0.72547454,0.7257536,1
73.60000000000001,-0.12421084,0.21695581,-1.795593,-0.00483782,-0.002659725,0.62032574,-0.02013162,-0.019132318,0.099720895,-0.0012601807721526,0.0005122213783466,0.0001169257205486,-0.0006393117,-0.0013185047,-0.00041754037,15.3,0.5000267,0.72181654,0.7216381,0.7214947,0.72215044,1
73.7,-0.12524012,0.21793842,-1.7307816,-0.0061600236,-0.0038810887,0.6308477,-0.010306824,-0.015629578,0.11888006,-0.0013652463881997,0.0002608751773361,8.689264979257666e-05,-0.0012597495,-0.002677148,-0.00084924075,15.3,0.5000267,0.72519517,0.7251687,0.7249865,0.72532254,1
73.8,-0.1263278,0.2182013,-1.6697671,-0.0073745996,-0.0054610404,0.64043385,-0.007894849,-0.028589604,0.09929388,-0.0014097105768685,-3.1831317024834147e-05,7.827310267153088e-05,-0.00035068314,-0.0025945243,0.0004857178,15.3,0.5000267,0.72231615,0.7224536,0.7222042,0.72257054,1
73.9,-0.12744476,0.21741778,-1.6029328,-0.008363902,-0.007960519,0.6495301,-0.013285614,-0.017046124,0.09498651,-0.0013746411938424,-0.0003455212618186,8.67513867106434e-05,0.0006200293,-0.0029057097,-0.0004990454,15.3,0.5000267,0.7258427,0.7262372,0.7263465,0.7258545,1
74.0,-0.12815283,0.21623223,-1.5408455,-0.008546183,-0.009991808,0.65696037,-0.0019685498,-0.014999262,0.079601064,-0.0011566583208715,-0.0006884116839085,0.0001083077198088,0.0028354647,-0.0023916054,-0.0003403501,15.3,0.5000267,0.72279835,0.7231816,0.72318506,0.7229878,1
74.10000000000001,-0.12827739,0.21482648,-1.472903,-0.007949782,-0.012191127,0.6647966,-0.00812857,-0.014450667,0.08734222,-0.0007768414787801,-0.0009426623145489,7.490419399454608e-05,0.0048346315,-0.00075261906,-0.00068752334,15.3,0.5000267,0.7268028,0.7267027,0.72655886,0.72690207,1
74.2,-0.12830088,0.21330734,-1.4092447,-0.007102531,-0.013635842,0.6709863,0.0029193566,-0.008875785,0.047187783,-0.0003156250002208,-0.001020376455129,4.046401363585595e-05,0.004337022,0.00068420154,-0.00082061853,15.3,0.5000267,0.7237409,0.72415656,0.7237974,0.7239155,1
74.3,-0.12847707,0.21170166,-1.3446051,-0.0069729304,-0.014442139,0.6767137,-0.007774755,-0.0058521135,0.06485078,0.0001731606409043,-0.0009761707116741,1.9021085609213582e-05,0.004631393,1.6030077e-05,4.1617743e-05,15.3,0.5000267,0.72799903,0.72775024,0.72802806,0.7275946,1
74.4,-0.12848511,0.21005417,-1.2738498,-0.006459638,-0.014637418,0.6816403,0.002841635,0.0003276352,0.031797677,0.0005891052659659,-0.0009204197113239,-1.3398255456497469e-05,0.004052762,0.00018586921,0.00017755099,15.3,0.5000267,0.7254434,0.72480756,0.72505766,0.7249742,1
74.5,-0.12854883,0.20873216,-1.2076691,-0.0058160555,-0.014509462,0.6850805,0.00023341044,0.0021622265,0.033805143,0.0009340884216598,-0.0008896400798778,-4.270040859113243e-05,0.0037665253,0.0016876445,-0.00117425,15.3,0.5000267,0.7289161,0.7289918,0.7283641,0.729211,1
74.60000000000001,-0.12915778,0.20760414,-1.135363,-0.0054833293,-0.013642118,0.6880429,-0.00038848928,0.0019012301,0.01440104,0.0012290500493331,-0.0007690195768216,-5.527100350709516e-05,0.002710571,0.0012408294,0.0002490354,15.3,0.5000267,0.72618896,0.7260856,0.72579485,0.72615045,1
74.7,-0.13002232,0.207061,-1.0631438,-0.005869073,-0.012335098,0.6899139,-0.014733738,0.0066894204,0.01704646,0.0014167617209189,-0.0007393628859018,-2.0377610458146457e-05,0.0018366247,-0.0006064366,5.1030787e-05,15.3,0.5000267,0.7298918,0.72921014,0.72931784,0.7297662,1
74.8,-0.13140483,0.20697731,-0.99646485,-0.006560707,-0.010803426,0.69108504,-0.012312312,0.0060358373,0.006517395,0.0014748998930923,-0.0007853753784094,7.991431718979004e-06,0.0011176143,-0.002033912,0.0004417329,15.3,0.5000267,0.72689533,0.7256192,0.7260613,0.726499,1
74.9,-0.13407394,0.20724775,-0.9242197,-0.0080655785,-0.008829339,0.6926054,0.00033676132,0.007743378,0.01697894,0.0013731492932201,-0.0009822936084148,4.433683783469992e-05,-0.0010963494,-0.003970883,0.00042761254,15.3,0.5000267,0.7299576,0.7293366,0.7295714,0.7298954,1
75.0,-0.13714305,0.20767717,-0.8573282,-0.009200732,-0.0071369903,0.6936327,0.0018572353,0.0051995693,-0.002023298,0.0011425829483076,-0.0013377282689632,9.419358652267846e-05,-0.0038576582,-0.0048848595,0.0013834531,15.3,0.5000267,0.7262075,0.7265518,0.7264855,0.7265885,1
75.10000000000001,-0.14018352,0.2075696,-0.7848432,-0.010047477,-0.006352044,0.69453394,0.0091640055,0.002724507,0.017446464,0.0008440210682071,-0.0018729313694718,0.0001139101669178,-0.0028728282,-0.006114557,-0.00017189285,15.3,0.5000267,0.7296296,0.729783,0.7298487,0.7299046,1
75.2,-0.14239004,0.20700258,-0.7181759,-0.009608902,-0.0062368955,0.6949949,0.014937009,0.0060051335,-0.0022673046,0.0006507416103755,-0.0025023214719167,0.0001132997994543,-0.0012710453,-0.005228786,-0.00067090173,15.3,0.5000267,0.7260767,0.7264749,0.72623336,0.7265674,1
75.3,-0.14420097,0.2063412,-0.65170467,-0.008246747,-0.005928368,0.69578284,0.01877666,0.00023245502,0.012082047,0.0005613659873116,-0.0029763930410784,0.0001149914710328,-0.0008432894,-0.0042829444,-0.0011987551,15.3,0.5000267,0.7297236,0.72925735,0.72982067,0.7293989,1
75.4,-0.14540137,0.20526178,-0.5798259,-0.0061356025,-0.0062652957,0.69658756,0.015988702,-0.0050515146,0.004695728,0.0005645100817129,-0.0032735537437113,0.0001051630512026,-0.00058467715,-0.0006037488,-0.00012085405,15.3,0.5000267,0.72561175,0.7264082,0.72603494,0.7261483,1
75.5,-0.1458174,0.20362748,-0.5137178,-0.003496512,-0.006786962,0.697686,0.015677473,0.0025177773,0.016334465,0.000656389141094,-0.0033600565231818,3.242818700257586e-05,0.0029705314,0.00025150573,-0.0009920505,15.3,0.5000267,0.7296879,0.72890437,0.7289361,0.7294524,1
75.60000000000001,-0.14604186,0.20114918,-0.44206628,-0.00088041124,-0.00790156,0.6990974,0.014405646,-0.0020854285,0.00954233,0.0008373930316501,-0.003250349140343,-1.8933741493268577e-05,0.003870198,0.0023828025,0.00014230485,15.3,0.5000267,0.7260364,0.72580767,0.7255099,0.7261189,1
75.7,-0.14637522,0.19838123,-0.37037125,0.0012469185,-0.008993532,0.70075876,0.01326991,0.003103671,0.019242054,0.0012503842607641,-0.0030092045842409,-6.050020002910352e-05,0.0050011454,0.003304202,-0.000459349,15.3,0.5000267,0.7290973,0.72947055,0.7291841,0.72917014,1
75.8,-0.14663962,0.19572288,-0.3037896,0.0027778095,-0.00925731,0.7022866,0.012094855,0.011408829,0.0090003,0.0017869169105465,-0.0027813768760858,-0.0001116147631352,0.0064502037,0.0022560146,0.00012330235,15.3,0.5000267,0.72642463,0.7259398,0.7257109,0.7263214,1
75.9,-0.1466241,0.19268364,-0.23127037,0.00441341,-0.009127487,0.7034944,0.019252228,0.017820215,0.017613636,0.0022871568855748,-0.0025423628283203,-0.0001273283601261,0.004145117,0.0033035371,-0.00025387033,15.3,0.5000267,0.72910506,0.7302044,0.7294145,0.7296336,1
76.0,-0.14645217,0.19010738,-0.16429904,0.0055791726,-0.008577742,0.70406705,0.007658309,0.01534085,0.0007869675,0.0027719692745289,-0.0023344346236769,-0.0001432732566485,0.004714986,0.0034046602,0.0003732314,15.3,0.5000267,0.72613454,0.7266996,0.72608614,0.72643614,1
76.10000000000001,-0.14588808,0.18727559,-0.09139505,0.006846114,-0.007354919,0.7049366,0.006512061,0.02653097,0.016559845,0.0032315599308429,-0.0021201567159986,-0.0001636395411468,0.0057087075,0.0019631977,0.00046574266,15.3,0.5000267,0.73045194,0.7294446,0.7295,0.7299872,1
76.2,-0.14514753,0.18462771,-0.023832321,0.007772152,-0.0057644714,0.70532995,0.010487219,0.031175803,-0.0038673168,0.0035678894335976,-0.0018726514602528,-0.0001549150436783,0.0014722008,0.0029416797,-0.00013257508,15.3,0.5000267,0.72629464,0.72738945,0.7270715,0.72626996,1
76.3,-0.1446658,0.1829971,-0.00531587,0.007496412,0.003567606,0.0071493923,-0.0009852365,0.0034581306,-0.00086240465,0.0036455808275486,-0.001841330222439,-0.0001926006149665,-0.00023924457,-0.0004503445,-0.0010260673,15.3,0.5000267,0.50282663,0.5005658,0.5008471,0.50185513,1
76.4,-0.14496836,0.18176392,-0.01724194,0.007286766,0.003292351,0.00037540082,0.00653557,0.0048918454,0.0029220243,0.003655028387519,-0.0018361161800868,-0.0001932838281012,-0.00059750385,0.00036699275,0.0010607967,15.3,0.5000267,0.46131015,0.46111763,0.46096835,0.4607475,1
76.5,-0.14583509,0.18039943,-0.029174834,0.006637191,0.002819112,-0.0052943425,0.0076532518,-0.0039396673,0.0023455357,0.003695294849542,-0.0017903930166955,-0.0001676097956562,0.00011532416,6.0577368e-05,-2.3677414e-05,15.3,0.5000267,0.4297019,0.42954257,0.42951888,0.42915684,1
76.60000000000001,-0.14751811,0.1784388,-0.03945823,0.0054435786,0.0022124618,-0.009424817,0.0039201495,-0.00057045685,0.001146458,0.0036622496106959,-0.0017398926368661,-0.0001611066984014,-4.076536e-05,-0.0012473345,5.9793994e-05,15.3,0.5000267,0.39158353,0.391641,0.39162216,0.39094767,1
76.7,-0.1501523,0.17573906,-0.04800242,0.003287172,0.00068710017,-0.012064583,-0.003708347,0.009014861,0.0006956979,0.0036307376973119,-0.0016633675809593,-0.0001556915683792,4.5654317e-05,0.00019673823,-0.0008663446,15.3,0.5000267,0.11922988,0.12109192,0.11984422,0.11983394,1
76.80000000000001,-0.15294987,0.17298852,-0.05482994,0.0013655042,-0.0008396839,-0.013805501,-0.0046688635,-0.0020495825,-0.005167443,0.0035943113443813,-0.0015833724666991,-0.0001477385342865,-0.00057667244,-2.1334072e-05,0.0005396742,15.3,0.5000267,0.12228413,0.11789945,0.11922476,0.120591626,1
76.9,-0.15557456,0.1698493,-0.061220154,-3.8329326e-05,-0.0027773688,-0.01499669,0.0007062212,-0.00437643,0.0030877998,0.0035293417330279,-0.0015522623182327,-0.0001458704099413,-0.0005750635,0.00017481457,0.00022661322,15.3,0.5000267,0.12248605,0.11763219,0.11904195,0.120839775,1
77.0,-0.15776978,0.16665597,-0.066305995,-0.0011239324,-0.0049080458,-0.015813047,-0.002314818,-0.002184668,-0.0033765098,0.0034391338156599,-0.0015358437678741,-0.0001760237930632,-0.00029290168,0.0007093664,-0.0007246067,15.3,0.5000267,0.12284895,0.117309876,0.11877023,0.12107091,1
77.10000000000001,-0.15974016,0.16262744,-0.071253374,-0.0020368728,-0.007641565,-0.016384568,-0.0035786282,-0.0033352643,0.007997266,0.0033469264686797,-0.0015300038629077,-0.0001992388746707,0.00020496183,-0.0003307484,0.00027482014,15.3,0.5000267,0.123264246,0.11689513,0.11872575,0.121114835,1
77.2,-0.16133133,0.1585998,-0.07563877,-0.002866893,-0.010290548,-0.016812604,-0.0021873664,-0.0023353095,0.0049588266,0.0032866284186878,-0.0015438586728018,-0.0002391225747359,-0.00023164168,0.00049799593,-0.00072507566,15.3,0.5000267,0.122752234,0.11739987,0.118622266,0.12122559,1
77.30000000000001,-0.16302104,0.15415159,-0.08001459,-0.0035664341,-0.013011443,-0.017406663,0.0009908912,-0.008265855,0.0030468216,0.0032024729650021,-0.0015510882063516,-0.0002458674170156,0.00026525374,-0.00084908615,0.00043562442,15.3,0.5000267,0.12313496,0.116929464,0.11895069,0.120984845,1
77.4,-0.16432562,0.15023363,-0.08375703,-0.004291671,-0.015282613,-0.018032214,0.0015112086,-0.011773693,-0.0031236557,0.0031491067609206,-0.0015442689156479,-0.0002692580265358,0.0005572114,-0.00033914502,0.00020087145,15.3,0.5000267,0.0020000003,0.0,0.0019999999,0.0,1
77.5,-0.16546851,0.1469459,-0.08707461,-0.005072776,-0.016982611,-0.018219842,-0.00412006,-0.005192956,-0.0043469477,0.0031091471879007,-0.001545213011639,-0.000254582701696,-0.00059753837,0.00014654371,-7.3593925e-05,15.3,0.5000267,0.0020255325,2.5532729e-05,0.0016158989,0.00033303554,1
77.60000000000001,-0.16723984,0.14424367,-0.09019101,-0.006548801,-0.018207634,-0.01839366,0.00096284243,-0.001955077,0.0016707926,0.0030319266461266,-0.0015293070074302,-0.0002470638534918,-0.0019813378,-0.00032908918,-0.000100036625,15.3,0.5000267,0.0020362916,3.6291833e-05,0.0018820037,4.541263e-05,1
77.7,-0.16987826,0.1419402,-0.09259787,-0.008426126,-0.019200346,-0.01846281,1.0199527e-05,-0.010784641,0.0076671126,0.0028964340908548,-0.0014584670837985,-0.0002375450337428,-0.0014763554,0.0003047039,-0.0003665362,15.3,0.5000267,0.002045394,4.5393965e-05,0.0015890731,0.00032013885,1
77.80000000000001,-0.17293364,0.13997059,-0.0943003,-0.010616612,-0.019896764,-0.01844664,-0.0023213495,-0.011522042,-0.003501307,0.0026884614799177,-0.0014013357465891,-0.0002478178168986,-0.002765453,-0.0003114547,-0.0006143295,15.3,0.5000267,0.0020709762,7.097622e-05,0.0017804557,7.7591736e-05,1
77.9,-0.17678179,0.1386004,-0.09594908,-0.013226992,-0.020028122,-0.01832393,-0.004878965,-0.0075190333,0.001464039,0.0024540805188928,-0.0013183528024464,-0.0002674203792291,-0.0033692573,-0.0003387911,-0.0005865622,15.3,0.5000267,0.002114706,0.00011470606,0.0016411217,0.000129466,1
78.0,-0.18044686,0.13750893,-0.09743038,-0.015227263,-0.019915491,-0.01827001,-0.0045473813,-0.0069517805,-0.0011380761,0.0021717150419581,-0.0012619088314326,-0.000243058368012,-0.0031302974,-0.0010137664,0.0008032135,15.3,0.5000267,0.0019999999,0.0,0.0019999999,0.0,1
78.10000000000001,-0.18392256,0.13641603,-0.099155426,-0.017227381,-0.019775704,-0.01839751,-0.0049334015,0.0031520783,-0.00029848886,0.0018401941413274,-0.0011595439858819,-0.0002441667975,-0.0042493762,0.0007560041,1.1542306e-06,15.3,0.5000267,0.0020644711,6.4471176e-05,0.0014981363,0.0003729212,1
78.2,-0.18630365,0.13556604,-0.10019261,-0.018107262,-0.019178472,-0.018062927,-0.004444876,-0.006638009,0.0039138827,0.0015333838188164,-0.0010676217397975,-0.0002417162229064,-0.0029938915,0.00039567787,-0.0002450538,15.3,0.5000267,0.0020816743,8.167447e-05,0.001251321,0.0005853299,1
78.30000000000001,-0.18840033,0.13462783,-0.10053986,-0.018697392,-0.01859944,-0.017687421,-0.005732691,-0.0034799916,-0.007180031,0.0012992744239865,-0.0010007483392016,-0.0002417113099423,-0.0024775597,0.00013195566,-0.0006336513,15.3,0.5000267,0.0020786284,7.8628625e-05,0.0014273578,0.0004153848,1
78.4,-0.19007578,0.13428451,-0.10052481,-0.01925638,-0.017597936,-0.017168747,-0.009132418,-0.00012836562,2.1420417e-05,0.0011661513279517,-0.0009762919123587,-0.000219958008073,-0.001322852,0.0002284859,-0.00045394714,15.3,0.5000267,0.0020425597,4.2559826e-05,0.0013037272,0.0006111531,1
78.5,-0.19101824,0.13449004,-0.10002634,-0.01919522,-0.0161594,-0.016277341,-0.004698752,-0.0008260362,-9.220093e-05,0.0010977549132651,-0.0009649787586007,-0.0002279977539969,-0.00055129995,4.057661e-05,-0.0012408277,15.3,0.5000267,0.0020847525,8.475257e-05,0.0012235566,0.00060693815,1
78.60000000000001,-0.1908669,0.13542266,-0.099650264,-0.018129999,-0.013972168,-0.015821509,-0.0044082017,0.0026257148,0.004706438,0.001041523852591,-0.0009806623364221,-0.0002205677332195,-0.0011478766,0.00032252804,0.00010234813,15.3,0.5000267,0.00207129,7.129027e-05,0.0013858969,0.00047152236,1
78.7,-0.18952768,0.13705933,-0.099080235,-0.016075056,-0.011516582,-0.01549295,-0.0021829554,0.0047609787,-0.0043730247,0.0010105990732588,-0.0010131128706591,-0.0001963745000427,-0.0011688746,-0.00021321014,0.0009030341,15.3,0.5000267,0.0020455448,4.5545017e-05,0.0015834967,0.0003254131,1
78.80000000000001,-0.18800333,0.13834405,-0.09881809,-0.014003758,-0.010102226,-0.015150275,0.0062400964,-0.010179883,0.0027976928,0.0009888945833879,-0.0010970868965108,-0.0002197640204026,-0.00084596267,-0.00027963566,-0.0007805876,15.3,0.5000267,0.0021046882,0.00010468835,0.0015727539,0.00021786941,1
78.9,-0.18603055,0.139726,-0.099154115,-0.011870334,-0.008461462,-0.015145034,-0.0037078427,0.006579513,-0.0005345791,0.0009806424713952,-0.0011359707263336,-0.0002236343245307,-0.00043557523,0.00084142317,0.0001797122,15.3,0.5000267,0.0020997303,9.973039e-05,0.0010973995,0.0007031395,1
79.0,-0.18397647,0.1414989,-0.09924021,-0.009705702,-0.0067792237,-0.014756593,-0.00091622263,0.0011815343,0.0033369286,0.0009816827159228,-0.0011869897703938,-0.0001990891831228,4.190921e-05,-0.00025151283,-0.00038815045,15.3,0.5000267,0.0020367033,3.6703506e-05,0.0017832363,0.00014335653,1
79.10000000000001,-0.1813721,0.14381874,-0.099030286,-0.007489308,-0.0048634196,-0.014206147,-0.002745743,0.001299792,0.005139969,0.000998352967278,-0.0012490455424441,-0.0002283963670849,-0.00040097086,0.00017345359,-0.00025506312,15.3,0.5000267,0.0021084333,0.00010843351,0.0013379253,0.0004452075,1
79.2,-0.17862332,0.14637358,-0.09858075,-0.0052560554,-0.0032757637,-0.013467267,-0.0010353137,-0.0048727444,-0.000746455,0.0010344895311014,-0.0013066533029941,-0.0002299980184363,-0.00018319573,-7.93815e-06,-0.00091661065,15.3,0.5000267,0.0020741308,7.413106e-05,0.0016039148,0.00024782296,1
79.30000000000001,-0.17565353,0.14928474,-0.09814021,-0.0030692136,-0.001556759,-0.012897537,0.006910802,0.0046126726,-0.0003543682,0.0010742763004617,-0.0013617136095432,-0.0002180633074036,-0.00035669268,-0.0006065732,-0.00010784567,16.2,0.50987816,0.0020592622,5.9262413e-05,0.0017246234,0.00015685169,1
79.4,-0.1734993,0.15225658,-0.09780988,-0.0016193815,0.00030660589,-0.012360848,-0.0032876276,0.0031411012,0.0056172716,0.0011012912345634,-0.001406895587828,-0.0001721739289498,0.00018004881,0.00037243732,-0.00034067273,16.2,0.50987816,0.0019999999,0.0,0.0010020399,0.00099796,1
79.5,-0.17204905,0.15526377,-0.09755075,-0.00078753126,0.00211183,-0.012054724,-0.0055762855,0.0026474267,-0.003240071,0.0011587921875346,-0.0013999546402732,-0.0001313937695633,0.00034920164,-0.00013680191,0.0008483555,16.2,0.50987816,0.0019999999,0.0,0.0012205958,0.000779404,1
79.60000000000001,-0.17143668,0.15919581,-0.098181665,-0.00030737167,0.0046308986,-0.011960205,0.0019961656,0.0034464097,-0.0048670913,0.0012024923490858,-0.0014103570761586,-0.0001382466208809,4.668204e-05,-0.00014390521,-0.0005323567,16.2,0.59832287,0.002010795,1.0795251e-05,0.0011813627,0.00079704676,1
79.7,-0.172104,0.16367148,-0.09906694,-0.0009464213,0.007575741,-0.012080654,0.0017646102,0.0107673835,0.003404915,0.0012506022205514,-0.0014072181301658,-0.000102325988756,0.00012970724,0.00058452575,0.0005156697,16.2,0.6708069,0.0019385855,0.0,0.0008999653,0.001161449,1
79.80000000000001,-0.17371108,0.16774316,-0.09989709,-0.0019371381,0.009956982,-0.011941901,0.005144158,0.0014144393,0.008687376,0.0012962340932442,-0.0013533367033555,-8.083917220440013e-05,7.1018e-05,0.00027246383,-0.00045802182,16.2,0.6708069,0.0019999999,0.0,0.0011256235,0.0008743764,1
79.9,-0.17596704,0.17144834,-0.10023707,-0.003257731,0.012465878,-0.01185316,-0.0037313323,0.0039405394,0.000659842,0.0013117996863663,-0.0013069945005341,-5.9711096914297454e-05,-0.00031451086,0.00020830269,9.005715e-05,16.2,0.73021126,0.0019999999,0.0,0.0010170792,0.0009829206,1
80.0,-0.17773864,0.17407316,-0.10041082,-0.0041330163,0.013800297,-0.011556605,0.0046094395,0.00845253,-0.003349967,0.0013093582126257,-0.0012682015532819,-7.648866088002581e-05,0.0003570923,-0.0001333907,-2.343618e-05,16.2,0.73021126,0.002025402,2.5401963e-05,0.00113843,0.000810766,1
80.10000000000001,-0.17940126,0.17600729,-0.10037178,-0.00479559,0.014338302,-0.01138615,-0.003671019,-0.003641787,0.0046109776,0.0013035699264098,-0.0012564050751817,-7.753892140190077e-05,0.0006725937,0.00015809773,-0.00027664675,16.2,0.77889633,0.0019999999,0.0,0.0007423254,0.0012576745,1
80.2,-0.18079934,0.17692707,-0.100009084,-0.0052096783,0.014241473,-0.011057578,0.0026905753,0.0043481677,0.002456363,0.0012900832745546,-0.001262623708603,-9.735910904882062e-05,0.0006604913,-0.000603918,-8.623307e-06,16.2,0.77889633,0.0020109394,1.09394705e-05,0.0012980615,0.0006800595,1
0.0,-0.18677677,0.18214141,-0.08057363,-0.0069349436,0.0023952622,-0.0010332101,0.0053043845,-0.0006833865,0.007157679,0.000697319085513,-0.0011333231665485,0.0006594826976589,0.00023610942,-0.000500375,0.0003837901,16.2,0.9999466,0.0018769448,5.7180958e-05,0.0012706014,0.0007952726,2
0.1,-0.18776259,0.18081713,-0.079419896,-0.007245319,0.0014308895,-0.00031818618,-0.006944297,-0.001154598,0.00026449558,0.000677274140086,-0.0011318009003555,0.0006463626213759,-6.89342e-05,0.0017747445,0.0002735504,16.2,0.9999466,0.0012853773,0.00074485614,0.0008562038,0.0011135625,2
0.2,-0.18849589,0.17883517,-0.078751,-0.0072425716,-0.00033304104,8.214994e-05,-0.0071836947,-0.0016266566,0.0074324193,0.0006197376440296,-0.0011288540099558,0.0006113143482342,2.3106117e-05,0.00075094664,-0.00080782344,16.19436,0.99966145,0.0015486382,0.00052877783,0.0010626344,0.0008599493,2
0.3,-0.18893331,0.17605557,-0.07820602,-0.0069347597,-0.002045071,0.00056771946,-0.0007660778,0.0036712252,0.0021886078,0.0005667851521207,-0.0011476229367533,0.0006251256589805,0.00019484646,-0.00012102654,0.000829691,16.188362,0.9988289,0.0016577535,0.00026656903,0.0014165988,0.0006590784,2
0.4,-0.18864799,0.17301211,-0.0776321,-0.0061580306,-0.0041196663,0.00065926433,-0.00044060967,0.0038743832,0.0018444842,0.000484827490768,-0.0011562247618829,0.0006011595234562,0.0003440178,0.0001720932,9.619904e-05,16.188362,0.9988289,0.0019103868,0.00011468005,0.0011106357,0.00086429715,2
0.5,-0.18813694,0.16975355,-0.077152625,-0.00559541,-0.0062959497,0.0011835954,0.005283527,-0.006718336,0.006781425,0.0003945801749413,-0.001163020619277,0.0006046154673186,-0.00036746642,-0.00018553983,0.00023823878,16.188362,0.9988289,0.0016526196,0.00030329076,0.0014813154,0.0005627741,2
0.6000000000000001,-0.18758106,0.16641484,-0.07611959,-0.004849266,-0.008426501,0.0016436375,0.0011047841,-0.006825589,-0.0016400589,0.0003377190767188,-0.0011929402682653,0.000626086571941,-0.0005146854,4.753446e-05,0.00016463737,16.182362,0.99754715,0.0015746484,0.0003361258,0.0014767762,0.00061244925,2
0.7000000000000001,-0.18712893,0.16357714,-0.07530145,-0.00430537,-0.009838613,0.00174275,0.00344337,-0.006344826,0.0075143757,0.0003279804472996,-0.0012018580170418,0.0006193573583453,0.00058382534,-0.00043437455,-0.00032510658,16.176363,0.9958916,0.0017342359,0.0002498633,0.0012558948,0.0007600057,2
0.8,-0.1868194,0.16155384,-0.07506639,-0.0039830124,-0.010648406,0.0018332348,0.0041732783,-0.004744769,-0.0007548369,0.0003306709562125,-0.0012065968621676,0.0005963553523499,-0.00030620256,0.00052869244,0.0007639242,16.176363,0.9958916,0.0015581474,0.000503222,0.001296114,0.0006425164,2
0.9,-0.18658628,0.15996094,-0.07490809,-0.0035525414,-0.011046495,0.0018659419,0.0026919942,-0.006815319,-0.0048116776,0.0003516476551411,-0.0012120938132633,0.0005646179043911,4.7712798e-05,-0.00040085748,0.00018508552,16.176363,0.9958916,0.001731052,0.0004056053,0.0014346841,0.00042865833,2
1.0,-0.18672687,0.15884209,-0.07459885,-0.0037517229,-0.0109655885,0.0019442658,-0.0016390918,-0.007156674,-0.0012149102,0.0003786994015927,-0.0012107662428432,0.0005555897005947,0.00022558167,6.688739e-05,-0.000110689754,16.170362,0.9939337,0.0017981314,0.00029676023,0.0011820764,0.0007230317,2
1.1,-0.18680319,0.15809913,-0.07403822,-0.0038036478,-0.01092088,0.0021227635,0.0027999007,-0.00041422388,-0.001118984,0.0004188854501125,-0.0011893225285495,0.0005694397055495,0.00029206637,0.0006066206,-0.0004177164,16.164364,0.99172497,0.022002917,0.021000225,0.021541378,0.021413,2
1.2000000000000002,-0.18654792,0.1578356,-0.073710844,-0.0036551869,-0.010222551,0.002463501,0.002351759,0.0006793544,0.0030919907,0.0004405850375278,-0.0011705002915633,0.0005759220664177,-0.00041082042,0.00026195028,-0.000364536,16.164364,0.99172497,0.039192554,0.03810588,0.03890192,0.038383085,2
1.3,-0.18640989,0.1579856,-0.07297723,-0.0036187386,-0.009345746,0.002724266,0.0009149216,0.0012585716,0.0036940908,0.000492766760066,-0.0011707711017149,0.0005793649685867,0.00032150222,0.00033906617,-0.0007820344,16.158363,0.9893179,0.060258854,0.058822777,0.059634943,0.059434008,2
1.4,-0.18617243,0.15809928,-0.072533,-0.0035235046,-0.008620591,0.0026289842,-0.0009759214,-0.0055786287,-0.0012232921,0.0005085404285685,-0.0011448950379713,0.0005923930953068,0.00031720937,0.00065915316,0.00022363568,16.158363,0.9893179,0.081507824,0.0802181,0.08097095,0.08079014,2
1.5,-0.18582618,0.15790345,-0.07251908,-0.0037022124,-0.008201465,0.002555546,-0.00010039684,-0.0030872058,0.0029741784,0.0005137075288641,-0.0011494604809717,0.00060704568897,-0.00024635054,0.00050253165,0.00015050863,16.158363,0.9893179,0.10682482,0.105711915,0.10647777,0.106171265,2
1.6,-0.18563029,0.15694523,-0.07254392,-0.0036764366,-0.008072364,0.0023570429,0.0047745896,-0.0061363084,-0.0028819775,0.0005197753598031,-0.0011410139104691,0.0005920236897753,0.0009123669,0.00059954566,-7.658471e-05,16.152365,0.986742,0.13267621,0.13109365,0.13184413,0.13190123,2
1.7000000000000002,-0.18553215,0.15596133,-0.072175756,-0.0035939584,-0.0079087615,0.0019579402,0.010448531,0.0046159173,-0.004673842,0.0005339909415945,-0.0011341297899145,0.0005860848578555,0.00049973954,5.2947886e-05,0.0003325296,16.146364,0.98402977,0.16263834,0.1610423,0.16205901,0.16165435,2
1.8,-0.18511538,0.15507354,-0.07177423,-0.0033437072,-0.008194955,0.0017703157,-0.000112312584,0.00075405656,0.0086454665,0.0005077774034788,-0.0011631011352554,0.0006198206423406,-0.00073550653,0.00017429171,0.00010468102,16.146364,0.98402977,0.19203089,0.19114082,0.19210352,0.19135989,2
1.9,-0.18375626,0.15429151,-0.0706729,-0.002637652,-0.0081057325,0.00179059,0.004822729,-0.0024567728,-0.007786322,0.0004758475039333,-0.0011499749596318,0.0005990737177243,-0.00078419095,0.0010960437,0.0005557934,16.140366,0.98120594,0.22676523,0.2259836,0.22663005,0.2261254,2
2.0,-0.18156874,0.15339676,-0.069685176,-0.001218026,-0.008350471,0.0018757903,0.0012601353,-0.0010935927,0.0010719522,0.0004522257167625,-0.0011718158715274,0.0006185078723654,-0.00052114105,0.00016438268,0.00067310815,16.140366,0.98120594,0.26129586,0.25968564,0.26109743,0.26005918,2
2.1,-0.1790408,0.15240581,-0.06905417,0.00018955221,-0.008647666,0.0016906394,0.00039745506,-0.0010108475,0.0060214656,0.0004347615470533,-0.0012113245184516,0.0006161571276549,-0.00081680174,0.0001801993,-0.0006773528,16.140366,0.98120594,0.3005678,0.29903644,0.30054605,0.29906094,2
2.2,-0.17576556,0.15109096,-0.06848273,0.001613701,-0.009236253,0.0015696179,-0.006004616,-0.0014717908,-0.003648456,0.000413011217653,-0.0012344375387619,0.0006070301905246,-0.00043803797,0.00059449364,-0.00018137664,16.134365,0.9782896,0.33903074,0.3373968,0.33892456,0.33745125,2
2.3000000000000003,-0.17215969,0.14970395,-0.0681164,0.0032715471,-0.009852466,0.0015790327,0.0030413338,-0.00033700996,0.00044284386,0.0003910215378528,-0.0012932153143562,0.0005785185999719,-0.0005697901,5.99373e-05,-0.00055068935,16.128366,0.9752989,0.38332236,0.38100964,0.38316655,0.38102502,2
2.4000000000000004,-0.16885221,0.14843875,-0.06800291,0.0049608285,-0.010466385,0.0016233127,-0.0005646893,-0.0075664837,-0.0015706754,0.0003855446645292,-0.0013482910758582,0.0005712999017094,-0.00019870632,-0.00036915092,7.88234e-05,16.128366,0.9752989,0.39514768,0.3924635,0.39496702,0.3925265,2
2.5,-0.16561842,0.14760166,-0.067836925,0.006317191,-0.010759386,0.001583838,-0.00038899312,-0.0030408686,0.0033299436,0.0003907614872006,-0.0014205605750964,0.000581346938643,-0.00036772294,-0.00024191054,-0.00092382514,16.128366,0.9752989,0.40812033,0.40518147,0.40808788,0.40519604,2
2.6,-0.1624817,0.14732157,-0.067336366,0.0075383973,-0.010614772,0.0018403617,0.0044151153,-0.0014901471,-0.000257045,0.0004141032229318,-0.0014459741438237,0.0005755989588727,-0.000103861996,0.0008948634,-0.0004540095,16.122366,0.97224617,0.4206712,0.4177108,0.42038545,0.41791525,2
2.7,-0.15991476,0.14752886,-0.066671014,0.008567226,-0.010227108,0.0019643293,0.0038721375,-0.0051192087,-6.2398605e-05,0.0004664830964963,-0.0014693791456348,0.0005568292058928,0.0005646927,-0.00035767205,-0.00017486597,16.116367,0.9691429,0.43561178,0.43163908,0.43490732,0.43218404,2
2.8000000000000003,-0.15763228,0.14924483,-0.06618506,0.009360692,-0.008528468,0.00227028,0.0025754801,0.0025870537,-0.006525777,0.0005042022578736,-0.0014724704831435,0.0005564177539547,-0.00055012404,0.00013103135,0.0005494536,16.116367,0.9691429,0.4491408,0.44516623,0.4485983,0.44561514,2
2.9000000000000004,-0.15621437,0.15175988,-0.06616318,0.009218311,-0.0064027444,0.0024936523,-0.005033703,-0.0026866144,-0.0039115543,0.0005770314136898,-0.0014743521436391,0.000581791124277,-0.000184779,-0.000785276,-0.00062326045,16.110367,0.96599865,0.46544328,0.46066174,0.46462005,0.4614815,2
3.0,-0.15517066,0.154261,-0.06681122,0.009172162,-0.0044306186,0.002455675,0.008897345,-0.009319923,-3.352761e-05,0.0006635680855431,-0.0014437985199745,0.0005806712209187,0.00039634225,0.00044345143,-0.0007404567,16.110367,0.96599865,0.47985068,0.4752243,0.47859842,0.4762994,2
3.1,-0.15439598,0.15600866,-0.06767191,0.008815308,-0.0035692716,0.002017908,0.00080964895,-0.0032929133,-0.004780944,0.0006932316370154,-0.0014336544458938,0.0006013833538328,-0.00056466373,0.00027883987,0.0006259249,16.110367,0.96599865,0.49689773,0.49264875,0.49590915,0.49355543,2
3.2,-0.15370747,0.15697958,-0.06832039,0.00844428,-0.0031775816,0.0017255036,-0.0011470478,2.0627793e-05,-0.0057080756,0.0007172091160918,-0.0013895876173867,0.0005917475420982,0.00042899005,0.00017467586,-0.00083157123,16.104368,0.9628191,0.51278365,0.5076511,0.5113477,0.508872,2
3.3000000000000003,-0.15277334,0.15744111,-0.06890993,0.008470914,-0.0028974249,0.0013835169,0.0066188965,0.002338503,0.0011832452,0.0007141500650413,-0.0013725081390322,0.0005546778123884,-0.00081063097,0.00030104502,-0.00040134773,16.098368,0.9596119,0.5313196,0.5266825,0.53045905,0.5272362,2
3.4000000000000004,-0.15194923,0.15760079,-0.0693586,0.0085059395,-0.0028632148,0.0010476548,-0.002821759,0.0010321893,-0.0036149283,0.0006724080636552,-0.0013530965694426,0.0005176550380083,-0.00035264244,0.00056587736,-0.00026427465,16.098368,0.9596119,0.54800534,0.54280245,0.5468984,0.54354054,2
3.5,-0.15135796,0.15758815,-0.06975107,0.008383378,-0.0029399449,0.00071696076,0.0033492541,-0.0016550288,0.0046920027,0.0006389147902979,-0.0013746950533355,0.0005086311745627,2.909639e-05,0.00011602157,-0.0003555588,16.098368,0.9596119,0.5682928,0.5629392,0.56715596,0.5638615,2
3.6,-0.15062778,0.1571413,-0.06948012,0.008461044,-0.0034911456,0.0007376873,0.0009809886,-0.0047561065,-0.00050291413,0.0006370518746863,-0.0013678915695875,0.0005250380882316,0.00040357668,-0.00020509135,0.0007138838,16.09237,0.9563818,0.5861162,0.5799811,0.58483744,0.58119357,2
3.7,-0.15021363,0.15637915,-0.06892641,0.008448768,-0.0040339953,0.0007556796,0.014302287,0.0015620302,0.00041862947,0.000597147970313,-0.0013548428126232,0.0005455990744892,0.00011410157,-0.00021475588,0.00055921986,16.086369,0.9531355,0.60789996,0.6017938,0.6068496,0.6029386,2
3.8,-0.15012172,0.15528062,-0.06802477,0.007933578,-0.004952841,0.00069965486,-0.0020667037,-0.010647281,-0.0023413447,0.0005860607128873,-0.001352384619209,0.0005416375010689,3.3620367e-05,9.289813e-05,-0.00047907908,16.086369,0.9531355,0.6263753,0.62027633,0.62539876,0.6212169,2
3.9,-0.1507945,0.15403424,-0.067225546,0.006704273,-0.005698482,0.0008695213,-0.0020464784,0.0025687944,0.011867377,0.0005737874475905,-0.0013261294558455,0.0005509901651638,-0.00019969321,0.000761896,-5.725997e-07,16.08037,0.949872,0.64944005,0.6438552,0.64855367,0.64474565,2
4.0,-0.1517887,0.15306489,-0.066746175,0.0053325435,-0.0059935893,0.00082846865,0.003745795,0.0010990124,0.0037732532,0.0006151688173917,-0.0012565745187312,0.0005399465782646,0.00054386386,0.00068326085,-0.00034530822,16.08037,0.949872,0.66927856,0.6629947,0.6678499,0.6643127,2
4.1000000000000005,-0.15285577,0.15274161,-0.06654796,0.0037433153,-0.005610944,0.0008627834,0.0071950876,-0.0012943628,-0.01126062,0.0006407065563861,-0.0011859389782909,0.0005212453159266,0.00018265472,1.6348513e-06,0.0002563703,16.07437,0.94659424,0.7249427,0.71826804,0.7234759,0.7195112,2
4.2,-0.15394434,0.15252276,-0.066613585,0.0013897078,-0.005629313,-0.004644638,-0.004501112,-0.0060754423,-0.21611665,0.0006004877662924,-0.0006148049222087,0.0004699366256883,-0.0052084248,0.017666258,-0.0014687704,16.07437,0.94659424,0.7406722,0.7417236,0.74080026,0.7409992,2
4.3,-0.15518937,0.15209866,-0.069109395,-0.0013265341,-0.005746828,-0.04336111,-0.022894625,-0.004676932,-0.52667034,8.397640345407781e-05,0.0011181918692002,0.0003928991651768,-0.0038977945,0.013988683,-0.00044317942,16.07437,0.94659424,0.7571086,0.7575194,0.7564394,0.75742835,2
4.4,-0.15692279,0.15137418,-0.078191325,-0.0054328744,-0.0064408462,-0.11263123,-0.03162301,-0.007830704,-0.75293607,-0.0002361401335759,0.0019650854691918,0.0003345861488976,-0.0013964598,0.0020821511,-0.00092133763,16.06837,0.94330883,0.7624264,0.7622217,0.76188606,0.7620167,2
4.5,-0.1585477,0.15038052,-0.09435567,-0.009108306,-0.0077275005,-0.19004865,-0.025389655,-0.009410741,-0.82225066,-0.0002898946904369,0.0018508791805184,0.0003092634050559,0.0010246909,-0.0038676409,0.00020538518,16.06837,0.94330883,0.76754874,0.7676502,0.76712155,0.7675569,2
4.6000000000000005,-0.16060796,0.14891839,-0.12167665,-0.013032676,-0.008770581,-0.2807969,-0.02785642,-0.011264219,-0.88620365,-0.0001237698376289,0.0012287419195371,0.0003195793347689,0.0030483713,-0.0073794657,4.2602e-05,16.06237,0.94001484,0.7666337,0.7667009,0.76625216,0.7668133,2
4.7,-0.1627306,0.1470574,-0.1594095,-0.015738813,-0.009868708,-0.37405854,-0.016907036,-0.001659586,-0.8787936,0.0001756706087468,0.0003835100117511,0.0003409991074911,0.004197809,-0.009179532,0.00035163612,16.056372,0.93670845,0.7688595,0.76882863,0.76873094,0.7687834,2
4.800000000000001,-0.16473442,0.14523639,-0.20361277,-0.017100576,-0.010367318,-0.4605546,-0.006766712,-0.0020315885,-0.8976729,0.0006190870845398,-0.0005675155653618,0.0003359286348424,0.004980911,-0.009493833,0.00021149134,16.056372,0.93670845,0.76604426,0.7664007,0.7663496,0.7657835,2
4.9,-0.1664735,0.14344792,-0.26122755,-0.017188665,-0.010291949,-0.55311394,0.0060183406,0.0013599792,-0.8587706,0.0011974808361703,-0.0015864873780496,0.0003498819038952,0.007241227,-0.011689247,-8.767037e-05,16.050371,0.933403,0.76816195,0.7672687,0.7677298,0.7674536,2
5.0,-0.16823976,0.1422043,-0.32332674,-0.016487468,-0.009346242,-0.6375642,0.019799285,0.006621267,-0.8551394,0.0018612552287791,-0.0027092961618422,0.0004190447927705,0.007826163,-0.011827561,0.00054390467,16.050371,0.933403,0.76404256,0.7646273,0.76390964,0.7648789,2
5.1000000000000005,-0.17024666,0.14148335,-0.39986,-0.013980732,-0.0069488757,-0.72673446,0.037470896,0.019366285,-0.8152471,0.0027996861246227,-0.0042001101051591,0.0004460186804439,0.011288894,-0.018124396,-0.00060661027,16.044373,0.9300947,0.7654871,0.7665249,0.7655199,0.76646966,2
5.2,-0.17158094,0.14140138,-0.47837827,-0.009528606,-0.0039159083,-0.7973793,0.062079746,0.03307445,-0.51569843,0.0042525965251535,-0.0068974527046866,0.000450936915551,0.018311158,-0.033232722,0.00034694734,16.044373,0.9300947,0.74226826,0.741291,0.74160504,0.7417613,2
5.300000000000001,-0.17211963,0.14180763,-0.5679457,-0.0017161027,0.0011670083,-0.8189054,0.0819161,0.0511051,0.076785676,0.0058178515530391,-0.0099890818788469,0.0004734993299956,0.0117574,-0.025847018,0.0012105872,16.038372,0.92677784,0.7195958,0.71832156,0.7193186,0.7186259,2
5.4,-0.17110062,0.14280508,-0.6486057,0.0078547085,0.0065137525,-0.7892157,0.094400235,0.057032503,0.4725335,0.0067038117276453,-0.0118471340765333,0.0004574262239285,0.007016854,-0.013058263,0.000619979,16.038372,0.92677784,0.70486516,0.70175356,0.7031531,0.70338124,2
5.5,-0.16866858,0.14451328,-0.7235248,0.018445417,0.011968871,-0.7506864,0.08545592,0.04670923,0.30480418,0.00570767759837,-0.0106600452741115,0.0004556774836841,-0.026774757,0.041983787,0.00053992006,16.038372,0.92677784,0.72310585,0.71854776,0.7216758,0.71994466,2
5.6000000000000005,-0.16526115,0.1477761,-0.80003965,0.026172219,0.016249366,-0.73393744,0.02829832,0.014286147,0.06575975,0.0018381741893297,-0.0039321649755559,0.0004593683240607,-0.046468627,0.08571978,0.0004831429,16.032373,0.9234581,0.7252422,0.72207266,0.724811,0.72248644,2
5.7,-0.16207808,0.15235665,-0.8744502,0.024101293,0.016571274,-0.7282056,-0.07695105,-0.040729266,0.048351936,-0.0033091106824042,0.0065886478859875,0.0004777914407925,-0.054356486,0.110838875,0.0009495561,16.026373,0.9201307,0.7260249,0.7288907,0.72638315,0.7285468,2
5.800000000000001,-0.15998489,0.15601313,-0.94293034,0.0121372575,0.011459521,-0.72560185,-0.16908893,-0.089547925,-0.02120761,-0.0082902591207457,0.0155870764967034,0.0004773013072856,-0.045012645,0.067040846,0.00084186194,16.026373,0.9201307,0.7230966,0.7285855,0.7245861,0.7272979,2
5.9,-0.15894003,0.15831497,-1.0169337,-0.0070109502,0.0010469917,-0.7241899,-0.19804594,-0.120848574,0.039688308,-0.0117356175149137,0.0185778802318902,0.0004603022107927,-0.026193442,-0.006786868,0.0006022941,16.020374,0.91680336,0.7215056,0.7351281,0.7259585,0.73098534,2
6.0,-0.15998526,0.15883142,-1.0851885,-0.02320288,-0.010779558,-0.71985626,-0.13224056,-0.11267438,0.037393995,-0.0110587698255038,0.0113778963028901,0.0005842760019972,0.039871957,-0.11719031,-0.00053310144,16.020374,0.91680336,0.720643,0.7292128,0.724228,0.7260734,2
6.1000000000000005,-0.1626698,0.15783979,-1.1587245,-0.028332543,-0.019384194,-0.71407753,0.018116085,-0.04527385,0.08274521,-0.0042324082149888,-0.0032844112670252,0.0008070378860815,0.07874814,-0.13433088,0.00016618229,16.014374,0.913476,0.7335508,0.71770585,0.72947425,0.7221057,2
6.2,-0.16454251,0.15616933,-1.2260318,-0.021779845,-0.021337563,-0.70516837,0.074199446,-0.00069191854,0.080403864,0.0007165753603844,-0.0086038498395872,0.0009128539142365,0.024324609,0.0034072516,0.00017016685,16.014374,0.913476,0.7229642,0.7199879,0.72127306,0.72172534,2
6.300000000000001,-0.16512232,0.15446344,-1.297963,-0.0136622675,-0.02054424,-0.6944649,0.06513799,0.020983234,0.10649766,0.0019429294588911,-0.0072601633655365,0.0009816633781132,0.0066505275,0.009635557,-0.00026909972,16.008375,0.9101486,0.72523093,0.7250589,0.7255219,0.7246916,2
6.4,-0.16514659,0.15272352,-1.3629524,-0.007570736,-0.019257858,-0.6833655,0.047716994,0.02195708,0.1086411,0.002514287026734,-0.0062042478397516,0.0010007106627417,0.0041001816,0.012428595,-0.000758773,16.008375,0.9101486,0.7207814,0.72027487,0.72035104,0.72058004,2
6.5,-0.16490573,0.15091981,-1.4264379,-0.0027593228,-0.017535763,-0.67031914,0.041327108,0.02732935,0.14908051,0.0027350795611222,-0.0049261464746752,0.0009813634529394,0.0018893654,0.012708397,4.4394557e-05,16.008375,0.9101486,0.72433865,0.7243756,0.724012,0.7246491,2
6.6000000000000005,-0.16477141,0.14915757,-1.4933981,0.00063371024,-0.015460283,-0.65579355,0.030890575,0.019784372,0.11471798,0.0028415822746493,-0.0039128478591481,0.000959895667936,0.0015131648,0.008662507,-0.00010842174,16.002375,0.90682125,0.72006756,0.7200493,0.7197241,0.72042805,2
6.7,-0.16475604,0.14767827,-1.5588622,0.002916613,-0.013207067,-0.64058036,0.023427855,0.019492388,0.15979493,0.0029311495846738,-0.0032015477730096,0.0009388837455759,0.0005223381,0.006621898,-0.00013831111,15.996375,0.90349483,0.7234199,0.72352326,0.7233338,0.7237527,2
6.800000000000001,-0.1649895,0.14644067,-1.6180573,0.0038946737,-0.011107059,-0.626103,0.010239257,0.02550661,0.13316375,0.0029162233029794,-0.0027426531443613,0.000866631037949,-0.0015026515,0.0048354743,-0.00049757946,15.996375,0.90349483,0.7185608,0.7196317,0.7189834,0.7190486,2
6.9,-0.16544245,0.14522995,-1.6807853,0.004542775,-0.008927435,-0.60899687,0.008727832,0.017072096,0.1714616,0.0028814841965436,-0.002491685768113,0.0008597590381237,0.0003574534,0.0014256485,0.00025214223,15.9903755,0.90016747,0.72250295,0.7219746,0.72209275,0.72244966,2
7.0,-0.16581485,0.14413698,-1.7371178,0.0050955606,-0.007274486,-0.59205174,0.016405843,0.017401977,0.1608734,0.0028421890500521,-0.0023731849095576,0.0008788313263658,-0.000110716486,0.0012431468,0.00040808972,15.9903755,0.90016747,0.7178161,0.71817815,0.7177992,0.71840155,2
7.1000000000000005,-0.16605358,0.1429246,-1.7962987,0.005773999,-0.005716309,-0.572598,0.0067498814,0.019126004,0.18247588,0.0027826821636084,-0.0023343858396017,0.0008824201118308,-0.00038902124,0.0008360547,4.8659444e-05,15.984376,0.8968401,0.7210263,0.72166157,0.72133684,0.72147167,2
7.2,-0.1663702,0.1418564,-1.8494633,0.0062341667,-0.0044781184,-0.5478458,0.0076675094,0.02086813,0.4153624,0.0029543007487126,-0.0021818416297332,0.0008615642953668,0.0068527195,0.0070555224,0.0004954665,15.984376,0.8968401,0.70284224,0.70296335,0.70374227,0.7019839,2
7.300000000000001,-0.16717166,0.14154749,-1.9027416,0.00570001,-0.0020902597,-0.47906417,-0.005488687,0.031418696,0.8594221,0.0042046443151521,-0.0007414536604009,0.000838055530909,0.014224187,0.015396332,-0.00023626417,15.978376,0.8935127,0.68130183,0.6811484,0.68102497,0.68123406,2
7.4,-0.16831748,0.14195248,-1.9433521,0.0037061144,0.0015958013,-0.37461066,-0.015563014,0.039176658,1.261278,0.0054537254275523,0.0006801727128062,0.0008586910359232,0.010169136,0.011172755,0.00022654445,15.978376,0.8935127,0.6630054,0.6629835,0.662816,0.6630971,2
7.5,-0.1698872,0.14284177,-1.9718765,0.0010416546,0.005744128,-0.255478,-0.02634449,0.037393942,1.0485955,0.0061656682872323,0.0015669897449155,0.0008805573173078,0.005084222,0.0066075614,-0.0005547453,15.978376,0.8935127,0.6861071,0.68619365,0.68601185,0.6863628,2
7.6,-0.17193487,0.14411604,-1.9907507,-0.0025833563,0.011028431,-0.17449425,-0.038044292,0.05431034,0.53658706,0.0065064383230224,0.0020784002361019,0.0009130360109632,0.0020201784,0.0038639745,0.0006158368,15.972377,0.89018536,0.70738757,0.7073306,0.70719963,0.7075855,2
7.7,-0.17468718,0.14593722,-2.0030706,-0.006764259,0.016525257,-0.1397698,-0.029366799,0.050010573,0.14320993,0.0063412721887164,0.0020797183665612,0.0009283690309443,-0.008105065,-0.0069633364,1.598343e-05,15.966377,0.8868551,0.7249557,0.72528934,0.72386765,0.72635996,2
7.800000000000001,-0.1775062,0.14833274,-2.013425,-0.009745961,0.021332815,-0.14009419,-0.019342983,0.047095507,-0.13590975,0.0047883441856635,0.0005572418249746,0.0009646417109308,-0.019364487,-0.018336343,0.00037269702,15.966377,0.8868551,0.73620886,0.7368482,0.73671395,0.73644584,2
7.9,-0.18065377,0.15135844,-2.0266623,-0.011434378,0.02462722,-0.16325341,0.0056620473,0.024333779,-0.28991792,0.00288168240875,-0.0013402765929831,0.0009747829973473,-0.017676555,-0.016740227,-0.00017530573,15.960378,0.88352203,0.7417984,0.7423481,0.7415516,0.7425594,2
8.0,-0.18351388,0.15422416,-2.042398,-0.011210275,0.025608312,-0.19013865,0.022305353,-0.003288963,-0.25628877,0.0011593512962179,-0.0029866056574221,0.0010011592940761,-0.013624286,-0.013030349,-0.00027430465,15.960378,0.88352203,0.7382079,0.73856586,0.73840034,0.7384225,2
8.1,-0.18638071,0.15712735,-2.0612078,-0.00995223,0.025010247,-0.20859183,0.028009199,-0.0073141963,-0.1419205,0.0001795227885327,-0.0040320132951568,0.0010025833765258,-0.0050870017,-0.0048974715,0.00025730574,15.960378,0.88352203,0.7329273,0.73291457,0.7327873,0.73301834,2
8.200000000000001,-0.18910807,0.16024813,-2.0832021,-0.007989941,0.02378613,-0.21743001,0.028159238,-0.019042863,-0.044272743,-0.0002429922396243,-0.0042599923151041,0.0009981328853106,-0.0045440444,-0.0015943899,-0.00027575734,15.954378,0.8801899,0.72864085,0.7297935,0.72929263,0.7290516,2
8.3,-0.19110364,0.16345677,-2.1060243,-0.005117177,0.022611232,-0.21818411,0.031207843,-0.017457101,0.020125879,-0.0005628286514743,-0.0044996772518268,0.0010096705087862,-0.0017355323,-0.0021499214,-0.00014496582,15.948379,0.8768568,0.72725254,0.7266255,0.7268545,0.72706884,2
8.4,-0.19252527,0.16671938,-2.1270947,-0.0024816408,0.021518465,-0.21450907,0.03722189,-0.016005494,0.051275823,-0.0008569906020333,-0.0045473110456789,0.0009911825309849,-0.0031019722,-0.0006412047,0.00041701796,15.948379,0.8768568,0.7251925,0.72513014,0.72549933,0.7247773,2
8.5,-0.19343121,0.17068918,-2.1475792,9.470929e-05,0.020846182,-0.20794944,0.031995125,-0.020346014,0.07891049,-0.0010356592947874,-0.0044329690016828,0.0009756762721911,-0.0012229338,0.0027921067,-6.820882e-05,15.948379,0.8768568,0.7247792,0.7242982,0.724201,0.7248046,2
8.6,-0.19335079,0.17568988,-2.1689336,0.0032397495,0.020293137,-0.19875188,0.03141365,-0.023113115,0.08521787,-0.0013244583369562,-0.0041388286692329,0.0009655152403176,-0.0049284487,0.0019097116,-0.0003013482,15.942379,0.87352467,0.7243955,0.72389805,0.7244457,0.7237065,2
8.700000000000001,-0.1921126,0.18019038,-2.1896088,0.006745967,0.019229908,-0.18952301,0.022386586,-0.027477467,0.086326145,-0.0018335576828568,-0.0037951262698755,0.0009661408045487,-0.005505252,0.004476753,0.0004120628,15.936379,0.8701925,0.7244152,0.7242005,0.724162,0.724406,2
8.8,-0.19064455,0.18367554,-2.207943,0.009414992,0.0173866,-0.18080749,0.009111856,-0.02806802,0.08972315,-0.0023817734716136,-0.0032768743237651,0.0009459124101734,-0.0043060207,0.0054451763,3.834586e-06,15.936379,0.8701925,0.72440016,0.7236582,0.7241013,0.72380614,2
8.9,-0.1892674,0.18629588,-2.2256582,0.011633356,0.014652471,-0.17236702,0.013779155,-0.03077835,0.09298231,-0.0027698441097844,-0.0025883524323374,0.0009693772156961,-0.002974584,0.007956405,0.0008767831,15.936379,0.8701925,0.7242148,0.72446704,0.72418076,0.72458,2
9.0,-0.18806104,0.18827707,-2.2438622,0.012416646,0.010906468,-0.16332084,0.002731613,-0.033828106,0.08592661,-0.0030076366219388,-0.0018957620851313,0.0009513121599686,-0.0011211623,0.006030842,0.00047201134,15.93038,0.86685944,0.72399086,0.7242649,0.7241693,0.724003,2
9.1,-0.18716055,0.18962426,-2.2595015,0.012304314,0.007530803,-0.15500009,-0.003048394,-0.03283255,0.08787168,-0.0030092482338476,-0.0013811300162088,0.0009439983971389,0.0012592565,0.0034709577,0.0015556008,15.93038,0.86685944,0.72486776,0.72496027,0.72489876,0.72483724,2
9.2,-0.18597287,0.19052428,-2.275159,0.011856362,0.0038244491,-0.14690283,-0.005407925,-0.029604377,0.07005641,-0.0027778958633714,-0.0009892881825896,0.0009338839140534,0.0029798066,0.0030884412,0.00013238998,15.92438,0.8635273,0.7247949,0.7248948,0.72462994,0.7249239,2
9.3,-0.18399937,0.1907579,-2.2894988,0.011899552,0.0006110591,-0.13960347,-0.006289362,-0.02542362,0.07220636,-0.0024632462315066,-0.0007056570052152,0.0009187449774206,0.004173245,0.0028498883,0.00012702883,15.918381,0.8601942,0.7257964,0.7256971,0.72540736,0.725842,2
9.4,-0.18156934,0.19065808,-2.3016884,0.011753202,-0.002046539,-0.1335043,-0.0116110565,-0.02454658,0.05090702,-0.0021174137785536,-0.0004496552304251,0.0009371931918413,0.0036279494,0.0038766083,-3.0853007e-05,15.918381,0.8601942,0.72543156,0.7258587,0.725437,0.7257181,2
9.5,-0.17926629,0.19016491,-2.3130813,0.011201373,-0.004316339,-0.12810624,-0.014645361,-0.021533959,0.05263835,-0.0016509214489613,-7.995682881650376e-05,0.0009877354808009,0.0060530636,0.0053894273,0.0011456793,15.918381,0.8601942,0.7265484,0.72648674,0.72612315,0.72710437,2
9.6,-0.17689182,0.1893687,-2.3243415,0.010452092,-0.0064151934,-0.12276602,-0.019015329,-0.014932988,0.03712205,-0.0012461623603589,0.0002729836963966,0.0010072580475116,0.004734911,0.0035860252,0.00021979747,15.912381,0.85686207,0.7264449,0.72624165,0.72621286,0.7266222,2
9.7,-0.17453997,0.18834263,-2.3350275,0.009583887,-0.008073971,-0.11832651,-0.027891006,-0.013956227,0.038747206,-0.000825157119953,0.0006347398679909,0.0010193569281504,0.0032299154,0.0041946345,-0.0001759342,15.906382,0.853529,0.72704536,0.7275507,0.72763526,0.7270578,2
9.8,-0.17232022,0.18721667,-2.3445995,0.0083156815,-0.009076131,-0.11481156,-0.024050042,-0.007941062,0.024936626,-0.0003561275099285,0.001010897206705,0.0010387986317937,0.004489454,0.0042729983,0.00011013642,15.906382,0.853529,0.7265135,0.7268002,0.72654253,0.72695094,2
9.9,-0.1700488,0.1863185,-2.3544219,0.006764886,-0.009440926,-0.111494124,-0.02962517,-0.010076227,0.034342516,1.6481717902837838e-05,0.0013127041130508,0.0010368160770402,0.0025001895,0.002654937,-0.0001693739,15.906382,0.853529,0.7272003,0.7274323,0.72736317,0.7273722,2
10.0,-0.167468,0.18532363,-2.3651545,0.0050967196,-0.009660127,-0.107965045,-0.02499139,0.00020938693,0.03455765,0.0003560285580599,0.0015523438756744,0.0010275044579012,0.0051227775,0.0028121038,0.00074861106,15.900382,0.85019684,0.7266275,0.72568566,0.72551876,0.7268049,2
10.1,-0.16508602,0.18397367,-2.3764324,0.0030066273,-0.009647392,-0.10377988,-0.02815924,0.003795916,0.041634306,0.0006598717009048,0.0017830444399012,0.0010180494950052,0.0032733558,0.0016988333,-0.00020506624,15.894382,0.84686375,0.7269115,0.72656924,0.72662,0.72688097,2
10.2,-0.16333032,0.18266954,-2.3866835,0.000541134,-0.009483243,-0.09936598,-0.037035845,0.0057908944,0.04267273,0.0008534290231026,0.0019818145389954,0.0010260998269993,0.0012587401,0.0019246542,0.00030490465,15.894382,0.84686375,0.7250956,0.7256962,0.72554815,0.7253214,2
10.3,-0.16198336,0.18107745,-2.397252,-0.0023965465,-0.009162539,-0.09421529,-0.042943362,0.006109132,0.05451962,0.0010956219208527,0.0021175528523454,0.0010327878719647,0.0015413854,0.0009715285,0.00014219791,15.888383,0.8435316,0.7262162,0.7266878,0.72652507,0.7265134,2
10.4,-0.16164064,0.17939073,-2.40681,-0.0055696173,-0.009051198,-0.089461565,-0.029390546,0.009263117,0.05433708,0.0013124285698025,0.0021013743786683,0.0010244821717271,0.0036720969,-0.0012427266,-0.0003280091,15.888383,0.8435316,0.72532946,0.7247625,0.7248059,0.725313,2
10.5,-0.16203065,0.17754911,-2.416001,-0.008996324,-0.008694001,-0.084301524,-0.0382907,0.012331645,0.06305752,0.001578799162822,0.0019176917763513,0.0009979226405204,0.0015860889,-0.003299436,-0.0002702863,15.888383,0.8435316,0.726412,0.72684056,0.7267665,0.7263461,2
10.6,-0.1628776,0.17570773,-2.4248958,-0.012149253,-0.007887548,-0.079016596,-0.03196325,0.0083039375,0.045844816,0.0018649202064075,0.0016075656718768,0.000981136739746,0.0020581738,-0.0038411277,-0.00044590095,15.882383,0.8401995,0.72488594,0.7254355,0.725096,0.7250581,2
10.7,-0.16454063,0.17403623,-2.4328728,-0.0155736925,-0.006685228,-0.07401716,-0.028934687,0.014890343,0.050662547,0.0021413367678514,0.0011865560272863,0.0009918276325399,0.0029523633,-0.004976419,0.0009528339,15.876384,0.8368664,0.7273407,0.72699046,0.72708935,0.72725445,2
10.8,-0.16669947,0.17213337,-2.4396274,-0.018226009,-0.0055578914,-0.070100605,-0.021173317,0.019540012,0.03391085,0.0023490933639759,0.0006329148227685,0.0010140852201146,0.0021059944,-0.0060875104,0.00046713534,15.876384,0.8368664,0.72567785,0.7258532,0.72568786,0.72596645,2
10.9,-0.16911325,0.16988955,-2.4458342,-0.020286726,-0.004461612,-0.066404395,-0.016809419,0.021570986,0.037396323,0.0024946290626706,-5.066646957906847e-05,0.0010143828138761,0.0011535622,-0.007831655,0.00036222517,15.876384,0.8368664,0.7275606,0.7276698,0.72783166,0.7274149,2
11.0,-0.17187306,0.16753444,-2.4518461,-0.021606697,-0.0033315779,-0.063327394,-0.010810799,0.013789967,0.021601094,0.0026875846819948,-0.0007294255521034,0.0010267365858528,0.002179009,-0.0074022063,8.018219e-05,15.870384,0.83353424,0.7266365,0.72626567,0.72662944,0.72640055,2
11.1,-0.17451209,0.16534111,-2.4579031,-0.022157568,-0.0018544877,-0.060591538,0.0015264462,0.0214137,0.017508397,0.0029148667892211,-0.0013702338295429,0.0010414735771768,0.0026612552,-0.0061667697,-0.0001048193,15.864385,0.83020115,0.7276527,0.727848,0.7277867,0.72787756,2
11.2,-0.17663033,0.16324039,-2.46351,-0.02169288,-0.00068905577,-0.058374617,0.010750007,0.03186748,0.028616281,0.0031275195234757,-0.0019514472772008,0.0010188732122632,0.0020383717,-0.0051018633,-0.0007060293,15.864385,0.83020115,0.72662944,0.72660536,0.7267668,0.72646725,2
11.3,-0.17840326,0.16088161,-2.4696417,-0.020525275,0.000657254,-0.055843297,0.012745522,0.028945625,0.038631257,0.0033420785983889,-0.002386157613942,0.0009717626024019,0.002990351,-0.0044940743,-0.0004320723,15.858385,0.826869,0.7277462,0.72719556,0.727393,0.7272913,2
11.4,-0.17905034,0.15861657,-2.475266,-0.018555043,0.0020180317,-0.05315493,0.027211422,0.028578654,0.023507046,0.0035400556348742,-0.0027021347114643,0.000965494778977,0.0016001823,-0.0022012764,-0.0003919506,15.858385,0.826869,0.7266445,0.7266629,0.7268279,0.7262663,2
11.5,-0.17924969,0.15658846,-2.480791,-0.016504835,0.003586329,-0.05073535,0.01556671,0.03324996,0.029251443,0.0037593453277953,-0.0027670532102357,0.000956895870422,0.0017227794,0.0013091057,-9.76798e-05,15.858385,0.826869,0.72679657,0.72750014,0.7272585,0.72684294,2
11.6,-0.17902529,0.15527473,-2.4866192,-0.014097528,0.00574984,-0.047682226,0.018156668,0.03135315,0.03286544,0.0039820716182475,-0.0026459690192585,0.0009778565977291,0.0027742223,0.0012751776,0.0005493298,15.8523855,0.8235359,0.7270965,0.7260249,0.7264058,0.7266956,2
11.7,-0.17830144,0.15499228,-2.492302,-0.011564789,0.008741729,-0.0445039,0.016890319,0.031029113,0.03559049,0.0040622232268673,-0.0024410088358651,0.0010237171455692,0.0004000705,0.002677079,0.0005546341,15.846386,0.8202038,0.7271837,0.72660065,0.7269344,0.72711724,2
11.8,-0.17709872,0.15552412,-2.4978054,-0.009233529,0.011792926,-0.04185987,0.007351925,0.027495611,0.04329625,0.0039304888019775,-0.0020769603892756,0.0010673905715401,-0.0024859833,0.004354197,6.120918e-05,15.846386,0.8202038,0.72656995,0.72621197,0.72664225,0.7265953,2
11.9,-0.17549077,0.15572691,-2.5033648,-0.006971826,0.013732741,-0.038886476,0.00094005093,0.018344898,0.043357253,0.0036107603760892,-0.0016144458889217,0.0010882680099781,-0.0035706328,0.0066013588,-0.00018695605,15.846386,0.8202038,0.72614324,0.72664833,0.72656417,0.72665536,2
12.0,-0.17348897,0.15565492,-2.5092397,-0.0049646506,0.01514213,-0.03547092,-0.00023701294,0.016168451,0.04464853,0.0032467739729041,-0.0010405179029609,0.0010569482685923,-0.0028638393,0.006994588,-0.0005784937,15.840386,0.8168707,0.72616553,0.7264689,0.7262739,0.72648096,2
12.1,-0.17134087,0.15575093,-2.5141914,-0.0037441095,0.016478213,-0.032279886,-0.017291121,0.01816143,-0.018695833,0.0030040132102317,-0.000613574700022,0.0010139221859615,-0.0016007408,-0.007925877,-0.00017058253,15.834387,0.81353855,0.6939913,0.7601459,0.6922096,0.7619839,2
12.2,-0.16909406,0.15625948,-2.518003,0.008455743,0.01745646,-0.034600828,0.3127197,0.010925907,0.010889488,0.0018813370909043,-0.0380773568733903,0.0008764751057289,-0.01581861,-0.59770685,-0.000562632,15.834387,0.81353855,0.7276894,0.72315276,0.7280854,0.7237848,2
12.3,-0.16276966,0.15746883,-2.521667,0.07684934,0.017297218,-0.027581157,0.8860629,-0.0059210905,0.11765351,0.0002924942335319,-0.0940127187329532,0.0007370256284697,-0.0132833235,-0.4693989,-0.0017790238,15.828387,0.8102064,0.73251283,0.716225,0.7336624,0.71637696,2
12.4,-0.14764726,0.15874825,-2.5238392,0.18157579,0.015985226,-0.015060742,1.1870651,-0.0091848625,0.13701384,-0.0007365183423767,-0.1263532306140591,0.0005888642784767,-0.007638988,-0.2070849,-0.0012708306,15.828387,0.8102064,0.73086816,0.71979004,0.7319033,0.719519,2
12.5,-0.11962796,0.15980385,-2.52386,0.30501193,0.013984906,-0.0021359106,1.2779727,-0.008331215,0.114431135,-0.0012082012967409,-0.1358674833852494,0.0003612360614449,-0.0028784936,-0.01487126,-0.0017254158,15.828387,0.8102064,0.7307891,0.72363716,0.7312643,0.7232714,2
12.6,-0.07290018,0.15992434,-2.5210586,0.4422493,0.010933476,0.008830661,1.2333729,-0.022257801,0.078067645,-0.0012759119623169,-0.1307682411821828,3.7670399674686586e-05,-0.00032005418,0.09701965,-0.0019115473,15.822388,0.8068733,0.7295852,0.7281188,0.73021346,0.72694546,2
12.7,-0.010530589,0.15893829,-2.5164406,0.56999636,0.0071941363,0.015524359,1.0836972,-0.020662084,0.03166869,-0.0011100865859256,-0.1179342093876298,-0.0003370257390708,0.003692799,0.15087797,-0.0012695165,15.816388,0.8035412,0.72976166,0.7304749,0.72934955,0.7295657,2
12.8,0.05956036,0.15768969,-2.5119529,0.67432016,0.004072991,0.018222423,0.9347936,-0.016000599,-3.72529e-05,-0.0007676836765368,-0.1020393125679338,-0.000656447920911,0.0046522315,0.16650146,-0.0010912819,15.816388,0.8035412,0.72888315,0.73232627,0.72867584,0.73073304,2
12.9,0.13934013,0.15624967,-2.5072076,0.76305187,0.0011019325,0.018894974,0.76381797,-0.015082848,-0.016776843,-0.0003380228179498,-0.0858488681685448,-0.0008575173056633,0.0051957564,0.16050339,0.0003910224,15.816388,0.8035412,0.7287025,0.7325297,0.7283202,0.73104614,2
13.0,0.23346595,0.15402754,-2.5020654,0.84118104,-0.001962325,0.018521437,0.60248786,-0.00760339,-0.019840429,0.0001142728181957,-0.0708102179974278,-0.0010170066803516,0.0049508284,0.14483461,0.0013248405,15.810389,0.8002081,0.7277468,0.7331758,0.7275663,0.73164135,2
13.1,0.3328843,0.15093915,-2.4972532,0.9016361,-0.004782596,0.01747649,0.4546103,-0.0045099743,-0.017312353,0.0005844405741709,-0.0577511630632098,-0.001233543608882,0.0053519756,0.122323334,0.0012607225,15.804389,0.79687595,0.72744685,0.73314255,0.7271604,0.73149306,2
13.2,0.4279789,0.14768384,-2.4931352,0.9444521,-0.0072136093,0.016305404,0.34739318,0.0049215183,-0.012697185,0.0010751836611044,-0.0469651627575377,-0.001436822122494,0.0047587184,0.09806814,0.002645482,15.804389,0.79687595,0.7273023,0.73282504,0.7273463,0.7308985,2
13.3,0.5328893,0.14370005,-2.4890676,0.9785964,-0.009385375,0.015053263,0.25954968,0.008809075,-0.02162624,0.0015379347671927,-0.0383589097215733,-0.0016092628157111,0.004124012,0.077381305,0.0032398337,15.798389,0.79354286,0.7267715,0.7329898,0.7271604,0.7307498,2
13.4,0.63018346,0.14004429,-2.4854803,1.0010247,-0.010631002,0.013658959,0.18828754,0.015981982,-0.018546356,0.0019903748431637,-0.0316849403410285,-0.0016747019701026,0.005732882,0.05809363,0.002929997,15.798389,0.79354286,0.7272186,0.7319641,0.7265829,0.7309147,2
13.5,0.72780246,0.13652156,-2.482493,1.0167869,-0.011262961,0.012776016,0.13961619,0.012852779,-0.020452773,0.0023425548415298,-0.0267080056456721,-0.0016231819173561,0.0041760537,0.042341877,0.0032479744,15.798389,0.79354286,0.7269707,0.7318381,0.72677815,0.73064256,2
13.6,0.83345556,0.13300869,-2.479974,1.0279673,-0.011310857,0.011647338,0.10487742,0.017747829,-0.011859461,0.0025865031505022,-0.0231209003964485,-0.0014286586360362,0.0019576491,0.029484564,0.0046296786,15.79239,0.7902107,0.7265893,0.73162746,0.7271285,0.7302803,2
13.7,0.9387449,0.12979554,-2.4782734,1.0352308,-0.011094493,0.010737273,0.08155434,0.017199777,-0.008182599,0.0027274617256994,-0.020634985334718,-0.0011830242780548,0.0010564332,0.01895769,0.004390205,15.78639,0.7868786,0.7266508,0.73104316,0.72745395,0.73003614,2
13.8,1.0351325,0.127819,-2.4774563,1.0390291,-0.01024283,0.009749847,0.062962495,0.01221237,-0.0033923422,0.0028055704416537,-0.018907839473307,-0.0008667436128742,0.00046604342,0.012666951,0.004418848,15.78639,0.7868786,0.7263941,0.7307268,0.7272681,0.73017895,2
13.9,1.1307527,0.12694536,-2.4776487,1.040755,-0.008578932,0.00870254,0.05038964,0.016205495,-0.0063693146,0.0028141105043225,-0.0177719908027485,-0.0004440248823321,-0.00022635359,0.008033736,0.0042691985,15.78639,0.7868786,0.72609097,0.7303913,0.7272147,0.73020554,2
14.0,1.2340238,0.1267835,-2.478207,1.0414191,-0.006372951,0.008229516,0.037659556,0.017455194,0.00019557773,0.0026750664588792,-0.0170908391457428,-7.285046203845443e-06,-0.0024999355,0.004458658,0.003241017,15.780391,0.7835455,0.72550875,0.7306027,0.7275004,0.73017985,2
14.1,1.3367451,0.12686439,-2.4785774,1.0413234,-0.0048268805,0.007409011,0.037228096,0.010374753,-0.0054291445,0.002407406617711,-0.0167145142711605,0.0003497275609272,-0.0023294685,0.0020384698,0.0016914429,15.774391,0.78021336,0.72553104,0.7300475,0.7272739,0.73048407,2
14.2,1.4310844,0.12724441,-2.4784486,1.0404842,-0.0033518546,0.0072861393,0.032441534,0.017034624,0.003130175,0.00216215534371,-0.0164883182821979,0.0005486678305275,-0.0026031747,0.0010084839,0.0013536215,15.774391,0.78021336,0.7254276,0.73027194,0.72741205,0.7304078,2
14.3,1.5331552,0.12792908,-2.477845,1.0392921,-0.0021744135,0.0070067793,0.03076146,0.0056461315,0.005523208,0.0019306970233428,-0.0164255140806119,0.0006610265226036,-0.0026403905,-0.0011201352,0.0009211508,15.768392,0.77688026,0.72546446,0.7302866,0.7277012,0.73013604,2
14.4,1.627328,0.12850022,-2.4768293,1.0387018,-0.0013780427,0.007041659,0.032494295,0.0059693023,-0.004402827,0.0017168414396392,-0.0164566865160562,0.0006693022744905,-0.0014566676,-0.0023403165,-0.00021382888,15.768392,0.77688026,0.7260553,0.7301573,0.72780144,0.73010755,2
14.5,1.7214954,0.12854381,-2.475701,1.0377866,-0.00096828275,0.0066348156,0.03317104,0.005760787,-0.01130998,0.0015503958627245,-0.0164777261523232,0.000563482396844,-0.0015985228,-0.0009962765,-0.00067011104,15.768392,0.77688026,0.7257815,0.73070306,0.7274479,0.7301045,2
14.6,1.8231966,0.1283775,-2.475204,1.0366846,-0.001160236,0.0059693926,0.033379734,-0.00074314943,-0.0065509225,0.0014545381081694,-0.0164853945630112,0.0004128244618132,0.00017152817,-0.0006634841,-0.001701921,15.762392,0.7735472,0.72607774,0.7305303,0.72696394,0.73013526,2
14.7,1.9244981,0.12828088,-2.4747736,1.0355184,-0.0011682061,0.005412386,0.031675953,-0.00059747475,-0.0008437782,0.0014555287427396,-0.0165318920102655,0.0002466505583055,0.0006056377,-0.0014108103,-0.0013968634,15.7563925,0.7702141,0.72619,0.73052764,0.72674847,0.7298757,2
14.8,2.017869,0.12839176,-2.474855,1.0347271,-0.00096320536,0.0051360554,0.035525188,-0.00077939645,-0.005275942,0.0014702993075804,-0.0165892873809219,9.041012981015463e-05,9.986981e-06,-0.0023787334,-0.0019589234,15.7563925,0.7702141,0.72640246,0.73057574,0.7272158,0.72917897,2
14.9,2.1110997,0.12853655,-2.4752162,1.0340647,-0.00077939377,0.0046164887,0.031952336,0.0066963206,-0.0042608003,0.0014796788767869,-0.0166228268223191,-3.536629426602355e-05,0.00015545353,-0.00024949363,-0.0012648462,15.7563925,0.7702141,0.7259403,0.73096746,0.7265253,0.7295375,2
15.0,2.2121503,0.12921017,-2.4758987,1.0331556,1.540441e-05,0.0044395872,0.025763124,0.0052370974,0.010339542,0.0014897304662609,-0.0166347584938623,-0.0001180265923261,-0.0006295982,-0.00097135786,-0.0007176808,15.750393,0.766881,0.72605693,0.730914,0.72657025,0.72942054,2
15.1,2.3140285,0.13064267,-2.4769537,1.0328494,0.0014892915,0.0043285233,0.033105407,0.0038171613,-0.002167653,0.0014133476276222,-0.0166707982268966,-0.0001796091625951,-0.0025659422,-0.00044159376,-0.0010765718,15.744393,0.7635479,0.72583425,0.7313018,0.726766,0.72931504,2
15.2,2.4093554,0.13253255,-2.4778786,1.0334102,0.003184317,0.004097679,0.033040594,0.009504123,0.008612405,0.0012682113790845,-0.0166671992425501,-0.0001419788079032,-0.0027801646,-0.0004602653,8.463456e-05,15.744393,0.7635479,0.7261874,0.73059124,0.72697324,0.7292902,2
15.3,2.514298,0.13491711,-2.4787347,1.0348232,0.004780426,0.0038896855,0.02255834,0.0037516423,-0.0032014211,0.001037632877616,-0.0165635356831156,-0.0001264244125951,-0.0032016179,0.0026187615,0.0006679363,15.738394,0.7602148,0.7257931,0.7309618,0.7267715,0.72958505,2
15.4,2.6117766,0.13718833,-2.479324,1.0362157,0.005815549,0.003853855,0.030966729,-0.007438781,0.0040773298,0.0007544228757512,-0.0163372275303218,-0.0001367498287126,-0.0029495372,0.002665283,-0.0011825213,15.738394,0.7602148,0.7260933,0.7307682,0.72676736,0.72956413,2
15.5,2.709439,0.1391001,-2.4794567,1.0373363,0.006236789,0.0039830497,0.02887631,-0.009711343,-0.0052368264,0.0005135475873241,-0.0159974343818214,-0.0001322519121417,-0.0035820166,0.002577138,0.00061968056,15.738394,0.7602148,0.72594404,0.73109186,0.7274045,0.72917295,2
15.6,2.8153958,0.14062059,-2.479531,1.0378687,0.005887237,0.003792341,0.011089133,-0.0068096383,0.0048694196,0.0003406381033934,-0.0156497512925865,-7.696088284002546e-05,-0.00080991024,0.0030426607,-0.00011547947,15.732394,0.7568817,0.7260724,0.7307604,0.72693455,0.7298012,2
15.7,2.9219708,0.14190282,-2.4801638,1.0387279,0.0053781015,0.0033559569,0.012680349,-0.007713044,0.0028177162,0.0002898843792951,-0.0153734503622456,-3.7891173209246425e-05,0.0008581345,0.0020978271,0.00036188003,15.726395,0.7535486,0.7262454,0.7304187,0.7267543,0.72987235,2
15.8,3.0208507,0.14294904,-2.4807575,1.039679,0.0048680194,0.0031285877,0.01519727,-0.01065457,-0.004092231,0.0003194630906123,-0.0151100884050701,1.901643421014943e-05,0.001209608,0.0024422912,0.00026042757,15.726395,0.7535486,0.72599673,0.730518,0.72682333,0.7299148,2
15.9,3.1199682,0.14402443,-2.4813359,1.0408379,0.004418822,0.0026719915,0.0123215355,-0.0072774524,0.0060107554,0.0003644400198514,-0.0148242350408475,5.076442103103523e-05,0.0012201905,0.002965192,0.00014640973,15.726395,0.7535486,0.72593504,0.73035854,0.72673684,0.72978395,2
16.0,3.2266674,0.14527246,-2.4819553,1.0410526,0.0041588508,0.0026084248,0.002700275,-0.0034544207,0.0037648713,0.0004335809264002,-0.0144773258374333,4.0290438909210993e-05,0.0007066132,0.0035685345,-0.0005229413,15.720395,0.75021553,0.72580886,0.7306309,0.72669184,0.72974956,2
16.1,3.3325853,0.14718758,-2.4823613,1.0402378,0.004531755,0.0025639788,0.004169582,-0.0015212935,0.0026756895,0.0004995954789421,-0.014224147999263,2.6134990572698785e-05,0.0008136388,0.0018003011,0.0007042505,15.7143955,0.74688244,0.72586477,0.73059344,0.72667474,0.7298834,2
16.2,3.4302435,0.1493537,-2.483409,1.0394663,0.0054320022,0.0023242198,0.012990741,-0.009127056,0.0010994262,0.0005078121998651,-0.0141104048090031,-5.907824132245734e-05,-0.00066057494,-0.00047521226,-0.00062217354,15.7143955,0.74688244,0.7261602,0.73036414,0.72680396,0.7295864,2
16.3,3.5363986,0.15155816,-2.4849374,1.03902,0.0061656283,0.002036778,0.0036054477,-0.010091562,-0.0009699724,0.0003891892704682,-0.014049842275423,-0.0001414926982975,-0.0022278735,0.0012767402,0.00044467195,15.708396,0.74354935,0.725639,0.7309078,0.7265063,0.7296726,2
16.400000000000002,3.6346262,0.15296859,-2.4860764,1.0387663,0.0062829163,0.0020304185,0.0003884197,-0.0070312917,0.00938354,0.0002594240389885,-0.0139852152679275,-0.0001673694789219,-0.001123285,0.000418133,-9.8713856e-05,15.708396,0.74354935,0.7260433,0.7304712,0.7266823,0.7295115,2
16.5,3.7332127,0.15380634,-2.486722,1.038489,0.005830818,0.0019973058,-0.00335426,-0.009269832,0.00309851,0.000154893565707,-0.0139241050920931,-0.0001481523340701,-0.00057988695,0.0008650781,0.0005545107,15.708396,0.74354935,0.7258239,0.7306875,0.7267901,0.729537,2
16.6,3.8401518,0.15403758,-2.487505,1.0382224,0.004861544,0.0019817916,-0.0020691585,-0.009275942,0.0033425165,0.0001316464431731,-0.0138301532325988,-0.000153217980913,0.001597034,0.0011419903,-0.0005052593,15.702396,0.74021626,0.7261698,0.7305037,0.72631556,0.7299476,2
16.7,3.9386704,0.1538184,-2.488286,1.0379006,0.003428426,0.0017246405,0.001779008,-0.014058808,0.005166977,0.0002168027244578,-0.0137453614224551,-0.000140630069751,0.0026352063,0.0003962693,-6.585989e-05,15.702396,0.74021626,0.7262191,0.7304054,0.72648907,0.72962713,2
16.8,4.045359,0.15294908,-2.4891512,1.036957,0.001924504,0.0017759008,-0.0018122954,-0.0023518545,0.004948582,0.0003554523015251,-0.0136457710738418,-9.120417342994836e-05,0.002545148,0.0006893526,0.00021615866,15.696397,0.73688316,0.7261759,0.73046863,0.72639734,0.7298586,2
16.900000000000002,4.1519938,0.1512846,-2.489493,1.0361186,5.1089235e-05,0.0015896856,-0.004814421,-0.008929332,0.0038989817,0.0005762048810736,-0.0136217419998277,-1.277630156678396e-05,0.0030279297,-0.00080004346,0.00043668237,15.690397,0.7335501,0.72602534,0.73047364,0.7269185,0.72935873,2
17.0,4.2502947,0.14939713,-2.4893827,1.035672,-0.001462661,0.0015476445,-0.0014652396,0.002797234,0.00090571115,0.0008369247680652,-0.0136029336837203,9.087652656244904e-05,0.0031467592,-9.651632e-05,0.00079195097,15.690397,0.7335501,0.7257985,0.73057735,0.7269705,0.72949,2
17.1,4.35649,0.14708668,-2.489701,1.0339524,-0.0027895016,-0.013992822,-0.08211122,0.00049719843,-0.22432625,0.0011336594500488,-0.0032285975909784,0.0001847711837411,0.003470431,0.37079963,0.0005389696,15.684398,0.730217,0.7448143,0.7244456,0.74585366,0.7238654,2
17.2,4.4526987,0.144825,-2.4921498,0.9983029,-0.0037313816,-0.027529044,-0.6216026,0.005716568,-0.03899261,0.0013805611927098,0.053527465512374,0.0003158662087398,0.0016340646,0.5841387,0.00033515733,15.684398,0.730217,0.71784014,0.73927623,0.719814,0.7381223,2
17.3,4.549413,0.14261863,-2.4954307,0.90363395,-0.0042742398,-0.024130093,-1.091544,0.0030214349,0.0846479,0.0016440008135218,0.0990596878137426,0.0003932615514131,0.002398372,0.33533558,-0.00028034626,15.678398,0.7268839,0.7162995,0.73632294,0.7174549,0.7360363,2
17.400000000000002,4.626834,0.14124283,-2.4973598,0.78626335,-0.003913741,-0.013898581,-1.2585136,0.005512032,0.11942116,0.0018445393440617,0.1189295254402887,0.0003867618196913,0.001959087,0.0979344,0.00019344856,15.678398,0.7268839,0.7204873,0.73327845,0.72134,0.73308855,2
17.5,4.69079,0.14071888,-2.4978788,0.6599167,-0.0031289943,-0.0039283396,-1.2709489,0.009726021,0.09839702,0.0019115654131141,0.1200825725382121,0.0002920812678296,0.0007572351,-0.05013315,-0.0015021096,15.678398,0.7268839,0.7240923,0.7325278,0.7245462,0.73236096,2
17.6,4.744626,0.14105444,-2.4969745,0.52702785,-0.0019315742,0.0036235573,-1.1669573,-0.0015785389,0.05573034,0.0019184901139647,0.1104558746836431,0.0001694971622839,-0.0015207251,-0.12767626,-0.0007134137,15.672399,0.7235508,0.7266912,0.73194546,0.7277011,0.7310061,2
17.7,4.781597,0.14213185,-2.4956627,0.41614062,-0.00053208094,0.0075463094,-1.0216016,0.012116928,0.022172926,0.0018099193356681,0.0958339111343154,-7.148708937198959e-05,-0.0010242595,-0.15908445,-0.0006381683,15.672399,0.7235508,0.7288757,0.7312774,0.7288657,0.73068017,2
17.8,4.8103504,0.1438764,-2.494021,0.31305906,0.0010195009,0.00884242,-0.8503811,0.00561214,-0.00024447215,0.0016456309425976,0.0797928366620128,-0.0003455380132377,-0.0023950005,-0.1613965,-0.0011947247,15.666399,0.7202177,0.72960025,0.73076326,0.73003185,0.72946477,2
17.900000000000002,4.8301086,0.14558522,-2.492838,0.22864127,0.001955351,0.008817724,-0.6730817,0.0014896028,0.0014058313,0.0014342331957616,0.0644006829649673,-0.0006342486080126,-0.0018505891,-0.14774464,0.00039445126,15.660399,0.7168846,0.7298094,0.7304522,0.7297206,0.7292247,2
18.0,4.8422904,0.14754264,-2.4915702,0.16622986,0.0031882136,0.007838913,-0.5416756,-0.003443419,-0.015772877,0.0012192948602929,0.0507084456327102,-0.0009885516675959,-0.0017299512,-0.12781031,0.00024095755,15.660399,0.7168846,0.7302792,0.7297194,0.72949123,0.7285745,2
18.1,4.85078,0.15033518,-2.4899116,0.113354154,0.0047634672,0.007034277,-0.41667807,-0.00059206557,-0.009321141,0.0010633571467005,0.0392049457838905,-0.0013812057277268,-0.0015549765,-0.10552563,0.0013754654,15.6544,0.7135515,0.7301718,0.7294303,0.728991,0.72853285,2
18.2,4.8550234,0.15407167,-2.488237,0.0753354,0.007293226,0.0063806763,-0.33352053,-0.0033046529,-0.015695577,0.000878977649376,0.0298552539808103,-0.0019167720294541,-0.0024310315,-0.08456804,0.0022979395,15.6544,0.7135515,0.72998327,0.7294834,0.72899324,0.72814006,2
18.3,4.856686,0.15939237,-2.4863803,0.043489736,0.010655242,0.0055090715,-0.23969913,-0.0006350474,-0.0014211981,0.0005253533869855,0.0223876118181556,-0.0025749678491951,-0.0044563897,-0.067223325,0.0033074152,15.6484,0.7102184,0.73002666,0.7292909,0.72843534,0.72792083,2
18.4,4.857315,0.16558424,-2.484998,0.021615302,0.014270245,0.0051235394,-0.18349594,-0.01620805,-0.010590534,5.774221123432034e-05,0.0164828040263196,-0.0033241950917306,-0.005402762,-0.05327351,0.003562349,15.6484,0.7102184,0.73065746,0.7291255,0.7280173,0.72775906,2
18.5,4.8579726,0.17243941,-2.4835193,0.0062330333,0.017646933,0.0046174875,-0.14467187,-0.019751796,-0.0124014905,-0.0005617740473664,0.0119324269767313,-0.0039114588815687,-0.0075683175,-0.039247412,0.005431998,15.6484,0.7102184,0.73020136,0.7296709,0.72795105,0.72736526,2
18.6,4.8589683,0.17972706,-2.4818392,-0.0047793016,0.020021338,0.004530282,-0.09513262,-0.022710584,-0.008851289,-0.0012463734692112,0.008590383482843,-0.0041755381290475,-0.00739832,-0.026522854,0.0076470473,15.642401,0.70688534,0.7299717,0.73002094,0.72774416,0.7276167,2
18.7,4.8600035,0.18584445,-2.4801252,-0.011503763,0.020925041,0.004346942,-0.0774356,-0.022550346,-0.005949754,-0.0018138095550193,0.0062040712431472,-0.0040442198019247,-0.0054114237,-0.019235859,0.009091077,15.642401,0.70688534,0.7300086,0.72970533,0.728211,0.7274625,2
18.8,4.860621,0.1916089,-2.478851,-0.01677545,0.02054579,0.003609128,-0.06648526,-0.03268845,-0.011744908,-0.0022515586404201,0.0046255159039946,-0.0035156754120101,-0.0030235697,-0.013002977,0.009872469,15.636401,0.70355225,0.72969466,0.72903794,0.72818637,0.72791123,2
18.9,4.8608637,0.1961022,-2.4780927,-0.020602645,0.018639455,0.0028757881,-0.049582846,-0.028094038,-0.014149583,-0.002460676313759,0.0034977721016998,-0.002621310445452,-0.0009225063,-0.009632054,0.009962528,15.630402,0.70021915,0.7287379,0.72861975,0.7287077,0.72812974,2
19.0,4.861121,0.19921763,-2.4775083,-0.022621626,0.015965385,0.0025176143,-0.03077585,-0.031245481,0.0017969868,-0.0024089652150079,0.002697830775039,-0.0015527381140751,0.00059336907,-0.005480264,0.010125004,15.630402,0.70021915,0.72748744,0.72856593,0.7290811,0.72864145,2
19.1,4.861512,0.20195262,-2.4774592,-0.024297152,0.013098743,0.0022518726,-0.04234627,-0.022739915,0.0036857089,-0.0021452842800864,0.0021147942143672,-0.0005132602830168,0.0027649794,-0.0032203721,0.009665583,15.624402,0.69688606,0.7268717,0.7280426,0.7295716,0.7291367,2
19.200000000000003,4.8615847,0.20481807,-2.4777384,-0.02551081,0.011502249,0.0017253149,-0.028035762,-0.026289118,-0.0023003665,-0.0017749940904224,0.0017086051857424,0.0002174150959007,0.002531391,-0.0032548278,0.00797241,15.624402,0.69688606,0.72682726,0.7273749,0.72958535,0.729399,2
19.3,4.861641,0.20812233,-2.4782038,-0.026582086,0.010620346,0.0015445009,-0.02397358,-0.028951695,0.0056615095,-0.001455301733942,0.0014148899509865,0.0006601237659101,0.0015197215,-0.0020342306,0.0048467624,15.6184025,0.693553,0.726629,0.72728205,0.7295035,0.7295834,2
19.4,4.8616204,0.21076512,-2.4787169,-0.027445793,0.009369518,0.0012580478,-0.025988024,-0.021498958,0.002252869,-0.0012983645743455,0.0011612090322442,0.0008715671469782,0.0006739433,-0.0023500107,0.002353958,15.6184025,0.693553,0.7268787,0.72714335,0.72947806,0.7292718,2
19.5,4.8616557,0.21292876,-2.479224,-0.02785536,0.0082478365,0.0011488294,-0.016638951,-0.022278093,0.009494833,-0.0011389256134523,0.0009236892679335,0.0009088977947235,0.00066227186,-0.0023039356,-0.0006223742,15.6184025,0.693553,0.72717553,0.72736114,0.72938585,0.7287607,2
19.6,4.86244,0.2149578,-2.4794629,-0.027460918,0.007375937,0.0014182478,-0.017071322,-0.009648319,-0.003501307,-0.0009877828591567,0.0006937366945648,0.0008559588089943,0.002187447,-0.0010127246,-0.0002922378,15.612403,0.6902199,0.7277184,0.7275116,0.72889787,0.7290124,2
19.700000000000003,4.864219,0.21644554,-2.4796424,-0.025914954,0.006007352,0.0015452831,-0.02406719,-0.017684609,-0.004556495,-0.0008670978737298,0.0005721362615238,0.0007031881380204,0.00081108895,0.0005817252,-0.0016093518,15.606403,0.6868868,0.72783166,0.7280862,0.7288112,0.72864705,2
19.8,4.866117,0.21708485,-2.479522,-0.024645112,0.0043518436,0.0016479533,-0.01644007,-0.014217497,0.0014239921,-0.0007240269036753,0.0006305189365281,0.0005426642868188,0.003263538,0.0027861362,-0.002228356,15.606403,0.6868868,0.7283973,0.7280138,0.72804254,0.7290662,2
19.9,4.8683352,0.21720237,-2.4792938,-0.023213282,0.0025722748,0.0016712226,-0.019682568,-0.015243683,0.004948582,-0.0005092355105141,0.0007662082237759,0.0003690199541539,0.0026303374,0.0034387494,-0.002443079,15.600404,0.6835537,0.7281247,0.7287105,0.728156,0.72862744,2
20.0,4.8711166,0.21726294,-2.478906,-0.021641543,0.0014865614,0.0016391168,-0.024192499,-0.007745623,-0.006527174,-0.0002487060370232,0.0008874616033085,0.0002039123539748,0.0029433358,0.002909192,-0.0016320855,15.600404,0.6835537,0.7286077,0.72850364,0.7280385,0.72864777,2
20.1,4.8742576,0.21717818,-2.478856,-0.020001743,0.000597818,0.0014268833,-0.023522394,-0.008471104,-0.0040321606,-2.785008907914433e-05,0.0010802707816513,3.1302134451206366e-05,0.0012887398,0.0027987047,-0.0012800329,15.594404,0.6802206,0.7284672,0.7287518,0.7285352,0.727872,2
20.200000000000003,4.8764915,0.21673584,-2.4787474,-0.019343436,-0.00025899956,0.0012964475,-0.02413943,-0.0112021165,-0.00051362434,0.0001263823930825,0.0012834072291429,-9.819849731642918e-05,0.0027272813,0.002210384,-0.0007777243,15.594404,0.6802206,0.7290671,0.7281773,0.7279542,0.7283191,2
20.3,4.878625,0.2162674,-2.478768,-0.019001048,-0.0008635591,0.0012325563,-0.022826537,0.0032948942,0.0006835907,0.0002502447338324,0.0014129174863318,-0.0001683685462569,0.0010950421,0.0013917666,-0.0011621219,15.588405,0.6768875,0.7285022,0.7286634,0.7281655,0.7281709,2
20.4,4.880276,0.21579711,-2.479332,-0.019253483,-0.0013008987,0.0012643621,-0.029795881,-0.008791579,0.0027045605,0.0003952882609942,0.001472773750264,-0.0002346735631192,0.00034780844,0.0012655832,-0.0012708821,15.588405,0.6768875,0.7284182,0.728828,0.7282422,0.72812206,2
20.5,4.8818536,0.21570247,-2.4801028,-0.019186024,-0.0014250253,0.00095664815,-0.030678833,-0.003882392,-0.0028158536,0.0004723300419289,0.0014136696996102,-0.0002863464177378,0.0011406896,0.0009504602,-9.3103314e-05,15.588405,0.6768875,0.72841346,0.7287245,0.72762537,0.7285546,2
20.6,4.8835235,0.21612178,-2.4814198,-0.018977033,-0.0010506007,0.00047494256,-0.018546872,-0.006335221,-0.0011255032,0.0005619390634847,0.0013515755087542,-0.000269197822197,0.0011888128,1.2875795e-05,0.0004689346,15.582405,0.6735544,0.7287524,0.7279483,0.72774553,0.728408,2
20.700000000000003,4.885116,0.21639055,-2.4831967,-0.018683143,-0.0005907648,0.00018032169,-0.025137488,0.0007652804,0.005540903,0.0005696623806412,0.0013114522602979,-0.0002567087402872,0.00050928385,0.0009659211,-0.0004058722,15.576406,0.6702213,0.7284799,0.72797567,0.727469,0.7285424,2
20.8,4.885922,0.21629621,-2.4848917,-0.018825011,-0.00030158818,1.24277685e-05,-0.016434537,-0.0024560369,0.0051967795,0.0005163409948256,0.0012791280721787,-0.0002222490100476,-0.0005622207,-0.00084079395,0.0013301054,15.576406,0.6702213,0.72827286,0.7280558,0.72813195,0.727814,2
20.9,4.886181,0.21566953,-2.4867995,-0.01911716,-0.00036047344,4.465679e-05,-0.024252484,-0.0050485977,0.008340924,0.0004302269314473,0.001239507195345,-0.0001462570695614,-0.000631718,0.0005415051,0.00093221245,15.570406,0.66688824,0.72797704,0.7281854,0.7279864,0.7281293,2
21.0,4.8862596,0.21427219,-2.4883125,-0.01923967,-0.001201612,0.00028324834,-0.02250277,-0.003425381,8.4284686e-05,0.0004015811958708,0.0011298159193055,-6.702545432313905e-05,0.00014861808,-0.0005493256,0.00040542788,15.570406,0.66688824,0.7280841,0.7281432,0.72821194,0.7282116,2
21.1,4.886038,0.21238099,-2.4899776,-0.01969452,-0.0022582654,0.00028091882,-0.023559028,-0.0031609635,0.004388857,0.0004693796153303,0.00107676900463,-4.911146994891681e-06,0.0028307142,0.00056861417,0.00010891107,15.564406,0.66355515,0.72827303,0.7278937,0.7277028,0.7287567,2
21.200000000000003,4.885676,0.2102854,-2.4914856,-0.019834092,-0.0033630058,4.8558766e-05,-0.021572644,-0.0027363366,0.0058235596,0.0006040202026107,0.0009656209318785,1.799015953016951e-05,0.0008536436,-0.00069130195,0.00046675466,15.564406,0.66355515,0.72793055,0.7281624,0.72847635,0.7277873,2
21.3,4.884751,0.20740537,-2.493109,-0.020175308,-0.0049136654,-4.7507536e-05,-0.01393905,-0.00080279546,0.006082933,0.0007930236939431,0.0008218120688926,4.8634111061317887e-05,0.0030790719,-0.0014077422,0.00019487811,15.558407,0.66022205,0.72823393,0.72772956,0.7281738,0.72809464,2
21.4,4.883033,0.20459817,-2.4947982,-0.021005824,-0.0060633305,-0.00012564623,-0.01637627,8.803453e-05,0.005837064,0.0009914716238892,0.0007053698210945,8.204139112392209e-05,0.0030829336,-0.0014996871,0.00042727115,15.558407,0.66022205,0.72808963,0.7277586,0.72815245,0.7281504,2
21.5,4.8805027,0.20212923,-2.496645,-0.02229169,-0.0065738168,1.5837992e-05,-0.009622544,0.0013961034,0.012907664,0.0012167630678176,0.0005346656319095,7.70656593465427e-05,0.002543329,-0.0016000444,0.00039755253,15.558407,0.66022205,0.72795564,0.7280658,0.72804093,0.728238,2
21.6,4.876851,0.19981621,-2.4986503,-0.023868393,-0.006495762,-4.65316e-05,-0.0038215565,0.012078701,0.016388016,0.00139485199362,0.000296226657655,5.866110824162341e-05,0.0010354947,-0.0032540339,-5.5206685e-05,15.552407,0.65688896,0.7280403,0.7279441,0.72813183,0.7280125,2
21.700000000000003,4.8728504,0.19771165,-2.5000176,-0.025459427,-0.0061165867,0.00036043357,-0.0022726592,0.011022879,0.015645752,0.0014730769090075,-1.0712714207887862e-05,5.281408250698171e-05,-0.00024699743,-0.0036653145,-0.00058852974,15.546408,0.65355587,0.7280563,0.7281866,0.7283814,0.7279726,2
21.8,4.868915,0.19559474,-2.5004683,-0.026694292,-0.0062553035,0.00075597863,-0.0029203398,0.005546633,0.009005423,0.0014610678273395,-0.0003309332445416,1.233079757519761e-05,-0.00013705625,-0.0034002662,-0.00055820367,15.546408,0.65355587,0.72820324,0.72842175,0.7283105,0.7281917,2
21.9,4.8648925,0.19319198,-2.5002468,-0.027566236,-0.006199491,0.0010136621,-0.0034404264,0.008112215,-0.0027953645,0.0014885048604991,-0.0006679418520731,-2.1292869025616427e-05,0.00070781657,-0.0032704342,0.00027518696,15.540408,0.6502228,0.7285747,0.72832626,0.7281675,0.7285084,2
22.0,4.861325,0.19085732,-2.5000515,-0.027939048,-0.0062537882,0.0012935449,0.0028064616,0.010712645,0.00014994292,0.0014787919561761,-0.0009520613306978,-3.828579817477376e-05,0.0005725215,-0.001416964,0.0004962426,15.540408,0.6502228,0.7284977,0.72854203,0.7280443,0.7288555,2
22.1,4.857506,0.18813944,-2.499447,-0.028163914,-0.0064102807,0.0014254558,0.0030605241,0.008977191,0.0017243436,0.0015116552325601,-0.0011847532944937,-2.5542572297013907e-05,-0.00011626753,-0.0014603521,8.4524254e-05,15.534409,0.6468897,0.72833467,0.72869074,0.72863317,0.7285005,2
22.200000000000003,4.8539386,0.18557958,-2.4987144,-0.028161567,-0.006328409,0.0009932598,0.00919727,0.006920722,-0.006291549,0.0015294665690524,-0.0013748055454327,-4.64867994753373e-05,0.0003624201,-0.0017609381,0.0005442749,15.534409,0.6468897,0.72848064,0.728424,0.7284294,0.7284681,2
22.3,4.8504925,0.182622,-2.498095,-0.027316667,-0.006898271,0.0009160729,0.0040920167,0.004787561,0.006052665,0.0015541733890408,-0.0014901710435479,-8.715367378289119e-05,-0.00015765808,-0.000568068,-0.00076667586,15.528409,0.6435566,0.728389,0.7285459,0.7286526,0.72807276,2
22.4,4.847391,0.18004242,-2.497961,-0.026747553,-0.007093257,0.00090457953,0.0043100505,0.0016062185,-0.0042938623,0.0016374168471979,-0.0015414185300874,-9.251698285193013e-05,0.0011691081,-0.00047149078,0.0010916911,15.528409,0.6435566,0.7287493,0.7282127,0.7285521,0.7282995,2
22.5,4.843573,0.17758061,-2.498099,-0.026966281,-0.0071919574,0.0007569051,0.00464537,0.010941493,-0.0041699964,0.0016970362299867,-0.0015320621256459,-0.0001105106138994,0.0014251443,-0.00039893645,-0.00087255554,15.528409,0.6435566,0.72874355,0.72820246,0.7282301,0.7284727,2
22.6,4.8387275,0.17534381,-2.498839,-0.02759998,-0.0070833103,0.00022793826,-0.0031841835,0.01036706,-0.0029876826,0.0017500167393239,-0.001590571384581,-8.989322325127866e-05,0.00069535046,-0.0013195509,0.0008179756,15.522409,0.6402235,0.72832394,0.728271,0.72819,0.72833365,2
22.700000000000003,4.8338003,0.17394169,-2.4999287,-0.028311804,-0.0064438153,0.00023882801,0.012851356,0.01410861,0.0020335426,0.0018098839198661,-0.0017306824516761,-4.602057218186428e-05,0.00041808415,-0.0028190631,0.00034850818,15.51641,0.6368904,0.7282451,0.7282508,0.72833157,0.728284,2
22.8,4.8298655,0.17330475,-2.5012815,-0.028268311,-0.005461727,-2.2667919e-05,0.0071849865,0.0102257375,0.0013792886,0.001788521668066,-0.0019357770622541,-5.754643144000044e-06,-0.000528754,-0.0020480305,0.0005007214,15.51641,0.6368904,0.7282728,0.72806776,0.7281975,0.72828156,2
22.9,4.8265033,0.17281742,-2.502588,-0.02764125,-0.0047523296,-2.097003e-05,0.015770469,0.0060824887,0.010307412,0.0016834515755306,-0.0020859482868909,1.968980170061677e-05,-0.0015770926,-0.00031336388,-0.00027016402,15.51041,0.6335573,0.72793216,0.7283953,0.7281925,0.7282072,2
23.0,4.823905,0.17255145,-2.5036845,-0.02646905,-0.00392564,-0.00012378294,0.005354302,0.008474456,0.006434507,0.0016047300121167,-0.0021858385930861,6.656579075327559e-05,0.0006798834,0.0003763383,-6.0486494e-05,15.51041,0.6335573,0.7283834,0.7278005,0.72789824,0.72854507,2
23.1,4.821075,0.1719741,-2.5045686,-0.025288427,-0.0034457317,0.00023043754,0.015224869,0.008907685,0.0022947786,0.0014661231643716,-0.0021490922212441,4.764962624338778e-05,-0.0015635686,0.0007729455,-9.3265095e-05,15.504411,0.6302242,0.7281736,0.72833455,0.7284484,0.7281072,2
23.200000000000003,4.818388,0.17153811,-2.5050325,-0.024294004,-0.0032778792,0.0003784486,0.010214316,0.008593172,-4.190951e-06,0.001370554503729,-0.0020879777482714,5.504251846860476e-05,-0.00039841805,0.00014245647,6.805234e-05,15.504411,0.6302242,0.72861433,0.7279271,0.72848505,0.72822946,2
23.3,4.8154907,0.17127089,-2.5051458,-0.02321742,-0.0029523056,0.00076870556,0.009441097,0.0021718845,0.0047194767,0.0013281283076144,-0.0019872452696154,3.101566401434347e-05,-0.002095719,0.0014480205,0.00027830712,15.498411,0.62689114,0.7279705,0.72884583,0.72891235,0.72795,2
23.4,4.813125,0.17151266,-2.5047972,-0.022186037,-0.00235175,0.0010289705,0.0047198827,0.0075051025,0.004129484,0.0012845369404675,-0.0019208268628812,5.763242270255319e-05,-0.00017077522,0.00060471,-0.00025600402,15.498411,0.62689114,0.72870845,0.7282472,0.7286352,0.728443,2
23.5,4.8109956,0.17241754,-2.5045185,-0.02098803,-0.0011098038,0.00091376883,0.010142675,0.0010615726,-0.006463378,0.0012356892936686,-0.0018263261723172,0.000133590105275,-0.00081481633,0.0012764,3.898444e-05,15.498411,0.62689114,0.7286965,0.7281652,0.7285572,0.7286154,2
23.6,4.809038,0.17275833,-2.5041242,-0.019543385,-0.000408315,0.0007434011,0.01118448,0.006836783,-0.0008903443,0.0010860457438477,-0.0017345350979846,0.000154400566803,-0.001406653,0.00087150856,0.001080988,15.492412,0.62355804,0.72876203,0.7280395,0.7287206,0.7283463,2
23.700000000000003,4.8067946,0.17209008,-2.503207,-0.01848429,-0.001163038,0.0010070276,0.011862251,0.0008386132,-0.002944376,0.00094124810643,-0.0015882371305628,0.0001139788633539,-0.00052338734,0.0013524928,-0.00042286943,15.486412,0.62022495,0.72856027,0.7284842,0.7288739,0.72832316,2
23.8,4.804255,0.17143229,-2.5019252,-0.018444132,-0.0017779322,0.001069587,0.0123335635,0.0060308925,-0.010849907,0.0009303971700358,-0.001465328547385,6.221872971547405e-05,0.0007393624,0.0012890176,-9.3588955e-05,15.486412,0.62022495,0.72834563,0.7287675,0.72845,0.7288539,2
23.9,4.8006907,0.17140417,-2.4998994,-0.019022647,-0.0017128774,0.0013561106,0.0025904414,0.005548936,-0.0011362134,0.0010116635182362,-0.0014184623061084,1.6552832574778116e-05,0.0018589685,-0.0005206876,-0.000522727,15.4804125,0.61689186,0.7288815,0.7284728,0.72849894,0.7288699,2
24.0,4.79697,0.1723894,-2.4978468,-0.019853247,-0.0009903269,0.0013973842,-0.00016519197,-0.0045525464,-0.007905065,0.0010746605657836,-0.0014906123836365,-5.257448415164989e-07,0.00033367675,-0.0018027333,-0.00067360344,15.4804125,0.61689186,0.7288111,0.7287305,0.72862804,0.7287462,2
24.1,4.7931075,0.17442186,-2.495357,-0.020535076,0.0005999729,0.0013577966,0.0058565587,0.00049226463,-0.016544944,0.0010462946812971,-0.0016459044272976,2.4642821386756133e-05,-0.0010065468,-0.0018195935,-0.0008908384,15.474413,0.61355877,0.72886276,0.7288114,0.7285216,0.728835,2
24.200000000000003,4.7900186,0.17667669,-2.4928293,-0.020308105,0.0019156995,0.0012855515,0.0136165265,0.0029625406,-0.01084851,0.0008928665569616,-0.001842492354037,9.6173419211822e-05,-0.0016485731,-0.0021774634,-3.060752e-05,15.474413,0.61355877,0.72908187,0.7284641,0.7287478,0.72868973,2
24.3,4.786937,0.17915744,-2.490798,-0.019679513,0.0031308888,0.0011118113,0.006383809,-0.004663532,-0.010135117,0.0006714036763041,-0.0019528086549006,0.000132378208682,-0.00207789,-4.2327574e-06,-0.0010298546,15.468413,0.6102257,0.72864383,0.72883433,0.7286125,0.72880036,2
24.4,4.7844625,0.1818598,-2.4897175,-0.018820627,0.0043732882,0.00047514235,0.0128840925,-0.005253176,-0.006818212,0.0004465391188616,-0.0020077656906551,0.0002002319121003,-0.002214199,-0.00016632694,0.0007477807,15.468413,0.6102257,0.72866213,0.7283293,0.72856414,0.7286109,2
24.5,4.782511,0.18453623,-2.4892094,-0.01760404,0.005348079,9.972778e-05,0.007967015,-0.0070087463,-3.5390254e-05,0.0002207873993588,-0.0019975006220347,0.0002575800485256,-0.0025456795,0.0003006405,-0.0004283031,15.468413,0.6102257,0.7284199,0.72823584,0.7286656,0.72836137,2
24.6,4.780277,0.18716654,-2.4884272,-0.016753104,0.0058067143,1.5788337e-05,0.007831514,-0.013281709,-0.003872439,7.060308029697844e-06,-0.0018845938527636,0.0002972568965157,-0.0016066398,0.0011890964,-0.00021249703,15.462414,0.6068926,0.7283802,0.7281927,0.72858095,0.7284759,2
24.700000000000003,4.777875,0.18931374,-2.4887378,-0.016330566,0.0057705943,-0.00035728252,0.0031649717,-0.009946388,0.0014952383,-0.000170070878857,-0.0017861286095566,0.0003005680903934,-0.0013284779,0.0018948977,-0.00033958178,15.456414,0.6035595,0.72802216,0.728324,0.7281152,0.728688,2
24.8,4.7760215,0.19098195,-2.489273,-0.015732212,0.005312759,-0.00047026068,0.011076272,-0.012539698,-0.0026863997,-0.0002381312121009,-0.0017566109425501,0.0002914027774759,3.069044e-05,-0.00023139786,-0.0004139657,15.456414,0.6035595,0.7283777,0.7278912,0.7284404,0.72831774,2
24.9,4.774287,0.19212638,-2.489856,-0.015162325,0.004396015,-0.0004126678,0.009142837,-0.009217878,0.0059199515,-0.0002218556750178,-0.0017215477044715,0.0001857555527506,0.00020424802,0.0006363964,-0.00053565495,15.450415,0.6002264,0.728296,0.7282552,0.7281929,0.7282462,2
25.0,4.772326,0.19278544,-2.490377,-0.015244153,0.0035196107,-0.00020232004,0.006474143,-0.0038896194,0.0066980715,-0.0001457925530357,-0.0016632362253783,0.0001077718586785,0.0015222307,-0.00018340666,-0.00043695982,15.450415,0.6002264,0.7284097,0.72827667,0.72826105,0.72825605,2
25.1,4.7700634,0.19376907,-2.4906285,-0.015195958,0.0029827254,1.597971e-05,0.0073771984,-0.0048508667,0.002691522,-2.253306230301417e-05,-0.0016673566686031,4.83680524522809e-05,0.0010217406,-0.00013860018,-0.0016167249,15.444415,0.5968933,0.7284551,0.72842866,0.7283153,0.7282869,2
25.200000000000003,4.7682085,0.19487348,-2.4908311,-0.015117265,0.0026203261,0.00013293793,0.008437627,-0.0063835173,-0.0056461426,8.192231592034607e-05,-0.001735721421087,1.824176316463334e-05,0.00019143504,0.00054852094,0.00035890253,15.444415,0.5968933,0.7280602,0.72893065,0.7281442,0.72855645,2
25.3,4.7658777,0.19632035,-2.490695,-0.015083247,0.0027286387,0.000216713,0.0113000395,-0.006507264,-6.0535963e-06,0.0001663295217968,-0.0017781201958184,-6.253185987530588e-06,0.001357054,-0.0006612613,-0.00018230574,15.438416,0.5935602,0.72880846,0.728241,0.72815967,0.7285396,2
25.4,4.763304,0.197534,-2.4903939,-0.015371775,0.0024830196,0.0001493051,0.0046935515,-0.0061480226,0.012660864,0.0001750725439657,-0.0018154872426485,-1.5564783674788737e-05,-0.00014878143,-0.0005252716,-0.00060913176,15.438416,0.5935602,0.72829455,0.72865623,0.7282574,0.72835267,2
25.5,4.760995,0.19843084,-2.4900744,-0.015271091,0.0024999431,0.0002632187,0.0075804237,-0.007486031,-0.0070277597,0.0002050441933142,-0.0018939622902904,1.0686582496971612e-05,0.0005039555,-0.00087682734,4.0103405e-06,15.438416,0.5935602,0.7284634,0.72851646,0.72831726,0.7285336,2
25.6,4.7587285,0.19926843,-2.4893506,-0.014870155,0.0021740678,0.00022829241,0.00754171,-0.005770428,-0.009248032,0.000203271656812,-0.0019641010464261,1.465626990205318e-06,0.0013057339,-4.1958927e-05,-0.00030737478,15.432416,0.5902271,0.7288509,0.72817355,0.7280934,0.7287611,2
25.700000000000003,4.757538,0.19932793,-2.4885232,-0.013436073,0.0010310435,0.00025246223,0.008802062,-0.009484406,-0.0017299316,0.0001979737030491,-0.0020157522747422,-2.327649743358868e-05,0.00040406047,-0.00043235402,-0.0003983178,15.426416,0.58689404,0.728549,0.72847676,0.7284835,0.7283365,2
25.8,4.7573676,0.19883692,-2.4872534,-0.011528493,-8.799148e-05,0.00040849205,0.017329361,0.00025825953,0.0030058434,0.0003004624914036,-0.0019399942066336,-4.445810669280116e-05,0.0022258242,0.0013587194,0.00013501172,15.426416,0.58689404,0.7286899,0.7283524,0.7284158,0.72852665,2
25.9,4.757807,0.19814731,-2.4855094,-0.009348804,-0.0011373867,0.0004770108,0.0098234955,-0.002303916,0.0016232951,0.0004671426987859,-0.0017474379217351,-5.927723617472982e-05,0.002340531,0.0026481594,0.000479065,15.420417,0.58356094,0.7286972,0.7283958,0.72851056,0.72848874,2
26.0,4.7586465,0.19741768,-2.4834101,-0.00769771,-0.001737729,0.000562288,0.0048582926,-0.0028958772,-0.0037741845,0.000654808438002,-0.0015085227165854,-9.910503717337955e-06,0.0023885402,0.0031777823,-0.00014830098,15.420417,0.58356094,0.72849846,0.72849536,0.72854674,0.72872746,2
26.1,4.760053,0.1970095,-2.4811013,-0.005665522,-0.0018236341,0.0003993935,0.0027070034,-0.00051007053,-0.003871042,0.0008059583995129,-0.0012075428456109,2.4810522972885383e-05,0.0015441505,0.0034838116,0.0004807642,15.414417,0.58022785,0.72862273,0.7283346,0.7285095,0.72865194,2
26.200000000000003,4.761231,0.19677621,-2.4796572,-0.00422256,-0.0016744545,0.00041211033,0.0010457872,-0.0063518877,-0.00249641,0.0008734538179142,-0.0009208706391492,4.331563183639655e-05,1.078696e-05,0.0038639805,0.0007531008,15.414417,0.58022785,0.72843504,0.728598,0.72834945,0.72878253,2
26.3,4.76228,0.19637285,-2.4788573,-0.003404242,-0.0013624013,7.4897136e-05,0.003453057,0.0015644121,-0.0007790513,0.0008807841322029,-0.0006233993149023,7.77428870182624e-05,-0.00043122502,0.002843206,0.0004864302,15.408418,0.57689476,0.72843534,0.7283657,0.7284791,0.7284898,2
26.4,4.7630157,0.19593792,-2.4785705,-0.0032567212,-0.0012459941,6.717266e-05,-0.0064652916,0.0036400189,0.005342066,0.0008520991936279,-0.0004471902690718,7.782932823356586e-05,0.00014322138,0.001179949,0.00076595147,15.408418,0.57689476,0.7286429,0.72817117,0.7284239,0.72847,2
26.5,4.763715,0.19577116,-2.4788194,-0.0028055473,-0.00080440816,-0.00024493414,-0.0038353375,0.008686769,0.002141576,0.0008320022813266,-0.0003599901884754,5.918178233852719e-05,-0.0009645322,0.00032487183,-0.0012015668,15.408418,0.57689476,0.7284159,0.7283358,0.7285533,0.72807276,2
26.6,4.7639766,0.19618402,-2.479765,-0.0028695648,-3.1740194e-05,-0.00025140174,-0.011378533,0.00042068583,0.0023832542,0.0008117927127213,-0.0002809272421395,9.216250427430508e-05,0.00030089825,0.00076295953,4.672075e-05,15.402418,0.57356167,0.7285849,0.72807324,0.7281187,0.7285873,2
26.700000000000003,4.7634726,0.19686878,-2.4806461,-0.003837843,0.0006062682,-0.0002911504,-0.009011944,-0.0020339051,0.002987217,0.0007266260770306,-0.000267350324468,0.0001021745315085,-0.0020091513,0.00026273006,-0.0012948426,15.396419,0.5702286,0.72788596,0.7287568,0.728176,0.72846603,2
26.8,4.762339,0.19775335,-2.4816718,-0.005006845,0.0012016335,-0.00047504166,-0.011113148,-0.0014468937,-0.0012912786,0.0006237539222919,-0.0003687598161549,0.0001106619944266,-0.00080556696,-0.0024533158,-0.0012392476,15.396419,0.5702286,0.72855866,0.7279695,0.7284756,0.72807765,2
26.9,4.7606273,0.19912441,-2.4826374,-0.0061940937,0.001872925,-0.00059814635,-0.008660112,-0.0019171911,-0.0014486721,0.0005149881158505,-0.0005014824473814,0.000111309939185,-0.0012470988,-0.001267658,-0.0006180127,15.390419,0.5668955,0.72812665,0.72835195,0.72805375,0.7283724,2
27.0,4.7590666,0.20039535,-2.4835067,-0.0070390673,0.0021849445,-0.0005716073,-0.0024258245,-0.008658834,0.0030780209,0.0004058366272241,-0.0007056450492701,0.0001186758745296,-0.0024258078,-0.0014232612,-0.0011974723,15.390419,0.5668955,0.7279328,0.728497,0.72814184,0.72827345,2
27.1,4.7580414,0.20135267,-2.484341,-0.0073717954,0.0028232164,-0.015564973,-0.002350442,0.042743206,-0.26779202,0.0075889814909653,-0.0008934683635074,0.0001227967605794,0.30049303,-0.0015903377,-0.00014421754,15.384419,0.5635624,0.71884054,0.7547166,0.75461507,0.7190069,2
27.200000000000003,4.7572007,0.2031088,-2.4867218,-0.0076591186,0.0332533,-0.03225456,-0.006966385,0.5768245,-0.08383812,0.0625527593236268,-0.0010356815566943,0.0001225068857822,0.5930583,-0.00063578645,-0.0004967932,15.384419,0.5635624,0.73711056,0.7226643,0.72247964,0.7374087,2
27.3,4.756111,0.2120655,-2.490054,-0.007852228,0.12235429,-0.030281268,0.0024088733,1.0391232,0.08172309,0.1099202998062206,-0.0011730933212854,8.369952783663116e-05,0.35554704,-0.0018359537,-0.000841145,15.37842,0.5602293,0.7351103,0.7187921,0.7192527,0.734509,2
27.4,4.754752,0.23185202,-2.491998,-0.008130199,0.2368844,-0.02049345,0.0034203646,1.258836,0.110001296,0.1316622095108215,-0.0012886046601025,0.0001643198208188,0.11599478,-0.0015543315,0.00010576222,15.37842,0.5602293,0.7319177,0.7219568,0.7225181,0.73152137,2
27.5,4.753309,0.2651076,-2.4922562,-0.008478043,0.36227006,-0.010064653,0.0037630135,1.2700995,0.095818184,0.1340729815293031,-0.0014018275640498,0.0003707218586919,-0.0387898,-0.0014027281,-0.0012886417,15.37842,0.5602293,0.7308996,0.72507477,0.72542816,0.73081726,2
27.6,4.7519484,0.31656882,-2.490849,-0.009141081,0.4947308,-0.0014279102,0.0058428166,1.1808708,0.056175046,0.125187836352933,-0.0015126967890647,0.0006392352960709,-0.122838125,-0.0015774495,-0.00040130952,15.37242,0.5568962,0.72905505,0.72870207,0.7290261,0.72930443,2
27.700000000000003,4.7503653,0.38278088,-2.4883473,-0.009876481,0.6149145,0.003908616,0.0037067924,1.0125152,0.028969252,0.1109215956519659,-0.0016793346577474,0.0009079144303693,-0.15756667,-0.0019672976,-0.0017830238,15.366421,0.5535631,0.72889864,0.72991395,0.7305298,0.72933805,2
27.8,4.748926,0.45477378,-2.4855406,-0.010512576,0.7106768,0.006036123,0.005393484,0.8563032,0.004768837,0.094976286142775,-0.0018830995162816,0.0011109945793433,-0.16140155,-0.0032210934,-0.0012644418,15.366421,0.5535631,0.7284505,0.7304961,0.7320539,0.7282455,2
27.9,4.7480235,0.54201937,-2.4819627,-0.010226964,0.7969448,0.006974956,0.014360681,0.687779,-0.00482751,0.079498924100265,-0.0020721104420451,0.0012077018052868,-0.15088682,-0.0014563026,-0.0013829682,15.360421,0.55023,0.727818,0.7309451,0.73221207,0.7281575,2
28.0,4.7480993,0.6285737,-2.4785697,-0.009398727,0.86090064,0.006830947,0.00719157,0.5426976,-0.013709067,0.0655719859550546,-0.0022213728998296,0.0011262731548959,-0.131565,-0.0009019836,-0.002964127,15.360421,0.55023,0.72728604,0.7313648,0.7325468,0.72726464,2
28.1,4.7485714,0.72641,-2.4751186,-0.008242214,0.91421455,0.006387951,0.010074414,0.4203452,-0.01565134,0.0536678216062595,-0.0022015824716984,0.0010956543062083,-0.108698666,0.00018487622,-0.0024852979,15.354422,0.54689693,0.7273307,0.73104227,0.73229873,0.7270942,2
28.200000000000003,4.7488604,0.8194902,-2.47238,-0.0077246707,0.9516128,0.005394708,0.008328812,0.32464817,-0.015214085,0.0440135291778914,-0.0020796903856793,0.0011329863713563,-0.086523674,0.0001990147,-0.0026838393,15.354422,0.54689693,0.72712684,0.7308018,0.7319758,0.72666264,2
28.3,4.749409,0.9217733,-2.4699466,-0.0069017685,0.98086405,0.00485085,0.006141594,0.2360806,-0.012697651,0.0363996320439352,-0.0019795128243711,0.0011340576017146,-0.067402236,-0.00017126807,-0.00306709,15.348422,0.54356384,0.7269858,0.7307266,0.7321707,0.72610295,2
28.4,4.7506094,1.0167598,-2.4682581,-0.0057012155,0.9998634,0.00428623,0.010568834,0.19049248,-0.010102986,0.0306059119261171,-0.0018681892589015,0.0010058358865094,-0.049023427,0.0005830793,-0.0031603596,15.348422,0.54356384,0.7271775,0.7303977,0.73179466,0.726085,2
28.5,4.7522793,1.1120675,-2.4673214,-0.0041302866,1.0134189,0.003415279,0.0069645634,0.14971481,-0.009742099,0.0263544484626681,-0.0017031351181606,0.0007558151082555,-0.035186164,0.0012627217,-0.003378021,15.348422,0.54356384,0.7272194,0.7300648,0.7312678,0.72595155,2
28.6,4.755012,1.215361,-2.4666352,-0.0020106144,1.0233753,0.0030015302,0.006947931,0.11129361,-0.00623241,0.0233011058877238,-0.0014751368302422,0.0003842369204803,-0.024268202,0.0018636172,-0.003867808,15.3424225,0.54023075,0.72738445,0.7300706,0.7309987,0.7257456,2
28.700000000000003,4.7584405,1.3184564,-2.466734,0.00022128732,1.0297991,0.0025166087,-0.003947208,0.083223395,-0.0022109596,0.0211529303337126,-0.0011788062292156,-4.765700467489667e-05,-0.01718639,0.0026231615,-0.002410479,15.336423,0.53689766,0.7272787,0.73032415,0.73080754,0.72534716,2
28.8,4.7616096,1.4137305,-2.4672856,0.0018299401,1.0336688,0.0020846475,0.0045420844,0.069855295,-0.0018524005,0.0196684604704029,-0.0008106371264222,-0.0004297877088648,-0.011868529,0.0037367821,-0.0019656587,15.336423,0.53689766,0.727299,0.7304338,0.73026174,0.7253656,2
28.9,4.76491,1.5164571,-2.468427,0.0030693808,1.0362401,0.0014767242,-0.0010060336,0.06021223,0.0009420327,0.0186471554859805,-0.0004748583282529,-0.0006855524177287,-0.008152093,0.0030578095,-7.638033e-05,15.330423,0.53356457,0.7270735,0.73043364,0.7300688,0.72515213,2
29.0,4.7673144,1.6107144,-2.4699876,0.003476013,1.0372751,0.0011901392,-0.00925924,0.052690193,0.010861083,0.0179568923608995,-0.0001627979557344,-0.0008314611500118,-0.0050568366,0.0023540861,-0.00032932768,15.330423,0.53356457,0.726999,0.73038644,0.7300949,0.72489893,2
29.1,4.7688503,1.7123356,-2.471724,0.002727761,1.0374169,0.0010556536,-0.010174342,0.046987135,0.0074394043,0.0175001207578244,2.9222611628785243e-05,-0.0007831627736796,-0.00087939616,0.0014643411,0.0012106901,15.324424,0.5302315,0.7271888,0.7299291,0.7296027,0.72559047,2
29.200000000000003,4.769334,1.8057375,-2.4728262,0.0012198729,1.0370547,0.0012329619,-0.01345487,0.041933894,0.0067818905,0.0172302190472896,5.9952933967201325e-05,-0.0005729000659071,-0.00051647174,-0.0015526875,0.00074246875,15.324424,0.5302315,0.72719187,0.72970325,0.73032117,0.72538066,2
29.3,4.7701106,1.907038,-2.4743993,0.00018674215,1.0364697,0.00093626365,-0.0019125597,0.03601539,-0.0017355195,0.0170989080145888,-7.458458133447304e-05,-0.0002830507513161,-0.0002784201,-0.0008492506,0.002499449,15.318424,0.5268984,0.72608733,0.73016274,0.730317,0.72583556,2
29.4,4.771377,2.0013125,-2.475493,-0.00014854793,1.0365704,0.00083699834,-0.012388929,0.044657853,0.008793081,0.0170501734141318,-0.0002601802029874,-3.815713039712559e-05,0.00090452627,-0.001565278,0.0017548008,15.318424,0.5268984,0.72655076,0.72925335,0.73049456,0.72591156,2
29.5,4.7728214,2.0966723,-2.4765878,-5.11592e-05,1.037642,0.0007528821,-0.0064154295,0.035925627,0.005321111,0.0169962031204957,-0.0003618305672075,0.0001117003985827,-0.00129809,-0.001525742,0.00091196666,15.318424,0.5268984,0.72657406,0.72911775,0.73097867,0.7254811,2
29.6,4.7748404,2.2010577,-2.477662,0.0002928801,1.0392563,0.00056259945,-0.004681219,0.034026552,0.004104338,0.016843514694219,-0.0003996891263654,0.0002168404360551,-0.0028749309,0.00083293574,0.00077943853,15.312425,0.5235653,0.72611743,0.7294238,0.73052603,0.7258802,2
29.700000000000003,4.777924,2.3055537,-2.478236,0.0015133995,1.0407431,0.0007068218,-0.0060419817,0.036193665,0.012009404,0.0165144613157267,-0.0003861508565395,0.0002646897737939,-0.0032421667,0.0020663708,0.00029194134,15.306425,0.5202322,0.726149,0.72940177,0.73038435,0.72612274,2
29.8,4.781425,2.4022145,-2.4789057,0.002842573,1.041611,0.0007653161,-0.0067607844,0.030019894,0.007618218,0.0161616019465452,-0.0002595880152878,0.0002564377966001,-0.003968232,0.0024467383,-4.1520645e-05,15.306425,0.5202322,0.7261487,0.72958124,0.73060846,0.7258663,2
29.9,4.7852426,2.507219,-2.4797065,0.0038829674,1.0424244,0.0008093032,-0.0087614935,0.019129314,0.010052695,0.0158425244507868,-5.158948392236406e-05,0.0002249230342306,-0.002579698,0.002547648,-0.00037330514,15.300426,0.5168991,0.72642505,0.7294425,0.73055816,0.7258327,2
30.0,4.7889605,2.604981,-2.4804,0.0047579557,1.0432976,0.0010323214,-0.0074951774,0.023635205,0.00084936613,0.015565850442581,0.0001505345160798,0.0001562767549249,-0.0028534136,0.0020770628,-0.00035094563,15.300426,0.5168991,0.7266104,0.7296848,0.7307031,0.72565436,2
30.1,4.793634,2.7112222,-2.4807777,0.005853814,1.0442177,0.0011279419,-0.012230644,0.011177165,-0.001927372,0.0152518092437803,0.0003385917027234,0.000128439350823,-0.0026535545,0.0029356047,-0.00047712636,15.3,0.51384926,0.72682965,0.7296392,0.7302572,0.726116,2
30.200000000000003,4.7983184,2.8087633,-2.4815242,0.006686806,1.0440053,0.0009631755,-0.014585103,0.018384183,0.0085299825,0.0149293478452115,0.0005364888612313,6.636695168814505e-05,-0.0035429448,0.002825793,-0.000989583,15.3,0.51384926,0.72638124,0.7301175,0.73057854,0.7255461,2
30.3,4.803484,2.9132204,-2.4826972,0.007357176,1.0425084,0.0007346738,-0.017478205,0.012817588,0.008660833,0.0146974427755825,0.0007177251927081,5.729628043778267e-05,-0.0009846459,0.0017688916,3.6242494e-05,15.3,0.5113497,0.7267025,0.7296365,0.7305404,0.7255435,2
30.4,4.8081136,3.009237,-2.4838212,0.007723366,1.0406307,0.0007803709,-0.012264929,0.01347046,0.0010109505,0.0146358916751204,0.0008905757219165,3.571751629239405e-05,0.0011579887,0.0014820282,0.00060994795,15.3,0.5113497,0.72674984,0.729711,0.7306654,0.72547334,2
30.5,4.812359,3.10524,-2.4849064,0.0076565673,1.0390626,0.0005383045,-0.014193042,-0.0011040391,-0.00020442529,0.0147290448588979,0.0010168311993069,6.23436651605695e-05,0.0013955785,0.0017552376,-0.00040109278,15.3,0.5113497,0.7263588,0.7298647,0.73047674,0.7256168,2
30.6,4.8167224,3.2094042,-2.4860835,0.0075498107,1.0375009,0.00070670695,-0.018264124,0.006879185,0.015246681,0.0148348693705368,0.0010809742996678,0.0001021503950676,0.002448422,-0.00011499481,-0.0005802267,15.3,0.5093012,0.7270324,0.72925746,0.7304873,0.72567767,2
30.700000000000003,4.8204627,3.3137085,-2.4869263,0.0074655176,1.03631,0.00062934903,-0.01073305,0.008226299,0.0030254012,0.0149979849188413,0.0011058071747116,0.0001397882960158,0.0029265808,0.00028217607,3.86857e-05,15.3,0.5076227,0.7270798,0.72924644,0.7301934,0.72599125,2
30.8,4.8230705,3.4101715,-2.4875886,0.006755346,1.0355825,0.0006431908,-0.014037849,0.016690137,-0.0025574116,0.015093879094035,0.0011271302106999,0.0001735578482828,0.0012047086,0.0006749124,3.627137e-05,15.3,0.5076227,0.7265217,0.7298048,0.7303411,0.7259387,2
30.9,4.8251305,3.5153327,-2.4878254,0.005487621,1.0353844,0.00096401735,-0.014361375,0.012863142,-0.005542766,0.0151435480972862,0.0011162146817,0.000211857504172,0.00022315483,-0.0015483012,-0.0002760112,15.3,0.5062475,0.7269537,0.7295123,0.7308652,0.7257033,2
31.0,4.826304,3.613273,-2.4874663,0.0039903233,1.03587,0.0011053671,-0.009093444,0.010113872,0.0033560207,0.0151316249146181,0.0010062584284175,0.0002260709597362,-0.00080424326,-0.0018971004,0.0006899612,15.3,0.5062475,0.72698593,0.72951853,0.7308552,0.7257978,2
31.1,4.827138,3.7207305,-2.4871404,0.0021461733,1.0373709,0.0012241261,-0.01783482,0.0113051785,-0.000515487,0.0150021729022829,0.0008222641510655,0.0002006455352945,-0.0034795126,-0.0032333015,-0.00011160492,15.3,0.5051174,0.72682565,0.7298227,0.7312884,0.72544533,2
31.200000000000003,4.828213,3.8206332,-2.4869986,0.0013834176,1.0386674,0.0011073746,-0.010820618,0.012122734,0.006932765,0.0147374439390455,0.0005728680295196,0.0002114078545753,-0.004021153,-0.0025458222,-0.00059521437,15.3,0.5051174,0.72688264,0.7296663,0.7309522,0.72570974,2
31.3,4.8295574,3.9292867,-2.4859679,0.0011915503,1.0399923,0.0011853855,-0.0058080647,0.0049927835,0.0038072465,0.0144010673122934,0.000368383716803,0.000245533357734,-0.0031153143,-0.0021505503,-0.00025287946,15.3,0.50419426,0.72725606,0.72935057,0.7308684,0.7259001,2
31.4,4.83043,4.029613,-2.485327,0.0009495471,1.0409096,0.0011178295,-0.0068229362,0.008541719,0.0004842877,0.0140422039715749,0.0002798712485665,0.0002772128757826,-0.0036375287,-0.0011724938,9.495685e-06,15.3,0.50419426,0.7269071,0.7296639,0.7309333,0.72589064,2
31.5,4.8309493,4.1300907,-2.4848163,0.00029289216,1.0414428,0.0010387349,-0.002195607,-0.0065872516,0.0033807007,0.0136878449879679,0.0002140230312941,0.0003064179158464,-0.003429766,-0.00019790282,-0.00042472465,15.3,0.50419426,0.72663194,0.7298588,0.73078454,0.7260865,2
31.6,4.8311276,4.2390895,-2.4846895,-0.0007727075,1.0414568,0.0006127519,-0.009851543,-0.0024607652,-0.004224013,0.0134043080041065,0.000159706066058,0.0002492795394016,-0.0020633303,-0.0014108537,-0.00023137232,15.3,0.5034361,0.7269548,0.7295121,0.7307496,0.72575474,2
31.700000000000003,4.830537,4.3479495,-2.484491,-0.0021902397,1.0411385,0.0007107892,-0.002748846,-0.004856927,-0.0012875533,0.013181031532652,2.9762086787304e-06,0.0001485325823768,-0.0019649225,-0.0031413252,-0.00090950576,15.3,0.5028162,0.72701746,0.7296997,0.7309184,0.7254673,2
31.8,4.829166,4.4483366,-2.4847524,-0.0036539035,1.0403674,0.00057350344,-0.0031614148,-0.00048382205,0.009892042,0.0130225209180332,-0.0001678460741734,3.4471130646273784e-05,-0.0017771776,-0.0031927722,-0.00096749875,15.3,0.5028162,0.7268205,0.7298756,0.7309061,0.72528195,2
31.9,4.8273225,4.5569544,-2.4849603,-0.005030715,1.0392853,0.00048410628,-0.0036222097,-0.0072863325,-0.0006635673,0.0129403632292011,-0.00039016053633,-6.515607021033746e-05,-0.00024990714,-0.0030460074,-0.0005756488,15.3,0.50230694,0.72709745,0.72969335,0.7305143,0.72561014,2
32.0,4.826224,4.6568723,-2.4850318,-0.005411496,1.0379995,0.0004871963,0.007020952,-0.007447495,0.0057388092,0.0129291185427665,-0.0006300408708876,-9.946161264277382e-05,0.00078405737,-0.0022655171,-0.0006690873,15.3,0.50230694,0.7272248,0.7295821,0.730503,0.72558075,2
32.1,4.8254437,4.764684,-2.4858894,-0.005123323,1.0363905,-0.011301457,0.00047377215,-0.029535256,-0.2489467,0.0081661064443114,-0.0008290062173909,-5.3248316386076e-05,-0.22776613,-0.0014940668,0.00021024095,15.3,0.50230694,0.75896907,0.71315706,0.7141761,0.7575659,2
32.2,4.824542,4.863086,-2.4884953,-0.0051475177,1.0085626,-0.02748678,0.0047209756,-0.53770137,-0.06756978,-0.0446068005639278,-0.0008520550124937,-1.5927640085601254e-05,-0.60018635,-0.0007812627,-0.00040018186,15.3,0.50189114,0.72189593,0.7373377,0.738467,0.7205492,2
32.300000000000004,4.8234572,4.9631414,-2.492371,-0.005659999,0.9215361,-0.026247835,0.0067304485,-1.031154,0.0759242,-0.0939094505217929,-0.0008411285013605,-4.274364673831769e-05,-0.37844774,-0.0005752021,-0.0006541156,15.3,0.5015497,0.7168923,0.73662823,0.73747176,0.7158142,2
32.4,4.8220167,5.0441685,-2.495726,-0.0064918604,0.80726326,-0.0170711,0.0049459827,-1.2485665,0.10722875,-0.1175204857458932,-0.0008507631347482,-0.0001687097113879,-0.13011491,-0.0004063079,0.0002931967,15.3,0.5015497,0.7203335,0.7333867,0.73380166,0.7197452,2
32.5,4.8201427,5.112042,-2.498169,-0.0076666255,0.68136746,-0.0073415837,0.0046678567,-1.2791045,0.09453482,-0.1210254079627606,-0.0009511106022872,-0.0004894433700893,0.030915366,-0.0021327191,-0.0002408406,15.3,0.5015497,0.7235697,0.73246855,0.73292935,0.72260654,2
32.6,4.8174314,5.1703844,-2.4997633,-0.0092521105,0.54765856,0.00067689054,0.0002985687,-1.1902586,0.0687181,-0.1126784578147116,-0.0010930756545631,-0.0010888345285427,0.11902879,-0.0027039812,-0.00022509415,15.3,0.5012703,0.7273796,0.7310061,0.7310896,0.72597337,2
32.7,4.8138065,5.214417,-2.5000474,-0.011277108,0.42661807,0.0052051484,0.010032469,-1.0327905,0.037815418,-0.0986321776949782,-0.0012895547246098,-0.0018870212614354,0.15433544,-0.0025643979,0.00042670203,15.3,0.50104046,0.72852194,0.73156977,0.73058337,0.72715586,2
32.800000000000004,4.809576,5.2444277,-2.4999704,-0.013529576,0.3302382,0.0069540706,0.0054574627,-0.8804834,0.013574026,-0.0827124184319034,-0.0015848270335218,-0.0028387344464352,0.1612202,-0.003933934,0.002249131,15.3,0.50104046,0.73025304,0.7307976,0.72917503,0.72827333,2
32.9,4.8045835,5.2662973,-2.499588,-0.015849689,0.24928714,0.0070640547,0.012899973,-0.7186352,0.0017508863,-0.0672752905169478,-0.0019475345371278,-0.0038785115584174,0.14987001,-0.004080141,0.0036379197,15.3,0.50104046,0.73078483,0.7307685,0.72821796,0.72810256,2
33.0,4.799222,5.2831154,-2.4989855,-0.017205263,0.1785778,0.006806474,0.018601757,-0.5705647,-0.004932284,-0.053387847776158,-0.0023789561266465,-0.0046729029759444,0.13189429,-0.0048015486,0.005378994,15.3,0.50085354,0.7315763,0.7300855,0.72753966,0.7281383,2
33.1,4.794135,5.294409,-2.4980602,-0.017791128,0.12357349,0.0058416664,0.017628277,-0.4361428,-0.016998032,-0.0416194019898278,-0.0027738302741821,-0.0052025404024664,0.10758911,-0.0026720474,0.007389859,15.3,0.50085354,0.73070943,0.7306175,0.7272994,0.7276334,2
33.2,4.7896624,5.3009157,-2.4967115,-0.017892856,0.08385857,0.005552274,0.026126107,-0.34448013,-0.014064367,-0.0319442671000674,-0.003028970804102,-0.0053479946007206,0.08741965,-0.0025756415,0.010482828,15.3,0.5007,0.73101836,0.72992486,0.72738534,0.72766227,2
33.300000000000004,4.784937,5.3051133,-2.4955385,-0.017646065,0.05086841,0.004932531,0.027160222,-0.2555406,0.0021285375,-0.0241869289219489,-0.0031675070795119,-0.0051450602965098,0.069265805,-0.0025013294,0.012246045,15.3,0.50057316,0.7305835,0.7293096,0.7279723,0.7274285,2
33.4,4.7809024,5.307949,-2.4943902,-0.016861068,0.028823378,0.0043547507,0.03258546,-0.19921309,-0.008258502,-0.0180582205680816,-0.0032527790419058,-0.0046907086302866,0.05464739,-0.0006872049,0.01315217,15.3,0.50057316,0.7299822,0.7290489,0.72775126,0.7281265,2
33.5,4.77716,5.3107142,-2.493254,-0.015918223,0.013279618,0.0038781574,0.027736247,-0.15183072,-0.0008423812,-0.0134079361808728,-0.0032303256796407,-0.0039576255128861,0.040224362,0.00045515958,0.014519996,15.3,0.50057316,0.7294136,0.7283509,0.72813743,0.7285945,2
33.6,4.773008,5.3143325,-2.492376,-0.015159279,0.0025074494,0.0035079322,0.024420448,-0.109949954,-0.004750676,-0.0099932929453194,-0.0031521003160562,-0.0032081568487863,0.027418971,0.00018785769,0.013394638,15.3,0.50047016,0.72877544,0.7280144,0.72880346,0.7287169,2
33.7,4.7684126,5.3187017,-2.491492,-0.015072834,-0.0039044716,0.0031147106,0.025989594,-0.08950345,-0.004761386,-0.0076368617255249,-0.0030698687031792,-0.0025558332800483,0.016870271,-0.00044730958,0.011963313,15.3,0.5003853,0.7282182,0.7278547,0.72918874,0.72878104,2
33.800000000000004,4.7644134,5.323049,-2.4901612,-0.015046049,-0.0074543743,0.003039621,0.01855962,-0.08301752,0.0030989756,-0.0061298144563243,-0.0030592775367945,-0.0019189774347241,0.010644129,-0.00077967165,0.012001195,15.3,0.5003853,0.72789514,0.7276652,0.7292651,0.72921443,2
33.9,4.7609506,5.327867,-2.488914,-0.014328617,-0.00941696,0.0028259514,0.02047133,-0.06359642,-0.0030151566,-0.0051976790234416,-0.0031140223211732,-0.0012937275301678,0.0060942867,-0.0013327838,0.009818141,15.3,0.5003853,0.7280386,0.72721606,0.7294461,0.72930115,2
34.0,4.7575073,5.3332458,-2.4875283,-0.013248099,-0.010579991,0.0027426106,0.023019608,-0.060328323,-0.0014537944,-0.0046630686358693,-0.0031095314436665,-0.0007069070941943,0.0022098916,0.0002733338,0.007479946,15.3,0.50031567,0.727588,0.7275606,0.7295891,0.72933125,2
34.1,4.7536798,5.338527,-2.4861944,-0.012807833,-0.01154457,0.002478778,0.02258746,-0.054946434,-0.00059278676,-0.0043708469823978,-0.0030440874433152,-0.0002772912887474,-0.0004193775,0.00047300334,0.005873217,15.3,0.50031567,0.72727215,0.7277852,0.7297564,0.7290949,2
34.2,4.7497535,5.343387,-2.4848697,-0.012545075,-0.012338193,0.002438197,0.020501617,-0.05250371,0.005223322,-0.0041540697477332,-0.0029863957429365,-5.192756248603922e-05,0.0009180591,-0.00027145952,0.0037527776,15.3,0.50025845,0.72776854,0.7275038,0.7294248,0.7292381,2
34.300000000000004,4.745041,5.3485146,-2.483287,-0.012584492,-0.013191309,0.002300127,0.023748098,-0.05315435,0.0022891907,-0.0040042869451259,-0.0029823937111402,1.3085417307231405e-05,0.00050574756,-0.00058873015,0.003069312,15.3,0.50021267,0.7277978,0.72779185,0.7293843,0.7289672,2
34.4,4.7401896,5.3525662,-2.4815104,-0.012860639,-0.014202884,0.0021013368,0.022723328,-0.04130232,-0.006144866,-0.0038466357397656,-0.0030132467952924,-6.406859252100254e-05,0.0009659643,-0.00024585068,0.0018492977,15.3,0.50021267,0.72795117,0.7280456,0.72875816,0.7291495,2
34.5,4.7352815,5.3559694,-2.479829,-0.0130652,-0.015517587,0.0021215454,0.024765125,-0.040406264,-0.0026416963,-0.0037092296377142,-0.0031029534498558,-0.0002153331069454,0.0006141516,-0.00029430326,0.00043783706,15.3,0.50021267,0.7279172,0.7285943,0.7286653,0.7288397,2
34.6,4.730203,5.3588023,-2.4780252,-0.013039738,-0.017187482,0.0021917254,0.016386261,-0.044666346,-0.0023716127,-0.0034712808839781,-0.0031945829526605,-0.0003699674889997,0.002396101,-0.0007202515,-0.00013715458,15.3,0.5001745,0.7284608,0.7285328,0.72835547,0.728867,2
34.7,4.725309,5.360708,-2.4763215,-0.012566119,-0.019164175,0.0019503504,0.018937897,-0.04858684,-0.0058002765,-0.0032193351164102,-0.0032720423712846,-0.0004927925005303,0.0017934847,-0.00018177666,0.0008047023,15.3,0.5001421,0.7282109,0.7289392,0.72860175,0.7283359,2
34.800000000000004,4.720747,5.361769,-2.474466,-0.011894143,-0.020947946,0.002077253,0.031806987,-0.035083093,-0.003273133,-0.0029072311667348,-0.0033112885472154,-0.0006168501927476,0.0027587318,-0.0008499956,0.0008214868,15.3,0.5001421,0.7288106,0.72868365,0.7286725,0.7281554,2
34.9,4.716563,5.362019,-2.4725,-0.011184495,-0.022937814,0.0019206118,0.029041063,-0.03900068,-0.009410548,-0.0025542744485024,-0.0032759665991479,-0.0006868612511465,0.0025930058,0.00086889573,0.0014568078,15.3,0.5001421,0.72843856,0.7291109,0.7285146,0.72818965,2
35.0,4.7123947,5.3617215,-2.4706821,-0.010519881,-0.024423592,0.0017357685,0.011149481,-0.034597963,-0.0023576429,-0.0021577469701077,-0.0032207711162522,-0.0006923618550336,0.0042879866,0.00084524916,0.0012455705,15.3,0.50011826,0.7289999,0.72841936,0.72812194,0.7286052,2
35.1,4.7089667,5.3609586,-2.4696531,-0.009450511,-0.025595622,0.0011294552,0.020031933,-0.021947335,-0.006706919,-0.0017801491809425,-0.0031438001434765,-0.0006352127451522,0.0039401953,0.0013972435,0.0012600308,15.3,0.50011826,0.7285868,0.72840714,0.7278962,0.7287034,2
35.2,4.706654,5.360631,-2.4691694,-0.007925269,-0.025919998,0.00094081165,0.017090006,-0.022957161,-0.005719717,-0.0014824531543419,-0.0030816112545783,-0.0005545796670879,0.002311536,0.00090132747,0.0017247509,15.3,0.5000963,0.72849095,0.72839034,0.72812754,0.7284185,2
35.300000000000004,4.704817,5.3607726,-2.4691498,-0.006177105,-0.025455372,0.00084604364,0.020616174,-0.017566713,-0.0020009463,-0.0012279516150236,-0.0029149581822645,-0.000458073256394,0.00015686685,0.0020930674,0.0011113088,15.3,0.50007725,0.7282475,0.7285514,0.7285117,0.7280216,2
35.4,4.703844,5.3611913,-2.469317,-0.0044149635,-0.024835559,0.0006467426,0.01812641,-0.022632206,0.009910203,-0.001132572148304,-0.0026862208655877,-0.0003241986217561,-0.00077532174,0.0017648635,0.0020961263,15.3,0.50007725,0.7283652,0.72810876,0.7285852,0.7279534,2
35.5,4.704055,5.3619895,-2.469822,-0.002151567,-0.023545276,0.00072782935,0.016840238,-0.016681224,-0.004621688,-0.0010931412379331,-0.0024567585374578,-0.0001648944988276,-0.0011104114,0.0036427006,0.001247735,15.3,0.50007725,0.72812223,0.7282944,0.72831124,0.72850066,2
35.6,4.705401,5.362669,-2.470031,0.0008115235,-0.02305492,0.0011108449,0.009486096,-0.017798321,0.00089081,-0.0011718487680092,-0.0021252744594816,-3.67486223299626e-05,-0.001721589,0.0038774197,0.0013464926,15.3,0.50006676,0.72837764,0.72824746,0.7286188,0.72848314,2
35.7,4.7070594,5.362591,-2.469935,0.0030536857,-0.022759866,0.00091437134,0.010041429,-0.017481571,0.0055059786,-0.0012227856148687,-0.0017139089867512,7.289873286874462e-05,-0.0014636075,0.004832926,0.0010003143,15.3,0.50005627,0.7282125,0.7281879,0.72864467,0.7284712,2
35.800000000000004,4.708573,5.361887,-2.4696426,0.0044874377,-0.023190634,0.00094236823,-0.0018098289,-0.0115737,0.005248468,-0.0012404703377375,-0.0013186058309854,0.0001288808079704,-0.0012370491,0.0042776675,0.00027253758,15.3,0.50005627,0.7279486,0.7285002,0.72866344,0.7284875,2
35.9,4.7097244,5.360888,-2.4693706,0.0048397467,-0.023576042,0.0006634128,-0.0013408002,-0.018054044,0.0010854563,-0.001158188778387,-0.0009857900868722,0.0001440054380367,0.00044674968,0.0022798062,0.0007612592,15.3,0.50005627,0.7280779,0.72828245,0.72855264,0.72844976,2
36.0,4.7110877,5.3596005,-2.4688976,0.0051105767,-0.02399644,0.0006253473,0.001145039,-0.021224093,0.00027241182,-0.0010289560491698,-0.0007857389332045,0.0001303492242893,0.0018872462,0.0013573085,0.00077820226,15.3,0.5000458,0.7284253,0.7280032,0.7282703,0.7286718,2
36.1,4.7125793,5.357819,-2.4683833,0.0053641484,-0.02430873,0.00036576806,0.0006201064,-0.010336345,0.005004927,-0.0008857276990116,-0.0006958127973631,8.367651225615686e-05,0.0018644844,0.0013470943,0.00032703142,15.3,0.5000458,0.72813356,0.7282436,0.7282068,0.7284607,2
36.2,4.7137647,5.35622,-2.4681077,0.0051172203,-0.024591748,0.0004999079,-0.00089681696,-0.0114801945,0.00597164,-0.0007392634383791,-0.000612407606302,4.404168674828788e-05,0.0009787064,0.00043482563,3.681524e-05,15.3,0.5000353,0.7282223,0.7283028,0.7284044,0.72830474,2
36.3,4.7144775,5.3549323,-2.4680748,0.004507526,-0.024236748,0.00039824334,-0.0040737623,-0.008258832,0.0004037283,-0.0005837214159429,-0.0005661892745701,-1.380807506806772e-05,0.0009180813,0.0010969279,-0.0010971111,15.3,0.5000267,0.7281211,0.72854394,0.7279487,0.7285854,2
36.4,4.7150073,5.3534846,-2.468107,0.0037852984,-0.02448109,0.00020462727,-0.010846506,-0.012158019,0.00082748005,-0.0004922592000757,-0.0006015757320339,-3.695287178954266e-05,-0.0006573965,-0.0009326552,-0.0007212906,15.3,0.5000267,0.7281636,0.728392,0.7284522,0.72798085,2
36.5,4.7153807,5.3511376,-2.4686153,0.003467769,-0.024922268,-2.3447268e-05,-0.0019148887,-0.011695267,0.004153698,-0.0004123883483976,-0.0006786425438897,-5.966734573525806e-05,0.0008604121,2.9215862e-06,-0.00036161864,15.3,0.5000267,0.7280101,0.7283694,0.7277695,0.72853947,2
36.6,4.715825,5.347569,-2.4696147,0.0035044977,-0.02652763,-0.00019133606,-0.002195449,-0.009041285,0.0012964009,-0.0002983063821748,-0.0007710357051873,-0.0001380743213249,0.0018954588,-0.00033352166,4.7210808e-05,15.3,0.5000267,0.7282033,0.72819865,0.7281703,0.7279415,2
36.7,4.715601,5.3434067,-2.470486,0.0031732358,-0.027915884,-8.161148e-05,0.00019985781,-0.0076034763,-0.004095956,-4.236702478310142e-05,-0.000801926120841,-0.000203664514413,0.0034793974,0.0006866497,0.0001612606,15.3,0.5000267,0.72816616,0.72839326,0.72764045,0.728486,2
36.8,4.7142105,5.3392544,-2.4708238,0.0023665978,-0.029227126,-5.8449805e-06,0.0017090637,-0.0036127525,0.006660353,0.0002722658455634,-0.0008011612256799,-0.0002463692162109,0.004539301,-0.00039616317,0.0002790725,15.3,0.5000267,0.72850126,0.7280571,0.7277535,0.7283144,2
36.9,4.7120714,5.3349876,-2.4703748,0.0007646732,-0.030088527,0.00062356034,0.0011103367,-0.0040965234,0.0021504236,0.0006089214884844,-0.000882937317154,-0.0002289765818317,0.003718579,-0.0018974603,-0.00012713429,15.3,0.5000267,0.72847277,0.72841734,0.72814727,0.72841716,2
37.0,4.7095895,5.330806,-2.4693172,-0.0008213711,-0.030233283,0.0011823557,0.0030245888,0.0050217346,0.004766974,0.0009040258292832,-0.0010706938434181,-0.0001882142231914,0.0029425398,-0.0022995912,0.00071354245,15.3,0.5000267,0.72874445,0.7283847,0.72821444,0.7287206,2
37.1,4.7074876,5.3269277,-2.4673667,-0.0013919815,-0.029617816,0.0014995404,0.0019979824,0.0027172605,-0.012777745,0.0011103365202781,-0.0013293117324972,-0.0001473375582433,0.00054174097,-0.0029396918,-0.00015143244,15.3,0.5000267,0.7287091,0.7286835,0.7289582,0.72832185,2
37.2,4.705687,5.323393,-2.4647565,-0.0018614082,-0.029261462,0.0019455425,-0.0011338156,0.0059171086,-0.0035585833,0.001211194254191,-0.0014771227784839,-0.0001048776629298,-7.855565e-05,-0.00056926307,0.0006564704,15.3,0.5000267,0.7286428,0.728997,0.7285671,0.7290009,2
37.3,4.703973,5.3193316,-2.4621184,-0.002419357,-0.028797563,0.0017328359,0.0040436513,0.0027935284,-0.010398216,0.0012506515773805,-0.0015884792453071,-1.6289410803931484e-05,-0.00044225127,-0.0012368956,0.0006234918,15.3,0.5000267,0.7287239,0.7287272,0.7289706,0.7287275,2
37.4,4.702545,5.315631,-2.460022,-0.0027462873,-0.028464222,0.0015293868,0.010082562,0.008814589,-0.014740041,0.0012991339610745,-0.0017101756619393,6.337837159829395e-05,-6.148238e-05,-0.0013683815,0.0012877556,15.3,0.5000267,0.72854245,0.72880685,0.72891,0.72879285,2
37.5,4.7007713,5.312498,-2.4578435,-0.0034156574,-0.027897026,0.0014474217,0.0052322173,0.0014980191,-0.0050053927,0.0013394209653175,-0.0017696274718236,0.0001450787832804,0.0004397207,-0.00067689014,0.00037369566,15.3,0.5000267,0.7287493,0.7284882,0.7285359,0.7291951,2
37.6,4.6984544,5.3097024,-2.455547,-0.004077843,-0.026750904,0.0012578423,0.012108181,0.006244752,-0.0102650365,0.0013873489596705,-0.0018794194632052,0.0002130559667631,0.0002514625,-0.0016798095,-5.2098767e-06,15.3,0.5000267,0.7286462,0.72857004,0.7286811,0.7289643,2
37.7,4.695419,5.3068986,-2.4531758,-0.0050311233,-0.025671132,0.0012339453,0.010640666,0.011917298,-0.0006668269,0.0013688624013823,-0.0019909282878181,0.0002754347309193,-0.00045240996,-0.0019722332,-0.00021174015,15.3,0.5000267,0.72863793,0.72856104,0.7288044,0.72881657,2
37.8,4.691998,5.304183,-2.4512706,-0.0064603896,-0.02494382,0.0012554205,0.009164228,0.0062437644,-0.0010593793,0.0013024456855869,-0.0021376042469466,0.0003362321477306,-0.0002698829,-0.0031007794,-0.00038511408,15.3,0.5000267,0.7289291,0.7283326,0.728838,0.7288328,2
37.9,4.6883316,5.3014216,-2.4491923,-0.007965872,-0.02455072,0.0011946877,0.00283016,0.0030320303,-0.003409106,0.0012180056720053,-0.0023277687299592,0.0004336878380948,-0.00013049625,-0.0030850496,0.0003642709,15.3,0.5000267,0.7287243,0.728404,0.7286387,0.7292096,2
38.0,4.684723,5.2984824,-2.4469342,-0.008965643,-0.02427403,0.0011889378,0.016051967,0.0034554785,-0.008918344,0.0012276942599537,-0.0025886248173058,0.000484790390048,0.00013935268,-0.0030091829,-0.00025147278,15.3,0.5000267,0.7285329,0.72865474,0.7289806,0.7289025,2
38.1,4.681669,5.2956796,-2.4449441,-0.00904149,-0.023785211,0.0012273747,0.018361162,0.0039548916,-0.0005709007,0.001230582860834,-0.0028291728122834,0.0004868189440577,0.00063272944,-0.0016091531,-0.00057934783,15.3,0.5000267,0.72846395,0.72879094,0.7287673,0.7290982,2
38.2,4.679466,5.292782,-2.4434528,-0.008466477,-0.02366752,0.0008823867,0.01756637,0.003833243,-0.007853377,0.0012460503237337,-0.0029732259139578,0.0003980222138535,0.00046233222,-0.0009764898,-0.0017943584,15.3,0.5000267,0.72869104,0.7286057,0.72874385,0.72882086,2
38.3,4.677794,5.288994,-2.4423895,-0.0069191945,-0.02442123,0.00054683234,0.018300328,0.0067231213,-0.00995444,0.001269345404111,-0.0030135135702284,0.0002718854752883,0.0012805134,0.00033342588,-0.000893945,15.3,0.5000267,0.7286817,0.7285938,0.7285566,0.72871274,2
38.400000000000006,4.677111,5.28525,-2.4420488,-0.0052305036,-0.024955396,5.471952e-05,0.021545697,0.004343643,-0.006456859,0.0014077914355599,-0.0029225357860206,9.180993779154032e-05,0.0016153301,0.0009423284,-0.0017179924,15.3,0.5000267,0.7286181,0.7285957,0.72838897,0.72836536,2
38.5,4.676823,5.281834,-2.4420846,-0.0034386795,-0.025097823,-0.00025976874,0.009533226,0.01205625,-0.0045825723,0.0015848170896873,-0.0026891231042806,-5.990120652478343e-05,0.0019875371,0.0032741015,-0.0011519974,15.3,0.5000267,0.7283794,0.7287012,0.7282263,0.72820675,2
38.6,4.6768894,5.2787623,-2.4423726,-0.001575442,-0.024745466,-0.0005485856,0.016077528,0.010238419,0.0029988585,0.0017394399857198,-0.0024316785687063,-0.0002011495422583,0.0027057999,0.0026011835,-0.00018805361,15.3,0.5000267,0.7288799,0.7281685,0.72779346,0.7282996,2
38.7,4.67773,5.277172,-2.4429867,-6.2243154e-05,-0.022611542,-0.0005984967,0.0013009666,0.015243726,0.004268251,0.0018597850339252,-0.0021609893351964,-0.0002637851622601,-0.00079358555,0.0023942955,-0.00034587557,15.3,0.5000267,0.7284293,0.7284745,0.728291,0.7278442,2
38.8,4.679121,5.2769513,-2.443382,0.0015161368,-0.02005426,-0.00067559147,0.008883873,0.01083631,-0.00016903503,0.0017771010812366,-0.0018746381616039,-0.0003279128005189,-0.0024520652,0.0016988635,4.7948313e-05,15.3,0.5000267,0.7287944,0.7281324,0.72825736,0.72775584,2
38.900000000000006,4.6808043,5.278007,-2.4436386,0.0026450334,-0.016686067,-0.0005813418,0.0026413952,0.0073986547,0.004642177,0.0015308162444301,-0.0016104862986817,-0.0002773713948101,-0.0042551938,0.003387731,-0.0001716049,15.3,0.5000267,0.7282231,0.7285366,0.72782266,0.72836936,2
39.0,4.682422,5.27923,-2.4431593,0.0032714326,-0.013851744,-0.00010827552,0.0066917087,0.008185508,0.0035078262,0.001162466917,-0.0013723562630401,-0.0001921690309541,-0.0053798067,0.001624951,0.0013648255,15.3,0.5000267,0.7283711,0.728502,0.7283636,0.72822076,2
39.1,4.684717,5.2798724,-2.4419208,0.0042985277,-0.011923076,0.0003657723,0.0033566128,0.010164472,0.0058198343,0.0007192671141482,-0.0012040822310743,-0.0001114426810251,-0.0039605894,0.0014577496,0.0007366872,15.3,0.5000267,0.72873104,0.7282454,0.72852695,0.72848046,2
39.2,4.6872067,5.2797704,-2.4399507,0.005080619,-0.01132392,0.00052791345,-0.0018029558,0.0029028242,-0.0010537914,0.0003378259371438,-0.0010471323650784,-5.0878330546284825e-05,-0.004181471,0.0027910178,0.00059634406,15.3,0.5000267,0.7279395,0.7290652,0.7286602,0.7285919,2
39.3,4.689776,5.279034,-2.437765,0.0055831694,-0.011521504,0.00063387235,-0.0028922153,-0.0032137085,-0.0010868533,0.0001351276553301,-0.0009101103272772,-3.373316038222637e-06,-0.0012289324,0.0016290441,0.0010145861,15.3,0.5000267,0.7284157,0.7286074,0.7286234,0.72879076,2
39.400000000000006,4.6920004,5.277547,-2.4360125,0.005941502,-0.012673547,0.0005346017,-0.0011015497,-0.0049778265,-0.002888031,0.0001102529842412,-0.0007790708014281,1.4638214750844094e-05,0.0010295664,0.0017791648,0.00059359573,15.3,0.5000267,0.7283965,0.7285964,0.7285322,0.7288605,2
39.5,4.6938868,5.2756414,-2.434509,0.0059288214,-0.0136800315,0.0002991728,-0.012265713,0.0004103301,-0.0031776724,0.0002105863653584,-0.0006682199487208,5.049450713299925e-06,0.0012036345,0.0010600107,-0.00030158262,15.3,0.5000267,0.7283235,0.7286652,0.7287259,0.72841275,2
39.6,4.6956344,5.2736273,-2.4328625,0.005740864,-0.014803993,0.00037567635,-0.006026568,0.00051789766,-0.008810776,0.0004100023591294,-0.0005972713097501,-6.4147503751093054e-06,0.004098315,0.0007902718,-0.0006416678,15.3,0.5000267,0.72877127,0.7283351,0.7282199,0.7289544,2
39.7,4.6974616,5.2718935,-2.4306936,0.005122887,-0.015188811,0.00047783853,-0.010243074,0.0015077349,-0.010467599,0.000633291521717,-0.0005906811897421,-8.742897184709259e-06,0.0021181824,-0.0007278195,0.00046147435,15.3,0.5000267,0.72858703,0.72861505,0.72861755,0.7285936,2
39.8,4.6990204,5.2697787,-2.428165,0.0046015033,-0.015911307,0.0008903001,-0.011349714,-0.0009572747,3.9115544e-05,0.000814615856582,-0.0006298362217262,-3.065681951098725e-05,0.0024293605,-0.00040982777,-0.00020684852,15.3,0.5000267,0.7287759,0.7287262,0.72840124,0.72893566,2
39.900000000000006,4.700499,5.266748,-2.425774,0.0043676067,-0.017016765,0.0008153939,-0.0033043337,0.0086124195,-0.006482936,0.0009743281252023,-0.0006944362571251,-2.755692274366807e-05,0.0024528722,-0.0012879625,0.0005156281,15.3,0.5000267,0.7289207,0.7285632,0.72875875,0.7286553,2
40.0,4.7020464,5.263757,-2.4243982,0.0039459406,-0.017789952,1.3349449e-05,-0.009991416,0.0050206305,-0.0110706305,0.0011689126601087,-0.0007265822657024,-2.002061900235961e-05,0.0026414315,0.00034077515,0.00064690236,15.3,0.5000267,0.7281962,0.72885376,0.72827286,0.7287411,2
40.1,4.7042847,5.260565,-2.423997,0.0042947037,-0.01857669,-0.00032670665,-0.004925076,0.009974668,-0.0072563994,0.00139134714661,-0.0007742285697924,-8.696607774657184e-06,0.0029495854,0.00021882843,0.0007093843,15.3,0.5000267,0.7282855,0.72848696,0.7282984,0.7285496,2
40.2,4.706796,5.257825,-2.42366,0.005267858,-0.01873837,-0.00031089375,-0.004672732,0.007784528,0.00540493,0.0015959816318079,-0.0007654002960456,-6.511013966756707e-05,0.0008586226,0.001804257,-0.0008267905,15.3,0.5000267,0.72788274,0.7289437,0.7283775,0.7282832,2
40.3,4.7093534,5.254945,-2.4232383,0.005820745,-0.01854732,-0.00030585463,-0.017233588,0.01403721,-0.0031068919,0.0017600282380843,-0.0006605943267233,-9.094177627005766e-05,0.0010025385,0.002506084,0.0009864878,15.3,0.5000267,0.72820187,0.7286513,0.7282133,0.728497,2
40.400000000000006,4.7116804,5.252227,-2.4233413,0.0062067765,-0.018188925,-0.00027966854,0.0009754037,0.013586607,-0.0012242234,0.0018288204213403,-0.000528221705317,-9.572384574079332e-05,0.0013348375,0.0014426714,0.00026305282,15.3,0.5000267,0.72853124,0.72829354,0.72814846,0.7285912,2
40.5,4.7142925,5.2491794,-2.4239678,0.0065332754,-0.018312212,-0.00047892603,-0.012952358,0.011454026,0.005211215,0.0018760806465099,-0.000438064347277,-0.000102275076045,0.0018531398,0.0012103177,-0.00010987029,15.3,0.5000267,0.7286501,0.7280518,0.72795266,0.72862977,2
40.6,4.717529,5.246075,-2.424488,0.007077003,-0.018153705,-0.00036583672,-0.007163363,0.0049090246,-0.00047450882,0.0019267085100478,-0.00034586158057,-9.418109577909091e-05,0.00085890363,0.0004663226,0.00035792222,15.3,0.5000267,0.7286961,0.72804344,0.7284531,0.72821444,2
40.7,4.7207365,5.2430673,-2.4250426,0.007596216,-0.017940976,-0.00044024715,-0.007920975,0.008332407,0.008878763,0.0019901838139074,-0.0002500835707527,-7.247553399001705e-05,0.0007422222,0.0014471262,0.00074104016,15.3,0.5000267,0.7281702,0.7284233,0.7281567,0.7284554,2
40.8,4.7235894,5.240145,-2.425714,0.007927467,-0.018018503,-0.00029012008,-0.008411874,0.013511524,0.010797287,0.0020291822018585,-0.0001266511333271,-9.305155314521769e-05,0.0013680806,0.0012533859,0.00025899964,15.3,0.5000267,0.7286139,0.72815937,0.7281972,0.7283646,2
40.900000000000006,4.7265067,5.2367725,-2.4260836,0.008204379,-0.01801546,-7.4237105e-05,-0.0033876398,0.013272815,-0.0050277445,0.0020805612860012,-2.9846497146764943e-05,-4.736516643635808e-05,0.0012723872,0.0014724309,-2.4490459e-05,15.3,0.5000267,0.7284216,0.7283873,0.72813356,0.7287648,2
41.0,4.7297654,5.2341166,-2.42557,0.008447778,-0.017431315,0.00023500502,-0.009093633,0.014089717,0.0045420597,0.0021561318318973,5.740211151402089e-05,-3.054522179575813e-05,0.0008778478,0.0012737416,-0.000114366965,15.3,0.5000267,0.7285597,0.72837085,0.72839564,0.7286238,2
41.1,4.7333407,5.2317505,-2.4244382,0.008653987,-0.016634904,0.0006516526,-0.007897271,0.014163982,0.0035199334,0.0021742499559588,0.0001259780644649,-3.162769257903755e-05,0.00073076994,0.0013309878,0.0009040321,15.3,0.5000267,0.72883534,0.72843313,0.72844374,0.72875273,2
41.2,4.7362847,5.2299824,-2.4230814,0.008478094,-0.015479155,0.00074534834,-0.014615809,0.020163743,-0.005682464,0.0021613288388065,0.0002114599819958,9.367777984410222e-07,-0.00016434967,0.0009005826,-0.00034885263,15.3,0.5000267,0.7287182,0.72857887,0.72859097,0.72880363,2
41.3,4.739271,5.2284474,-2.421579,0.00824612,-0.014167221,0.0009720578,-0.012163577,0.013020314,-0.003707595,0.0020722696721395,0.0002357282971838,6.343868102597155e-05,-0.00225442,0.0008713284,0.0012152204,15.3,0.5000267,0.72829014,0.7290421,0.72897804,0.72869277,2
41.400000000000006,4.7414584,5.227811,-2.4201996,0.007579989,-0.012594493,0.0009391464,-0.012265705,0.008817503,-0.005684327,0.0019472323377898,0.0002555741891879,0.0001140023236328,-0.0016093018,0.0006927594,0.0008077068,15.3,0.5000267,0.7284943,0.728825,0.7287369,0.72899795,2
41.5,4.7429867,5.228074,-2.418809,0.0064663547,-0.010598153,0.00067409675,-0.017710594,0.007146838,-0.00885548,0.0017856077597228,0.0002308361794234,0.0001351142007169,-0.0021739148,-0.00094435445,-0.0005076919,15.3,0.5000267,0.7288359,0.72842723,0.7287908,0.728735,2
41.6,4.743987,5.229061,-2.4173393,0.00497947,-0.008351035,0.0005144151,-0.009087001,0.00531224,-0.011678784,0.0015185409889953,0.0001053538036631,0.0001603543774966,-0.0019797825,-0.001849279,-0.0004402445,15.3,0.5000267,0.72887546,0.7283681,0.7285514,0.7289022,2
41.7,4.74438,5.230678,-2.4157388,0.0036973602,-0.0060478067,0.00056063203,-0.00857633,-0.0015149716,-0.0034514812,0.0012339801493475,-7.642633035654869e-05,0.0001498371735668,-0.0038806074,-0.002831719,-0.0010524692,15.3,0.5000267,0.7287264,0.72861445,0.7288169,0.7285585,2
41.8,4.7444324,5.2323074,-2.4143708,0.0026782574,-0.004464992,0.00036225055,-0.003341651,-0.0055730157,-0.012534204,0.000907131113,-0.0002704422020583,0.000153666362565,-0.0037276316,-0.00203541,-0.0006559282,15.3,0.5000267,0.7287,0.728553,0.7286869,0.7286588,2
41.900000000000006,4.7446995,5.2335668,-2.4131837,0.0023174572,-0.003557974,8.3635714e-05,-0.002018618,0.00016122885,-0.0043441537,0.0006120039818873,-0.0004726882659307,0.0001394439693931,-0.003479368,-0.0028099415,-4.6171772e-07,15.3,0.5000267,0.7288005,0.7282638,0.7291236,0.72803366,2
42.0,4.7448907,5.2340446,-2.4126034,0.0023755387,-0.003601609,-6.6079294e-05,-0.0018452506,-0.0023920168,-0.00046426427,0.0003691270609952,-0.0005939007149732,0.0001123384948195,-0.0019929693,-0.00062408997,0.00046346913,15.3,0.5000267,0.728525,0.728483,0.72865283,0.7283604,2
42.1,4.7446575,5.2334523,-2.412809,0.0025372407,-0.0045646424,-0.011140986,-0.0028600993,-0.006920081,-0.30128843,-0.0026095439098458,-0.0006329258256524,8.225619794683012e-05,-0.15827803,0.0010373445,-0.00051592226,15.3,0.5000267,0.76789594,0.7085794,0.7080778,0.7683644,2
42.2,4.744214,5.2314987,-2.4149926,0.0021662181,-0.028367462,-0.031242328,-0.009203375,-0.4879286,-0.11273659,-0.0524620644601576,-0.0005816102983537,5.246925551338802e-05,-0.6043888,0.00057395326,0.00084053463,15.3,0.5000267,0.7248417,0.7365912,0.736501,0.72483826,2
42.3,4.7432985,5.2227345,-2.4188955,0.0009915982,-0.11192326,-0.031702176,-0.010744069,-1.0047141,0.06486987,-0.1034011415511712,-0.0005611734868428,3.4096805622665435e-05,-0.39737147,-0.0004257641,-8.860842e-05,15.3,0.5000267,0.71843916,0.7355812,0.73529845,0.7186695,2
42.400000000000006,4.7420506,5.2033057,-2.4219418,-0.0003221298,-0.22472665,-0.02274714,-0.0058717555,-1.2324358,0.112783626,-0.1286997689957815,-0.0006358315606315,-6.633319820804438e-05,-0.14361937,-0.0013170791,-0.0003477282,15.3,0.5000267,0.721575,0.73174024,0.7315261,0.7218583,2
42.5,4.740385,5.1702237,-2.424054,-0.0019766944,-0.35103437,-0.012173604,-0.0043560574,-1.2690109,0.10624248,-0.1333009700629896,-0.0007762632897863,-0.0004317480456857,0.0241528,-0.0010736955,-6.9697504e-05,15.3,0.5000267,0.7244145,0.7310582,0.7301572,0.7250363,2
42.6,4.7383356,5.11881,-2.4249666,-0.0035299293,-0.48622406,-0.003339908,0.0017682834,-1.1856364,0.06753904,-0.125376194752975,-0.0009785236217348,-0.0012167419186393,0.11798331,-0.0023217094,-0.0002395086,15.3,0.5000267,0.7284285,0.72944105,0.72857445,0.72795564,2
42.7,4.736227,5.0535502,-2.4253902,-0.0047362633,-0.6084437,0.0020925524,0.0029813494,-1.0378444,0.041898802,-0.1113534542369091,-0.0012456918200943,-0.0023543272679178,0.15678923,-0.002578601,0.00030501495,15.3,0.5000267,0.7302268,0.7297954,0.7276097,0.7292463,2
42.8,4.734012,4.983254,-2.4252203,-0.0058861165,-0.70540226,0.0045927963,-0.0042627575,-0.87748265,0.021259764,-0.0953209775855899,-0.00147530348876,-0.0035881195803206,0.16393757,-0.0024818387,0.002253652,15.3,0.5000267,0.7318876,0.72944534,0.726509,0.7298875,2
42.900000000000006,4.7309117,4.8975744,-2.4237902,-0.007013236,-0.79328084,0.0055177636,0.0033187398,-0.7076784,0.00316184,-0.079681999800175,-0.0016888359924351,-0.0048480674902537,0.15163793,-0.003498606,0.0034086378,15.3,0.5000267,0.73285985,0.72924924,0.72586876,0.72955316,2
43.0,4.7276835,4.811678,-2.4220517,-0.008040178,-0.85884565,0.0059604417,0.006464147,-0.56890464,0.0029313376,-0.0655716339595246,-0.0019018518324131,-0.0058382856269622,0.13390063,-0.0016958197,0.0067166598,15.3,0.5000267,0.7331935,0.7294345,0.72451186,0.73024285,2
43.1,4.7238326,4.713408,-2.4204948,-0.00917114,-0.91484535,0.005551629,0.0051600244,-0.42655244,-0.0016107223,-0.05349967579013,-0.0021375063484169,-0.0065278607748819,0.112878315,-0.0027140947,0.009029466,15.3,0.5000267,0.7333751,0.7291007,0.7244415,0.72974515,2
43.2,4.719627,4.6197257,-2.4200182,-0.010305812,-0.954146,0.0045622294,0.016206529,-0.3370638,-0.008677597,-0.0435293699392337,-0.0023296362560343,-0.0067887260477591,0.090866685,-0.0017212598,0.013717134,15.3,0.5000267,0.7326106,0.7288948,0.7240966,0.729906,2
43.3,4.714605,4.516429,-2.4199772,-0.011582633,-0.9856199,0.003899696,0.017710395,-0.24901387,-0.0016870907,-0.0355944910370185,-0.0025523646997578,-0.0067376626763472,0.0701458,-0.0027188533,0.013702477,15.3,0.5000267,0.7320024,0.7285248,0.7246126,0.7295426,2
43.400000000000006,4.7103553,4.420532,-2.419851,-0.012311915,-1.0059842,0.0035380237,0.01883268,-0.18051404,-0.00833813,-0.0294492303492888,-0.0028027306502565,-0.0062584951429814,0.052536614,-0.0026985554,0.016731445,15.3,0.5000267,0.73151684,0.7278874,0.7249702,0.73001206,2
43.5,4.707164,4.3246098,-2.4196696,-0.011612391,-1.0200589,0.0032864558,0.021231107,-0.13709283,0.00069523224,-0.0248933958383715,-0.0030084289663905,-0.005327152925856,0.037934218,-0.0022158632,0.017325079,15.3,0.5000267,0.73101383,0.72706515,0.72585064,0.73020154,2
43.6,4.7045293,4.220819,-2.4197693,-0.010074517,-1.030271,0.002695584,0.027722407,-0.103273615,-0.0014016404,-0.0216419784153001,-0.0030537028173423,-0.0041151282366349,0.027524004,-6.466727e-05,0.017685251,15.3,0.5000267,0.7305161,0.7259275,0.7261111,0.7310408,2
43.7,4.7019806,4.117557,-2.420455,-0.008775786,-1.036299,0.002000314,0.024996031,-0.07427768,0.0015744007,-0.0193520350167227,-0.0029695938167156,-0.002860596256672,0.017523013,0.0010533578,0.015247313,15.3,0.5000267,0.7290343,0.7258096,0.7266848,0.73137486,2
43.8,4.6997876,4.022643,-2.4213595,-0.00805748,-1.039325,0.001553173,0.021446848,-0.060832992,0.0071162353,-0.0178059748559412,-0.0027771369005527,-0.0017785191792405,0.011058456,0.0019422079,0.0146921715,15.3,0.5000267,0.7284095,0.72536695,0.72680914,0.7318287,2
43.900000000000006,4.6977606,3.9199986,-2.4223487,-0.0072115273,-1.0414084,0.0016606867,0.018235233,-0.0618511,0.010583549,-0.0168531783633982,-0.0026645776889801,-0.0009048101865132,0.006942975,0.0013291293,0.011365367,15.3,0.5000267,0.72835594,0.7251014,0.7269032,0.7322166,2
44.0,4.6966434,3.8252788,-2.423124,-0.006016109,-1.0425072,0.0016068688,0.013498047,-0.04143608,0.0052051614,-0.0162285774569496,-0.0025387350640452,-0.0002345522518581,0.0039958516,0.001724592,0.0076467553,15.3,0.5000267,0.7280238,0.7253862,0.72729206,0.7319273,2
44.1,4.695873,3.7224348,-2.4239857,-0.004668952,-1.0434366,0.0016206822,0.021383071,-0.04053495,0.006577931,-0.015805995702945,-0.0024256201472926,0.0002525635738054,0.0030075235,0.0014100166,0.0061663855,15.3,0.5000267,0.72825116,0.72530156,0.72730935,0.73185074,2
44.2,4.6950645,3.6274085,-2.4245427,-0.0038661195,-1.0440133,0.0018857127,0.014983761,-0.04002903,0.008484348,-0.0154988403973793,-0.0022278606476604,0.0004656966211664,0.001711926,0.001953916,0.0036846253,15.3,0.5000267,0.72855365,0.7256793,0.7271222,0.73171985,2
44.3,4.6943736,3.523936,-2.424676,-0.003271646,-1.0447304,0.002132077,0.006942396,-0.03122424,0.0030859371,-0.0152472914440964,-0.0021049955742748,0.0004823224047502,0.0012725596,0.0006489088,0.00179867,15.3,0.5000267,0.72892624,0.7261055,0.72720176,0.731273,2
44.400000000000006,4.6941705,3.4283454,-2.4245443,-0.0021300197,-1.044931,0.0023190125,0.017031968,-0.030941447,-0.006400514,-0.0149913117870752,-0.0020039036603897,0.0003813617564046,0.0020736696,0.0011104957,0.00016024383,15.3,0.5000267,0.7294882,0.7263815,0.72678196,0.73127925,2
44.5,4.6942983,3.33259,-2.424381,-0.0008713501,-1.0452894,0.0024097122,0.009252618,-0.03680438,2.235174e-05,-0.0148143274191843,-0.0018673674738767,0.0002387142560394,0.0010865693,0.0007754075,4.3832348e-05,15.3,0.5000267,0.7299351,0.72649294,0.72690624,0.7307926,2
44.6,4.694847,3.2289522,-2.4240234,0.0004335046,-1.0452764,0.0022693684,0.003748107,-0.039480925,0.0005406327,-0.0145938083805565,-0.0017021644700249,6.150556708432884e-05,0.00046208705,0.0023664867,-0.00046736837,15.3,0.5000267,0.7296895,0.7271172,0.7265077,0.73074573,2
44.7,4.6955233,3.125213,-2.4239047,0.0014114392,-1.0447475,0.0021890937,0.005520553,-0.027002892,-0.0041928138,-0.0144068824090892,-0.0015159049054472,-0.0001346472615866,0.0004874505,0.0020370362,-0.0020105778,15.3,0.5000267,0.730067,0.7271508,0.726115,0.7308215,2
44.8,4.6957355,3.0295434,-2.4238412,0.0017765532,-1.043945,0.0020237733,0.005143458,-0.024503015,-0.0035855917,-0.0142791205385653,-0.0013230260604926,-0.0003756440447166,0.00045689062,0.0015097486,-0.00079708104,15.3,0.5000267,0.7305525,0.7270002,0.7258707,0.7306317,2
44.900000000000006,4.6954894,2.925466,-2.4233928,0.0018192196,-1.0436065,0.002223619,0.0063589015,-0.020445818,0.0008968636,-0.0142484724732567,-0.0012148999030739,-0.0005552122403647,-0.00066624745,8.302006e-05,0.00021977094,15.3,0.5000267,0.7305548,0.7272301,0.72621214,0.73036635,2
45.0,4.694834,2.8282092,-2.423031,0.0013800248,-1.0442654,0.0019628685,0.00046814146,-0.028335819,-0.0092242835,-0.0141741149278722,-0.0011579614148527,-0.0007231864645673,0.001495546,-0.00044361313,-0.00033250233,15.3,0.5000267,0.73069865,0.72712904,0.7257606,0.73069143,2
45.1,4.6938224,2.721907,-2.4233358,0.000957138,-1.0454974,0.001616314,0.008191534,-0.010352552,-0.0022072343,-0.0140378353254535,-0.0011477164970409,-0.0008344310776229,0.0014539176,-0.0010294182,0.00036725617,15.3,0.5000267,0.7302795,0.727364,0.72612244,0.7301578,2
45.2,4.692621,2.6231174,-2.4236002,0.0005519699,-1.0468873,0.0012174915,0.007083265,-0.016890975,0.0033276153,-0.0137508678243378,-0.0012262238684815,-0.0009469666173199,0.0033479438,-0.0018143152,0.0006696153,15.3,0.5000267,0.7304647,0.7270373,0.725742,0.73022556,2
45.3,4.690943,2.5158446,-2.4241896,0.00013623605,-1.0477849,0.001122319,0.0035795297,-0.014015429,-0.0005261972,-0.0134143945556658,-0.0012754219926965,-0.0009921499399165,0.003725381,-0.00086190435,0.0020755418,15.3,0.5000267,0.730229,0.7272353,0.7257613,0.730242,2
45.400000000000006,4.689698,2.4165318,-2.424829,-0.00010839013,-1.048463,0.0006802617,0.00970225,-0.009061746,0.0023087484,-0.0130482988943464,-0.0013605977993902,-0.0009635642801653,0.0033611835,-0.0013148766,0.0025925387,15.3,0.5000267,0.73012424,0.72688377,0.72596186,0.72998446,2
45.5,4.688689,2.3174622,-2.4251218,-1.69636e-05,-1.0484952,0.0006079993,-5.8926613e-05,-0.007658851,0.0022416932,-0.0127279285757606,-0.0014218803450254,-0.0009388551237047,0.0023546352,0.0002937564,0.0011752133,15.3,0.5000267,0.72972506,0.7272425,0.7257037,0.73022723,2
45.6,4.6873155,2.2105448,-2.4250624,-3.2434244e-05,-1.0477604,0.0006255442,-0.0011111228,-0.005704827,-0.0019487924,-0.0124868675902247,-0.0014458486355377,-0.0008268298250631,0.000991572,-2.0533462e-05,0.0026366583,15.3,0.5000267,0.7298312,0.72693276,0.726029,0.730185,2
45.7,4.685101,2.1041622,-2.4248989,-0.0007387565,-1.0466268,0.0006037075,0.007231767,-0.008135637,-0.0048652287,-0.0123305441545994,-0.0014525040716535,-0.0007035911709129,-3.600295e-05,-0.0012025754,0.0028407,15.3,0.5000267,0.72990835,0.7267343,0.7261096,0.73028314,2
45.8,4.6825995,2.0069244,-2.4246316,-0.0013448257,-1.0447698,0.0005577187,0.0025293215,0.0011569281,0.002093613,-0.0122640641359658,-0.0015005626254016,-0.0005458221323124,-0.00022898334,-0.0015579122,0.00239628,15.3,0.5000267,0.72985166,0.72658473,0.72580665,0.7307251,2
45.900000000000006,4.680538,1.9020401,-2.4243443,-0.0013152345,-1.0423001,0.0007400756,0.007432488,-0.0015878722,0.0030705703,-0.0123143173252855,-0.0015929783022488,-0.0003956915098342,-0.0029010337,-0.00080263533,0.0025795386,15.3,0.5000267,0.7296171,0.7267523,0.72627395,0.7305706,2
46.0,4.6793823,1.8050338,-2.424274,-0.0006547835,-1.0405483,0.0005977754,0.010518287,-0.007853836,-0.004699919,-0.0124747866330426,-0.0016826467620924,-0.0002952925753868,-0.0024045468,-0.000641483,0.0015914023,15.3,0.5000267,0.72987825,0.7264015,0.7261726,0.73071486,2
46.1,4.6790743,1.6998963,-2.424725,0.0005729316,-1.0387775,0.0004705316,0.007814522,-0.005611942,-0.0030528752,-0.0126754581960198,-0.0016421171679541,-0.0002336836063756,-0.00309889,0.0015319539,0.0008907544,15.3,0.5000267,0.7295945,0.7266095,0.72624457,0.7306044,2
46.2,4.679811,1.6023204,-2.425556,0.0024290388,-1.0379484,0.0006703922,0.009057147,-0.008817991,-2.980232e-05,-0.01283359389153,-0.0015228556730672,-0.0002257571323632,-0.002322898,0.002816023,0.00087413145,15.3,0.5000267,0.7294938,0.7268376,0.72598183,0.7309916,2
46.3,4.68101,1.496014,-2.4269862,0.0042839344,-1.0377307,0.00050718046,0.006758994,-0.010503361,0.005400739,-0.0129237749437633,-0.0012969649985488,-0.0002710718115139,-0.0011702648,0.0038357358,0.0020210678,15.3,0.5000267,0.72935057,0.7270342,0.7261133,0.73060906,2
46.400000000000006,4.6818247,1.3972064,-2.4288814,0.005127523,-1.03809,0.000114691546,0.004898936,-0.0141857155,-0.0034645197,-0.0128906962083294,-0.000986381459314,-0.0003477738633326,0.000888634,0.0036105334,0.0011611045,15.3,0.5000267,0.729453,0.72693485,0.725824,0.7305534,2
46.5,4.6824884,1.2973955,-2.431113,0.005266156,-1.039176,-0.0003353196,0.0037500383,-0.0034941074,-0.0009075738,-0.0128063598886736,-0.0007591325711069,-0.0004322820303855,0.0016997445,0.0013091987,0.00035702798,15.3,0.5000267,0.729546,0.72670895,0.7257705,0.7300761,2
46.6,4.682768,1.188301,-2.4337447,0.0051667686,-1.0406569,-0.00051224447,0.001196674,-0.012271244,0.0067148353,-0.0125441837408676,-0.0006097042597888,-0.0005034193550609,0.0034123624,0.0006045871,0.00093533966,15.3,0.5000267,0.7297666,0.7265284,0.72560143,0.7299657,2
46.7,4.6829963,1.0785024,-2.436147,0.0045557334,-1.0419843,-0.00037770084,-0.0048008957,0.002486038,0.0058277505,-0.0122228281797118,-0.0005532989614325,-0.0004947225365519,0.004463703,0.00014213775,0.00045689015,15.3,0.5000267,0.72957325,0.726629,0.7254862,0.7302814,2
46.8,4.683462,0.9771194,-2.4380488,0.004415788,-1.0427663,-0.00010918431,-0.003422265,0.0033134345,0.0076452265,-0.0118717167390584,-0.0005843524834003,-0.0004781089493607,0.0029684159,-0.00059866236,0.0019367423,15.3,0.5000267,0.729694,0.7265582,0.7257984,0.7301801,2
46.900000000000006,4.6843877,0.8672068,-2.4392006,0.0046607573,-1.0433377,0.00026972097,-0.0010663286,0.00783816,0.006902497,-0.0115149694942745,-0.0006094289346665,-0.0004843177011324,0.0045072227,-2.6579328e-05,0.0016505001,15.3,0.5000267,0.7301327,0.72638583,0.7255055,0.73062897,2
47.0,4.6853156,0.7658734,-2.4396138,0.004800849,-1.0437808,0.00069431483,-0.0064643268,0.009908024,-0.0019124708,-0.0112119028092418,-0.0005948718036043,-0.000458601806349,0.0036206504,6.439293e-05,0.00053651404,15.3,0.5000267,0.7301111,0.72664285,0.72586614,0.7306177,2
47.1,4.6861286,0.6569117,-2.4396763,0.0045192484,-1.0430903,-0.006847172,-0.010025469,0.01564708,-0.2738265,-0.0094331337126148,-0.0005585502707318,-0.0004375566337814,0.09852124,0.00021166718,0.0017712382,15.3,0.5000267,0.7049067,0.7705761,0.76968247,0.70550376,2
47.2,4.687158,0.5577186,-2.441174,0.004451036,-1.0230961,-0.026115013,-0.0028019059,0.4420529,-0.11160457,0.0371785702851686,-0.0005535856316935,-0.0004034563062382,0.6094283,0.0016633823,0.0007146337,15.3,0.5000267,0.73716193,0.72449917,0.7227144,0.7386806,2
47.3,4.688563,0.45578164,-2.444029,0.0047206013,-0.94428027,-0.027206285,-0.004067531,0.97845405,0.051346138,0.0900132059785969,-0.000583563394303,-0.0003665718724261,0.42170206,1.181438e-05,0.0016041126,15.3,0.5000267,0.7371116,0.71742004,0.71670383,0.7376841,2
47.400000000000006,4.6893315,0.37276766,-2.4457586,0.0046734437,-0.8331951,-0.01824666,-0.010400655,1.2321067,0.110951714,0.1176433701537589,-0.0005537839457075,-0.0002078240864638,0.16502097,0.0006437272,0.0012390672,15.3,0.5000267,0.73422104,0.71999305,0.71933943,0.7347624,2
47.5,4.6891828,0.30393445,-2.446046,0.0036268735,-0.7065696,-0.007992638,-0.005242352,1.288101,0.10132929,0.1237855380110625,-0.000581764443554,0.0004419967963427,-0.011524837,-0.001094615,0.0011660963,15.3,0.5000267,0.7328822,0.7230864,0.7229897,0.7336837,2
47.6,4.6880383,0.24530737,-2.445456,0.0017594552,-0.5697992,0.0005745076,0.00032149386,1.214588,0.06419326,0.1167241284972313,-0.0007003870937674,0.0015165788112717,-0.11033634,-0.0028245891,0.00022841475,15.3,0.5000267,0.731137,0.7260197,0.72672427,0.7327515,2
47.7,4.6861863,0.20245764,-2.4445968,-0.00035098186,-0.44373748,0.005332368,-0.0014921904,1.0649612,0.026192514,0.1030802504450432,-0.0009749408124407,0.0023809665717666,-0.15520212,-0.004457583,-0.001901539,15.3,0.5000267,0.73010147,0.72746336,0.7289336,0.7324302,2
47.8,4.684219,0.17473488,-2.4433813,-0.0018552084,-0.34206894,0.007296274,0.00045492742,0.9062906,0.014130491,0.0869812409965146,-0.0013259317086165,0.0028346300470218,-0.16617107,-0.004381852,-0.0021019368,15.3,0.5000267,0.7291231,0.72826767,0.73045987,0.73162824,2
47.900000000000006,4.681496,0.15467937,-2.442231,-0.0030551164,-0.24975304,0.0073605347,0.00799351,0.72789073,0.0009895301,0.0709710451984556,-0.0016993873692931,0.0028535136867712,-0.15639141,-0.003770887,-0.0043564234,15.3,0.5000267,0.7288875,0.7282911,0.73035794,0.73114675,2
48.0,4.678827,0.14329936,-2.4415123,-0.004108138,-0.18053737,0.006816142,0.011399822,0.5857262,-0.010676215,0.0563708301133596,-0.0020012625089113,0.0026694196060059,-0.13951482,-0.0025658302,-0.005005078,15.3,0.5000267,0.7280064,0.7292338,0.73040324,0.7301455,2
48.1,4.675437,0.13581692,-2.440863,-0.0053893514,-0.12196285,0.005931115,0.021348087,0.45012906,-0.013748183,0.043763424329893,-0.0022048125207665,0.0027501990989746,-0.11716211,-0.004578971,-0.0057867006,15.3,0.5000267,0.7286064,0.7286336,0.73039347,0.72907096,2
48.2,4.6724634,0.13177978,-2.4399352,-0.0064807325,-0.08099718,0.0052165412,0.013514949,0.346906,-0.008187256,0.0333939116572098,-0.0023906889239574,0.0031286879770571,-0.09283601,-0.003281045,-0.0068316176,15.3,0.5000267,0.7283531,0.72861856,0.7296507,0.72926885,2
48.3,4.670545,0.12868239,-2.438963,-0.0064191585,-0.048419174,0.004338604,0.01503183,0.25812167,-0.007394235,0.0251890631338778,-0.0025972332710717,0.0034323583630321,-0.07189156,-0.002965098,-0.0079211,15.3,0.5000267,0.728195,0.72822124,0.7295411,0.7290707,2
48.400000000000006,4.6695333,0.12611832,-2.4383967,-0.0058310344,-0.0269887,0.0037164788,0.016568944,0.19544591,-0.007749069,0.0188925799602844,-0.0027152862552911,0.0035284278120588,-0.054414038,-0.0004475543,-0.0076380144,15.3,0.5000267,0.72760963,0.72845316,0.7293299,0.72909135,2
48.5,4.668733,0.12339123,-2.437883,-0.005267753,-0.012259396,0.0033961204,0.019234626,0.14527103,0.0009806826,0.0142650590469501,-0.0026999773231691,0.0034089028533737,-0.03849025,0.0003916329,-0.008565293,15.3,0.5000267,0.72787327,0.7282453,0.72911376,0.7289606,2
48.6,4.668058,0.11978048,-2.4375086,-0.00444939,-0.0019135501,0.0029269003,0.021397663,0.11637516,-0.00088755036,0.0109698383778371,-0.0026088468068142,0.0030658957948693,-0.025732383,0.0012736734,-0.009802034,15.3,0.5000267,0.728,0.7283339,0.7287635,0.72872835,2
48.7,4.667308,0.115179904,-2.4370594,-0.0039419914,0.004057142,0.0027591763,0.013336613,0.087771006,-0.004521105,0.008708530205512,-0.0024734490577416,0.0026547234569369,-0.017035525,0.0017332839,-0.008621907,15.3,0.5000267,0.72812897,0.7285957,0.7285399,0.7285715,2
48.8,4.667105,0.11060805,-2.436831,-0.003118264,0.0076342807,0.002537875,0.013132462,0.06818738,-0.0026975756,0.0072962295770773,-0.0023809373517764,0.0020748905646514,-0.009345062,0.00087576825,-0.009934169,15.3,0.5000267,0.72865283,0.72858846,0.7280184,0.72844493,2
48.900000000000006,4.667782,0.10547112,-2.437026,-0.0013731044,0.009960193,0.002180616,0.019361267,0.06222717,-0.00023655592,0.0064052741265736,-0.0022652368608723,0.0013558684691014,-0.005287002,0.0015223296,-0.009120855,15.3,0.5000267,0.7290344,0.7286382,0.72781587,0.72791433,2
49.0,4.668709,0.101039715,-2.4374251,0.00031100961,0.011858863,0.0021672326,0.016589463,0.060127582,-0.004397239,0.0058679882316117,-0.0020387387471138,0.0006549277860283,-0.0037578389,0.0029088731,-0.006078026,15.3,0.5000267,0.7290915,0.72909665,0.72770524,0.7276467,2
49.1,4.6695013,0.0967188,-2.4378502,0.0016505241,0.013805823,0.0020634194,0.006460477,0.06359431,-0.0029797663,0.005483992091573,-0.0017790696689659,5.964532870680437e-05,-0.0024673205,0.002996117,-0.005881196,15.3,0.5000267,0.72930473,0.72920626,0.7273195,0.72768533,2
49.2,4.6697316,0.092686765,-2.43796,0.0021656496,0.015090784,0.0021542676,0.008778009,0.05211655,0.005666166,0.0051372180191246,-0.0014808243314037,-0.0003719714777345,-0.002744189,0.0023066548,-0.0047679865,15.3,0.5000267,0.72937155,0.72945523,0.72735614,0.7274464,2
49.3,4.6693597,0.08871274,-2.4377356,0.001959989,0.016131865,0.0021340593,0.0042650173,0.04429326,-0.0015101394,0.0048561052339487,-0.001292639060609,-0.0005376859930269,-0.0009033511,4.6172976e-05,-0.0028206983,15.3,0.5000267,0.7297909,0.72889197,0.72763896,0.72749245,2
49.400000000000006,4.66888,0.085622415,-2.4379923,0.001798656,0.01736833,0.002025014,0.0053187516,0.045039628,-0.0059655863,0.0046138343918747,-0.0012060730969996,-0.000537602431405,-0.0012485749,0.0010035977,-0.00070499745,15.3,0.5000267,0.7291132,0.7292135,0.72742987,0.72810185,2
49.5,4.6682835,0.08286693,-2.4382734,0.0017640396,0.018270684,0.0019220535,0.0044400087,0.032834582,-0.0012526287,0.0043805053502082,-0.0011989561057367,-0.000451658262139,-0.0020248573,-0.00021238797,0.0001198512,15.3,0.5000267,0.72900873,0.72891086,0.72791326,0.72795784,2
49.6,4.6667833,0.07985099,-2.4384167,0.00077411113,0.018564152,0.0020759369,-0.0017438146,0.03602588,0.0064163464,0.0041810799872818,-0.0011697596514684,-0.0002040571406172,-0.00019087535,-0.0006493476,0.0015097093,15.3,0.5000267,0.72900116,0.72844005,0.72806406,0.7285234,2
49.7,4.664443,0.0764461,-2.4381628,-0.00078811275,0.01831157,0.0018080524,0.0069420924,0.033127096,0.003237277,0.0039973893183067,-0.0012475570309752,0.0001143067540926,-0.00052437285,-0.0018340189,0.0015792979,15.3,0.5000267,0.72835326,0.7284936,0.728464,0.7285409,2
49.8,4.6621003,0.07310985,-2.4374857,-0.0017520133,0.017751647,0.0018458151,0.003104509,0.029252224,0.001549255,0.003924470353717,-0.0014259871011649,0.0003812453123541,0.00055395253,-0.0019984278,0.00083603594,15.3,0.5000267,0.7282832,0.7283775,0.7284726,0.7288779,2
49.900000000000006,4.6600533,0.06940876,-2.4365451,-0.0021698838,0.016889546,0.0018908858,0.003264123,0.035828836,-0.0035022383,0.0039082616129513,-0.0016125408960702,0.0005682923274685,0.00072081876,-0.0009164779,0.0002550489,15.3,0.5000267,0.7280752,0.7285126,0.7288656,0.72877645,2
50.0,4.659081,0.06615401,-2.4355087,-0.0015688954,0.016685337,0.0019121239,0.010719564,0.037424237,-0.0010100192,0.003956893981294,-0.0017460296113249,0.0006575953872901,0.0009828244,-0.0011892281,-0.00024252389,15.3,0.5000267,0.728301,0.72825605,0.72914624,0.728616,2
50.1,4.658816,0.06279391,-2.4343448,-0.0002051621,0.016937232,0.0018483001,0.013543763,0.035939526,-0.0088308,0.003999067858482,-0.0017728060981273,0.0006744602095513,0.0014813428,0.00088693027,-7.247295e-05,15.3,0.5000267,0.728484,0.7281458,0.7287598,0.7290463,2
50.2,4.658667,0.06030527,-2.4337516,0.00082381594,0.017575536,0.0017186997,0.004489105,0.034094084,-0.0057988795,0.0039792464401852,-0.0016372723607215,0.0006261255075174,7.8259574e-05,0.0022136534,-0.0012295196,15.3,0.5000267,0.72833186,0.72846824,0.72864294,0.72892296,2
50.3,4.6582747,0.05846756,-2.4333541,0.0013660459,0.018844979,0.0013942731,0.0071781697,0.03153411,-0.007953494,0.0038941086286022,-0.0014647628710075,0.000564524820519,-0.0014670216,0.001434384,-0.0012362258,15.3,0.5000267,0.72828233,0.72853565,0.72873384,0.728556,2
50.400000000000006,4.658026,0.057057083,-2.4329276,0.0017448722,0.0197333,0.0012360701,-0.0020289412,0.029573197,-0.011343508,0.0037034479997684,-0.0013220639163625,0.0005316717973578,-0.0014790868,-6.1840765e-05,-0.0006515458,15.3,0.5000267,0.72887427,0.72797257,0.72868556,0.7284853,2
50.5,4.658104,0.05569699,-2.4320567,0.0022226102,0.020517528,0.0013333745,-0.0006208638,0.026461413,-0.007095746,0.0034646115224086,-0.0012213683008188,0.0004977591822795,-0.0021228157,0.0016932426,-0.001170508,15.3,0.5000267,0.72819924,0.7287532,0.72863364,0.72854316,2
50.6,4.657594,0.054461204,-2.4308636,0.0019390775,0.020703536,0.0011837973,-0.0015204413,0.0228345,-0.0047390345,0.0032500944237057,-0.0011372942808354,0.0004657568229864,-0.00055546925,-0.0002618801,-0.0014351252,15.3,0.5000267,0.72879666,0.72815937,0.72839355,0.7287041,2
50.7,4.656448,0.05336452,-2.4302862,0.0009842018,0.020746052,0.0009208779,0.002230559,0.024051467,0.006530899,0.003086633918095,-0.0010781379034192,0.0004209040401296,-0.0016822465,-0.0010651568,-0.0017716917,15.3,0.5000267,0.7283925,0.72846615,0.7286972,0.7281743,2
50.8,4.655446,0.05247765,-2.4305897,0.00039787265,0.020632654,0.00045746285,0.0054055788,0.01872137,-0.0024572944,0.0029836442408623,-0.0011398369817625,0.0003578085398994,-0.001176203,-0.0003111902,-0.0016855833,15.3,0.5000267,0.7279547,0.72883874,0.7280983,0.72843933,2
50.900000000000006,4.6545563,0.051906455,-2.431648,-7.4792355e-05,0.021032315,1.3290781e-05,0.006088036,0.016079547,-0.004133209,0.0029236968427703,-0.0012465523484826,0.0003303256777325,0.00061840273,-0.00095891557,-0.0012717317,15.3,0.5000267,0.72833824,0.7281426,0.7278449,0.7285232,2
51.0,4.654104,0.052094612,-2.4330041,-9.894915e-05,0.022038318,-0.00017983343,0.007414626,0.018891888,0.0053634862,0.0028061300558278,-0.0013335663593051,0.0002683851685742,-0.00081851834,-0.00080105575,-0.0014335513,15.3,0.5000267,0.7282596,0.7282267,0.7278845,0.72815746,2
51.1,4.654562,0.052779064,-2.4347603,0.00043296808,0.023232404,-5.6949033e-05,0.0018235795,0.014340106,0.009184702,0.002625251276602,-0.0013914056426351,0.000252444913986,-0.002099196,0.00010820486,-0.00018781505,15.3,0.5000267,0.7283443,0.7281593,0.72798175,0.72814924,2
51.2,4.655216,0.05355469,-2.4364436,0.0013533717,0.02397536,0.000116672745,0.00592899,0.018089185,0.004138797,0.0023935846615415,-0.0013713403753976,0.0002421435563053,-0.0019877632,0.0011302402,-0.0008706276,15.3,0.5000267,0.7283692,0.7282379,0.72810376,0.72815573,2
51.3,4.656005,0.054531842,-2.4377801,0.002609509,0.024546837,0.00030033482,0.01533048,0.010930507,0.007738359,0.0021561016453695,-0.0012664086856398,0.0002981865794235,-0.0026440506,0.0014537672,-0.0006581509,15.3,0.5000267,0.728225,0.7282729,0.7284065,0.7281315,2
51.400000000000006,4.657058,0.055103194,-2.4386647,0.003619151,0.02443256,0.000557429,-0.0015493105,0.01773386,0.004220288,0.0019330793614556,-0.0011051362863885,0.0003645185814471,-0.002251575,0.0024638653,-0.00036104186,15.3,0.5000267,0.7280225,0.7284892,0.72849876,0.72837347,2
51.5,4.658464,0.05578135,-2.4393325,0.004657071,0.024251033,0.00036157205,-0.0018846157,0.010859025,9.546056e-05,0.0018224424091548,-0.0008966908434949,0.0003652604840402,0.0010785566,0.0034034075,-0.0011346758,15.3,0.5000267,0.7284623,0.72809,0.7279136,0.72875524,2
51.6,4.659891,0.056466065,-2.439709,0.005199493,0.024064017,0.00077598647,-0.00422027,0.0048423894,0.011819414,0.0017400523390104,-0.0007090244023764,0.0003715583583186,-0.0008831931,0.0022463389,-0.0012493983,15.3,0.5000267,0.7280013,0.72875124,0.7284951,0.7283683,2
51.7,4.6608267,0.057008956,-2.440109,0.0051637352,0.023486972,0.0007160847,-0.0070274207,0.00893517,0.0010672956,0.0016623465316621,-0.0005535476512533,0.000374148992287,0.00046300885,0.0009785282,-0.00085906,15.3,0.5000267,0.72845215,0.728311,0.7283242,0.72861826,2
51.8,4.661046,0.05768433,-2.4413364,0.0047733174,0.023091095,0.0005220669,-0.0010337827,0.007024479,0.0046389173,0.0016330695845195,-0.000473059691589,0.0003742449173813,0.00039619766,8.583958e-05,-0.0014704512,15.3,0.5000267,0.7283791,0.7282832,0.72850543,0.72833234,2
51.900000000000006,4.6601825,0.05814622,-2.4426954,0.003434642,0.022165874,0.00022835316,-0.004016379,0.0030825415,-0.011692288,0.0015994906126864,-0.0004697083693099,0.0003485838977299,0.0009793497,-0.0006410918,-0.001275072,15.3,0.5000267,0.7283254,0.72821814,0.728203,0.72859305,2
52.0,4.658776,0.057990693,-2.443819,0.0019930333,0.020740658,0.00023581357,-0.002576693,0.005097971,0.0015413387,0.0016212597928541,-0.0005590555383295,0.0002895942340431,0.0009846303,-0.002769181,-0.001151337,15.3,0.5000267,0.7282226,0.7283437,0.7285988,0.728067,2
52.1,4.657254,0.057102576,-2.4447222,0.00045020934,0.018721627,0.00024487096,0.005338054,0.002574607,0.0002449378,0.0017210261720842,-0.0007487532339029,0.0001758755836711,0.00200365,-0.002505962,-0.0013998714,15.3,0.5000267,0.728232,0.7285714,0.72822684,0.72821325,2
52.2,4.6560316,0.05578689,-2.4454575,-0.00064628694,0.017351953,0.0002631901,-0.003071071,0.014028787,-0.0071544196,0.0018941094036451,-0.0009930309873178,0.000120801974804,0.0026543343,-0.0024127588,-0.00054779206,15.3,0.5000267,0.7282769,0.72857803,0.72828436,0.7282368,2
52.3,4.654502,0.054151814,-2.446335,-0.0017128686,0.016081266,0.0001804487,0.002074129,0.018649545,-0.009678769,0.002094511155422,-0.0011962576833075,8.68491901434298e-05,0.0017121907,-0.0021072354,-0.0004356152,15.3,0.5000267,0.7281215,0.728673,0.7285314,0.7280087,2
52.400000000000006,4.6526866,0.05260027,-2.4470248,-0.00256721,0.015027896,1.25751285e-05,0.0045978758,0.0043871566,-0.0035334376,0.0022619882584069,-0.0013749251787749,3.5973970750305494e-05,0.0017292349,-0.002445417,-0.00011061861,15.3,0.5000267,0.72827524,0.7284661,0.7283355,0.72799504,2
52.5,4.650514,0.051114675,-2.44743,-0.0035649675,0.0143058,0.00021036436,0.000109088425,0.015475607,0.0010938382,0.0024160623427006,-0.0015457155849313,-1.832793717669605e-05,0.002294409,-0.0028440794,-0.0007763457,15.3,0.5000267,0.72868156,0.728181,0.7282967,0.72810787,2
52.6,4.6480775,0.050003447,-2.4477422,-0.0047125323,0.014256799,0.0006282797,0.0045107566,0.014883615,-0.0014775431,0.0025506552927653,-0.0017136391373786,4.742245057663452e-06,0.001520395,-0.0009115537,0.000554971,15.3,0.5000267,0.72832817,0.72859687,0.72809553,0.72876966,2
52.7,4.6462173,0.04950632,-2.4481084,-0.004881862,0.014516883,0.00077236304,0.011575934,0.010552783,-0.0071418467,0.0025665496069671,-0.001942711876764,2.4939005642432844e-05,-0.00033353295,-0.0027700914,-0.00056451344,15.3,0.5000267,0.7285636,0.7285171,0.728812,0.72815716,2
52.8,4.6455216,0.04944571,-2.4483619,-0.004005432,0.015181759,0.0007007325,0.0072140032,0.016380742,-0.0017429701,0.0025351147323333,-0.0020711202219831,6.579606026832023e-05,-0.00021011168,-0.0003038913,-0.00033523107,15.3,0.5000267,0.72857314,0.72850496,0.7283684,0.72850394,2
52.900000000000006,4.6458554,0.04966456,-2.4481978,-0.002377565,0.016056925,0.00054357934,0.007363584,0.0146664325,-0.002202112,0.002402006117545,-0.0020659621539732,0.0001672537856883,-0.0024188969,0.0014651367,-0.00080700946,15.3,0.5000267,0.72818977,0.7287511,0.7287079,0.72815096,2
53.0,4.646993,0.04985358,-2.4484258,-0.00068124465,0.016613504,0.0006005109,0.008858957,0.0079409545,-0.0026882624,0.0022124261908348,-0.0019273941500553,0.0003141148999196,-0.0025524576,0.002817664,0.00026013312,15.3,0.5000267,0.7282117,0.72857577,0.72865885,0.72846884,2
53.1,4.648601,0.050727874,-2.4485269,0.0015585345,0.017407998,0.00046523544,0.009007486,0.016595261,-0.0038356518,0.0020569415141333,-0.0016803259428763,0.0004437698123915,-0.0021597408,0.0037748828,0.00016640023,15.3,0.5000267,0.7280782,0.7285177,0.72874457,0.72844523,2
53.2,4.650079,0.05285706,-2.4482937,0.00293493,0.018801404,0.00049130403,0.0031274834,0.004931831,-0.0017234123,0.0019155482486826,-0.0013506655029856,0.0005300309711475,-0.0019366455,0.0041689235,-0.0007035721,15.3,0.5000267,0.72805214,0.7285247,0.72844976,0.72879654,2
53.3,4.65167,0.05618693,-2.4480124,0.0036154639,0.020732472,0.0005260383,0.0076528983,-0.001966593,-1.2107193e-05,0.0016676453535935,-0.0010750563287092,0.000589263629757,-0.0038253348,0.0029299522,-9.860891e-05,15.3,0.5000267,0.7280758,0.728463,0.72843754,0.7289026,2
53.400000000000006,4.65311,0.059353404,-2.4475727,0.003811298,0.022042623,0.0006370223,0.0029034845,0.004026638,-0.0030728986,0.001324007534308,-0.0008603262655321,0.0006010280514959,-0.0046783723,0.00067690224,-0.001161058,15.3,0.5000267,0.7281539,0.7285014,0.7292069,0.7282094,2
53.5,4.654809,0.06213402,-2.446969,0.0040117656,0.022315389,0.0005999801,-0.0050305524,-0.0066427994,0.0071940008,0.0009771833863144,-0.0007216269622766,0.0005840258710034,-0.0033717533,0.00090488925,-0.0005920197,15.3,0.5000267,0.728106,0.7285825,0.72900206,0.7283583,2
53.6,4.657432,0.06468154,-2.4466846,0.0044765193,0.021803092,0.0003816953,-0.006255242,-0.00871889,-0.008701346,0.0007248982897687,-0.0006712544812062,0.0005401970901727,-0.0013464838,0.0010131672,-0.0013595256,15.3,0.5000267,0.72825366,0.7284998,0.72858286,0.72856283,2
53.7,4.660614,0.0668953,-2.4462802,0.0055339127,0.020872254,0.00038683708,-0.0041422653,-0.005226325,0.00047497448,0.0006340883207179,-0.0006100199808081,0.0004898592931393,-0.00015641685,0.002086691,-0.0017481376,15.3,0.5000267,0.7281332,0.7287873,0.7284067,0.72850615,2
53.8,4.6638727,0.068972036,-2.4460497,0.0068085543,0.020221572,0.00038147593,-0.0059460266,-0.0044279248,0.0011930241,0.000630574064715,-0.0004918160040607,0.0004874785248273,0.0013687481,0.0009944758,-0.0021432873,15.3,0.5000267,0.7289801,0.7279478,0.7286834,0.72822803,2
53.900000000000006,4.667518,0.071773365,-2.4460135,0.008326473,0.020119539,0.00028496844,-0.004654197,-0.002764092,-0.0035758128,0.000679812411751,-0.0002895249338762,0.0004742411027518,3.9032064e-05,0.0032141157,-0.0022318354,15.3,0.5000267,0.7283578,0.7286428,0.7283326,0.728488,2
54.0,4.670885,0.07460321,-2.44644,0.009360505,0.020086301,-0.00030410482,-0.010674009,0.0013178847,0.0025960614,0.0006822394615259,-5.243679448234192e-05,0.0005201340259051,8.646127e-05,0.0027364679,-0.0010566475,15.3,0.5000267,0.72825253,0.7282356,0.72832453,0.7282742,2
54.1,4.674231,0.07790991,-2.4470367,0.010165795,0.019824024,-0.00076758536,-0.014041529,-0.010189141,0.006984453,0.0006230066562679,0.0001831761589596,0.0005459412518885,-0.00087311567,0.0018640063,-0.0011534082,15.3,0.5000267,0.72806346,0.72804165,0.7285741,0.72779423,2
54.2,4.6767297,0.08105812,-2.4475248,0.009779702,0.019641843,-0.00077531714,-0.021856638,-0.0014003323,0.005058478,0.0005849089458356,0.0004106330804543,0.0005001368661565,-2.1228723e-05,0.0015762458,-0.0023790423,15.3,0.5000267,0.7281758,0.727987,0.72824323,0.72803307,2
54.3,4.678242,0.08437978,-2.448426,0.008378419,0.019337412,-0.0007617873,-0.020780768,-0.010277895,0.0080117015,0.0005402136334393,0.0005183248517358,0.0004055414466602,-0.00033210218,0.00016167451,-0.002025716,15.3,0.5000267,0.72803944,0.7281628,0.7281909,0.72798014,2
54.400000000000006,4.6787543,0.08718851,-2.4491658,0.0066081574,0.01915569,-0.00062024756,-0.015569442,0.003222446,0.0037318093,0.0004916300671678,0.0004658165412154,0.0003043207460343,-0.0019722742,-0.0023223944,-0.001718353,15.3,0.5000267,0.7279765,0.7283725,0.72864455,0.72754997,2
54.5,4.6786213,0.08990675,-2.4498289,0.0043495377,0.01881683,-0.00049224956,-0.014648994,-0.010590527,0.0048088836,0.0004336739407336,0.0002860102032439,0.0001956162920227,-0.0007371098,-0.0032017299,-0.0013277231,15.3,0.5000267,0.72817737,0.7282726,0.7283824,0.72781914,2
54.6,4.67807,0.092342615,-2.4500358,0.0020300203,0.017918186,-0.00020197484,-0.013073346,-0.00673935,0.005699228,0.000421299433171,-1.9475716953457254e-05,0.0001006791780931,-2.6491969e-05,-0.004224933,-0.00036205718,15.3,0.5000267,0.728292,0.7283555,0.7283729,0.72789794,2
54.7,4.677475,0.09468185,-2.4498553,0.0006956068,0.017265616,0.00017837985,-0.006757031,-0.004275696,-6.426125e-05,0.0004599867522372,-0.0003747340584246,2.97823782868066e-05,0.0013561628,-0.0031861148,-0.00016805687,15.3,0.5000267,0.72866344,0.72835803,0.7279966,0.72840214,2
54.8,4.6774683,0.097069934,-2.449385,0.0006546786,0.016858296,0.0004007787,-0.0018727343,-0.011052597,0.0043166797,0.0005442521407918,-0.0007132981220873,7.131943146444005e-05,0.0011422988,-0.003045534,-0.0011529733,15.3,0.5000267,0.7287087,0.72822756,0.7285412,0.72816044,2
54.900000000000006,4.678174,0.09955873,-2.4479654,0.0014581933,0.016850054,0.0009828478,-0.004342623,0.0026919881,0.0031813977,0.0005637332994548,-0.000856450335361,0.0001314258450276,0.00039537615,0.00032674847,5.9684884e-05,15.3,0.5000267,0.7287289,0.728547,0.7283197,0.7287387,2
55.0,4.679264,0.10180176,-2.4461985,0.0023853146,0.017141482,0.0011110272,-0.0011900169,-0.0035207698,-0.008171889,0.0005365167382302,-0.0008296255335994,0.0002225891999374,-6.1919156e-05,0.0013034528,-3.517307e-05,15.3,0.5000267,0.7288478,0.7284928,0.7287162,0.72857815,2
55.1,4.680498,0.10425117,-2.4438064,0.0027191546,0.01713346,0.0015618473,-0.0021333985,-0.0058158347,-0.0065648924,0.0004574293268762,-0.0007059991668215,0.0002809497410967,-0.0014246716,0.0025305212,-0.0005110273,15.3,0.5000267,0.72865546,0.7289573,0.7287417,0.7289004,2
55.2,4.6815352,0.106307015,-2.4424298,0.0030192067,0.017017443,0.001127859,-0.004320043,-0.0010174997,-0.002984423,0.000363267786221,-0.0005457063531988,0.0003605625878092,-0.00057957316,0.0009182177,-0.0005198971,15.3,0.5000267,0.72874576,0.72843355,0.7288692,0.72876644,2
55.3,4.682741,0.10844608,-2.4412498,0.003153741,0.016739218,0.00079707464,-0.0015924212,-0.013933165,-0.0041602175,0.0002961285276322,-0.0004598917625646,0.0003644431618071,-0.0005048032,0.00018076815,-0.0006482175,15.3,0.5000267,0.7286672,0.7284481,0.7289737,0.7284401,2
55.400000000000006,4.683112,0.11002722,-2.4404616,0.0026900396,0.016028948,0.00039080903,-0.005514979,-0.003991532,-0.004114117,0.0002317521561792,-0.0003944782950482,0.0003492308147847,0.00045586904,0.0011136092,-0.0012941533,15.3,0.5000267,0.7283723,0.72856003,0.72830695,0.72884876,2
55.5,4.6832204,0.111600354,-2.4398553,0.0020875179,0.015165321,0.0002801432,0.003303194,-0.009167948,-0.0009541399,0.0002833041747487,-0.0004252091178222,0.0003053013529202,0.00046338642,-0.0013921882,-0.001074637,15.3,0.5000267,0.7285284,0.72837114,0.7288952,0.7281443,2
55.6,4.683363,0.113135,-2.4399252,0.0018328485,0.014188855,2.3893612e-05,0.0031919728,-0.010729285,-0.00023469327,0.0003400280494857,-0.0004913298877837,0.0002812950358626,0.00074443006,-0.00069348345,-0.0004456417,15.3,0.5000267,0.7284325,0.7283098,0.72867346,0.7282386,2
55.7,4.68352,0.11479838,-2.4401572,0.0014605118,0.013539885,1.8358896e-05,-0.0078109726,-0.008277237,-0.00398932,0.00043160674901,-0.000551384359802,0.0002495679626064,0.00015758816,0.00046187663,-0.0010453488,15.3,0.5000267,0.72802585,0.7288168,0.7282996,0.72853637,2
55.8,4.6838875,0.11655077,-2.4408114,0.0014457327,0.013100597,-0.00012459612,-0.0060538063,-0.008590176,-0.0112755215,0.0005096545899431,-0.0005924227263523,0.000221271390152,0.0013676725,-0.0008632153,-0.0013124365,15.3,0.5000267,0.728786,0.72807205,0.7285514,0.72817004,2
55.900000000000006,4.6844726,0.118825234,-2.4413118,0.001963316,0.013253956,2.5365971e-05,-0.002295482,-0.0023422102,-0.0057560387,0.0005478151559658,-0.0006178676403528,0.0002194500385995,0.0008438126,-0.00019969675,-0.0013949894,15.3,0.5000267,0.7288124,0.72811574,0.7283813,0.72838473,2
56.0,4.6846967,0.12085594,-2.4417486,0.0024780703,0.013412374,-7.327235e-06,0.00018012109,-0.0042565092,1.2572854e-05,0.0005344510314174,-0.0006077584839412,0.0002673856984498,0.00014494809,0.00030091498,-0.0003132592,15.3,0.5000267,0.7286363,0.72808105,0.7283507,0.7285128,2
56.1,4.6844916,0.12240904,-2.4420621,0.0022325262,0.012903581,0.00023979912,-0.0055578966,-0.007525294,-0.00011874362,0.0004540882369003,-0.0005135042943286,0.0002557956647367,0.0011649064,0.0010104836,-0.00018543252,15.3,0.5000267,0.72860664,0.7283259,0.7278895,0.72905475,2
56.2,4.684008,0.123286575,-2.4420466,0.0019139925,0.012316956,0.0004620008,-0.0027727,0.003179993,0.0026593914,0.0004461626224241,-0.0005042044535489,0.0002373125905552,0.00062979397,-0.00056723726,-0.0010737227,15.3,0.5000267,0.72863495,0.7284473,0.7284938,0.7285408,2
56.3,4.683362,0.124249935,-2.4418898,0.001596239,0.011737451,0.00047202088,-0.006589827,-0.004338532,-0.013510696,0.0005130325475102,-0.0005257274086393,0.0002387464488746,0.00177859,-0.0010878074,0.0002812633,15.3,0.5000267,0.7289102,0.72821105,0.7287654,0.7284307,2
56.400000000000006,4.6828685,0.12536661,-2.4419112,0.0016569503,0.011772433,0.0004580807,0.002844305,-0.0030237066,-0.005020294,0.0005345421879102,-0.0005478330021054,0.0002176960319057,3.819132e-05,0.0006042548,-0.00030796626,15.3,0.5000267,0.7282678,0.72888887,0.72851574,0.72858775,2
56.5,4.6822653,0.12648106,-2.4421837,0.0012482731,0.011313931,8.207795e-05,-0.005005528,-0.009939727,-0.0034412367,0.0005389029711565,-0.0005445491466045,0.00022250175495,0.0004021509,-0.00049279985,-0.0005110178,15.3,0.5000267,0.7286949,0.72816765,0.72851604,0.7284259,2
56.6,4.6813483,0.12753995,-2.4434028,0.00070430484,0.010856027,-0.00014651704,-0.003984363,-0.0066202544,0.004983041,0.0005328120448148,-0.0005985648672239,0.0002415865756925,-0.0011225211,-0.0014612782,-0.0009690529,15.3,0.5000267,0.72826886,0.7284074,0.72891563,0.7279287,2
56.7,4.6796985,0.12821561,-2.44525,-0.0003360567,0.010151455,-0.00071311346,-0.0045303428,-0.0079418495,0.0035427508,0.000532335504517,-0.0006379853454364,0.0002126093872277,-0.0003420161,-0.0007666881,-0.000681191,15.3,0.5000267,0.7279756,0.7284428,0.7286219,0.7278306,2
56.8,4.677632,0.12882592,-2.447626,-0.0011382155,0.00940096,-0.0010907303,0.0014399017,-0.007965202,0.009219627,0.0005903798570235,-0.0007764922971796,0.0001782681728443,0.0014085058,-0.0019621444,-0.0007846125,15.3,0.5000267,0.728248,0.72796416,0.7279405,0.7281932,2
56.900000000000006,4.674879,0.12949105,-2.451092,-0.00232348,0.008622368,-0.0014728317,0.0022817864,-0.01049388,0.013019889,0.0006868483073538,-0.0009253488297763,0.0001337616563786,0.0014208421,-0.0012736378,-0.000982312,15.3,0.5000267,0.72785693,0.7281266,0.72771,0.72810614,2
57.0,4.6725273,0.13003369,-2.4548843,-0.0030022282,0.008085523,-0.0016478875,0.004312316,0.0045801797,0.015120952,0.0007885452787654,-0.001074894545134,9.999763909873084e-05,0.0010209666,-0.0014007674,0.000325231,15.3,0.5000267,0.7277551,0.72810215,0.7277117,0.72790694,2
57.1,4.670195,0.13051918,-2.458897,-0.0033922046,0.007827352,-0.0076984335,0.010575443,0.0023369468,-0.2719648,0.000858167151054,-0.0005652926192936,8.94861280310403e-05,0.00044184874,0.048374236,-0.00068026764,15.3,0.5000267,0.7740576,0.7036723,0.7741569,0.7034564,2
57.2,4.668172,0.13049223,-2.4637837,-0.018349739,0.0071496596,-0.030212263,-0.37872723,-0.00016263084,-0.1417375,0.0008947738397819,0.0417194311306916,0.000118461521086,0.0019639644,0.6033567,-0.0015399915,15.3,0.5000267,0.7278053,0.7345498,0.7270429,0.73531747,2
57.3,4.661594,0.1302983,-2.4695666,-0.09107492,0.006383367,-0.033203837,-0.93380964,0.0021329832,0.054348722,0.0009714040519452,0.0959102331662653,0.0001734713109186,0.0008178849,0.44390982,-0.001062219,15.3,0.5000267,0.7180533,0.73564535,0.7186669,0.73515856,2
57.400000000000006,4.646057,0.13075201,-2.473927,-0.19751847,0.006351046,-0.024567671,-1.2069982,0.00029120245,0.1127175,0.0010909746040129,0.1255650641004524,0.0002793295791734,0.0013531977,0.1841231,0.00024139546,15.3,0.5000267,0.72095245,0.7316819,0.72069085,0.73229706,2
57.5,4.6184177,0.13227738,-2.4768152,-0.31988132,0.0068858857,-0.013641161,-1.2775531,-0.00095534907,0.10291952,0.0012021399012326,0.133248170882707,0.0004425882319035,0.0014143559,0.001290435,-0.001397632,15.3,0.5000267,0.7246161,0.7300646,0.7241816,0.7308479,2
57.6,4.5731726,0.13503776,-2.4784894,-0.45345134,0.00826673,-0.0041392148,-1.209173,0.0010024746,0.07555214,0.0012249586733715,0.1273583434298836,0.000773343765261,-0.00031034503,-0.1006271,-0.0006044605,15.3,0.5000267,0.7276107,0.728855,0.72787744,0.7294459,2
57.7,4.51176,0.1385669,-2.4788826,-0.57813346,0.00969469,0.0019299828,-1.0702616,0.00057033135,0.037355345,0.0011188521167416,0.1145028158531172,0.0010651472841796,-0.0024990472,-0.14783692,-0.0013665959,15.3,0.5000267,0.729062,0.7285835,0.72969854,0.7293043,2
57.8,4.442509,0.14181755,-2.4792218,-0.680004,0.010565348,0.004660544,-0.90644085,-0.008607769,0.014481134,0.0009109965464247,0.0988710700830068,0.0012891842912452,-0.0012295307,-0.16216396,-0.0022301155,15.3,0.5000267,0.7304468,0.7275504,0.7307722,0.728702,2
57.900000000000006,4.3569975,0.14503554,-2.479152,-0.7728709,0.010808809,0.0058737346,-0.7391063,-0.00024854668,0.017192213,0.0007168480400344,0.0829930195297082,0.0015198823307834,-0.0015952569,-0.15787199,-0.0024871128,15.3,0.5000267,0.7309697,0.72679085,0.7315915,0.7279212,2
58.0,4.2702656,0.14781946,-2.4789972,-0.8429171,0.010546168,0.005749411,-0.5973667,-0.008834483,-0.0055804844,0.000605592530749,0.0683680942432531,0.001743290381809,0.0007828629,-0.14089651,-0.0025597939,15.3,0.5000267,0.7316361,0.7256964,0.73147684,0.7277656,2
58.1,4.1709857,0.15091081,-2.4790742,-0.90223247,0.0104252845,0.005408211,-0.45146632,-0.009416936,-0.0024200415,0.0005714881089695,0.0556375753299262,0.0019244001766952,0.0003804763,-0.11816514,-0.003194662,15.3,0.5000267,0.7308152,0.72598326,0.7314299,0.7275308,2
58.2,4.076351,0.15422738,-2.4789555,-0.94400984,0.010732262,0.004911769,-0.35407907,-0.007297455,0.003818888,0.0005549735496569,0.0450595094139099,0.0019340264251004,0.00031093406,-0.09574493,-0.0027808817,15.3,0.5000267,0.7309686,0.72551394,0.7312274,0.7272948,2
58.3,3.9718301,0.15823787,-2.4788868,-0.97737545,0.011596889,0.004434194,-0.25518632,-0.008310772,-0.0052941027,0.0005098860667385,0.0366631501068646,0.0017373954897744,-0.00033706406,-0.07395393,-0.005052807,15.3,0.5000267,0.73083377,0.72581184,0.7305086,0.72740275,2
58.400000000000006,3.8744426,0.1622644,-2.4787354,-0.9995197,0.012593016,0.0039859023,-0.19480112,-0.0035120104,-0.004188157,0.000383059294709,0.0301679405821151,0.0013643095838502,-0.002595381,-0.056411542,-0.005994487,15.3,0.5000267,0.7309585,0.7259354,0.7306259,0.72658485,2
58.5,3.7767417,0.16641325,-2.4786654,-1.0153375,0.013356903,0.0038552177,-0.13899109,-0.0058530383,-0.004918314,0.0001645291477559,0.0253265338097935,0.0009175192682801,-0.0030925737,-0.040425822,-0.004315594,15.3,0.5000267,0.7310292,0.72636276,0.7302085,0.7264477,2
58.6,3.6704733,0.17089975,-2.4784417,-1.0279279,0.0142956525,0.003617977,-0.11352593,-0.004037801,0.0027278436,-3.4441930826319964e-05,0.0217884813233158,0.000475445160407,-0.0032920956,-0.030407064,-0.0033524884,15.3,0.5000267,0.73117924,0.72647357,0.73014176,0.72606957,2
58.7,3.5637987,0.17535083,-2.4779954,-1.0365328,0.014769143,0.0037980143,-0.08119175,-0.014463454,-0.0009546056,-0.0002656827888643,0.0192017521208671,3.833486925277486e-05,-0.0024482403,-0.022121018,-0.0042032753,15.3,0.5000267,0.7316577,0.7265883,0.7297033,0.7263223,2
58.8,3.4651935,0.17889124,-2.4772778,-1.0422387,0.014525476,0.0038574527,-0.063192666,-0.01838171,-0.0047446224,-0.0004808152461928,0.0173140520291502,-0.0002757219397057,-0.0015502331,-0.015812958,-0.0027898538,15.3,0.5000267,0.7317128,0.7268419,0.7295076,0.7265015,2
58.900000000000006,3.3587964,0.18221438,-2.4765403,-1.0458815,0.013866606,0.0035157164,-0.037663966,-0.021617927,-0.0041159797,-0.0006068314114104,0.0159019257044002,-0.0004437268836106,-0.0006258819,-0.011643896,-0.0017474224,15.3,0.5000267,0.7315015,0.7268972,0.7296228,0.72636765,2
59.0,3.2610912,0.18482111,-2.4763925,-1.0475551,0.0128681315,0.0032270302,-0.033615027,-0.016826196,0.00045355406,-0.0006270422304383,0.0149296403134276,-0.0004816062468504,0.00029298998,-0.0071326713,-0.00092713133,15.3,0.5000267,0.7312109,0.7269482,0.7294099,0.72664493,2
59.1,3.1559637,0.18728156,-2.4765744,-1.0482042,0.011656631,0.0027177099,-0.025914766,-0.014753689,-0.0048433426,-0.0005854844775499,0.0142680214322324,-0.0004077409567904,0.00022125273,-0.0046534943,-0.0007853231,15.3,0.5000267,0.73104346,0.7266854,0.72988886,0.7262419,2
59.2,3.0596557,0.18950188,-2.4763496,-1.0475138,0.01085124,0.002453913,-0.018941969,-0.011624631,0.00015366821,-0.0004873129167406,0.013841927886431,-0.000305551143114,0.0013155839,-0.0011245765,7.90992e-05,15.3,0.5000267,0.73099875,0.7263799,0.72941864,0.72683775,2
59.3,2.9559503,0.19197175,-2.4756675,-1.0462073,0.010288878,0.0023121731,-0.020146513,-0.015324752,0.00054342666,-0.0003627172743399,0.0136507952246117,-0.0001648209622999,0.00020692978,0.0011887259,0.0004170064,15.3,0.5000267,0.7302681,0.7267306,0.72989696,0.726721,2
59.400000000000006,2.859888,0.1946801,-2.4744816,-1.0453445,0.010304531,0.0025513684,-0.019161953,-0.014555811,-0.0014142132,-0.0003105521399155,0.0136291091201392,-4.041876044600344e-05,-2.3557255e-05,0.0017373754,0.00059886044,15.3,0.5000267,0.7304822,0.7264675,0.7297842,0.72730523,2
59.5,2.7631953,0.19779608,-2.4732246,-1.0449365,0.010580492,0.0022334093,-0.014284607,-0.012094385,-0.004793517,-0.0002906982120267,0.0136569068289274,5.1793708611285294e-05,-0.001052902,-7.7726734e-05,0.0014497804,15.3,0.5000267,0.7307737,0.72590625,0.7302617,0.726866,2
59.6,2.6581125,0.2012326,-2.471663,-1.0448747,0.010561708,0.0021480524,-0.01942229,-0.015868168,0.00257045,-0.0003679208023519,0.0136200076871502,0.0001342258753084,-0.0014968198,-0.0014441278,-0.00033012027,15.3,0.5000267,0.73092043,0.7256359,0.73039156,0.72682613,2
59.7,2.5529945,0.20483382,-2.470515,-1.0446262,0.010690074,0.0020972963,-0.017021528,-0.017371545,0.006987713,-0.0004243182855506,0.0135357633808344,0.0001908366269588,-0.0012886289,-0.0016341953,0.0014226737,15.3,0.5000267,0.7307882,0.7258318,0.73025906,0.72692764,2
59.8,2.456092,0.20815569,-2.4695935,-1.0438313,0.010718651,0.0018263533,-0.02028575,-0.010191567,-0.0075409184,-0.0004768375982693,0.0134302565812831,0.0002241152339188,-0.00070800894,-0.001219327,-0.00020644181,15.3,0.5000267,0.73094535,0.72571146,0.7302713,0.7268247,2
59.900000000000006,2.3505576,0.21170095,-2.4690883,-1.0434344,0.010976433,0.0017328854,-0.012383701,-0.018551668,-0.0024284234,-0.0005475321326749,0.0133826375747387,0.0002237153714275,-0.001904421,-8.264044e-05,-0.0005142479,15.3,0.5000267,0.7304476,0.72629875,0.7302915,0.7266742,2
60.0,2.25256,0.21441135,-2.4690504,-1.0435153,0.0104054585,0.00141232,-0.013362033,-0.022158448,0.001023989,-0.0006280262442654,0.0133348973381806,0.0002736843320909,-0.001054173,-0.00012647666,0.00024468725,15.3,0.5000267,0.7304327,0.7260482,0.7301913,0.72670203,2
60.1,2.1454916,0.21691574,-2.4685152,-1.0441179,0.009249227,0.0014816248,-0.016882032,-0.01572177,0.0015259719,-0.0006487366156868,0.0131944972724082,0.0002830436970811,7.08313e-05,-0.0002782447,-0.00074754073,15.3,0.5000267,0.73016244,0.7264369,0.7298046,0.7271078,2
60.2,2.0466778,0.21867189,-2.467438,-1.0444796,0.008163065,0.0015578971,-0.016199365,-0.011371215,-0.00068452203,-0.0005863921730696,0.0130085912382318,0.000303511448298,0.00027291483,-0.001024612,6.244269e-05,15.3,0.5000267,0.73020375,0.7264719,0.73008966,0.7269155,2
60.3,1.9400069,0.22061719,-2.4658446,-1.0441421,0.007787958,0.0017096415,-0.012695447,-0.004622722,-0.0037215648,-0.0004540738924508,0.0127735282647708,0.0002966205051817,0.0013363535,-0.0006710066,-0.0010625427,15.3,0.5000267,0.7307357,0.7261984,0.72966695,0.72735727,2
60.400000000000006,1.8420161,0.22288437,-2.4646428,-1.0432885,0.0076088463,0.0018132104,-0.0038220931,-0.016346022,-0.004126224,-0.0003411306555839,0.0126228219574572,0.0002912356917818,0.0006198164,-0.0004785163,-0.00058081443,15.3,0.5000267,0.73098165,0.72613436,0.7300954,0.7269877,2
60.5,1.7444013,0.22578691,-2.4636006,-1.0422101,0.008381041,0.0018313326,-0.022844879,-0.0072889784,-0.0042910683,-0.0003030367436168,0.0125367609259278,0.0002673387108069,-0.0006643233,0.0009291039,-0.00076703425,15.3,0.5000267,0.73099226,0.7263339,0.72982436,0.72718734,2
60.6,1.6387777,0.22964789,-2.462383,-1.0407898,0.009471182,0.0015190884,-0.0068285074,-0.011075768,-0.0098333685,-0.000383517319492,0.012526171325315,0.0003019211109684,-0.0020526028,0.0018074837,-0.0006218025,15.3,0.5000267,0.730794,0.7263461,0.7298434,0.7271489,2
60.7,1.532868,0.23389362,-2.4612484,-1.0398066,0.010575674,0.0013735198,-0.0019329671,-0.012962756,-0.010766554,-0.0005371544182568,0.0125602395418349,0.0003494772107226,-0.0027012553,0.0011931119,-0.0011247088,15.3,0.5000267,0.73080206,0.72622454,0.7296834,0.727353,2
60.8,1.4351925,0.23695716,-2.4605904,-1.0392675,0.010588721,0.0010921388,-0.013884702,-0.019309776,-0.0063939947,-0.0007496925158743,0.0126115310472035,0.00037213683991,-0.0031977564,0.0003772466,-0.0005088883,15.3,0.5000267,0.73050827,0.7263412,0.7302788,0.7266384,2
60.900000000000006,1.3294084,0.23875551,-2.4602008,-1.0387043,0.009039309,0.0011515142,-0.010340103,-0.016948972,0.004649162,-0.0009047193195818,0.0125825216324558,0.0003397171945305,0.00045260973,-0.0003133738,-0.00057585805,15.3,0.5000267,0.7309415,0.72591156,0.72978246,0.72716546,2
61.0,1.2317591,0.23935089,-2.4606774,-1.037988,0.0071225828,0.0009746379,-0.0047750142,-0.017658705,-0.0024489125,-0.0008976802915101,0.0125709892019451,0.0002648045289658,0.0011733442,0.000453457,-0.0018028268,15.3,0.5000267,0.7305559,0.72629786,0.72990346,0.72698677,2
61.1,1.1259346,0.23948006,-2.4615002,-1.0373071,0.0049600815,0.0005470469,-0.014261105,-0.014096577,-0.0032023524,-0.0006819343542475,0.0125321184053498,0.0001856787081008,0.0040678266,0.0006907619,-0.0006364407,15.3,0.5000267,0.7305904,0.7260724,0.729487,0.7271479,2
61.2,1.0277445,0.24017815,-2.4626598,-1.0368932,0.0037685889,0.00032801504,-0.0043982035,-0.0015410038,0.0031958332,-0.0004055995834738,0.0125144269808714,0.0001008026540794,0.003520285,-0.00015788958,-0.0010296776,15.3,0.5000267,0.7307671,0.72595495,0.7295638,0.7267315,2
61.3,0.92077494,0.24132694,-2.4643505,-1.0370058,0.003261173,0.00018970473,-0.007961702,-0.00052280875,-0.0003064051,-0.0001592834000783,0.0124999493635807,8.437798024589928e-05,0.003197134,0.00078199786,-0.00083279214,15.3,0.5000267,0.7307957,0.7258678,0.7289855,0.72724694,2
61.400000000000006,0.82183087,0.24252848,-2.4656003,-1.0373801,0.0030396865,0.00011457948,-0.0010453295,-0.008140683,-0.00039348376,2.4092290159364627e-05,0.0123597992927732,0.0001133711916213,0.0020422246,-0.0022706783,-0.00072718057,15.3,0.5000267,0.7311417,0.72535276,0.72943455,0.7268618,2
61.5,0.72316515,0.24331106,-2.4669034,-1.0375134,0.0024814655,3.2698325e-05,-0.008398175,-0.0055625075,0.009956303,8.630616656678918e-05,0.0121782087959211,0.0001042206283359,0.0006209579,-0.0019419483,-0.0011597406,15.3,0.5000267,0.7305515,0.7259494,0.72958094,0.7265757,2
61.6,0.6160737,0.24434648,-2.4680834,-1.0380282,0.0025116135,0.00025974453,0.0024934378,-0.0025574397,0.004183966,0.0001686455035075,0.0120408007477687,0.000156778173734,0.00039808734,-0.0009154044,-0.000109441215,15.3,0.5000267,0.7302395,0.72621834,0.7295216,0.7269222,2
61.7,0.50858253,0.24557348,-2.4689844,-1.0384144,0.002858601,0.00053741946,-0.0005626643,0.004224691,-0.0040284353,0.0002067315743575,0.0118373171910123,0.0001967850794499,-0.00017834979,-0.0014598327,0.0007054874,15.3,0.5000267,0.7304828,0.72617614,0.72957206,0.7270721,2
61.8,0.40906832,0.24646963,-2.469574,-1.0387888,0.0030516377,0.0010135585,0.0062442957,-0.0020845889,-0.0036405397,0.0001679970632569,0.0116560492390765,0.000247702772222,-0.0009463948,-0.00193729,0.00025703278,15.3,0.5000267,0.73064464,0.72622067,0.72993225,0.72708803,2
61.900000000000006,0.30202466,0.24736854,-2.4696367,-1.038035,0.00286088,0.0011793629,0.0049553416,-0.0011085737,-0.010352115,0.0001047384117515,0.0114197135360132,0.000282379206018,-0.0011945372,-0.0024248688,-0.00073190965,15.3,0.5000267,0.7309635,0.72599965,0.7304313,0.7267896,2
62.0,0.20374238,0.24803753,-2.469116,-1.0367529,0.0022763119,0.0014048319,0.0045337654,-0.0017260474,-0.0026803461,8.185293225867616e-05,0.0112999454745034,0.0002829479019323,0.00021941,-0.00014550534,-0.0006511893,15.3,0.5000267,0.7310076,0.72615206,0.73006445,0.7272368,2
62.1,0.09791025,0.24803369,-2.4689276,-1.035243,0.0012543087,-0.004052735,-0.010270828,-0.007019641,-0.2630688,0.0001397026648225,0.0106128088096194,0.0002565014529157,0.00034337916,-0.04778686,-0.0009082382,15.3,0.5000267,0.7049082,0.7718889,0.70439875,0.7725092,2
62.2,0.00090344046,0.24741782,-2.4713767,-1.0184982,0.00020790045,-0.025094202,0.39157474,-0.003155365,-0.13604993,0.0002052017329407,-0.0317986762856005,0.0001847609473145,0.0013959336,-0.60627174,-0.0008257555,15.3,0.5000267,0.73816675,0.72447664,0.7370225,0.72553456,2
62.3,-0.099522345,0.24685954,-2.4763622,-0.9435932,-0.00093171303,-0.02829103,0.938863,-0.003042462,0.04860153,0.000337225731237,-0.0860362890260156,0.0001193586570244,0.0016241926,-0.44419104,-0.00043041882,15.3,0.5000267,0.7384009,0.7160595,0.7375995,0.7166282,2
62.400000000000006,-0.18228768,0.24669309,-2.4808798,-0.8349984,-0.0013073687,-0.020378105,1.2095968,0.0017979923,0.10934798,0.0004776123939341,-0.1155798159417517,5.9779838404263934e-05,0.0018243361,-0.18213184,0.00039758816,15.3,0.5000267,0.7350047,0.7185188,0.73378086,0.7194463,2
62.5,-0.25205657,0.24658261,-2.4844496,-0.71053255,-0.0012887183,-0.010411075,1.2869527,0.00081937463,0.09485799,0.0006020487836839,-0.1230470172734565,-0.0001176969413919,0.00027317987,-0.00031158866,-0.0013025558,15.3,0.5000267,0.7335825,0.72193456,0.7326738,0.72232825,2
62.6,-0.31248116,0.2465221,-2.486732,-0.5751559,-0.0010482888,-0.0017746608,1.2147079,-0.003078885,0.07466226,0.0006219175434621,-0.1168728817672631,-0.0004053256140736,-0.00025925683,0.10471666,-0.00026910164,15.3,0.5000267,0.7315291,0.7260214,0.73040754,0.7264008,2
62.7,-0.3581489,0.24692675,-2.4876184,-0.45073587,-0.000494183,0.0037829427,1.067826,0.0017161369,0.044665296,0.0005931226936806,-0.1037339618617432,-0.0008131666222014,-0.00021953353,0.15123692,0.00040283627,15.3,0.5000267,0.7314821,0.7277917,0.7299733,0.7281008,2
62.8,-0.3893105,0.247721,-2.4873688,-0.35076132,5.3364416e-05,0.006591873,0.9151419,0.0017002025,0.014381948,0.0004995476407303,-0.0880486866000914,-0.00121890916815,-0.0017013687,0.16075163,0.0010231739,15.3,0.5000267,0.73067385,0.7295913,0.72982794,0.72884864,2
62.900000000000006,-0.41318914,0.24862607,-2.4859505,-0.25996408,0.00032818987,0.0077085188,0.7439351,-0.003161868,0.0015245749,0.0003849948052265,-0.0724058272909512,-0.0016670308326914,-0.00052378536,0.15204683,0.0008600225,15.3,0.5000267,0.7311408,0.72970384,0.7291386,0.7293118,2
63.0,-0.42808294,0.24873234,-2.484136,-0.19144578,-0.00022443004,0.0073936256,0.60026616,-0.008907161,-0.014965887,0.0002736689488573,-0.0581312579092947,-0.0021402382550305,-0.00071158394,0.13565215,0.0022809326,15.3,0.5000267,0.73018247,0.7306418,0.72853726,0.7293082,2
63.1,-0.43858796,0.24764551,-2.4826627,-0.13224228,-0.0018368892,0.006573777,0.45979002,-0.00417331,-0.011195893,0.0002637095839079,-0.045797795511471,-0.0025997344940769,0.0012812958,0.115338385,0.003168696,15.3,0.5000267,0.7299479,0.7305286,0.7281579,0.72895694,2
63.2,-0.4448199,0.24601102,-2.4822326,-0.089963764,-0.0038701345,0.0054424894,0.35368836,-0.009818812,-0.008692964,0.0004212276380606,-0.0355229740458573,-0.0029445540958859,0.0029118059,0.0935062,0.0052555823,15.3,0.5000267,0.7296926,0.7302742,0.72779244,0.7285947,2
63.3,-0.44925457,0.2435492,-2.482837,-0.055463925,-0.0056827785,0.00427598,0.2789528,-0.0010625802,0.0017061828,0.0006931840095549,-0.0272596924568636,-0.0030890215173411,0.0039873873,0.07494094,0.0061646192,15.3,0.5000267,0.7293967,0.7298529,0.7272566,0.72854334,2
63.400000000000006,-0.45175996,0.24107885,-2.483944,-0.03149584,-0.006857011,0.003293858,0.21301232,-4.5369685e-05,-0.002202112,0.0010302073800271,-0.0208302938912697,-0.0029439333235561,0.0042243293,0.055947382,0.006797157,15.3,0.5000267,0.72949296,0.7289031,0.72732127,0.7283349,2
63.5,-0.45311075,0.23824863,-2.4846797,-0.013610418,-0.007653591,0.0030373787,0.15964416,0.0065606544,0.0064685005,0.0012902750789818,-0.0158824418531019,-0.0025643564753217,0.0019615076,0.042549167,0.007422429,15.3,0.5000267,0.7286285,0.72901237,0.72809756,0.7280799,2
63.6,-0.4532833,0.23469418,-2.485088,0.0010772886,-0.008668646,0.0029897322,0.12161895,0.0012528544,-0.0026701016,0.0015256292836766,-0.0121453039708931,-0.0021348417300647,0.003913833,0.031885106,0.0076447264,15.3,0.5000267,0.7288772,0.72826374,0.7279779,0.7287921,2
63.7,-0.45277336,0.23093842,-2.4847019,0.011611782,-0.009530004,0.0030135044,0.08821699,0.0101156775,0.005290843,0.0017150124105972,-0.0093086689024172,-0.0016643610105965,0.0019935772,0.02500828,0.007937728,15.3,0.5000267,0.7280039,0.7286387,0.7285566,0.7288223,2
63.8,-0.45208427,0.22774813,-2.4847233,0.018756239,-0.00974938,0.0030229948,0.07335253,0.015734794,-0.012646428,0.0019429464530239,-0.0071764323489866,-0.001181370186253,0.002765758,0.019453607,0.007750451,15.3,0.5000267,0.7280207,0.728409,0.72857434,0.7293815,2
63.900000000000006,-0.4521022,0.224391,-2.4851022,0.023170054,-0.009760264,0.002801158,0.04843303,0.013513539,-0.007332302,0.002050763648085,-0.0055886688629346,-0.0006969023328157,0.00083483336,0.013620301,0.0056492104,15.3,0.5000267,0.7277761,0.7281862,0.7289952,0.72930956,2
64.0,-0.45300072,0.22122766,-2.4859457,0.02505543,-0.009687498,0.0023478565,0.0420906,0.019851444,3.073364e-05,0.0021456412416822,-0.0044756757787512,-0.0003367152478978,0.0006333176,0.007954171,0.005075095,15.3,0.5000267,0.7277478,0.7278769,0.7291204,0.7290797,2
64.10000000000001,-0.4547161,0.21785659,-2.487215,0.025747987,-0.009438531,0.0017211712,0.03352618,0.019728925,0.005356967,0.0021934170080538,-0.0038054098280759,-8.953012655346259e-05,0.0010199945,0.0035505644,0.0037886521,15.3,0.5000267,0.7278833,0.7274901,0.72880393,0.7290004,2
64.2,-0.45660752,0.21500567,-2.4885426,0.025420755,-0.0091367215,0.0016213725,0.029590292,0.027637968,0.0019539145,0.0022210807645456,-0.0034278912921506,9.37761791395277e-05,0.00036342142,0.0015656137,0.0024510408,15.3,0.5000267,0.72777206,0.72770506,0.72890824,0.7288057,2
64.3,-0.45883492,0.21249783,-2.489982,0.024519853,-0.00840866,0.001411511,0.027243476,0.015457706,-0.004930887,0.002267507596017,-0.0032799564159899,0.0002356196143511,4.233726e-05,-0.0009529176,0.0016607867,15.3,0.5000267,0.72796315,0.72760016,0.7288406,0.72860336,2
64.4,-0.46067306,0.21010739,-2.491846,0.023970975,-0.0075353277,0.00095299317,0.026461788,0.0128380805,0.010008923,0.0022286571728814,-0.0033011841939638,0.0003324966688177,-0.001192723,-0.0013513762,0.00093269325,15.3,0.5000267,0.72766656,0.7278016,0.72858727,0.7284497,2
64.5,-0.46186513,0.20817533,-2.4939806,0.02392365,-0.006828392,0.0007466142,0.027018186,0.009839107,0.0062719914,0.0021519074828919,-0.0033667609068142,0.000403310950345,0.0012709126,-0.0012359325,0.00011842563,15.3,0.5000267,0.7282866,0.7271582,0.72814345,0.7287469,2
64.60000000000001,-0.46333465,0.20650843,-2.4963634,0.023857128,-0.005988817,0.00060963107,0.031860143,0.018917395,0.0067572105,0.0020675676852218,-0.0033422922368422,0.0004146730107657,-0.00068513106,-0.0010511982,-0.000110581976,15.3,0.5000267,0.728063,0.7274977,0.72850394,0.72815466,2
64.7,-0.46541783,0.20541415,-2.4985704,0.02303845,-0.0048475736,0.00058720104,0.029637702,0.01808333,0.005250796,0.0019646524765424,-0.0032940198776523,0.0003843060519001,-0.0012430131,-0.0011294286,-5.0518738e-05,15.3,0.5000267,0.72821295,0.727566,0.72841555,0.72804743,2
64.8,-0.46823922,0.20400324,-2.5004036,0.021549337,-0.004518026,0.0007203367,0.0303285,0.017310767,0.009975395,0.0018322652141668,-0.0032903959989335,0.0003089234587726,-0.0008403809,-0.0018340384,-0.0012403583,15.3,0.5000267,0.7281556,0.72782373,0.72821385,0.72818416,2
64.9,-0.4716845,0.20209865,-2.5021842,0.020108122,-0.0046726656,0.00085369125,0.033333357,0.009072996,0.0030938534,0.0017405926936326,-0.0033807860760179,0.0001654599425956,-0.00025885817,-0.0017015119,-0.0012203988,15.3,0.5000267,0.7279777,0.72840804,0.72803515,0.72822326,2
65.0,-0.47510505,0.20020327,-2.504223,0.018875415,-0.004823268,0.00079823984,0.027116492,0.008785844,0.0052996906,0.0017215537929024,-0.0035376619944614,4.453785099936363e-05,0.0006150625,-0.0033168343,-0.0012897677,15.3,0.5000267,0.7285351,0.72793573,0.72807187,0.7280862,2
65.10000000000001,-0.47947812,0.19789824,-2.5062325,0.017664468,-0.0052266773,0.0008724842,0.03158552,0.009602939,0.005163252,0.0017643436938509,-0.0036846578357819,-4.651411569020142e-05,3.522266e-05,-0.0022381556,-0.00026970403,15.3,0.5000267,0.7280487,0.72851825,0.7282133,0.72796905,2
65.2,-0.4840848,0.19564866,-2.5079966,0.016493777,-0.0055480264,0.0010098541,0.02848609,0.01244306,0.0074747945,0.0018333303196056,-0.0038199468986476,-0.0001512209757035,0.0006146113,-0.0018723995,-0.00029909034,15.3,0.5000267,0.72822696,0.7285686,0.7281468,0.7280041,2
65.3,-0.48864633,0.19322495,-2.5099955,0.015780386,-0.0059350617,0.00082196546,0.03170504,0.0100118555,-0.0043786126,0.0019105165683015,-0.003988291599414,-0.0002113836645887,0.000197635,-0.0024341475,-2.1759026e-05,15.3,0.5000267,0.72827774,0.7284766,0.7283227,0.7277376,2
65.4,-0.49289906,0.1906647,-2.5123365,0.015548895,-0.0063680145,0.00063879177,0.026986139,0.009525764,0.0020731238,0.0019995307043408,-0.0040919213136481,-0.0002482409313314,0.0009193438,-0.0012006045,-0.00043326855,15.3,0.5000267,0.72818756,0.72850823,0.7281618,0.72784114,2
65.5,-0.4962905,0.18859439,-2.514485,0.015743203,-0.0061352775,0.00050938776,0.034055866,0.0142633235,0.0044684852,0.0021011955773244,-0.0041360347047612,-0.0002474289186943,0.00036352806,-0.0008619172,0.00011440413,15.3,0.5000267,0.72833234,0.7282085,0.72833496,0.72764415,2
65.60000000000001,-0.50041085,0.18698892,-2.5170727,0.015109451,-0.0054698046,5.1744842e-05,0.02514326,0.014087608,0.0040195878,0.002153544547368,-0.0041178897294228,-0.0002058074342309,0.0007344381,0.00063901336,-0.0004577079,15.3,0.5000267,0.72809887,0.7281209,0.7275282,0.7282829,2
65.7,-0.5050364,0.1859252,-2.51874,0.014228703,-0.0045242235,0.00035640204,0.04136002,0.008424237,0.0057839784,0.0021258737664551,-0.0040947481398634,-0.0001227372208573,-0.00080266595,-0.0013249919,0.0011625909,15.3,0.5000267,0.72817403,0.7280341,0.728129,0.728003,2
65.8,-0.50911856,0.18511678,-2.518912,0.01362208,-0.003508749,0.00093406293,0.038771845,0.012654283,0.00056624407,0.0020553509835574,-0.0041664921094331,-2.0528405347790595e-05,-0.0010997718,-0.0017871525,0.00089786394,15.3,0.5000267,0.72812515,0.7282669,0.7282403,0.72842807,2
65.9,-0.512902,0.1842513,-2.5185683,0.013716938,-0.0030774076,0.0011189895,0.033786707,-0.0030860626,-0.000544358,0.0018897021148993,-0.0042416808574866,6.66762963710686e-05,-0.0010457786,-0.0010500645,0.0002603004,15.3,0.5000267,0.72814107,0.7283137,0.72828466,0.72861546,2
66.0,-0.51526487,0.1826892,-2.517502,0.014679118,-0.0034016976,0.0015182127,0.0335476,0.0113314465,-0.0030952503,0.0017639434876434,-0.0042652026215086,0.0001449763159829,-0.0008037536,-0.000770097,0.0006411186,15.3,0.5000267,0.72817343,0.72847503,0.7289958,0.7282387,2
66.10000000000001,-0.5165098,0.18035588,-2.5155287,0.016838202,-0.004280218,0.0018820553,0.030676875,0.008868285,-0.0071558165,0.0017413167149723,-0.0041727967791488,0.0002023131882715,0.0010276337,0.0017867422,-6.750923e-05,15.3,0.5000267,0.7283031,0.72858155,0.72874624,0.7287964,2
66.2,-0.5165929,0.17825781,-2.513116,0.019287528,-0.00501922,0.002133701,0.030250832,0.008140385,-0.00976026,0.0018162742253021,-0.0039027764884017,0.0002231926693511,0.0018515248,0.0033095686,8.286694e-05,15.3,0.5000267,0.7286986,0.72845066,0.7289944,0.7287118,2
66.3,-0.5159921,0.17614149,-2.5105867,0.021533562,-0.0057601244,0.0024068013,0.025277155,0.0102897165,-0.0088475635,0.0019623877630781,-0.0035123482490357,0.0002198571067815,0.0025831969,0.0042881407,-0.0006659185,15.3,0.5000267,0.7288811,0.72855806,0.72879857,0.7290738,2
66.4,-0.51553905,0.173512,-2.508154,0.02306817,-0.0063314307,0.0023418292,0.027379159,0.018224414,-0.008936505,0.0021233133980422,-0.0030522918907467,0.0002146311267108,0.002301445,0.003253555,-0.00040683616,15.3,0.5000267,0.7290707,0.7284526,0.72913986,0.72873396,2
66.5,-0.5152806,0.1714439,-2.5065737,0.023633761,-0.0063202605,0.0018108854,0.018329436,0.010840747,-0.0013946554,0.0022596275823563,-0.0026254419715361,0.0001866849220714,0.0015105684,0.0026384606,-0.0009490263,15.3,0.5000267,0.7288069,0.7285196,0.72885627,0.7286801,2
66.60000000000001,-0.5150677,0.17046219,-2.5051975,0.023830572,-0.0048688278,0.0014985601,0.010747788,0.012600622,-0.011336523,0.0023752728437602,-0.0023403849902153,0.0001200878007681,0.0011314334,0.0009890685,0.00013386474,15.3,0.5000267,0.729274,0.72811204,0.72869605,0.7285891,2
66.7,-0.5150227,0.1707371,-2.5038,0.023699254,-0.0026562887,0.0011138956,0.008303867,0.023005951,-0.003913417,0.002301984306155,-0.0021525709465772,4.645017646231332e-05,-0.0018475222,0.0013545743,-0.0005755414,15.3,0.5000267,0.7285789,0.7286608,0.7283193,0.7286761,2
66.8,-0.5149376,0.17151618,-2.502611,0.023526914,-0.00037222155,0.0007723284,0.0033131898,0.015009988,-0.0032163223,0.002075411062538,-0.0020229436598173,-1.3371275483274731e-05,-0.0032499433,0.001204793,0.00014366348,15.3,0.5000267,0.72846293,0.7286303,0.7281984,0.7285813,2
66.9,-0.5146603,0.17294934,-2.501136,0.023225233,0.0018781313,0.00083586044,0.0090946,0.01234288,-0.010272021,0.0017301811981796,-0.0019756513232341,-4.700212403034091e-05,-0.0034709359,-0.0002906184,-0.00031255014,15.3,0.5000267,0.7288722,0.7282803,0.72840863,0.728488,2
67.0,-0.51457375,0.17476904,-2.4993558,0.022905642,0.0037958245,0.00073122507,0.004851578,0.0058162045,-0.004576053,0.0013801152163905,-0.0019050246679804,-0.0001062801934161,-0.004260937,-9.3354756e-05,-0.00019282172,15.3,0.5000267,0.7285989,0.7285846,0.7285002,0.7281962,2
67.10000000000001,-0.5143979,0.17721823,-2.4968576,0.022080375,0.005388837,0.0010696651,-0.0006262707,0.0023385822,-0.0019688157,0.0010317479771295,-0.0018762604029305,-0.0001168704967613,-0.0032331066,-0.0006135402,-0.00033432792,15.3,0.5000267,0.7287929,0.7285416,0.72848594,0.7284609,2
67.2,-0.5134134,0.17994903,-2.4941466,0.021882256,0.006701541,0.0013713834,0.0038725073,0.0025168557,-0.017508397,0.0007149991369213,-0.0018783298614315,-0.0001248647982542,-0.0033591688,-0.00042790253,7.0026217e-06,15.3,0.5000267,0.72866195,0.72894114,0.728588,0.72867036,2
67.3,-0.51176286,0.1829833,-2.4918773,0.022099357,0.00782419,0.00138549,0.004848454,-0.011560252,-0.013670883,0.0004332804930497,-0.0018966900334305,-9.76671327484882e-05,-0.0030056655,-0.0005698239,0.00029231462,15.3,0.5000267,0.72891086,0.7286212,0.7289433,0.7284085,2
67.4,-0.5098614,0.18654853,-2.489969,0.022452429,0.008517742,0.0010704473,0.003556285,-0.007760474,-0.012419651,0.0001774588044572,-0.0018259238280882,-5.94180893570418e-05,-0.0019658862,0.0003038425,-0.00015688014,15.3,0.5000267,0.728868,0.7284491,0.7287118,0.72862345,2
67.5,-0.5084267,0.18959685,-2.4886928,0.022357306,0.009019165,0.0009715017,0.0025389974,-0.01696042,-0.002983026,-5.413152412573222e-06,-0.0016983055444727,-3.584570250915819e-05,-0.0025953176,0.0012603945,0.00033312614,15.3,0.5000267,0.7282479,0.72896624,0.72879803,0.7285143,2
67.60000000000001,-0.50754434,0.19238047,-2.488084,0.021578563,0.0087833665,0.00048579837,0.008464386,-0.012751828,-0.011743045,-0.000162479916709,-0.001578087921531,-2.128707923118337e-05,-0.00053382426,0.00057753304,0.0001477134,15.3,0.5000267,0.72860813,0.7284014,0.7282684,0.7288194,2
67.7,-0.50674677,0.19449733,-2.4876826,0.02094698,0.008083417,0.00024187381,0.0034272636,-0.0055221766,-0.003381632,-0.0002286129955493,-0.0015865456557124,4.510197390210225e-05,0.00054962304,-0.0008997271,0.0012338522,15.3,0.5000267,0.7285074,0.72818613,0.72861624,0.7284397,2
67.8,-0.50616574,0.19566588,-2.487351,0.020325819,0.00691108,8.1399834e-05,-0.0009411619,-0.015846664,-0.004809815,-0.0002210819087414,-0.0015969938636267,9.063511902217424e-05,0.00044821235,-0.0012050557,0.0007763511,15.3,0.5000267,0.7282147,0.7283947,0.7287787,0.7282038,2
67.9,-0.5055225,0.1958496,-2.4876337,0.019764276,0.005329338,-0.0001562851,0.009075873,-0.007178786,0.0016917473,-9.066245161154884e-05,-0.0016044697527774,0.0001161007229565,0.0023006904,-0.0007989142,-0.00012999566,15.3,0.5000267,0.7283128,0.7282004,0.7283507,0.7284209,2
68.0,-0.50469685,0.19511811,-2.4882746,0.019177388,0.003208146,-0.000454405,0.0019366788,-0.014957643,-0.0027171334,4.980460926956136e-05,-0.0016143175963908,0.0001353742378616,0.0025645166,-0.00021629843,-0.00020305655,15.3,0.5000267,0.7280078,0.7284198,0.728366,0.728176,2
68.10000000000001,-0.50350267,0.19381768,-2.4890165,0.018828942,0.00088903186,-0.00040746652,0.0098427655,-0.0070413896,0.0011762603,0.0003236609594078,-0.0016409801934957,0.0001822444532612,0.0039932826,0.00018136123,0.00018477238,15.3,0.5000267,0.727961,0.7283549,0.72802925,0.72859895,2
68.2,-0.5024124,0.1928889,-2.4897795,0.018381981,-9.1743335e-05,-0.0003198302,0.008879956,-0.00787177,0.0026430932,0.0006816062887364,-0.0016658523147954,0.0002007034960137,0.0043801847,0.000110851426,-0.0005095938,15.3,0.5000267,0.72815394,0.7281742,0.7280252,0.72867155,2
68.3,-0.5017172,0.19230385,-2.490742,0.01804734,-0.00039027917,-0.00021822363,0.010548468,0.0019629712,0.0141570335,0.0009552517185092,-0.0016512060358428,0.00016824385612,0.0016907568,-0.00046828366,-0.00049144845,15.3,0.5000267,0.7280892,0.7283479,0.72837645,0.7283012,2
68.4,-0.50121355,0.19258906,-2.4915557,0.0173094,0.0002698451,-0.00047756976,0.0051861457,0.0003478344,0.0023888422,0.0011260106484028,-0.0016453770770946,0.0001061209475887,0.00026641117,-0.0011251526,-0.00072066917,15.3,0.5000267,0.7281418,0.7281916,0.7284097,0.7280677,2
68.5,-0.50082624,0.19390054,-2.492342,0.016512178,0.0016568166,-0.0005695421,-0.0051187593,-0.0011122364,0.0026500782,0.0011629797464686,-0.0016615015721551,3.238411333306845e-06,-0.0006318531,-0.00093588285,-0.0009818292,15.3,0.5000267,0.7283932,0.72800684,0.7280546,0.7281936,2
68.60000000000001,-0.5001852,0.19633846,-2.4927094,0.016410684,0.003826674,-0.0005233612,0.0031989524,-0.008712891,0.0016023404,0.0010258633619389,-0.0017388030327044,-0.000127136757742,-0.002765315,-0.00058085116,-0.0015052845,15.3,0.5000267,0.7281411,0.7284481,0.7278849,0.7281877,2
68.7,-0.49936113,0.19875278,-2.4927597,0.016543958,0.005462857,-9.717631e-05,0.009019713,-0.000888506,0.0040871087,0.0007334616606824,-0.0017401479330357,-0.0002271573392953,-0.0041399533,-0.00027502872,3.407963e-05,15.3,0.5000267,0.72859913,0.7283053,0.7283295,0.7278673,2
68.8,-0.49845752,0.20062144,-2.492368,0.016737506,0.006090124,0.0004941215,0.001071718,-0.0012916902,0.0029448417,0.0004217213648736,-0.0017318892802883,-0.0002698523569743,-0.0030402618,9.384916e-05,0.0005958059,15.3,0.5000267,0.7284917,0.7287988,0.7284102,0.7281055,2
68.9,-0.4973123,0.20270663,-2.4919972,0.017035615,0.006584767,0.0006571589,0.0004534563,-0.008703689,0.0036861745,0.0001914409056722,-0.0016463829128892,-0.000227468082421,-0.0027504927,0.0007497044,0.0013352435,15.3,0.5000267,0.7283505,0.72886956,0.72849023,0.72830117,2
69.0,-0.49628767,0.20469894,-2.4910862,0.01693402,0.0068823393,0.0008410261,0.00063595775,-0.006212728,-0.003300607,4.161979827994324e-05,-0.0015084101832401,-0.000180161539346,-0.0026367388,0.0013335459,0.000820515,15.3,0.5000267,0.7283542,0.7288997,0.7287943,0.72828346,2
69.10000000000001,-0.4950941,0.2065851,-2.490196,0.016586296,0.0068997648,0.00054413633,-0.0009788246,-0.008605978,-0.0035143455,-7.52426298064402e-05,-0.0014468550322603,-0.0001808270271388,-0.0021624682,-0.00010608104,-0.00043983193,15.3,0.5000267,0.7283482,0.72880536,0.7289931,0.72789055,2
69.2,-0.4938001,0.20789896,-2.4897819,0.016493771,0.006541331,0.00056568655,0.0033430145,-0.011329644,-0.0035348346,-0.0001182491857964,-0.001417146648201,-0.0001124380363972,4.9339913e-05,0.0009423766,0.0011061255,15.3,0.5000267,0.72849196,0.72853,0.7283585,0.72874165,2
69.3,-0.49239406,0.20828223,-2.4894114,0.016327934,0.0052878456,0.00032818786,0.00091753324,-0.014817076,-0.004537403,-0.000157189026685,-0.001391841877487,-1.0660202585597875e-05,0.0020335515,-0.0004915836,0.00017449446,15.3,0.5000267,0.7288796,0.72786593,0.7284472,0.728654,2
69.4,-0.49048766,0.20760828,-2.4890614,0.016349293,0.0031740344,0.00046840013,-5.929814e-05,-0.008683168,-0.0036200506,-6.378748915259255e-05,-0.00135525245943,0.0001069061440882,0.0017611427,0.0005482445,0.0007296372,15.3,0.5000267,0.7279822,0.72875816,0.7287778,0.7285345,2
69.5,-0.48811236,0.206758,-2.4895477,0.016538123,0.0010502172,0.00014565537,-0.00025113512,-0.010459656,-0.005169771,0.0001705939440113,-0.001303874893318,0.000185515787595,0.003738786,0.0017641725,0.00030716998,15.3,0.5000267,0.7279196,0.7286457,0.7283312,0.7287786,2
69.60000000000001,-0.48550758,0.20580514,-2.490726,0.016730234,-0.0006923369,-4.320349e-05,0.0037701512,-0.0044996687,0.00880612,0.0004994976354797,-0.0012400566583979,0.0002434160598554,0.0047947755,0.00066701573,0.0003961677,15.3,0.5000267,0.72835135,0.72806716,0.7283547,0.72863793,2
69.7,-0.48295513,0.20528835,-2.4925802,0.016842688,-0.0012014818,-0.00038666237,0.0018366267,-0.0015942063,0.0014067626,0.0008089773188079,-0.0011201867717595,0.0002541978704956,0.0027382693,0.0007238747,0.000105631254,15.3,0.5000267,0.7282919,0.72799605,0.7283338,0.72846013,2
69.8,-0.48026976,0.2048101,-2.494349,0.01669549,-0.0014980691,-0.00078214565,0.0014170443,0.0027171157,-4.051253e-05,0.0009861126521785,-0.0010372257221484,0.0002502659901612,0.0012683797,0.0009902613,-0.0007118662,15.3,0.5000267,0.7279929,0.728037,0.7280223,0.72854763,2
69.9,-0.4772514,0.20405598,-2.4961631,0.016511066,-0.0016575281,-0.0009727132,-0.0037036368,0.0035496273,0.003939494,0.0011350209228829,-0.0009736860808238,0.0002154618222016,0.0002002549,0.0006851778,-0.0012575078,15.3,0.5000267,0.7275739,0.7283946,0.7284103,0.72790986,2
70.0,-0.47429484,0.20325051,-2.4979603,0.016377715,-0.0017863028,-0.0009778583,-0.0035443534,0.00042282042,0.010593328,0.0011813776446157,-0.0009326994339723,0.0001915806571173,0.0010117898,4.9364753e-06,5.8607235e-05,15.3,0.5000267,0.7281767,0.7277496,0.7280142,0.72819823,2
70.10000000000001,-0.47059488,0.20181893,-2.4995809,0.016601756,-0.0024679014,-0.00073788763,-0.004080766,0.007774732,0.007864087,0.0012036700739269,-0.0008901186226177,0.0001256443912091,9.552603e-05,0.00040865692,-0.0010938431,15.3,0.5000267,0.72784,0.72846025,0.72811675,0.72797036,2
70.2,-0.46685565,0.2000889,-2.5010731,0.016705226,-0.002979259,-0.0005384548,-0.009289262,0.0038871975,0.016636213,0.0012807791110564,-0.0008428424673409,0.0001235990384095,0.0011657368,0.0006961583,0.0001110691,15.3,0.5000267,0.72809964,0.72821194,0.7282792,0.7279106,2
70.3,-0.4626411,0.19813856,-2.5028915,0.017456118,-0.0038817348,-0.00048044565,-0.004686529,-0.0005605734,0.0038798896,0.0013562821064821,-0.0007695436436718,0.0001014283223322,0.0009808961,0.0019253533,-0.00011115872,15.3,0.5000267,0.7278047,0.7286616,0.72790205,0.7282882,2
70.4,-0.45733136,0.19610336,-2.5046449,0.018528119,-0.004262673,-0.00033701808,-0.0057992395,0.008838415,0.0022272577,0.0015006580426823,-0.0006314143312062,8.305971182044289e-05,0.001416082,0.002374721,-0.0005952667,15.3,0.5000267,0.72796255,0.7286126,0.7281178,0.7281145,2
70.5,-0.45180032,0.19425584,-2.5057728,0.019800339,-0.0047032996,-0.00022823506,-0.01526996,0.002751933,0.00013364477,0.0016216993969152,-0.0004545925233412,0.0001325069365,0.0013962835,0.0032390866,0.00021416489,15.3,0.5000267,0.7281211,0.7283105,0.7281672,0.72831595,2
70.60000000000001,-0.44526646,0.19235124,-2.5065415,0.021446798,-0.004992669,4.3417742e-05,-0.017361796,0.010076837,0.0023613682,0.0017276808253229,-0.0002066888402734,0.0001717274412017,0.001383621,0.0038006108,-0.0007143135,15.3,0.5000267,0.728212,0.72831774,0.72832566,0.72835356,2
70.7,-0.4384512,0.19110255,-2.5070944,0.023058238,-0.0044813724,0.0001604878,-0.015580531,0.015630368,0.005057081,0.0018156482139488,0.0001214498932371,0.0001782058523038,0.0010930251,0.0043124575,-0.000988694,15.3,0.5000267,0.7282665,0.7283176,0.72817945,0.72856486,2
70.8,-0.4325436,0.19091192,-2.5072079,0.0235276,-0.0031181176,0.00037350258,-0.012457441,0.010722083,-0.008913222,0.0018563660074524,0.0004707704225309,0.0001502665191967,-0.0001244337,0.0048537385,-0.00085137505,15.3,0.5000267,0.72820646,0.72864085,0.7279126,0.7289502,2
70.9,-0.42683902,0.19151619,-2.506658,0.023025632,-0.0013188137,0.0007446589,-0.02254753,0.0079277195,-0.0024684703,0.0017383921347194,0.0007369946905392,0.0001172126025512,-0.0012809543,0.0021226164,-0.0007683449,15.3,0.5000267,0.72851205,0.72854054,0.72829294,0.7287551,2
71.0,-0.42158872,0.19249633,-2.505589,0.022284133,0.0005212001,0.0010244093,-0.018747801,0.0032156243,-0.0043692994,0.0015130893644827,0.0008635907832609,6.011552439231886e-05,-0.0030175564,0.00074030634,-0.0006412196,15.3,0.5000267,0.72864366,0.72867775,0.7285433,0.7286043,2
71.10000000000001,-0.41605064,0.19367018,-2.504227,0.02151933,0.0019003007,0.0012405645,-0.021407861,-0.004787397,-0.0038226133,0.0012347370357748,0.0008850139717082,3.4184446458678875e-05,-0.00262251,0.0011792752,-0.00061566057,15.3,0.5000267,0.72853434,0.7289432,0.7284444,0.7288665,2
71.2,-0.41182092,0.19465023,-2.503425,0.020063872,0.0027148363,0.0011676825,-0.021306872,0.002038721,-0.00031990928,0.0009633390870758,0.0008866473833285,5.732619701782801e-06,-0.0026262992,0.00026219935,-0.0002926303,15.3,0.5000267,0.72851235,0.7290332,0.7284602,0.7287456,2
71.3,-0.40836784,0.19557437,-2.5029724,0.018192641,0.0035345817,0.0011141282,-0.017016979,0.0013995329,-0.01513306,0.0007469227169175,0.0007877709814331,-2.0878364970703266e-05,-0.0022598002,-0.0012359478,-7.295323e-05,15.3,0.5000267,0.7287338,0.7288966,0.72841334,0.7287748,2
71.4,-0.40508088,0.19609547,-2.5022793,0.016559415,0.0032583636,0.00092723203,-0.021183968,-0.0019246646,-0.00091549003,0.0005259202040628,0.0005758162695346,2.725759520593038e-05,-0.0014540646,-0.0029867697,6.000635e-06,15.3,0.5000267,0.7286354,0.72871095,0.7288118,0.7284592,2
71.5,-0.40226424,0.19608374,-2.5020201,0.014880512,0.0024818403,0.0005228936,-0.018539518,-0.0076919817,-0.005598645,0.0004374044012751,0.0003804517515006,0.0001038584523189,-1.8377759e-06,-0.0012735904,-5.6827237e-05,15.3,0.5000267,0.72815126,0.7288297,0.72862273,0.72861546,2
71.60000000000001,-0.39917308,0.19623996,-2.5026128,0.013566872,0.0020025582,0.00011391953,-0.009229321,-0.0010448804,-0.005807727,0.0005054139374271,0.0001416085815639,0.0001332000650387,0.00148982,-0.0025421907,0.0010664468,15.3,0.5000267,0.7284501,0.72839063,0.72837573,0.7286009,2
71.7,-0.39565203,0.1963405,-2.5035484,0.013219832,0.001610112,-0.00016413763,-0.0074190446,0.00036662957,-0.006763264,0.0006169223158846,-4.665203112893928e-05,0.0001374645032501,0.0009071585,-0.0014071983,-0.00010012249,15.3,0.5000267,0.7282704,0.728421,0.72858584,0.72823644,2
71.8,-0.39191353,0.19627705,-2.5047169,0.01317193,0.0013989168,-0.00030525375,-0.00850525,-0.00584685,0.008625443,0.0006852283938164,-0.000160504424232,0.0001174620237323,-0.0001941651,4.3549557e-05,-0.00058034254,15.3,0.5000267,0.7280081,0.72860974,0.7283983,0.72818375,2
71.9,-0.38778892,0.19608213,-2.506415,0.0135916425,0.0012400524,-0.00058790186,-0.016698856,-0.0044099046,0.0041835005,0.0007258720166083,-0.0001689976174476,0.0001081014199158,0.00053703215,0.0013600019,-0.0004039268,15.3,0.5000267,0.72808117,0.7284083,0.728135,0.72827554,2
72.0,-0.38380656,0.19535215,-2.5082057,0.013908576,0.00062380685,-0.0008472817,-0.0066433484,-0.0033752706,0.0057686116,0.0007559124016224,-0.0001143344036392,0.0001237726250157,0.0005502758,0.0016556826,-0.00017196641,15.3,0.5000267,0.72799957,0.7282344,0.72802484,0.7282897,2
72.10000000000001,-0.3791397,0.19393545,-2.5099912,0.014172575,-5.451069e-05,-0.00079508213,-0.009928956,0.0036591955,0.010652001,0.0007905778386587,-1.8606200639061295e-05,0.0001167846537006,0.00090029853,0.0007944309,0.00010275451,15.3,0.5000267,0.7282557,0.727987,0.7281796,0.72808504,2
72.2,-0.37417114,0.19236802,-2.5112329,0.014984514,-0.0006034512,0.0043884283,-0.013498157,0.000229556,0.21531153,0.0009356982030572,0.0003340039951323,0.0001392167043322,0.0026412949,0.01429051,-0.00070576416,15.3,0.5000267,0.7109527,0.708121,0.7107169,0.70836395,2
72.3,-0.36912295,0.19080156,-2.5104182,0.014418815,-0.0010017593,0.055650197,-0.042599283,0.0020155234,0.79776156,0.0011299218702041,0.0026715069671218,0.0001496391692144,0.0019219986,0.013126879,-0.0003430558,15.3,0.5000267,0.6787556,0.68149227,0.67925084,0.6809195,2
72.4,-0.36407942,0.18915245,-2.5004103,0.012661411,-0.0016059201,0.1694059,-0.030557605,0.0026818214,1.33831,0.0013501796993384,0.002409700085797,0.0001431921090915,0.0029364342,-0.0070639215,-1.5238014e-05,15.3,0.5000267,0.6586249,0.65845156,0.6585218,0.6583737,2
72.5,-0.36013606,0.18742289,-2.476859,0.011206777,-0.0020314187,0.31821233,-0.030098274,0.0044757454,1.7010089,0.001653574585744,0.0017999471710228,0.0002039097840449,0.002210051,-0.0043818126,4.824302e-05,15.3,0.5000267,0.63855094,0.63861126,0.63914347,0.6381799,2
72.60000000000001,-0.356375,0.18595634,-2.431114,0.009955493,-0.0022353479,0.51623046,-0.01794601,-0.00014820533,1.8790983,0.0019941370084395,0.0016377299728229,0.0001983055152843,0.0036092142,-6.008923e-05,-0.0005161448,15.3,0.5000267,0.6470036,0.6466264,0.6469378,0.64653915,2
72.7,-0.35294247,0.18523137,-2.3637614,0.008781967,-0.0016866983,0.6629317,-0.024650412,0.0066245813,0.9832875,0.0022998082062661,0.0017716395816588,0.0002013234384972,0.0031104097,0.002147643,-0.00067637186,15.3,0.5000267,0.68972695,0.68916214,0.68943244,0.68933314,2
72.8,-0.35000178,0.18551569,-2.2901833,0.007484205,-0.00019675322,0.72563577,-0.029728351,0.013823024,0.3385823,0.0024970541714205,0.0021001081104319,0.0002255485813366,0.0011593595,0.004550403,0.00026573476,15.3,0.5000267,0.7186632,0.71891034,0.7185056,0.71905077,2
72.9,-0.34685546,0.1869846,-2.2066066,0.0059138825,0.002554257,0.7309586,-0.03934369,0.014746961,-0.22731766,0.0024961568544621,0.0024712391053334,0.0002559689541202,-0.0014966552,0.0045870016,-0.00043696904,15.3,0.5000267,0.74301803,0.742942,0.7429765,0.7430424,2
73.0,-0.3442551,0.18928316,-2.1320236,0.0039030951,0.005311688,0.6901912,-0.039606888,0.013538706,-0.5875406,0.002176182310684,0.0029402300747908,0.0002907792475347,-0.0059503,0.006057538,-0.00037614125,15.3,0.5000267,0.75363624,0.7546941,0.75402296,0.754501,2
73.10000000000001,-0.34227547,0.19217978,-2.0578146,0.0006358493,0.007916557,0.64226574,-0.043749157,0.011087801,-0.35577685,0.0016117234428317,0.0032037264887585,0.0003380203878616,-0.0072824,0.0008530117,-0.0014451289,15.3,0.5000267,0.74045736,0.7404365,0.74068654,0.74061024,2
73.2,-0.34141746,0.1947102,-1.9943258,-0.0021358258,0.009220662,0.6214154,-0.036964744,2.339584e-05,-0.13273534,0.0009107179007656,0.003173422918919,0.0003470568269967,-0.006813671,-0.00074664596,-0.0013099961,15.3,0.5000267,0.73283106,0.73262304,0.73258895,0.7330733,2
73.3,-0.34137636,0.19691306,-1.9332844,-0.0050801644,0.009337302,0.6146457,-0.03662709,-0.012357262,-0.025297513,0.0002016734460251,0.0030044065703721,0.0003786601251986,-0.0067727035,-0.0023279826,-0.00079929107,15.3,0.5000267,0.7281211,0.7279925,0.7285053,0.72795826,2
73.4,-0.3426262,0.19882257,-1.8682429,-0.008464514,0.008535807,0.6161222,-0.028102854,-0.01776289,0.04793191,-0.0003586552348465,0.0027732411393715,0.000393817827452,-0.0038990877,-0.001653608,-0.00040422892,15.3,0.5000267,0.7254241,0.72615904,0.7255951,0.7263032,2
73.5,-0.34526026,0.20037676,-1.8083802,-0.012101296,0.007683958,0.62205017,-0.032104243,-0.0068626944,0.08033635,-0.0007398451652579,0.0023676223885582,0.0003612447741742,-0.003041821,-0.005687394,-0.001361897,15.3,0.5000267,0.72478116,0.7247833,0.72494805,0.724707,2
73.60000000000001,-0.34947473,0.20229965,-1.7431445,-0.016183427,0.0064280927,0.6302392,-0.017726112,-0.022334946,0.088256314,-0.0009887830419318,0.0017333448200996,0.000348595029037,-0.0020616138,-0.008122047,0.00038795892,15.3,0.5000267,0.7242547,0.7244812,0.7243453,0.7245556,2
73.7,-0.354661,0.20448622,-1.6772201,-0.0195598,0.0054709734,0.6388967,-0.01290037,-0.022770535,0.080461144,-0.0011663994431572,0.0007998911438815,0.0003389499784444,-0.002138255,-0.010896939,-0.00026452105,15.3,0.5000267,0.7245994,0.7240433,0.7245797,0.7243167,2
73.8,-0.35973728,0.20663808,-1.6157036,-0.021910708,0.004611895,0.6468942,-0.0037210418,-0.021683283,0.08818274,-0.0013511709037612,-0.0002863358106293,0.0002805283944222,-0.0022827294,-0.011765286,-0.0010738495,15.3,0.5000267,0.7246208,0.72444844,0.72459316,0.7245288,2
73.9,-0.36502656,0.20879605,-1.5483043,-0.023031509,0.0035475153,0.65512425,0.007699628,-0.015316246,0.06503844,-0.0015692006911864,-0.001464255968954,0.0002385219328933,-0.0028590572,-0.012223315,-0.0003111206,15.3,0.5000267,0.7249476,0.72492003,0.72514814,0.7247202,2
74.0,-0.36985502,0.2103589,-1.4854105,-0.022959094,0.0020964555,0.6618032,0.020913996,-0.029852552,0.077820376,-0.0018266583856868,-0.0025643669870383,0.0001904116544534,-0.0021795798,-0.010758715,-0.0010185263,15.3,0.5000267,0.7253862,0.7250101,0.72514683,0.7251658,2
74.10000000000001,-0.37455085,0.21129642,-1.4164773,-0.021187913,-2.0295789e-05,0.6684196,0.028630976,-0.023085516,0.051637176,-0.0019774728924861,-0.0035316348783819,0.000100796392619,-0.00075515045,-0.009161141,-0.000101605314,15.3,0.5000267,0.7260716,0.7254008,0.72583324,0.72518617,2
74.2,-0.37798518,0.2116272,-1.3521372,-0.018541727,-0.0024978078,0.6737635,0.0396203,-0.026662286,0.058867965,-0.002037396746217,-0.0042700701759955,6.511842674553436e-05,0.0004949919,-0.005665381,0.00040978758,15.3,0.5000267,0.7261377,0.7259914,0.72585964,0.7259512,2
74.3,-0.3811016,0.2117912,-1.2874918,-0.015285844,-0.0046251165,0.6784602,0.034683462,-0.030459248,0.04910817,-0.0019086275982138,-0.0047653272971694,1.9940502877399917e-05,0.0020167257,-0.0037437992,-0.00041276915,15.3,0.5000267,0.72672224,0.72615325,0.7262218,0.72632897,2
74.4,-0.38423184,0.2127275,-1.2172552,-0.011690677,-0.005987189,0.68272084,0.04585191,-0.025933137,0.046388242,-0.0016851584214388,-0.0050297086945857,-1.8181368704192127e-05,0.0023773173,-0.0023592345,-0.00015079865,15.3,0.5000267,0.7268798,0.72636384,0.72630835,0.72656333,2
74.5,-0.38671038,0.21389821,-1.15246,-0.008131945,-0.006581573,0.6861535,0.043395255,-0.024183659,0.028314533,-0.0015419895130077,-0.0051357015010486,-3.781968146742623e-05,0.0009151468,-0.00021008031,0.00014761463,15.3,0.5000267,0.7267313,0.72657883,0.7262611,0.72683066,2
74.60000000000001,-0.389622,0.2149306,-1.082569,-0.0050677783,-0.007282003,0.6897199,0.03889488,-0.017556312,0.046781726,-0.0015424522619838,-0.0051183063582455,-8.944452989866196e-05,-0.00072443194,-0.00072659884,0.00012376983,15.3,0.5000267,0.7266411,0.7265828,0.72642,0.7264165,2
74.7,-0.39226365,0.21537714,-1.0127124,-0.0020336674,-0.008927258,0.693131,0.040934645,-0.0288091,0.048085578,-0.0015971673379655,-0.0051353130359538,-0.0001072675976917,-0.0010845616,-0.00068564084,-0.00034786473,15.3,0.5000267,0.72647333,0.7264813,0.7264244,0.72623247,2
74.8,-0.39439493,0.21492985,-0.94810414,0.00075212616,-0.010517996,0.69647545,0.03546157,-0.023995396,0.047560778,-0.0015780846844252,-0.0051723348850999,-0.0001274980279409,0.00016780951,-0.0008359139,0.00047177405,15.3,0.5000267,0.7264653,0.72657806,0.7265745,0.72609717,2
74.9,-0.39645433,0.21304618,-0.8776996,0.0037074375,-0.013351627,0.69976825,0.03619998,-0.014948347,0.0347197,-0.0014747476284182,-0.0051600787789406,-0.0001481228114921,0.0018105238,-0.0008054682,0.0006149561,15.3,0.5000267,0.7266034,0.7266445,0.72673905,0.7261789,2
75.0,-0.39828327,0.21078156,-0.8120353,0.005973662,-0.015981063,0.7026168,0.04095237,-0.018690506,0.041566785,-0.0011392588928683,-0.0051152960026441,-0.000156397085071,0.0048245573,4.7026635e-05,3.765551e-05,15.3,0.5000267,0.7267829,0.72694325,0.7267392,0.7267242,2
75.10000000000001,-0.4000762,0.20806119,-0.73964775,0.008390341,-0.018551402,0.7054653,0.04074034,-0.0070374305,0.026084015,-0.0005547939364965,-0.0051278636755062,-0.0001611470739106,0.007089247,-0.0012737052,0.00030208562,15.3,0.5000267,0.7276596,0.72736645,0.72749263,0.7272797,2
75.2,-0.4007085,0.20501313,-0.67215204,0.01142363,-0.020261671,0.70686555,0.042571995,0.002059457,0.024029983,0.0001547040312131,-0.0051423618995906,-0.0001339675096456,0.007194004,-0.00035222596,0.0015291108,15.3,0.5000267,0.7279114,0.7279605,0.72805935,0.72777754,2
75.3,-0.3997878,0.20149569,-0.60431623,0.015295825,-0.021872576,0.70746064,0.038602155,0.006088389,-0.00073341647,0.0009052639646344,-0.0050181524324357,-0.0001007689062052,0.008423858,0.0021974957,0.0010403405,15.3,0.5000267,0.7282991,0.7283035,0.728613,0.7280823,2
75.4,-0.39724466,0.19777353,-0.5307727,0.020204635,-0.022494119,0.707404,0.03439057,0.008351892,0.0006509944,0.0016814891824622,-0.0046457624610163,-7.899957156678222e-05,0.0075521227,0.0072793816,0.0010716447,15.3,0.5000267,0.7282965,0.7287619,0.72830254,0.7287075,2
75.5,-0.3938464,0.19441767,-0.46308586,0.024410222,-0.022240229,0.70691067,0.02600276,0.013572012,0.0011934898,0.0024704867552742,-0.0039254609824331,-3.148422981653385e-05,0.007759507,0.009509318,0.0007454649,15.3,0.5000267,0.7284242,0.7285093,0.72820854,0.72880006,2
75.60000000000001,-0.38938802,0.19164841,-0.3897392,0.028084168,-0.02040124,0.706273,0.014156209,0.0216762,0.011143739,0.003144208929651,-0.0029574094971221,4.857105440289982e-05,0.005590014,0.010437736,0.0010289166,15.3,0.5000267,0.7284274,0.72822654,0.7283737,0.7285747,2
75.7,-0.3851788,0.18998832,-0.31640413,0.030648464,-0.016943196,0.70569503,0.0110354675,0.027760321,-0.026270745,0.0035969686129824,-0.001867537752811,0.0001049553702522,0.0036267322,0.012523271,0.00017438318,15.3,0.5000267,0.72853076,0.72823536,0.72786766,0.72908014,2
75.8,-0.38163003,0.18954253,-0.24864367,0.03162272,-0.013015156,0.70544535,-0.0017850349,0.02674047,0.012271571,0.0037207747321405,-0.0007691523043784,0.0002114536853553,-0.0014210218,0.01076548,0.0007470744,15.3,0.5000267,0.7280996,0.72840214,0.7284776,0.7285086,2
75.9,-0.3780044,0.18996724,-0.17479691,0.03123259,-0.008164671,0.7054843,-0.009187542,0.031014372,-0.0036521812,0.0035543668640199,0.0002240771503239,0.0003122182326251,-0.0040339837,0.0078052264,0.00081937807,15.3,0.5000267,0.7287898,0.72826135,0.7288868,0.7287876,2
76.0,-0.37429523,0.19067392,-0.106815726,0.030703953,-0.004444555,0.70476097,-0.019936664,0.02429999,-0.0063874754,0.0030486496494323,0.0009507174413192,0.0004016474340511,-0.0067396546,0.0069406,-0.00011006635,15.3,0.5000267,0.7283546,0.72866917,0.72875744,0.7289451,2
76.10000000000001,-0.37067783,0.1913967,-0.044820964,0.0057690963,0.008766684,-0.001309904,-0.013832431,0.022446334,0.012840143,0.0024686207938,0.0014599283829753,0.0004347115566648,-0.0028349543,-0.0031983932,0.00015817434,15.3,0.5000267,0.5188518,0.5144898,0.51698416,0.5168844,2
76.2,-0.36950216,0.19272633,-0.05086486,0.0069237743,0.0095216995,-0.0045927577,0.007267109,0.0017637557,-0.001146458,0.0023996980083611,0.0013590385340224,0.0004933658251863,-0.0008867538,-0.00077583373,0.00015052498,15.3,0.5000267,0.48445022,0.48436046,0.4806794,0.48890555,2
76.3,-0.3682334,0.19375092,-0.0642717,0.008212203,0.009603279,-0.011182822,0.0036205926,0.006296857,0.0072754915,0.0022058015815482,0.0010461132179514,0.0005528769283748,-0.0021313515,-0.0032317282,-0.0008132255,15.3,0.5000267,0.44721994,0.4448695,0.4444844,0.4486066,2
76.4,-0.36645707,0.19461606,-0.07670985,0.009578631,0.009483511,-0.016845793,0.025064843,-0.02874354,-0.0031138768,0.0020933897496067,0.0007591852690343,0.000595544426647,-0.0015121844,-0.0033354857,0.00027799068,15.3,0.5000267,0.41363528,0.41012534,0.41082272,0.41404465,2
76.5,-0.36519426,0.19530605,-0.08615732,0.010332109,0.009266173,-0.020773958,-0.0037130062,-0.0017702631,-0.0027660278,0.0018311416904414,0.0003123068491217,0.0006414633996559,-0.00162674,-0.0036895566,-0.00021568396,15.3,0.5000267,0.3787388,0.37379465,0.37534627,0.37845173,2
76.60000000000001,-0.36505234,0.1957568,-0.09417257,0.009898089,0.008886012,-0.023411041,-0.0006447091,0.0065348535,0.003642868,0.0016378345865924,-1.2667690705813126e-05,0.0006856993455411,-0.0015931071,-0.0025920095,-0.00039875726,15.3,0.5000267,0.12142656,0.11804498,0.118850715,0.121677704,2
76.7,-0.36574024,0.19572371,-0.099689156,0.009079157,0.008208451,-0.024568334,0.0017188836,0.005925414,-0.007325783,0.001517375156713,-0.0002421032747558,0.0007179432494058,-0.00082577416,-0.002429297,7.404885e-05,15.3,0.5000267,0.1216274,0.118127845,0.11872238,0.12152234,2
76.80000000000001,-0.3673024,0.19578806,-0.10343185,0.0072431182,0.007890565,-0.025197152,0.0050680945,0.0014730544,0.00658445,0.0013684307474509,-0.0003774777249851,0.0007433923439824,-0.0009557096,-0.0018775176,-0.00018208503,15.3,0.5000267,0.12178298,0.11806976,0.11869236,0.12145486,2
76.9,-0.36994117,0.19614364,-0.10623866,0.0047587156,0.007885161,-0.025477774,0.00031425006,0.0050577605,0.001965556,0.0012717477009,-0.0004574097905952,0.0007630450187319,-0.00148279,-0.0012513987,-0.00014222559,15.3,0.5000267,0.121697985,0.1182389,0.118743636,0.121319436,2
77.0,-0.37303632,0.19611204,-0.10794738,0.002179191,0.007760703,-0.025124494,0.00050217385,0.0021765907,0.002499204,0.0012323396037062,-0.0005129996767984,0.0007766302362219,-0.0006401489,-0.00162958,0.00010233457,15.3,0.5000267,0.12180132,0.118169025,0.11876133,0.12126829,2
77.10000000000001,-0.3765439,0.19532269,-0.109211355,-0.00052208203,0.006736287,-0.024928952,0.0004683719,-0.0023562696,-0.0062170434,0.0011544648102786,-0.0005222321990799,0.0007933647143824,-0.00018586087,-0.0009509342,-0.0005349727,15.3,0.5000267,0.12183374,0.11806473,0.1187382,0.12136329,2
77.2,-0.38009986,0.19420187,-0.11016756,-0.0032154124,0.005765854,-0.024534818,-0.005013029,0.0028386302,-0.0034039838,0.0010860091138019,-0.0005138036199762,0.0008062643794726,0.00017945349,5.026471e-05,0.0007316313,15.3,0.5000267,0.121747285,0.11816068,0.11841855,0.12167344,2
77.30000000000001,-0.3848564,0.19259796,-0.110880286,-0.0066684806,0.004385908,-0.0238116,-0.005292466,3.790137e-05,0.0046896744,0.0010110907175065,-0.0004894979292478,0.0008477866761662,7.936882e-05,-0.00081686233,0.00039565703,15.3,0.5000267,0.0019999999,0.0,0.00053400267,0.0014659972,2
77.4,-0.38981497,0.19053641,-0.11188066,-0.010483272,0.0031161057,-0.02370022,-0.008951184,-0.00023945811,0.00015785916,0.0009571706068426,-0.000409808732735,0.0009203848269776,5.3643118e-05,0.00042942015,5.6007153e-05,15.3,0.5000267,0.0018492747,0.0,7.536262e-05,0.0020753625,2
77.5,-0.39489856,0.18797721,-0.11299515,-0.014407372,0.001626675,-0.023560321,-0.0034735678,0.001068352,-0.003130175,0.0008722552175907,-0.0003341215403457,0.0010937569183605,-0.001070605,-0.0004324798,0.0001360534,15.3,0.5000267,0.0019999999,0.0,0.00027113105,0.0017288689,2
77.60000000000001,-0.40002093,0.18521714,-0.1140607,-0.01822063,8.21299e-05,-0.02308416,-0.011788781,0.0009381044,0.0066524367,0.0008088075379766,-0.0003009589431434,0.0013691235630803,0.00013588506,-0.0008771781,-0.0002119236,15.3,0.5000267,0.0019999999,0.0,0.00048363974,0.0015163601,2
77.7,-0.40471843,0.18303497,-0.114646494,-0.020873265,-0.0011562286,-0.022469923,0.0009930149,-0.0010384312,-0.0075274142,0.0007571863252947,-0.0002455662168912,0.0016755327496078,0.00032702324,0.0011093759,3.68506e-05,15.3,0.5000267,0.0015590461,0.00022964459,0.000105654595,0.0021056545,2
77.80000000000001,-0.40830824,0.18211906,-0.11493501,-0.023159873,-0.0013900395,-0.021767892,-0.007439395,-0.0040456867,-0.0023934988,0.0007528662987228,-0.0001752890719489,0.0019833765411087,-0.0005143533,0.00032132864,-0.0006938032,15.3,0.5000267,0.0016156423,0.00015568614,0.00011433568,0.0021143355,2
77.9,-0.4115581,0.1817829,-0.11482835,-0.025220558,-0.0014708106,-0.020740613,-0.014070907,-0.0016103091,-0.0027907079,0.0007589778608577,-0.0001463870367064,0.0022802820596021,-4.57953e-05,-0.00033929147,-0.00013308477,15.3,0.5000267,0.0019999999,0.0,0.00012450061,0.0018754993,2
78.0,-0.41384563,0.18163702,-0.114106774,-0.026366677,-0.0012883473,-0.019946955,-0.006712064,0.003121489,0.0025779007,0.0007726959776609,-0.0001670619397062,0.0024838498111398,0.00041370094,-3.9180675e-05,-0.00032450445,15.3,0.5000267,0.0019999999,0.0,3.7089922e-06,0.0019962909,2
78.10000000000001,-0.415253,0.1817024,-0.11324364,-0.026600936,-0.0006447657,-0.019190673,-0.007981252,0.0028223884,0.0016991979,0.0008167042051897,-0.0001544487719397,0.0026642475449339,0.00039977193,0.00073589484,-0.00053272763,15.3,0.5000267,0.001683867,0.00016949643,7.331823e-05,0.002073318,2
78.2,-0.41597933,0.18177523,-0.112487525,-0.026572991,-5.0231924e-05,-0.018683365,-0.004739355,0.0031599824,-0.0031432135,0.0008407504568435,-0.0001948220769153,0.0028441326217626,0.00029595156,0.00011021066,0.00020055045,15.3,0.5000267,0.0019306941,0.0,3.4652883e-05,0.0020346527,2
78.30000000000001,-0.41618988,0.18166186,-0.11203912,-0.026239863,0.00028153972,-0.018415531,-0.005786399,-0.006620442,-0.008136033,0.0008370831234982,-0.0002281444396651,0.0029965105745864,-0.00061791146,4.7140198e-05,-0.00093200465,15.3,0.5000267,0.0019668327,0.0,1.6583595e-05,0.0020165835,2
78.4,-0.41618928,0.1810283,-0.11199823,-0.025886638,-1.0546257e-05,-0.018333001,-0.0122203035,-0.00024541235,-0.010340008,0.0008320887327371,-0.0002481575843357,0.0031017194367447,-0.00012575148,0.0005354771,1.662503e-05,15.3,0.5000267,0.001987779,0.0,6.1104074e-06,0.0020061103,2
78.5,-0.41577315,0.17981105,-0.11247194,-0.025327118,-0.0008878506,-0.017994277,-0.0042971075,-0.0014530427,-0.0007571652,0.0008198790395455,-0.0002990036613291,0.0032238631119057,0.00033859067,-1.8250616e-05,0.0009033757,15.3,0.5000267,0.0019999999,0.0,6.51218e-05,0.0019348781,2
78.60000000000001,-0.41449997,0.17835389,-0.11312047,-0.0242073,-0.0021269603,-0.018009758,-0.0037692527,0.0052384958,0.00043306497,0.0007420498414304,-0.000338544596715,0.0033116109595062,-0.00023588736,-0.0003304122,-3.5348243e-05,15.3,0.5000267,0.0019999999,0.0,0.00044357489,0.0015564251,2
78.7,-0.41291726,0.17690909,-0.113821834,-0.023054264,-0.0034493487,-0.017894417,-0.008213452,8.719939e-05,-0.00077206636,0.0006881454875998,-0.0003787256338912,0.0033899826222481,-0.0003447636,-7.343523e-05,0.00011189211,15.3,0.5000267,0.0019999999,0.0,3.284961e-05,0.0019671503,2
78.80000000000001,-0.41158444,0.17557609,-0.11447939,-0.02185514,-0.0044064047,-0.017847281,-0.003228782,-0.002398487,-0.0026416963,0.000646218816337,-0.0004209623971222,0.0034393551169021,6.8368594e-05,0.00042929105,0.00021336094,15.3,0.5000267,0.001964008,0.0,1.7995946e-05,0.0020179958,2
78.9,-0.41065788,0.17424788,-0.11464006,-0.021161977,-0.0053803674,-0.017736705,-0.008738037,-0.0009352408,0.002395827,0.0006035492116952,-0.0004598000418352,0.0034814284081039,4.935408e-05,-0.00025111233,-3.141417e-05,15.3,0.5000267,0.0019999999,0.0,0.00029744557,0.0017025543,2
79.0,-0.41002512,0.17315015,-0.11441195,-0.020513557,-0.0057855295,-0.017415073,-0.0054861954,0.005528104,0.0033997928,0.0005867643118837,-0.0004576381163694,0.0035733363196291,7.92543e-05,1.3125474e-05,0.00059290335,15.3,0.5000267,0.0019999999,0.0,0.0001356818,0.0018643179,2
79.10000000000001,-0.40931377,0.17201778,-0.11357087,-0.019488575,-0.006095584,-0.016511839,-0.00011386327,-0.0031203288,0.0033988615,0.000582580440189,-0.0004816765786366,0.0036608331694892,-0.0005442643,-0.0004886756,-0.00011771493,15.3,0.5000267,0.0019999999,0.0,0.00035938836,0.0016406116,2
79.2,-0.40919253,0.17109397,-0.1125845,-0.01902103,-0.006392166,-0.015660271,-0.003470053,-0.0034326739,0.010246876,0.0005467963688911,-0.000512344395093,0.0037010184036463,-0.00084020494,0.0001441485,-7.999155e-05,15.3,0.5000267,0.0019999999,0.0,0.0002719385,0.0017280614,2
79.30000000000001,-0.40953657,0.17019497,-0.11111191,-0.018779242,-0.006781385,-0.01471148,-0.002370062,-0.004960765,0.00027799976,0.0005494189883002,-0.0005334310311134,0.0037583328718604,0.00041255582,0.00044758778,0.0011157609,16.2,0.5736122,0.001501797,0.00041578774,0.00085510843,0.0012273066,2
79.4,-0.40975243,0.16903155,-0.10939211,-0.018201888,-0.0076236227,-0.01353444,0.0056966017,-0.0066376063,-0.0062375325,0.0005161440583883,-0.0005478176805867,0.0038028538936189,-8.159153e-05,-0.00092387554,-0.000830924,16.2,0.5736122,0.0015655139,0.00038602762,0.001239536,0.00080892217,2
79.5,-0.40997154,0.16748255,-0.1072849,-0.018172942,-0.008673889,-0.012453038,-0.0044113006,-0.0054097814,-0.0034384427,0.0004974384914855,-0.0005753670478822,0.0038491376364488,0.00019126963,0.0006166725,0.00024226331,16.2,0.5736122,0.0014641589,0.00050756085,0.00085517054,0.0011731094,2
79.60000000000001,-0.40964583,0.16574065,-0.10493851,-0.01745712,-0.009811354,-0.011194356,-0.002025015,-0.004742503,0.0010379589,0.000445071424936,-0.000599049188495,0.0039128585120272,-6.1465165e-05,-0.0009911349,0.00056328654,16.2,0.6505556,0.0016750105,0.00023250864,0.0013823629,0.0007101175,2
79.7,-0.40854254,0.16407949,-0.10223982,-0.01618086,-0.010678276,-0.009902162,-0.0019492237,-0.0056992876,-0.0032489186,0.0004170521884779,-0.0006669781228523,0.0039397029582585,-0.0004041663,-0.00013360672,-0.0001505288,16.2,0.71361446,0.0013493674,0.00061319093,0.0012304661,0.0008069753,2
79.80000000000001,-0.4071238,0.1628231,-0.10024491,-0.0148671465,-0.011342128,-0.00917159,-0.001945736,-0.0061903275,0.004389323,0.0003734231821973,-0.0007131889458348,0.0039509217758119,-0.00041034585,-8.51107e-06,0.00020104193,16.2,0.71361446,0.0013657539,0.00067664654,0.0012214123,0.0007361869,2
79.9,-0.4052685,0.16192171,-0.098354995,-0.013086998,-0.011717153,-0.008310851,0.006496781,-0.0065928274,0.005214009,0.0003913585121677,-0.0007873987660657,0.0039862200795465,0.0015896604,-0.00012651237,-0.00017163872,16.2,0.7652931,0.0017784793,0.00020927623,0.000833092,0.0011791522,2
80.0,-0.4034139,0.16192093,-0.0970445,-0.011548221,-0.011623291,-0.007769382,-0.005072925,-0.007742067,0.0016689299,0.000427829505663,-0.0008432939620274,0.0040264501323182,0.00010608949,-0.000636785,-9.761613e-05,16.2,0.7652931,0.0016736141,0.00030519627,0.0013544825,0.0006667068,2
80.10000000000001,-0.4017719,0.16286814,-0.096039206,-0.010603714,-0.01030833,-0.007071032,-0.0061312467,-0.0040944335,0.0035464761,0.00047494043373,-0.0008561385470955,0.0040584160787192,8.822663e-05,-0.0005256218,-0.0007343713,16.2,0.8076477,0.0016581219,0.00035605166,0.0012679267,0.0007178995,2
80.2,-0.40033934,0.16463809,-0.09524226,-0.00914794,-0.008335893,-0.0065664076,-0.0020030127,-0.00012682778,0.0037271527,0.0005484988758229,-0.0008828194701183,0.0040858697717675,0.00039157338,0.000104272054,0.00022240524,16.2,0.8076477,0.001767126,0.00029532952,0.000987521,0.0009500232,2
0.0,0.6175445,0.18469323,0.023776606,-0.003071032,0.0005175042,0.006095849,0.00031150738,-0.0010720723,0.0017378478,0.0013682797861845,-0.0059579444260223,0.0574669638911929,0.00028430123,-0.0004141988,0.00072663615,16.2,0.9999466,0.0019999999,0.0,0.0019999999,0.0,3
0.1,0.6187621,0.1855486,0.024121836,-0.0019852389,0.001684426,0.006235856,0.0006089776,0.0046785264,0.006556976,0.0013998416002906,-0.0060193802585579,0.0574700197611434,0.0005106225,-0.00025184697,0.00065353425,16.2,0.9999466,0.002,0.0,0.002,0.0,3
0.2,0.6200987,0.18618184,0.024255529,-0.00042654763,0.0024526953,0.0064310036,0.004814126,0.0052990606,0.0016549601,0.0014225577368385,-0.0060610419903624,0.0574755582971968,-0.00044079078,-8.780942e-05,0.0002834411,16.19436,0.99966145,0.0019999994,0.0,0.0019999999,0.0,3
0.3,0.6216963,0.18674694,0.024211854,0.0011669493,0.0030528035,0.006506731,0.0038331999,-0.0036901808,-0.007824506,0.0014199429019348,-0.0061504046849151,0.0574942006151516,-0.0010326799,-0.0013716252,-2.3911974e-05,16.188362,0.9988289,0.0019999999,0.0,0.0019999999,0.0,3
0.4,0.62342924,0.18738964,0.0240964,0.003004082,0.003919274,0.0068362993,0.0035510291,0.0023424753,-0.0010798684,0.0014505053751275,-0.0061811063845087,0.0574786193112813,0.00023512432,-0.0004711971,0.0006169312,16.188362,0.9988289,0.002,0.0,0.002,0.0,3
0.5,0.625084,0.18800843,0.0240556,0.0045115147,0.0047037946,0.0070320847,0.0009005252,-0.005517429,0.0001285225,0.0014747527730167,-0.0062621752965806,0.05748354403721,6.714194e-05,-0.0011251034,-9.613125e-05,16.188362,0.9988289,0.0019999999,0.0,0.0019999999,0.0,3
0.6000000000000001,0.6262764,0.18861888,0.023660362,0.005710911,0.005647173,0.007316549,0.0017665005,0.00039541553,-0.003297813,0.0014909245933358,-0.0062903007535851,0.057484530636539,-0.0005242029,0.00057294755,-0.0006792057,16.182362,0.99754715,0.0019999996,0.0,0.0019999996,0.0,3
0.7000000000000001,0.62725186,0.18960187,0.023150831,0.0065318253,0.0068719243,0.0072904467,0.00974836,0.008990776,0.0075693238,0.0015123164449908,-0.0063047992902334,0.0574809615983882,0.00010113714,-0.0005627838,-0.0007652117,16.176363,0.9958916,0.0020000006,1.1641532e-10,0.0019999996,0.0,3
0.8,0.6280025,0.19041069,0.02294211,0.007212642,0.007773883,0.0073753125,0.006570082,-0.0053364644,-0.0041089947,0.0015421166666892,-0.0063138290763625,0.0574704404258511,-0.00087066356,0.0005019432,-0.00026017334,16.176363,0.9958916,0.0019999999,0.0,0.0019999999,0.0,3
0.9,0.62847596,0.19074698,0.022935212,0.0074715186,0.008266591,0.0076471562,0.00653903,0.001523836,-0.0029420478,0.001547741538009,-0.0063075982142799,0.0574773331865868,-0.00013635361,0.0004504727,-0.00050723256,16.176363,0.9958916,0.002,0.0,0.002,0.0,3
1.0,0.6289468,0.19085144,0.02316399,0.007925149,0.0084820185,0.007714139,0.009116616,0.009229957,0.0004963949,0.0015787205165907,-0.0063261063507613,0.0574782671865773,0.00027037394,0.00022962011,-9.004989e-05,16.170362,0.9939337,0.0019999996,0.0,0.0019999996,0.0,3
1.1,0.62956434,0.19088139,0.023657575,0.008469881,0.0086421985,0.0076542664,0.0064793234,-0.005323361,0.00013923271,0.001561298053704,-0.0063415660988392,0.0574730045278301,-0.00012218957,5.4691824e-05,-0.00020218355,16.164364,0.99172497,0.022640333,0.015750345,0.021109726,0.017257497,3
1.2000000000000002,0.63067037,0.19134398,0.024216518,0.009302381,0.008843888,0.007676455,0.0017446271,-0.004773389,-0.006328802,0.0015698899867713,-0.0063605162560194,0.0574981580456089,0.0006228522,-0.00025526513,0.00030531883,16.164364,0.99172497,0.041437443,0.033845145,0.039640117,0.03577548,3
1.3,0.6322944,0.19203354,0.024951622,0.010479324,0.009210847,0.00788175,0.002801842,0.0001705266,-0.003755558,0.0016069510393264,-0.0063733063007481,0.0575082385943892,-0.00019747745,-5.5669385e-05,-0.00072076387,16.158363,0.9893179,0.060487907,0.053292345,0.059257433,0.05463966,3
1.4,0.6342005,0.19293821,0.02593711,0.011988038,0.009572688,0.007915149,0.00861923,0.0021243484,0.0015655531,0.0015906567255277,-0.0063916223707766,0.057471099896257,1.0813925e-05,0.00045968316,-0.00030897418,16.158363,0.9893179,0.08374254,0.076415114,0.08195308,0.078029215,3
1.5,0.63562626,0.19391279,0.027265385,0.013056294,0.010157212,0.008054376,0.004179228,-0.0019197031,0.00032782552,0.0015760872009048,-0.0063867361773218,0.0574710786620287,-0.00024405225,0.00042709953,0.00072025147,16.158363,0.9893179,0.10727592,0.09983693,0.10569884,0.101330444,3
1.6,0.6359454,0.19520517,0.029372096,0.012964088,0.01064785,0.008094635,0.0038608394,0.006126073,-0.0045397314,0.001579859154868,-0.0063718915180171,0.0574541631140453,-0.00025656557,-0.0006063995,0.00023815289,16.152365,0.986742,0.13492763,0.12770587,0.13348117,0.12900677,3
1.7000000000000002,0.6346413,0.19609466,0.031374514,0.011456054,0.0109981485,0.0081468,0.0011295687,0.0037019637,0.0048419456,0.0015822578328111,-0.0063257387470137,0.0574779479994469,-1.37633215e-05,-0.0001300121,0.000179103,16.146364,0.98402977,0.1623224,0.15568957,0.16098759,0.15708113,3
1.8,0.63238186,0.19668444,0.033031136,0.009354624,0.011449511,0.008090991,0.0059125065,0.0063401978,0.00052200624,0.0016070033672428,-0.0062134334472324,0.0574694995909653,-9.1405294e-05,4.2064767e-05,-0.0013249317,16.146364,0.98402977,0.19486302,0.18792015,0.19324021,0.18948312,3
1.9,0.6289478,0.1977741,0.03477128,0.0065483213,0.01203611,0.008043326,0.00028277462,0.0004034109,-0.00149291,0.0016031716826879,-0.0061148271573949,0.0574723097610451,-0.0009241331,-0.0001358375,-0.00090687873,16.140366,0.98120594,0.22716036,0.21960586,0.22561382,0.22109585,3
2.0,0.6251241,0.19872801,0.03633055,0.0033893203,0.01254087,0.008275983,-0.00050320517,0.0018888366,0.0020931473,0.001617925792704,-0.0060013590568884,0.0574659348967741,-0.00022159463,0.0008279048,-0.00097654085,16.140366,0.98120594,0.2643909,0.25649863,0.26232186,0.2584432,3
2.1,0.6212933,0.19914311,0.037598163,0.0006399758,0.0123751005,0.008417004,-0.003581417,0.00028423162,-0.004390254,0.0016306081145293,-0.0059270612802055,0.0574755514709745,-0.0005820615,0.0001980758,-0.00020457729,16.140366,0.98120594,0.3011805,0.2922764,0.29913557,0.29431742,3
2.2,0.6175348,0.19949618,0.03838992,-0.0020980302,0.012228145,0.008325983,-0.0053536147,0.009578823,-0.0033476388,0.0016279864820511,-0.0058372984200875,0.0574952416472505,0.00017321421,-6.836915e-05,0.0011828522,16.134365,0.9782896,0.34321374,0.33335513,0.34065253,0.3360619,3
2.3000000000000003,0.614337,0.19920589,0.038481653,-0.004144296,0.01131664,0.0078087635,0.0018878854,0.0071614394,0.0018794088,0.0015916576815692,-0.0057817375965448,0.0574951023137952,-0.0006426336,-8.8881934e-05,0.00042879814,16.128366,0.9752989,0.3836977,0.37375784,0.381473,0.37603664,3
2.4000000000000004,0.6114959,0.19812985,0.03855881,-0.005917938,0.00959954,0.007859818,-0.0033205212,-0.0044370578,-0.0012964009,0.0015317473428469,-0.0057364191613785,0.0575107117137287,0.00047737494,-0.0003231534,0.00020313963,16.128366,0.9752989,0.39628974,0.38532552,0.39381504,0.38796747,3
2.5,0.60881203,0.19675924,0.03894162,-0.007364586,0.007786043,0.007942381,0.0019814505,0.0019248322,0.00039394942,0.0014573206570526,-0.00572323315412,0.0574823454664587,-0.00090321456,-0.00083382515,-0.00088970334,16.128366,0.9752989,0.4093624,0.39805695,0.407205,0.40017468,3
2.6,0.60664034,0.19525349,0.039629772,-0.008122498,0.0057229907,0.007970667,-0.0011427837,-0.0016894218,0.0010114162,0.0014219564243939,-0.0057079733021115,0.0574410837558793,0.0010908144,-4.797653e-05,-0.00072880805,16.122366,0.97224617,0.42260996,0.4098905,0.41945538,0.41281155,3
2.7,0.6056014,0.19414957,0.040122494,-0.008152018,0.004529543,0.007866194,0.0076830797,0.0007392209,0.00018719582,0.001374208447121,-0.0057435549463095,0.0574262123976376,0.00059505564,-0.0007000243,-0.00051758817,16.116367,0.9691429,0.43731204,0.42350045,0.43409896,0.42655712,3
2.8000000000000003,0.6056611,0.19367705,0.04068692,-0.007325988,0.0036856192,0.007816973,-0.00063121296,-0.0026444085,0.003853347,0.0013622124966895,-0.0057960158611579,0.0574265674728581,2.0372172e-05,-0.00020323585,0.00034999684,16.116367,0.9691429,0.45107844,0.43681654,0.4482323,0.4396075,3
2.9000000000000004,0.60616416,0.19409427,0.04053712,-0.006327902,0.0038487897,0.0075582373,-0.0037333446,0.0017614329,0.0031883826,0.0013978273189498,-0.0058435610657906,0.05743037008882,0.0004552208,0.00018538,0.0005959006,16.110367,0.96599865,0.46696788,0.45194578,0.4638313,0.45506614,3
3.0,0.606402,0.19489422,0.039779425,-0.005054407,0.0045948313,0.007118896,-0.001219485,-0.000746319,0.0036461276,0.0014042155349005,-0.0058701535446955,0.0574383216476855,-0.00086187664,0.0006826482,0.0005364936,16.110367,0.96599865,0.4817595,0.46616858,0.47855046,0.4694353,3
3.1,0.60630363,0.19588345,0.038275316,-0.004481365,0.0052047814,0.0065538776,-0.0037010103,0.0016010662,-0.00021141021,0.0014436695108504,-0.0058965691250176,0.0574592852275162,0.00029684708,0.00032878213,-0.00015914757,16.110367,0.96599865,0.49929667,0.48233324,0.4952787,0.48642918,3
3.2,0.60596055,0.19678503,0.03614746,-0.0040665376,0.005723212,0.0058219912,-0.0035438333,0.00041918608,0.0013872049,0.0014770177870863,-0.0059259074154458,0.0574748907966882,-0.00051488634,-0.0012002755,-1.145323e-06,16.104368,0.9628191,0.5153626,0.4973429,0.51162124,0.501142,3
3.3000000000000003,0.60510373,0.19747178,0.034231454,-0.0038972558,0.00614861,0.0052084248,-0.0022437815,0.0006593145,-0.0010370276,0.0015130768211381,-0.0059041855190121,0.0575144808635549,0.00025895858,0.00047443708,0.00039084576,16.098368,0.9596119,0.53398347,0.5151907,0.5295888,0.519783,3
3.4000000000000004,0.6039963,0.19812004,0.032707646,-0.0042522424,0.006621526,0.0048083067,-0.0017721485,0.0033274463,-0.010738614,0.0015352336751779,-0.0058883779019324,0.0575186734236468,-0.00039123918,-0.0002094552,0.0006035616,16.098368,0.9596119,0.551958,0.5325797,0.5476179,0.536988,3
3.5,0.60282946,0.19898815,0.031311095,-0.0048706857,0.007257683,0.0043735923,-0.008244383,0.005717838,-0.0055362466,0.0015562477415059,-0.0059228256133158,0.0575383465912692,-0.00063694257,-0.0008658577,0.00054875115,16.098368,0.9596119,0.5710539,0.5509426,0.5667282,0.55536276,3
3.6,0.6015453,0.20006873,0.029881254,-0.0053316522,0.008018725,0.003979045,0.0022812854,0.0063193655,-5.587935e-05,0.0015962781408966,-0.0059087596856297,0.0575368732892959,0.0004284666,0.00028636263,-0.0001830669,16.09237,0.9563818,0.5894751,0.5681476,0.58419335,0.57349753,3
3.7,0.6005058,0.20121142,0.028029054,-0.00567238,0.008677814,0.003348094,0.000385211,0.00777521,-1.6298143e-05,0.0016079097877188,-0.0058746346510237,0.0575370050308711,7.775888e-05,0.00038925032,1.6055415e-05,16.086369,0.9531355,0.6109402,0.5886959,0.60541636,0.5942169,3
3.8,0.59910625,0.20248902,0.025658771,-0.006488449,0.009545994,0.002954674,-0.00018050012,0.002493707,-0.0017080455,0.0016577877493469,-0.0058074442839066,0.0575750300227972,-0.0006044774,-0.00020422554,0.0010170846,16.086369,0.9531355,0.6301157,0.60711926,0.624643,0.6128692,3
3.9,0.59702605,0.20370132,0.023556605,-0.007703433,0.010593327,0.0027053845,0.0047929967,-0.0004737112,0.0045420597,0.0017158482161392,-0.0057657342696768,0.0575841011117495,-5.9080885e-05,2.2315458e-05,-9.401876e-05,16.08037,0.949872,0.6530544,0.62926275,0.6469768,0.63548267,3
4.0,0.5948477,0.20478006,0.022138283,-0.008960355,0.011597696,0.0025308104,0.00090973295,0.0062687765,-0.0019171274,0.0017542324281669,-0.0057397179943366,0.057590080405402,0.00015870183,-0.00033366555,-0.00013554197,16.08037,0.949872,0.6738388,0.648642,0.66687953,0.6556208,3
4.1000000000000005,0.59262323,0.20553043,0.020414948,-0.010222774,0.012412595,0.0022794148,-0.0029137516,0.002121409,0.00965828,0.001792353619269,-0.0057288919706543,0.0575924216074863,0.000103327155,-0.00091128284,-0.00094111415,16.07437,0.94659424,0.72786796,0.70196426,0.7206319,0.7092282,3
4.2,0.5912721,0.20594321,0.018870234,-0.015007107,0.0117107015,-0.0011124378,-0.09176925,-0.0465745,-0.082785256,0.0017792962382326,-0.0049960046218299,0.0574678924983137,-0.002182761,0.025281828,-0.0058923396,16.07437,0.94659424,0.74408144,0.7284619,0.7371073,0.73454607,3
4.3,0.5902265,0.20577468,0.016139701,-0.018495604,0.009662004,-0.030031675,-0.050082937,-0.012345328,-0.44090438,-0.0002978959875491,0.000662508957347,0.0566885032809735,-0.02621852,0.058649573,-0.006859659,16.07437,0.94659424,0.7547514,0.75602597,0.75267464,0.7528644,3
4.4,0.58921635,0.20508015,0.007894248,-0.026712356,0.005536739,-0.09347989,-0.10989647,-0.04871333,-0.7055606,-0.0024123020828344,0.0052338089833469,0.0561355998169412,-0.014538262,0.032398764,-0.0050941464,16.06837,0.94330883,0.75975275,0.76240957,0.7577792,0.7591024,3
4.5,0.58820873,0.2032621,-0.007336214,-0.036729142,-0.0004985434,-0.1681323,-0.11870627,-0.049422607,-0.79833573,-0.0032881937174154,0.0068129547179056,0.0558150530679201,-0.0036279494,0.0039736484,-0.0021697022,16.06837,0.94330883,0.7671728,0.7682419,0.76574594,0.7656185,3
4.6000000000000005,0.5866065,0.2002132,-0.033374995,-0.047920126,-0.008023375,-0.2575754,-0.11692581,-0.04881442,-0.8778446,-0.0032165300073721,0.0062631479679254,0.0557158849065192,0.006045864,-0.012114788,-0.00045828102,16.06237,0.94001484,0.7651136,0.76570165,0.7640693,0.7642044,3
4.7,0.58328426,0.19634275,-0.06965417,-0.0582554,-0.014905272,-0.35042194,-0.10067448,-0.0503565,-0.8743209,-0.0022736130293802,0.0045434648908099,0.0557999425819808,0.012688311,-0.02182213,0.0006289873,16.056372,0.93670845,0.76915824,0.7689109,0.76845855,0.76846546,3
4.800000000000001,0.5786032,0.19224176,-0.1116811,-0.06614483,-0.01977822,-0.43701836,-0.074584164,-0.024570825,-0.8972105,-0.0009032845433653,0.0021083992682763,0.0559437389347479,0.015144321,-0.027038755,0.001072281,16.056372,0.93670845,0.7640157,0.76481915,0.7638083,0.76450866,3
4.9,0.572051,0.1875971,-0.16633129,-0.072050124,-0.0228413,-0.5294543,-0.03393108,-0.002428589,-0.861803,0.0006711244268665,-0.0011638729659615,0.0560770683000785,0.017688604,-0.036738485,0.0006188317,16.050371,0.933403,0.76808643,0.76825666,0.7672008,0.7685858,3
5.0,0.56495804,0.18341012,-0.22536999,-0.074097954,-0.023522198,-0.6141133,0.004011066,0.01732827,-0.86849874,0.0023589999098878,-0.0056721230206646,0.0562636312839616,0.018881327,-0.05394606,0.0014256868,16.050371,0.933403,0.7621296,0.7634136,0.76166815,0.763676,3
5.1000000000000005,0.5570301,0.17900464,-0.29835558,-0.070485994,-0.02163784,-0.7048581,0.076992676,0.036004968,-0.852168,0.0042962321209053,-0.0131210775200213,0.0564465561005008,0.021579167,-0.10123934,0.0012216525,16.044373,0.9300947,0.76448905,0.77105737,0.76447934,0.7709655,3
5.2,0.5503823,0.17541917,-0.37425607,-0.056616906,-0.017309409,-0.78537065,0.21931832,0.06295052,-0.67762,0.0063859297869872,-0.0284827573042353,0.0564989199536876,0.019248674,-0.18801783,0.0013414342,16.044373,0.9300947,0.7489695,0.74526876,0.74777293,0.7457291,3
5.300000000000001,0.545982,0.17274544,-0.46322972,-0.023677005,-0.009729444,-0.8219803,0.3811878,0.08393716,-0.049918886,0.0078935965331715,-0.0451909925783925,0.0565569688505572,0.011574644,-0.12759234,0.0020928602,16.038372,0.92677784,0.727783,0.722006,0.7276899,0.72185427,3
5.4,0.54591095,0.17148282,-0.5454246,0.016526949,-0.0010272233,-0.80214465,0.4252538,0.09386466,0.434251,0.0089629363213469,-0.0520003740668411,0.0566402189228491,0.011586173,-0.013043822,0.0021766268,16.038372,0.92677784,0.7064036,0.69544995,0.7065022,0.69589067,3
5.5,0.5502913,0.17103583,-0.62279004,0.05702887,0.00819886,-0.75478387,0.3798438,0.1031673,0.48747844,0.0101147355516962,-0.0460129904099564,0.0566901665404654,0.010719804,0.111957304,0.0013104792,16.038372,0.92677784,0.7148141,0.70463556,0.7122308,0.7082033,3
5.6000000000000005,0.5602256,0.17130293,-0.7008141,0.09144565,0.017972592,-0.72321945,0.22765797,0.09045779,0.16019027,0.008818867027875,-0.0284270041326556,0.0566436593364305,-0.028781729,0.22552986,-0.00012636032,16.032373,0.9234581,0.72247034,0.7157983,0.72209483,0.71700114,3
5.7,0.5737105,0.17217153,-0.7762456,0.104164734,0.023509564,-0.71877724,-0.036554568,0.0392123,-0.020365695,0.0053747881442713,-0.0015193663224949,0.0565038231211164,-0.034037724,0.29900825,0.00039941425,16.026373,0.9201307,0.7294825,0.73051554,0.7302891,0.73011994,3
5.800000000000001,0.5863013,0.17279989,-0.84570384,0.08868168,0.023378216,-0.7198259,-0.3197594,-0.0056315013,0.00028870997,0.0022772358325978,0.0272930484396067,0.0562173004291887,-0.025409004,0.25509804,0.00062318513,16.026373,0.9201307,0.7207979,0.7298459,0.7210459,0.7294565,3
5.9,0.5959653,0.1731951,-0.9208462,0.046223655,0.018836293,-0.71648335,-0.50464594,-0.04243213,0.05407538,5.468047035567599e-05,0.0453735006506084,0.055982390772239,-0.017863551,0.11624879,0.0004891607,16.020374,0.91680336,0.72290885,0.7316253,0.7226149,0.7317314,3
6.0,0.59891987,0.17344119,-0.989218,-0.0041433834,0.012952123,-0.7103174,-0.5365643,-0.055817336,0.06464729,-0.0019793895837185,0.0486617874207235,0.0559448275318924,-0.025201147,-0.03637543,0.0007830045,16.020374,0.91680336,0.71825784,0.72863966,0.71824443,0.728721,3
6.1000000000000005,0.59535474,0.17323415,-1.061695,-0.055337436,0.004557709,-0.7017374,-0.41144794,-0.08237107,0.1032818,-0.0048535783168664,0.0363885736206561,0.0562118109852007,-0.028940475,-0.19345531,0.0007230852,16.014374,0.913476,0.7213735,0.7303063,0.72605425,0.7263072,3
6.2,0.5872457,0.17197755,-1.1276715,-0.08556589,-0.00428047,-0.69359815,-0.19603862,-0.063637964,0.056153625,-0.0039228477898964,0.0135705497247793,0.0566842688181403,0.04247909,-0.22230363,-0.000847848,16.014374,0.913476,0.7255278,0.71767086,0.727206,0.71608305,3
6.300000000000001,0.57566065,0.16945036,-1.1981428,-0.097612195,-0.00901628,-0.684477,-0.025402302,-0.008393632,0.091749705,0.0010468905258572,-0.0020910589067994,0.0571904171323175,0.04449924,-0.11202576,-0.0014085782,16.008375,0.9101486,0.7286176,0.7237187,0.7272729,0.72486025,3
6.4,0.5641961,0.1670209,-1.26187,-0.09812645,-0.008621853,-0.67543185,0.049270213,0.02953409,0.08654361,0.0044168396616674,-0.0104557768716742,0.0576467142769004,0.026073977,-0.06816769,-0.0003067555,16.008375,0.9101486,0.7220682,0.7190517,0.7210499,0.7198907,3
6.5,0.5532193,0.16515122,-1.3243974,-0.092626736,-0.005469213,-0.6645179,0.093335055,0.053627197,0.12528244,0.0062271595427468,-0.0156655419961045,0.0580254865149894,0.012146199,-0.04162927,0.001029345,16.008375,0.9101486,0.7256811,0.7236505,0.72541124,0.724068,3
6.6000000000000005,0.5427822,0.1641576,-1.3906091,-0.08211181,-0.0004105618,-0.6512576,0.12312168,0.058736145,0.11485582,0.0070029331701115,-0.0187259430466152,0.0582155437593454,0.003972668,-0.024161879,-0.00054375647,16.002375,0.90682125,0.7201922,0.71877944,0.7198676,0.7191045,3
6.7,0.5341078,0.16453545,-1.4552339,-0.0687115,0.00582325,-0.63649666,0.14392841,0.06109888,0.14052725,0.0070908070002295,-0.020332193082749,0.0582720638170653,-0.00078695145,-0.0110461395,0.00031867408,15.996375,0.90349483,0.7244511,0.7229548,0.7237148,0.72354376,3
6.800000000000001,0.52773374,0.16608123,-1.5135409,-0.055209156,0.011747501,-0.6220997,0.14846148,0.060234405,0.13591348,0.0067210906868699,-0.0209920245353653,0.0582248645692059,-0.0052699624,-0.0022330522,-0.00012480663,15.996375,0.90349483,0.7191834,0.718278,0.7187135,0.71849966,3
6.9,0.5227034,0.16904251,-1.5759138,-0.039758064,0.018156607,-0.6052573,0.14529137,0.056002684,0.16180797,0.0059958034667175,-0.0208686047684084,0.0581178891058541,-0.009979811,0.0041559683,0.00037140946,15.9903755,0.90016747,0.7225887,0.72266716,0.72300947,0.7219043,3
7.0,0.5199977,0.17275773,-1.6325059,-0.025684444,0.023499578,-0.5890232,0.13716327,0.043119673,0.15973718,0.005038854692386,-0.0202074272429444,0.0580281588779288,-0.009599867,0.009578397,-0.00022950892,15.9903755,0.90016747,0.71808773,0.71681875,0.71718484,0.71746224,3
7.1000000000000005,0.5190206,0.17792402,-1.6921216,-0.010727538,0.028594302,-0.56929445,0.1280254,0.027246352,0.19163823,0.0038787620812109,-0.0190915377026712,0.0580087272840825,-0.01315286,0.012612689,-7.285958e-05,15.984376,0.8968401,0.72132397,0.721141,0.7213702,0.7211865,3
7.2,0.51948476,0.18304229,-1.7456553,0.0013345893,0.0320652,-0.54455775,0.115626276,0.016920421,0.4115356,0.0024596698231581,-0.0178875851405254,0.0579678655845058,-0.018982664,0.010469906,0.00015874564,15.984376,0.8968401,0.7022899,0.7030279,0.70184696,0.70338905,3
7.300000000000001,0.5210123,0.18820676,-1.7988619,0.0127557665,0.033120196,-0.4753995,0.09226841,-0.009295248,0.8697211,0.0001997061200983,-0.0174119295859958,0.0579774928416305,-0.022768067,0.0030842184,0.00023682545,15.978376,0.8935127,0.6811036,0.6808046,0.68152654,0.6804346,3
7.4,0.52352756,0.19244516,-1.8386785,0.022375077,0.031837344,-0.3703498,0.08735137,-0.0247265,1.2607108,-0.0018430396356642,-0.0168629157374824,0.0580151400661715,-0.01814286,0.006904765,0.00048598336,15.978376,0.8935127,0.6647961,0.6653329,0.66526324,0.665062,3
7.5,0.5271213,0.19590113,-1.8663427,0.031394683,0.028719125,-0.25175238,0.08708638,-0.04077211,1.0340348,-0.00335505079279,-0.0160959087990525,0.0580292616567161,-0.012348753,0.009138617,0.00041255166,15.978376,0.8935127,0.6865483,0.6867444,0.6866553,0.6866579,3
7.6,0.5322501,0.19880797,-1.8844994,0.041396197,0.023825385,-0.17140333,0.078929424,-0.046175946,0.52185076,-0.0043753212332763,-0.0150831913838803,0.0580169389895234,-0.007493393,0.010637116,0.00030814513,15.972377,0.89018536,0.7094415,0.70860654,0.7097033,0.708148,3
7.7,0.5381754,0.20084716,-1.8960546,0.050392766,0.017377911,-0.13770361,0.07241762,-0.059982613,0.12364377,-0.0048350505059121,-0.0132710801123531,0.0580057163078163,0.0003010572,0.023386976,-0.00034768897,15.966377,0.8868551,0.7251682,0.7262348,0.7261799,0.72495085,3
7.800000000000001,0.54395616,0.20210928,-1.9055206,0.056932632,0.011391699,-0.13879523,0.048834406,-0.05431847,-0.15285471,-0.0040795907210328,-0.0107363339274236,0.0580272200558337,0.011623138,0.025429195,0.00023947442,15.966377,0.8868551,0.73659027,0.7370926,0.7370941,0.7366105,3
7.9,0.5502004,0.20304637,-1.9182898,0.06079025,0.006144847,-0.1628534,0.018209197,-0.04364749,-0.29936337,-0.0028186133135825,-0.0081965295436624,0.0580757121316767,0.012260766,0.025221372,-0.000113896596,15.960378,0.88352203,0.7418964,0.7430656,0.7423546,0.74281555,3
8.0,0.55555147,0.20380981,-1.9340276,0.061428152,0.0028762885,-0.19074008,0.0015747681,-0.033033837,-0.27717182,-0.0016034272939246,-0.0060060780862492,0.0580675661387737,0.0116106095,0.018471928,-0.00032096182,15.960378,0.88352203,0.7381427,0.7378862,0.73770124,0.73821896,3
8.1,0.56063455,0.20422696,-1.9531075,0.059875034,0.00040429737,-0.20987077,-0.01846971,-0.022377903,-0.14957319,-0.0008411163677544,-0.004495834668797,0.0581145265841072,0.0033705125,0.009909989,0.00083872804,15.960378,0.88352203,0.73253447,0.733439,0.7329154,0.7331494,3
8.200000000000001,0.5662815,0.2034925,-1.9761676,0.0577152,-0.0023750337,-0.21900053,-0.02538415,-0.023405874,-0.035804227,-0.0005690638797668,-0.0038691970838135,0.0581793486695828,0.0030599425,0.0061477115,0.0014374728,15.954378,0.8801899,0.7281605,0.7287543,0.72864914,0.728701,3
8.3,0.5720204,0.20211509,-2.0004416,0.055017363,-0.0052392455,-0.21967483,-0.026311463,-0.01706201,0.028911976,-0.0002166776579828,-0.0033215466196527,0.0582010801995685,0.004288846,0.004291576,0.00040214718,15.948379,0.8768568,0.72629595,0.7263694,0.726664,0.7263554,3
8.4,0.5768158,0.2009604,-2.0226898,0.05153703,-0.007135167,-0.21478198,-0.04516099,-0.008260613,0.06965501,0.0002753021886622,-0.0028469222302138,0.0582123917898327,0.0054003755,0.0047032684,-0.00019221347,15.948379,0.8768568,0.7237853,0.7244737,0.7239849,0.7245464,3
8.5,0.5813197,0.1999651,-2.0441842,0.047899462,-0.008558229,-0.20691685,-0.028609082,-0.009273832,0.103374936,0.0007171817530311,-0.0025499010321937,0.0582052674185783,0.0035735096,0.00045857223,0.00034284982,15.948379,0.8768568,0.7238898,0.7240039,0.72414374,0.7238556,3
8.6,0.5861549,0.19856036,-2.0663166,0.044187594,-0.009707475,-0.19703072,-0.03912852,-0.0074197818,0.10452,0.0010485215139894,-0.0024700763770399,0.0582042724643064,0.0030121177,0.00038913087,0.00053839636,15.942379,0.87352467,0.7232191,0.7233798,0.7236189,0.7231085,3
8.700000000000001,0.59068555,0.19730291,-2.0866055,0.040568355,-0.010368546,-0.1863569,-0.042235285,-0.0027045647,0.101360954,0.0013925502999951,-0.0023303276328544,0.0582397205029665,0.0029648787,0.0024335803,0.0003278082,15.936379,0.8701925,0.72387534,0.7243913,0.7241265,0.72448367,3
8.8,0.59398186,0.19680598,-2.1039457,0.036703836,-0.009975026,-0.17737804,-0.033601817,0.0026647751,0.08451985,0.0017659100294928,-0.0021680983940037,0.0582018580588482,0.004319859,0.0016039419,-0.0011777267,15.936379,0.8701925,0.7244952,0.72393405,0.7234687,0.72498816,3
8.9,0.5968127,0.19711412,-2.1203566,0.032696575,-0.008844455,-0.16977106,-0.03448242,0.0031719217,0.06824452,0.0019502858474439,-0.0022164430312756,0.0581527831714292,-0.00019043367,-0.0007628497,-0.0002865881,15.936379,0.8701925,0.7247719,0.72526735,0.72465587,0.72510064,3
9.0,0.5997009,0.1979168,-2.1376805,0.028745752,-0.007280313,-0.1615963,-0.035972007,-0.0013433545,0.077249944,0.0018226162457468,-0.0022826272363747,0.0581342735255418,-0.002604664,-0.0006640812,-0.00020341692,15.93038,0.86685944,0.72458166,0.7247539,0.7246097,0.72448653,3
9.1,0.6022276,0.19892532,-2.1530309,0.025029937,-0.005965378,-0.15471512,-0.03693145,0.003082403,0.06740726,0.0016014670766145,-0.0023992168350797,0.0581057864397455,-0.0027517942,-0.0016896382,-0.0005497424,15.93038,0.86685944,0.7254908,0.7251328,0.7250648,0.7252646,3
9.2,0.60476565,0.20044364,-2.1687512,0.021176595,-0.004546846,-0.14728177,-0.035057105,-0.0066859988,0.066455446,0.0012591875508722,-0.0025650457046145,0.0581030042635479,-0.0038888473,-0.0010758066,-0.0005617497,15.92438,0.8635273,0.7248574,0.7249339,0.7245472,0.72502047,3
9.3,0.60724825,0.20188643,-2.1834226,0.017910315,-0.0035567482,-0.14021702,-0.041296687,-0.009378805,0.05906913,0.0008012518155989,-0.0027627127762243,0.0581423532474812,-0.005657372,-0.002341858,-0.00048039766,15.918381,0.8601942,0.725685,0.72574806,0.7259956,0.7255104,3
9.4,0.6097079,0.20306201,-2.196229,0.015527604,-0.003459943,-0.13426018,-0.03556792,-0.006411524,0.058489382,0.0003323250341592,-0.0028849285777359,0.0581652088004678,-0.0040118108,-0.0006872811,8.7544766e-05,15.918381,0.8601942,0.7252141,0.7252964,0.72520596,0.72545403,3
9.5,0.6119491,0.20400698,-2.2084236,0.013216093,-0.003362243,-0.12841977,-0.029304449,-0.013335082,0.060105693,-3.666798766385882e-05,-0.0029477376341501,0.0581761676185525,-0.004359288,-0.0013662693,0.0004879264,15.918381,0.8601942,0.7261995,0.72622335,0.7265682,0.7260394,3
9.6,0.6141228,0.2046164,-2.2213259,0.010455988,-0.0041031335,-0.12288466,-0.029679134,-0.01575694,0.041423827,-0.0003641230341909,-0.0030219385294663,0.0581827859912455,-0.0030823476,-0.00025151897,-0.00045459505,15.912381,0.85686207,0.72533506,0.72567004,0.7256395,0.7255418,3
9.7,0.6158907,0.20458902,-2.2340837,0.007429083,-0.005515016,-0.117468044,-0.032999802,-0.027855722,0.059660055,-0.0005552587013713,-0.0030645766331332,0.0581762432321327,0.00024162364,-0.0005539034,-0.0001451608,15.906382,0.853529,0.7263321,0.72612065,0.72605014,0.7265204,3
9.8,0.61725825,0.20372234,-2.2451658,0.0049277535,-0.007536782,-0.11248837,-0.02350787,-0.01912477,0.045585908,-0.0005886874897981,-0.0032131041709403,0.0581687337247594,0.00018408353,-0.0027523753,-0.00038556612,15.906382,0.853529,0.7253112,0.7255488,0.7258447,0.7250692,3
9.9,0.6181093,0.2023169,-2.2554178,0.0024161814,-0.009900767,-0.107335664,-0.02795313,-0.020627841,0.051761042,-0.0004388517658605,-0.0033826857211298,0.058131694537134,0.00291855,-0.0011608567,-0.00123009,15.906382,0.853529,0.7265166,0.72681344,0.7263658,0.7267673,3
10.0,0.61820996,0.20001024,-2.2659383,-0.0005044616,-0.012391202,-0.10233647,-0.022072224,-0.015456665,0.04150625,-5.528676357993345e-05,-0.0036046734488875,0.0581118531205684,0.004807617,-0.003755147,-0.00065437483,15.900382,0.85019684,0.72606844,0.72564965,0.72592753,0.72558695,3
10.1,0.6173096,0.19698212,-2.2757554,-0.0033935565,-0.01466964,-0.097535856,-0.022352627,-0.008834995,0.04114676,0.0004628035420713,-0.0039695267712894,0.0581195612927161,0.005940994,-0.0038055032,-0.00010666168,15.894382,0.84686375,0.7269453,0.72730577,0.7270072,0.7272417,3
10.2,0.6161171,0.19428284,-2.2842312,-0.0056993393,-0.016024414,-0.09389038,-0.017971965,0.00069091807,0.034379303,0.001119235516386,-0.004427211685829,0.0581516971614095,0.007342031,-0.0050439886,-0.0010171101,15.894382,0.84686375,0.7260561,0.7259613,0.72577226,0.72645307,3
10.3,0.6145519,0.1918428,-2.292963,-0.00740113,-0.016322283,-0.09001448,-0.008197308,0.00111387,0.03422424,0.0017597680890083,-0.0050104585811957,0.0581646807800057,0.004326982,-0.0073549747,-0.00043395252,15.888383,0.8435316,0.7273934,0.727453,0.72801536,0.7270363,3
10.4,0.61262286,0.19034086,-2.3008971,-0.008755978,-0.015283789,-0.086856626,-0.006170816,0.013916077,0.022787133,0.0022862260878622,-0.0055445820334773,0.0581594106692523,0.0042055277,-0.0043786494,-0.0006628274,15.888383,0.8435316,0.7257821,0.7262415,0.7256238,0.7264947,3
10.5,0.6102474,0.18924098,-2.3091908,-0.009651253,-0.013848575,-0.08358559,0.0109027475,0.01090632,0.044598706,0.0025793308173456,-0.0060711269699587,0.0581159403337723,0.0013187465,-0.0054552183,-0.00026658885,15.888383,0.8435316,0.7273376,0.72753906,0.7272043,0.72755957,3
10.6,0.6071345,0.18895206,-2.3180652,-0.010787848,-0.011700453,-0.08024772,0.006898355,0.013446962,0.03789877,0.0026384479386987,-0.0066994620645754,0.0580888165574489,-0.000557489,-0.0065247566,8.650386e-05,15.882383,0.8401995,0.7252919,0.7255208,0.72521526,0.72541267,3
10.7,0.6035848,0.18946762,-2.32684,-0.01131032,-0.009015018,-0.07588966,0.017170882,0.019612907,0.047046687,0.0025311533850307,-0.0073349341588189,0.0581181719158375,-0.002346557,-0.0062462394,-0.0005009787,15.876384,0.8368664,0.7271388,0.72700983,0.72699773,0.7272446,3
10.8,0.6003679,0.19052294,-2.3350468,-0.011147526,-0.0063888347,-0.0716557,0.022719692,0.017481247,0.046398487,0.0022150364512021,-0.0079742126636759,0.0580779407702905,-0.0039921356,-0.006556525,-0.0003856453,15.876384,0.8368664,0.72552335,0.725106,0.7249157,0.7255258,3
10.9,0.5972568,0.19195643,-2.3431926,-0.010040991,-0.004222768,-0.06751359,0.022288255,0.0054933303,0.05224626,0.0017279014302917,-0.0085790421994882,0.0580513033487949,-0.0058606155,-0.0065692845,-0.0007468758,15.876384,0.8368664,0.7270485,0.7264769,0.72680414,0.7264018,3
11.0,0.59338385,0.19401607,-2.3519096,-0.00902067,-0.0020546122,-0.062666744,0.032994334,0.0020409524,0.04958454,0.0011876314278686,-0.009064381729112,0.058047524208004,-0.00682728,-0.0051087514,0.00018610635,15.870384,0.83353424,0.72503895,0.72541565,0.72513986,0.72510755,3
11.1,0.58990115,0.19630346,-2.3599448,-0.0072454596,-0.00015433214,-0.05759765,0.036857087,0.00056611537,0.057348046,0.000568173701146,-0.0095325435734326,0.0580396734585944,-0.0069104927,-0.0054368917,-6.7216155e-05,15.864385,0.83020115,0.7265404,0.7266373,0.7266116,0.72636724,3
11.2,0.5873471,0.1982199,-2.3666682,-0.0050158394,0.00055810506,-0.053243265,0.03619676,-0.013379513,0.042603347,-6.763686499406563e-05,-0.0099496109675835,0.0580580933031317,-0.005825851,-0.0048812553,0.00011572988,15.864385,0.83020115,0.7258884,0.725361,0.72565037,0.7256109,3
11.3,0.5853422,0.1999007,-2.3732982,-0.0020585838,0.00050826796,-0.048481323,0.04596804,-0.013076079,0.046907455,-0.0006319707828221,-0.0102400197025897,0.0580702728455625,-0.0051060244,-0.0036109725,0.000308496,15.858385,0.826869,0.7272564,0.7266216,0.72716767,0.7267521,3
11.4,0.58470863,0.20070708,-2.3786225,0.0012830703,-0.0004733442,-0.045097936,0.045830056,-0.015838278,0.03812322,-0.0010801220931787,-0.0103925625789789,0.058076400352347,-0.0034602399,0.0003417846,-5.1757568e-05,15.858385,0.826869,0.7261423,0.72662723,0.72631776,0.726462,3
11.5,0.58537227,0.20051026,-2.3834028,0.0055483524,-0.0025114089,-0.04222596,0.045066435,-0.026075974,0.033002343,-0.0013185814403872,-0.0103099134183653,0.0580949968896556,-0.0010081228,0.0016135494,-0.00023922372,15.858385,0.826869,0.72739047,0.7271851,0.7276713,0.7270289,3
11.6,0.5878725,0.19895639,-2.3879418,0.010665666,-0.0054529696,-0.039194837,0.03579124,-0.020380223,0.025496816,-0.0012862885001398,-0.0099491279157136,0.0581039119377111,0.0016657481,0.005923924,9.41559e-05,15.8523855,0.8235359,0.7268654,0.72737324,0.72718143,0.727139,3
11.7,0.5915208,0.19639882,-2.391838,0.01591615,-0.0086632455,-0.0368639,0.027955668,-0.018357519,0.017255543,-0.0009500303932933,-0.0092863012178537,0.058065565175756,0.0048793303,0.009146572,-0.00022576058,15.846386,0.8202038,0.7276694,0.7281962,0.72791326,0.7277461,3
11.8,0.59536713,0.19345126,-2.3947139,0.019935321,-0.011701029,-0.035118543,0.020681165,-0.01629609,0.012446194,-0.0003092795519444,-0.0083135428789139,0.058077560586313,0.0072698006,0.011332201,-0.00031170424,15.846386,0.8202038,0.72771555,0.72828835,0.72807306,0.72789437,3
11.9,0.59984684,0.19017614,-2.397335,0.023590326,-0.013818114,-0.034315776,0.011783819,-0.010631729,-0.00039348376,0.0005487414311877,-0.0072179145213117,0.0581025254584149,0.009286859,0.011573565,0.00037715404,15.846386,0.8202038,0.7285203,0.7280953,0.7285456,0.72822636,3
12.0,0.60509163,0.18635853,-2.4003286,0.026140606,-0.015588349,-0.033807214,0.0033692247,-0.0005662691,0.005258247,0.0014782774871701,-0.0060769383125706,0.0580813519054305,0.010101421,0.011667223,-0.00023241695,15.840386,0.8168707,0.72853446,0.72798645,0.72827137,0.728179,3
12.1,0.6102443,0.18229912,-2.4035988,0.027030425,-0.01644007,-0.033948105,-0.015258433,0.011260486,-0.047319565,0.0023435766463515,-0.0058327446176245,0.058094528730409,0.0068978677,-0.0510033,-0.0003839492,15.834387,0.81353855,0.6909097,0.7533483,0.6971245,0.7651186,3
12.2,0.61480963,0.17806017,-2.4074507,0.040694606,-0.016683225,-0.035501048,0.34743243,0.028718939,0.016305594,0.0014157295859897,-0.0483771960557902,0.0571347373212509,-0.013001014,-0.5907858,-0.019750867,15.834387,0.81353855,0.70829463,0.6986675,0.7493752,0.7442008,3
12.3,0.6237807,0.17329237,-2.411603,0.11004245,-0.015427264,-0.028206477,0.8851211,0.03331189,0.11173216,-4.591608256085903e-05,-0.1008869477901135,0.0532033884628065,-0.018759586,-0.4281441,-0.05470022,15.828387,0.8102064,0.70864224,0.6928221,0.7558669,0.74020576,3
12.4,0.6417197,0.16965248,-2.4143481,0.21351865,-0.013417137,-0.016068999,1.1629659,0.036301658,0.13789487,-0.000786511006069,-0.1295351277894967,0.0457408618667771,-0.012321974,-0.17624046,-0.08866836,15.828387,0.8102064,0.71336305,0.70192957,0.74872196,0.7369859,3
12.5,0.6723025,0.16643699,-2.4160466,0.33424565,-0.011398313,-0.004441153,1.2438229,0.035325624,0.11632079,-0.000299798283258,-0.1367832348311408,0.0355516677701576,-0.0064343065,0.0020368034,-0.10959233,15.828387,0.8102064,0.719986,0.7152893,0.7382128,0.7325864,3
12.6,0.7206094,0.16339126,-2.4167671,0.4663293,-0.0090825,0.005447447,1.1830248,0.027568165,0.07881177,0.0007739940960239,-0.1306233497193497,0.0241111091986287,-0.0037888058,0.10352288,-0.11414142,15.822388,0.8068733,0.7280298,0.72679025,0.7290085,0.727469,3
12.7,0.78408426,0.1604591,-2.416082,0.5889431,-0.00790541,0.011700368,1.0406244,0.020245172,0.050607134,0.0018348125244006,-0.1177403758386922,0.0128629766689648,-0.0030499434,0.1484153,-0.106223874,15.816388,0.8035412,0.73423177,0.736067,0.72156507,0.7225997,3
12.8,0.8538484,0.15757836,-2.4149122,0.68821985,-0.0074135824,0.014609114,0.8889578,0.010546881,0.030786263,0.0026426314725251,-0.1022915025933218,0.0029379706369309,-0.002081402,0.15980531,-0.09031064,15.816388,0.8035412,0.7390293,0.7416142,0.7167774,0.7186963,3
12.9,0.931944,0.15383466,-2.4136348,0.77205515,-0.008121771,0.015581536,0.73333067,0.01584781,-0.0011334195,0.0031204173262489,-0.0867829003161215,-0.0049011475076142,-0.0008682514,0.15278964,-0.066319324,15.816388,0.8035412,0.74073136,0.74483407,0.7133295,0.7174075,3
13.0,1.0228148,0.1485652,-2.4117723,0.84480584,-0.00998812,0.015797898,0.5660229,0.013285644,-0.008739064,0.0033917597929386,-0.0725578234450945,-0.0103993183856058,0.0011777155,0.13367121,-0.041999348,15.810389,0.8002081,0.7413755,0.7450449,0.71325386,0.71663654,3
13.1,1.1180222,0.14258334,-2.4091024,0.9005472,-0.012042827,0.015563124,0.43537647,0.017456753,-0.011644791,0.0035691115319173,-0.0603786315593029,-0.0135597030207171,0.0015682426,0.112409234,-0.018830167,15.804389,0.79687595,0.7393402,0.74476194,0.7139453,0.71823615,3
13.2,1.208979,0.136761,-2.4063945,0.93949175,-0.014022004,0.015091663,0.33835423,0.017913397,-0.015249475,0.0037785754499229,-0.0504638171735365,-0.0146172620960686,0.0029808385,0.0887837,0.00043789155,15.804389,0.79687595,0.73730487,0.7423344,0.7164212,0.7200789,3
13.3,1.3095448,0.12995511,-2.4034667,0.97073185,-0.016092489,0.01426151,0.25616586,0.018726273,-0.013113487,0.00397032956883,-0.0426430117936117,-0.0139098401749754,0.004212507,0.069038086,0.017052554,15.798389,0.79354286,0.7343662,0.73928356,0.7188357,0.7233006,3
13.4,1.4037614,0.12306106,-2.4010787,0.99203676,-0.017839452,0.01340669,0.20046537,0.024775395,-0.0088806255,0.0042076899874172,-0.0366823102638936,-0.0119419100780284,0.0049612494,0.05237929,0.02733538,15.798389,0.79354286,0.73110753,0.7362147,0.72197914,0.7260493,3
13.5,1.4982911,0.11579018,-2.3991027,1.0074191,-0.019517692,0.012530423,0.14766005,0.027516572,-0.0090524545,0.0044428944427316,-0.032152406311921,-0.0092161709769506,0.0046200566,0.03824666,0.03352007,15.798389,0.79354286,0.7284151,0.73307985,0.7251299,0.7283129,3
13.6,1.6005131,0.1078688,-2.3969646,1.0181416,-0.020470705,0.011777619,0.11078132,0.025084881,-0.012172851,0.0047220516803199,-0.0289544306776327,-0.0063247921546463,0.005463788,0.027566263,0.032947186,15.79239,0.7902107,0.72640777,0.730515,0.7269981,0.73085713,3
13.7,1.7018201,0.099464335,-2.3947902,1.024537,-0.02147907,0.011202608,0.08701574,0.035649672,-0.01599267,0.0049621051994732,-0.0265074162530566,-0.0032741856982277,0.003913936,0.018192919,0.031017656,15.78639,0.7868786,0.7241024,0.72912085,0.72933435,0.7322464,3
13.8,1.7950122,0.09149241,-2.3927784,1.0278456,-0.022289792,0.010684042,0.07315541,0.03771613,0.0019036232,0.0051731138725286,-0.0249484017657295,-0.0007146239761023,0.004066057,0.01004113,0.024934666,15.78639,0.7868786,0.7232583,0.7276265,0.7305802,0.7332655,3
13.9,1.8879011,0.083652616,-2.3910627,1.0297031,-0.022788808,0.010234951,0.06549175,0.04077979,-0.002338085,0.0054197123800549,-0.0239525885113271,0.0012904297675623,0.0032808813,0.0070707006,0.018877337,15.78639,0.7868786,0.72235644,0.72747743,0.7309877,0.7339609,3
14.0,1.9879941,0.07511044,-2.3897777,1.0303234,-0.02302567,0.009498265,0.0580515,0.04068495,-0.0009713694,0.0056097417769341,-0.0233687274479224,0.0026878046617378,0.0026458981,0.0033292053,0.013061215,15.780391,0.7835455,0.722348,0.72723174,0.73106086,0.7338859,3
14.1,2.0883546,0.06673299,-2.3893895,1.0306395,-0.023212254,0.008651316,0.04623635,0.03897941,-0.011269468,0.005803055821155,-0.023062192525054,0.0034145123359061,0.0028631948,-0.00033254374,0.0056836065,15.774391,0.78021336,0.72300136,0.72725785,0.73087645,0.73304534,3
14.2,2.1820118,0.05956577,-2.3893604,1.031347,-0.022365427,0.007929292,0.040641364,0.04264958,-0.0028107313,0.0059587454626776,-0.0228885100582042,0.0035935994980482,0.0018612377,0.0006998599,0.0005014873,15.774391,0.78021336,0.7233431,0.72802526,0.729728,0.73256946,3
14.3,2.2845213,0.05278063,-2.3894305,1.0325377,-0.020645741,0.007367619,0.04569884,0.042363286,-0.009738839,0.0060423284821791,-0.0227326611273084,0.0033517454258934,0.00030531833,0.0015567839,-0.0034455198,15.768392,0.77688026,0.7239202,0.7289951,0.72878784,0.73181885,3
14.4,2.3798692,0.047466975,-2.389411,1.0335286,-0.018498942,0.007056659,0.04448042,0.040972125,0.00048056242,0.0059807533521207,-0.0225034396719196,0.0028322514845676,-0.0015769105,0.0017853437,-0.0056691966,15.768392,0.77688026,0.7247426,0.7297084,0.7282283,0.730776,3
14.5,2.475872,0.042864136,-2.388702,1.034792,-0.016148627,0.0070865937,0.03696708,0.046919707,-0.0013969837,0.0057878267298836,-0.0222221672866024,0.0021342481481304,-0.0016083623,0.0026647954,-0.0073730345,15.768392,0.77688026,0.7258316,0.7302735,0.72724134,0.7305096,3
14.6,2.5806503,0.03844556,-2.3869395,1.0365577,-0.014128734,0.007138606,0.03647863,0.03486423,0.0041727903,0.0055173643456422,-0.0219195633174045,0.0014126104371986,-0.0031602497,0.0026975728,-0.0074489363,15.762392,0.7735472,0.7263218,0.7311019,0.727221,0.72966766,3
14.7,2.6861978,0.034038275,-2.385232,1.038407,-0.012546897,0.007187975,0.03286934,0.029095178,-0.0012093222,0.0052471234630181,-0.0215850367154632,0.0006744104586033,-0.0025307522,0.002701282,-0.0068408703,15.7563925,0.7702141,0.72693735,0.73164004,0.7268181,0.7293124,3
14.8,2.7843409,0.029726325,-2.3832254,1.0401193,-0.011971283,0.007058588,0.029150024,0.024483554,-0.0044680196,0.0050175153810252,-0.0211591588164312,8.620034185184674e-05,-0.0010212534,0.0050307703,-0.0050061787,15.7563925,0.7702141,0.72688484,0.73225236,0.7262569,0.7296154,3
14.9,2.8830552,0.025590153,-2.3812723,1.0414364,-0.011513893,0.006728659,0.024440551,0.01827982,-0.008542555,0.0049009248557954,-0.0207442735099779,-0.0004230539275189,-0.00041804393,0.004445846,-0.004776768,15.7563925,0.7702141,0.72722214,0.7322965,0.7263351,0.7291371,3
15.0,2.9907148,0.021409305,-2.37889,1.0428904,-0.010980003,0.0064743385,0.024488246,0.021311868,-0.0119670285,0.0048488960968347,-0.0203736949721964,-0.0007285548070234,-0.000398234,0.0034606364,-0.0016407053,15.750393,0.766881,0.72722477,0.73226255,0.726751,0.72883314,3
15.1,3.0985868,0.017600654,-2.3767223,1.0440149,-0.010467808,0.006197547,0.011816933,0.024367457,-0.013277865,0.0048043340275248,-0.0199752308746999,-0.0008699422276009,0.0005741489,0.0031676928,-0.00061738375,15.744393,0.7635479,0.72746295,0.73182386,0.726838,0.72903585,3
15.2,3.1977222,0.014751247,-2.3745866,1.0442976,-0.009615027,0.005908843,0.017685138,0.016076107,-0.012244563,0.0047815638725817,-0.0195997871971102,-0.000832446389634,-0.0004739447,0.0023998672,0.000857331,15.744393,0.7635479,0.72709984,0.73174137,0.7269484,0.72932506,3
15.3,3.3047001,0.012883289,-2.3719726,1.0439938,-0.008000523,0.005734679,0.022461928,0.027946046,-0.003423076,0.0047315772102716,-0.0193101723040441,-0.0006865285419198,-0.00070762,0.0014448699,0.0010666768,15.738394,0.7602148,0.72686,0.7315509,0.72718734,0.72960275,3
15.4,3.4029918,0.011884622,-2.3695488,1.0429511,-0.0062676165,0.0054737646,0.0055013075,0.014577486,-0.010746065,0.0045972826684756,-0.0191414880313421,-0.0005018395411676,-0.0019299182,0.001058703,0.002258771,15.738394,0.7602148,0.7265302,0.73155177,0.7270485,0.73014414,3
15.5,3.5005498,0.01152527,-2.3671227,1.0418264,-0.004284316,0.005211379,0.0066531426,0.020509765,-0.0015846452,0.0043807485555204,-0.0190653153550223,-0.0002812893726782,-0.002515884,-0.00023879547,0.0015129171,15.738394,0.7602148,0.7264051,0.7312934,0.72742885,0.7301356,3
15.6,3.6053498,0.01144323,-2.3643665,1.0399599,-0.0024411525,0.0045617376,0.008149138,0.016232042,-0.0086496575,0.0040839230806301,-0.0190658052884082,-4.3910397522264826e-05,-0.0025653017,-0.00065025245,0.0016285642,15.732394,0.7568817,0.7261405,0.7309891,0.7273111,0.73036665,3
15.7,3.7099373,0.011514179,-2.3623443,1.0384827,-0.001039713,0.0039293105,0.0045332196,0.011520101,-0.002485234,0.0037931780616274,-0.019165623725831,0.0001147325843374,-0.0019194286,-0.0023648695,0.0011604761,15.726395,0.7535486,0.72638816,0.730472,0.72760683,0.7298508,3
15.8,3.8065557,0.011368848,-2.3613129,1.0373394,-0.00045343826,0.003335501,0.0020968143,0.005505779,0.00037532297,0.003510569277789,-0.019289279596943,0.0002554101865693,-0.002181044,-0.0013467493,0.00086351804,15.726395,0.7535486,0.7257913,0.73070675,0.72736746,0.729955,3
15.9,3.9034338,0.01094687,-2.3607063,1.036806,-0.00047371618,0.0027423035,0.0060568703,0.008204819,-0.004103407,0.0033549720229983,-0.0193918491784471,0.0003714632103358,-0.00076473475,-0.00060102774,0.0010693626,15.726395,0.7535486,0.7255996,0.7305457,0.72740865,0.7297287,3
16.0,4.0078855,0.01010599,-2.3599386,1.0359735,-0.0010823759,0.0026290962,0.007374583,0.00699561,0.00048521903,0.0032616423036948,-0.0193855177273136,0.000459404996233,0.00037199372,0.00068613247,6.132348e-05,15.720395,0.75021553,0.7252494,0.7309053,0.72722954,0.7299146,3
16.1,4.11225,0.009688425,-2.358469,1.0352408,-0.0015864454,0.0026725093,0.008303308,0.005225758,0.00018160789,0.0033231356723649,-0.0193925378364616,0.0004936262082707,0.00091949024,0.0005725772,-0.0007723094,15.7143955,0.74688244,0.72541577,0.73089534,0.72705644,0.7301287,3
16.2,4.209008,0.009715596,-2.3570747,1.0348423,-0.0014627051,0.0026195333,0.01110461,0.0017944111,0.0026342457,0.0034003244402975,-0.0193798889469716,0.0004991066921328,-0.0006569822,-0.0009223646,-0.00028097944,15.7143955,0.74688244,0.7256781,0.7307347,0.72783124,0.72936237,3
16.3,4.314507,0.01017844,-2.3557673,1.0349538,-0.0009649738,0.002621491,0.00884888,0.0026330715,-0.0029769724,0.0034496707711319,-0.0193580759167103,0.0004036670022008,0.0008950964,0.00053332816,-0.0011010492,15.708396,0.74354935,0.72608346,0.73069435,0.7269575,0.73001987,3
16.400000000000002,4.413005,0.011008442,-2.3543005,1.0356416,-0.0002173123,0.0026052692,0.008577626,0.0055097677,-0.0024051403,0.0034302943242901,-0.0192601996307484,0.0003208589649426,-0.0011343854,0.0017495097,-0.00084014406,15.708396,0.74354935,0.7260032,0.73095137,0.7272179,0.72969544,3
16.5,4.512216,0.012455213,-2.353003,1.0365514,0.0010427919,0.0024944085,0.007099792,-0.0025684384,-0.0052996906,0.0033720528918935,-0.0190974102878223,0.000227701366268,-0.0008980804,0.0013014439,-0.0009862253,15.708396,0.74354935,0.7263807,0.73066556,0.72732764,0.7294871,3
16.6,4.6205893,0.015155585,-2.3516774,1.0378845,0.0030714367,0.0024136847,0.0047516804,0.0012766058,-0.012097414,0.0032266034541795,-0.0188499969454091,0.0001109323260863,-0.0007234765,0.0029964943,-0.0006139278,15.702396,0.74021626,0.7265547,0.73059756,0.72675765,0.72998095,3
16.7,4.721149,0.01848579,-2.3509688,1.0389646,0.00527327,0.0023115359,0.0045322883,-0.0046612583,0.0023576429,0.0029785490319002,-0.0185407013721642,-3.371134005410145e-05,-0.0033709619,0.0035296339,-0.00083906285,15.702396,0.74021626,0.7261905,0.7311236,0.7270436,0.7295226,3
16.8,4.8306513,0.022946615,-2.3502831,1.0403302,0.007683547,0.0022540945,0.0024360414,0.00070770597,-0.010394025,0.0026466356955422,-0.018214753297757,-0.0001421637824348,-0.0046067294,0.0033969786,-0.0011100591,15.696397,0.73688316,0.72622347,0.7311065,0.72727793,0.72932106,3
16.900000000000002,4.9405885,0.027826093,-2.3495011,1.0413463,0.010107499,0.0019440341,-0.0069826995,-0.005235558,0.0017420388,0.0022529146285613,-0.017867743386492,-0.0002130793794257,-0.0065478575,0.004067351,-0.00038849367,15.690397,0.7335501,0.7257413,0.7314177,0.7273575,0.72912705,3
17.0,5.0420303,0.032338507,-2.3489203,1.0421398,0.011715511,0.0017301558,-0.015112992,-0.012676695,-0.0073537226,0.0018195100653396,-0.017522615277806,-0.0002509528373861,-0.0042410744,0.004532428,7.9875106e-05,15.690397,0.7335501,0.72603655,0.73102283,0.7267999,0.7296596,3
17.1,5.151498,0.03725205,-2.349101,1.0404931,0.012742141,-0.014879155,-0.1194836,-0.017534193,-0.2163155,0.0014601687356246,-0.0014519843451002,-0.000261174869666,-0.0037291949,0.46190372,0.00020609164,15.684398,0.730217,0.7372406,0.73134,0.7380927,0.7299643,3
17.2,5.250524,0.04158716,-2.350874,1.0002697,0.013426508,-0.026490288,-0.68618584,-0.011275105,-0.017921438,0.0011679631184138,0.0570135998523492,-0.0002099847685549,-0.0052829147,0.56401926,1.2679666e-06,15.684398,0.730217,0.7167659,0.74006855,0.71919775,0.73719156,3
17.3,5.349714,0.04595478,-2.3532405,0.90205336,0.013165202,-0.02158754,-1.1303829,-0.023471091,0.09589595,0.0009837997661564,0.0995429656825488,-0.0001235120075877,-0.0022616938,0.30270377,0.0012591402,15.678398,0.7268839,0.7175536,0.73628604,0.71868616,0.73493415,3
17.400000000000002,5.4284334,0.04953307,-2.3549075,0.7829623,0.01262504,-0.011714673,-1.2790962,-0.021382656,0.11241901,0.0009479871217179,0.1167298085534196,2.7783174561410572e-05,0.0005740576,0.07626061,0.0011513319,15.678398,0.7268839,0.7208939,0.73409146,0.72176313,0.7334285,3
17.5,5.4932923,0.052814852,-2.3561692,0.6561086,0.011714648,-0.0027342811,-1.2848749,-0.023702139,0.082692124,0.000974753650729,0.1161941861773004,0.0002461215020649,-0.000111926645,-0.06245811,0.001092055,15.678398,0.7268839,0.72430044,0.7327059,0.72575647,0.7315863,3
17.6,5.548009,0.05627081,-2.357041,0.5236246,0.010510964,0.004013308,-1.1752099,-0.025377233,0.0516423,0.0011133636232,0.1057019581823578,0.0005138813438002,0.0021862632,-0.13343108,0.00048286933,15.672399,0.7235508,0.7269261,0.7316277,0.72779614,0.7315101,3
17.7,5.585565,0.05950224,-2.3578463,0.4130414,0.009587323,0.0072209686,-1.0291314,-0.02021515,0.023042316,0.0013051638907035,0.0907014489051249,0.0007807474246039,0.002709831,-0.16097125,-5.5924305e-05,15.672399,0.7235508,0.7283986,0.7306058,0.72958356,0.7307071,3
17.8,5.614978,0.06376174,-2.358439,0.31052244,0.009252034,0.008222124,-0.8547999,-0.013923377,0.005136709,0.0015015606792438,0.0745466234390499,0.0009148725913483,0.0015419225,-0.16079016,-0.0010179057,15.666399,0.7202177,0.72851306,0.73027426,0.7302183,0.7302208,3
17.900000000000002,5.6354613,0.06906646,-2.358756,0.2267422,0.010136696,0.0077990578,-0.6794447,-0.016223207,-0.003754161,0.0016032906621856,0.0591960456595171,0.0007570342761185,-3.277765e-05,-0.14711416,-0.00119376,15.660399,0.7168846,0.7292128,0.729436,0.7303824,0.72930855,3
18.0,5.648522,0.074710175,-2.3592653,0.16533864,0.011496149,0.0069918674,-0.54795074,-0.022309715,-0.006907619,0.0015698225645618,0.0456849569474119,0.0004201607711893,-0.0018280181,-0.12627885,-0.0015068313,15.660399,0.7168846,0.72939545,0.72907645,0.7300742,0.7286969,3
18.1,5.6580863,0.08181184,-2.360289,0.113206275,0.013693764,0.005583946,-0.41976514,-0.01427177,-0.010514631,0.0013787012724079,0.0343676959550756,-5.4815418340248506e-05,-0.0027353214,-0.10296802,-0.0015242508,15.6544,0.7135515,0.729525,0.7286635,0.7290977,0.72855365,3
18.2,5.6640854,0.08919049,-2.3617048,0.076861426,0.015897982,0.0045341905,-0.32642883,-0.021861304,-0.0048573124,0.0010780640707636,0.0251752200577636,-0.000615856810327,-0.002933108,-0.08158362,-0.0005690057,15.6544,0.7135515,0.72954285,0.7285168,0.7283086,0.7282335,3
18.3,5.668891,0.09779331,-2.3629475,0.04746851,0.01853688,0.004112123,-0.24722102,-0.02690267,0.009969342,0.0006723376259704,0.0179556383359667,-0.0011446284386232,-0.005360736,-0.06355107,-0.00021061102,15.6484,0.7102184,0.72944427,0.7287663,0.7286693,0.72735333,3
18.4,5.6727014,0.10637518,-2.3637767,0.027859116,0.020746369,0.0034160065,-0.19124265,-0.032180388,-0.006956048,0.0002006405096675,0.0124527048076194,-0.0016118106463338,-0.0057847714,-0.047218315,-3.346192e-05,15.6484,0.7102184,0.72918767,0.729037,0.7282406,0.72719693,3
18.5,5.675816,0.11544087,-2.3642688,0.013221664,0.022808483,0.003263282,-0.14795685,-0.03035631,0.0090776,-0.0003042807691066,0.0083413596525405,-0.001994349763072,-0.006372384,-0.03476404,0.001374779,15.6484,0.7102184,0.72925013,0.72924286,0.7281719,0.7269923,3
18.6,5.6780744,0.1256176,-2.364963,0.001187717,0.024751408,0.0032039315,-0.11547297,-0.0325634,0.0073430124,-0.0007880321694706,0.0053276501050695,-0.0022097836480813,-0.005597532,-0.025593566,0.00260142,15.642401,0.70688534,0.72919655,0.72931373,0.727979,0.72728974,3
18.7,5.679472,0.13609143,-2.3653502,-0.0072155218,0.026656454,0.0029676405,-0.093085654,-0.038470045,-0.005691312,-0.0012004255945044,0.0030494742165637,-0.0023466786901619,-0.0050319196,-0.019762505,0.0043818965,15.642401,0.70688534,0.7293108,0.72902983,0.72796416,0.7273767,3
18.8,5.6806617,0.14842905,-2.365696,-0.013904159,0.029203054,0.0028844934,-0.06960258,-0.04063555,0.0039171423,-0.0016398713277757,0.0013188490714503,-0.002368655763673,-0.007701584,-0.015818961,0.005237478,15.636401,0.70355225,0.7288532,0.729236,0.7287367,0.7269462,3
18.9,5.6819816,0.1612517,-2.3659267,-0.018397717,0.03101525,0.0027524228,-0.06226887,-0.049407307,-0.0017615965,-0.0021346448721089,2.2091646072117737e-05,-0.0022691381884124,-0.006508464,-0.011173698,0.005938923,15.630402,0.70021915,0.7288921,0.7288395,0.7286412,0.7274329,3
19.0,5.6831594,0.1728373,-2.3663483,-0.020982048,0.031973504,0.0024225565,-0.047490176,-0.053240933,-0.00078789884,-0.0026065457701756,-0.000943934740937,-0.0020749952570482,-0.006091106,-0.0067213587,0.0058410913,15.630402,0.70021915,0.7282632,0.7290427,0.7283979,0.7278504,3
19.1,5.6839867,0.18453485,-2.3671446,-0.023203302,0.03175383,0.0021057052,-0.04722376,-0.054049775,0.010105315,-0.0029966477668408,-0.0015973183580932,-0.0017543735034908,-0.0037094997,-0.004735011,0.006665504,15.624402,0.69688606,0.7281704,0.72855794,0.7283769,0.7281328,3
19.200000000000003,5.6840835,0.19460028,-2.3678222,-0.025044471,0.030685533,0.0020565023,-0.04119586,-0.06459857,0.0038589349,-0.0032162055118209,-0.0020777811272582,-0.001378784772507,-0.0021934411,-0.0035778305,0.006647635,15.624402,0.69688606,0.72798645,0.7284527,0.7286012,0.72833335,3
19.3,5.683883,0.20467718,-2.3691077,-0.026606832,0.028986504,0.001682846,-0.02983772,-0.05825943,0.007237773,-0.0032891199308818,-0.0024885417691559,-0.0009877496870917,-0.0007140343,-0.003505647,0.004846407,15.6184025,0.693553,0.7278415,0.72813165,0.7288619,0.7281841,3
19.4,5.6837044,0.2134787,-2.370636,-0.027591528,0.02734472,0.0013924856,-0.030682886,-0.0555261,0.005337409,-0.0032218339916248,-0.0028386312963926,-0.0006231570213489,-9.097038e-05,-0.0024767043,0.004956549,15.6184025,0.693553,0.72753716,0.72805226,0.7289431,0.7282556,3
19.5,5.6839848,0.2220531,-2.372128,-0.0274353,0.025999522,0.0011912412,-0.020004742,-0.057072658,0.001318287,-0.0030856370623351,-0.0031433721091281,-0.0003552556700328,-0.00041192543,-0.0021020574,0.0039564115,15.6184025,0.693553,0.72763157,0.72778153,0.7292523,0.72795254,3
19.6,5.6849337,0.23092905,-2.373632,-0.0268689,0.024394054,0.0012282253,-0.025443317,-0.05981848,0.0051008533,-0.0029469111047087,-0.0033367036526805,-0.0001740123861767,0.0009577813,7.79919e-07,0.0022449703,15.612403,0.6902199,0.72765625,0.7278938,0.72849953,0.7286823,3
19.700000000000003,5.685676,0.23865865,-2.3743806,-0.026533527,0.022363175,0.0016065633,-0.027218806,-0.04604408,0.0015026889,-0.002817600917615,-0.0033822685864409,-3.0338936806696585e-05,0.0006102247,0.0005813845,0.0018838587,15.606403,0.6868868,0.7278151,0.72801,0.72885203,0.72855663,3
19.8,5.685694,0.24495782,-2.3741498,-0.026413888,0.020311117,0.0019059245,-0.018609036,-0.0491859,-0.0008847564,-0.0026188101879,-0.0034008323941693,0.0001089931931386,0.0019300837,0.0006892528,0.0017760949,15.606403,0.6868868,0.7278915,0.7281465,0.7288447,0.72883624,3
19.9,5.6850204,0.25119302,-2.3736334,-0.026365269,0.018160427,0.002180458,-0.013371116,-0.04659578,0.003925524,-0.0023706989571674,-0.0034417189817257,0.0001522495143912,0.0024746167,0.0002743787,0.00053445814,15.600404,0.6835537,0.72820705,0.72824293,0.7289293,0.72871137,3
20.0,5.683907,0.2562545,-2.3730898,-0.026345413,0.016224945,0.002054261,-0.014382104,-0.036757015,-0.0017639248,-0.0021203401873652,-0.0035057756844657,0.0001588872844477,0.002119607,-0.00073560025,0.00019302676,15.600404,0.6835537,0.7283544,0.72830766,0.72914046,0.72833437,3
20.1,5.682508,0.2614629,-2.3725214,-0.026341233,0.014438752,0.0018608514,-0.021021016,-0.041704614,0.00031432134,-0.00188758782643,-0.0035637750775344,0.0001817580630217,0.0013805586,-0.0011929668,0.0009822554,15.594404,0.6802206,0.72849387,0.72811836,0.72917247,0.72822535,3
20.200000000000003,5.681056,0.26611206,-2.3723607,-0.026534948,0.013128166,0.0015751288,-0.02489389,-0.040456295,-0.0045588235,-0.0016274687808673,-0.0036487298658352,0.0001400105872527,0.002357804,-0.0015451856,-0.0006391635,15.594404,0.6802206,0.72874725,0.72794175,0.7288202,0.72828364,3
20.3,5.6796355,0.271004,-2.3728437,-0.026381427,0.011828203,0.0011227693,-0.014031784,-0.033294927,-0.009653158,-0.0014199166801159,-0.0037534824961049,0.0001097091749698,0.0019607756,0.0002618258,0.0010257047,15.588405,0.6768875,0.7281501,0.7284075,0.7282664,0.7286381,3
20.4,5.677943,0.2749587,-2.3736682,-0.02649735,0.010552364,0.00072972866,-0.020981647,-0.03284485,0.0060079615,-0.0012378527086506,-0.0038285667853598,4.165094440671203e-05,0.0009727083,0.00045397258,-2.7821356e-05,15.588405,0.6768875,0.7279909,0.7284829,0.728501,0.7279585,3
20.5,5.6752367,0.27850392,-2.3739724,-0.027360544,0.009222698,0.00084787817,-0.014033231,-0.027439892,0.008203088,-0.0010606092942593,-0.0039085557374827,1.3129944602647482e-06,0.0023839837,-0.0010809846,0.00025351084,15.588405,0.6768875,0.72863734,0.7279675,0.72818464,0.7283289,3
20.6,5.670604,0.28228396,-2.3734303,-0.029680802,0.008137341,0.00104079,-0.01048363,-0.024067245,0.0043413597,-0.0008783173336524,-0.0040718766363864,-2.585135204348844e-05,0.0011617177,-0.0027465739,-0.0005156909,15.582405,0.6735544,0.7282831,0.72843677,0.72842366,0.7282714,3
20.700000000000003,5.664496,0.2863757,-2.372623,-0.03275139,0.0079531595,0.0011124889,-0.014473718,-0.025398763,-0.0089542,-0.0007193510008315,-0.0043808238904124,-0.000107353548101,0.0009977899,-0.0046728053,-0.00095949275,15.576406,0.6702213,0.7287126,0.72830504,0.72824395,0.72837985,3
20.8,5.6579466,0.29020518,-2.3718414,-0.035592273,0.0075405356,0.0013761782,-0.0057971445,-0.022832487,0.0071818936,-0.0006407039966789,-0.0048938785678462,-0.0001703519082908,0.0004838502,-0.0065975846,-0.00049088465,15.576406,0.6702213,0.72890145,0.72836643,0.72824776,0.7284677,3
20.9,5.6501894,0.293881,-2.371056,-0.038084373,0.006930987,0.0013082373,0.007032291,-0.027041884,-0.0021834855,-0.0006145053895928,-0.0054768567369414,-0.0002160052030945,-0.00049985724,-0.0065780217,-0.0010255689,15.570406,0.66688824,0.72849625,0.7288427,0.72849965,0.7281524,3
21.0,5.6434054,0.296659,-2.3704405,-0.039342526,0.0059898244,0.0013873355,0.006697908,-0.02007267,0.00070221716,-0.000576555993655,-0.0060624916140563,-0.0002157303294792,0.0005109909,-0.005614874,0.00086845533,15.570406,0.66688824,0.728816,0.72849005,0.7281625,0.7286998,3
21.1,5.636788,0.29908413,-2.3702745,-0.039563492,0.0049665957,0.0009368879,0.013794812,-0.026460346,-0.006928574,-0.0004672906221325,-0.0065282572847799,-0.0001904528176426,0.0019659381,-0.004156318,-0.00022595402,15.564406,0.66355515,0.72884315,0.7281882,0.72814155,0.72860277,3
21.200000000000003,5.63158,0.30105415,-2.3705716,-0.038530707,0.004001885,0.00080083765,0.01581294,-0.018751495,0.0067381184,-0.0003650039122524,-0.0068456582437369,-0.0001287540077412,0.0009684726,-0.0031019228,0.0010783569,15.564406,0.66355515,0.7287659,0.72805387,0.72885513,0.7279122,3
21.3,5.626783,0.30315524,-2.371758,-0.036907107,0.0032680407,7.528456e-05,0.013835829,-0.014143084,-0.0077071595,-0.0002257484657158,-0.0069624403168337,-4.845056676783239e-05,0.0005233354,0.00025109004,0.0006576888,15.558407,0.66022205,0.7282064,0.7281319,0.728508,0.72803843,3
21.4,5.6231456,0.30477074,-2.373425,-0.0349848,0.0025687432,-0.00014367561,0.018639121,-0.022377202,0.0055707055,-0.0001191742316149,-0.006964339941118,-1.17681888154026e-05,0.0006324185,0.0011128844,-0.00033396573,15.558407,0.66022205,0.7283287,0.72786367,0.7283991,0.7278915,3
21.5,5.619909,0.30578193,-2.374879,-0.032947417,0.0012987384,-0.00012400527,0.009215105,-0.009831022,0.007865484,-5.358301912920017e-06,-0.0068439719882333,2.716879748122368e-05,0.00033038165,0.0018605136,0.0003985545,15.558407,0.66022205,0.7279423,0.7281957,0.72855896,0.7277941,3
21.6,5.6165824,0.30610448,-2.3756685,-0.031057239,-0.00022746864,4.2639418e-05,0.0076622507,-0.014972556,0.005798414,0.0001378216705191,-0.0066255980870043,2.9302303885928267e-05,0.0010121997,0.0024932988,0.00019307715,15.552407,0.65688896,0.7278732,0.7284025,0.7284505,0.7279549,3
21.700000000000003,5.613313,0.3053318,-2.3755822,-0.029612835,-0.0022999581,0.0001976326,0.011400847,-0.01225774,0.005371868,0.0003463551592461,-0.0063767792952423,1.3907442335792986e-05,0.0026212311,0.0015554574,-0.0002771856,15.546408,0.65355587,0.72846454,0.72790414,0.72861046,0.7278541,3
21.8,5.610658,0.30400026,-2.3753314,-0.028314712,-0.0042193313,0.00048393177,0.01504038,-0.011033988,0.0041299495,0.0006185649490185,-0.0062377095507775,-1.8533616260243875e-05,0.0025150524,0.0011473903,-0.0001375243,15.546408,0.65355587,0.72817403,0.72845834,0.7287263,0.72787076,3
21.9,5.607636,0.30225122,-2.3753328,-0.027484482,-0.005734213,0.00035394216,0.0060323724,-0.00020386367,0.010455026,0.0009442845174224,-0.006087874478361,-4.146556208693826e-05,0.003888783,0.0020401303,-0.00048087578,15.540408,0.6502228,0.728463,0.7280738,0.7279799,0.7285092,3
22.0,5.604431,0.30056405,-2.3756733,-0.027167406,-0.007122234,9.83201e-05,0.007205315,-0.0007853391,0.0017099081,0.0012511945151996,-0.0060159538187495,-0.0001036854542396,0.0041115144,0.000865095,-5.6347584e-05,15.540408,0.6502228,0.7282934,0.72831357,0.72781026,0.7283981,3
22.1,5.600382,0.2990973,-2.3761964,-0.027271736,-0.007974008,8.012377e-05,0.002181272,-0.004252497,-0.00053877005,0.0015251819425582,-0.0060051267526918,-0.000103336026671,0.0030031332,-9.219939e-05,-0.0003365059,15.534409,0.6468897,0.7282964,0.7282183,0.7278923,0.72842836,3
22.200000000000003,5.5962815,0.29861632,-2.3769608,-0.027769847,-0.007775454,0.00019039017,0.00801002,0.0071560894,0.004059169,0.0017427292848938,-0.0060566607245543,-0.0001040230416308,0.00172302,-0.0009941156,0.00041149344,15.534409,0.6468897,0.7282912,0.72828573,0.72804207,0.72832865,3
22.3,5.5919023,0.29857966,-2.3781586,-0.027852902,-0.0070578456,0.00018849054,0.009885454,-0.0025362896,0.0034812836,0.0018616540497357,-0.0062036149745579,-5.868696188503805e-05,0.0006662911,-0.0011110875,0.00051605154,15.528409,0.6435566,0.7282422,0.72821635,0.7280169,0.7284846,3
22.4,5.5876093,0.29873413,-2.37923,-0.027897121,-0.006392733,0.0003024565,0.0077776383,0.0017064858,0.0079004085,0.0018370775791579,-0.0063487086046138,-2.6001621136562476e-05,0.00059429684,-0.001288982,-0.00016827032,15.528409,0.6435566,0.7285661,0.7279621,0.72780836,0.7287699,3
22.5,5.583475,0.29896697,-2.3797922,-0.027905852,-0.005630441,0.00011506184,0.019110015,0.007308944,0.0024442559,0.0017439092346196,-0.0064730784087159,-1.6835384246164129e-06,-0.00078963506,-0.0018455848,0.0004054395,15.528409,0.6435566,0.7284156,0.728035,0.72808456,0.72836196,3
22.6,5.579543,0.2995757,-2.380364,-0.027605318,-0.0043591433,0.00017005057,0.011180765,0.00830083,0.0020554287,0.0016900601342975,-0.0065908440009362,3.63812445602554e-05,-0.0009606407,-0.0010562045,-0.0010843357,15.522409,0.6402235,0.72828615,0.7281401,0.72814786,0.72839713,3
22.700000000000003,5.576414,0.30076125,-2.3811383,-0.026609287,-0.003146225,0.00030935465,0.01515808,0.0034525923,0.007247086,0.0015550958687748,-0.0066913472409857,4.41598490583957e-05,-0.0011295623,-0.0015601518,-0.0005380285,15.51641,0.6368904,0.7289424,0.7276745,0.728357,0.7281204,3
22.8,5.5738335,0.30181253,-2.3814979,-0.025336329,-0.0025042053,0.00053322694,0.016211933,0.003362615,0.00012107193,0.0013512840093254,-0.006695509882526,0.0001128995787713,-0.0024948306,-0.00031525813,-0.00032408527,15.51641,0.6368904,0.72834617,0.72821766,0.72898394,0.7278829,3
22.9,5.571505,0.3021826,-2.3812575,-0.023857689,-0.002583845,0.0006438035,0.011652671,0.0009479217,0.0046552154,0.0012027759977845,-0.0066292506785422,0.0001204288892371,-0.000653699,0.001557383,-0.0001991783,15.51041,0.6335573,0.7284457,0.7281789,0.7282613,0.72863966,3
23.0,5.569429,0.301858,-2.3806996,-0.022655472,-0.0035417385,0.0011016395,0.0071441913,-0.003949315,-0.0023539176,0.0011305369731494,-0.0065044459627403,6.948095407444124e-05,0.00096614234,0.0014531991,0.00017637563,15.51041,0.6335573,0.72869056,0.728362,0.7285557,0.7285818,3
23.1,5.5671,0.3010774,-2.3801723,-0.021665992,-0.0044609695,0.0007789129,0.015207182,-0.0021601408,-0.0012912786,0.0011771297703642,-0.0063762813436949,-5.430708031891962e-06,0.0013332693,0.00044112577,0.0002408994,15.504411,0.6302242,0.7286846,0.7283146,0.7286582,0.7282132,3
23.200000000000003,5.5649486,0.29995233,-2.3798552,-0.020990407,-0.0053917747,0.00073213916,0.012129935,0.007563044,-0.00444008,0.0013337725136512,-0.0062742773834268,-2.545438065981832e-05,0.002071187,0.0003491551,9.7881144e-05,15.504411,0.6302242,0.7286649,0.7282196,0.7287362,0.72823197,3
23.3,5.562215,0.2990244,-2.379694,-0.020614805,-0.0058696857,0.00074120174,0.012089443,0.0045928834,0.010611023,0.0014824719652624,-0.0062111463345859,-5.040495781169354e-05,0.0015856997,-0.00083759456,1.3669072e-05,15.498411,0.62689114,0.7286857,0.7282552,0.72874635,0.7281075,3
23.4,5.5593705,0.29845548,-2.3795228,-0.020691784,-0.0059481314,0.00071705546,0.004132267,0.0072136275,0.0040223817,0.0016339425084715,-0.0061556920348501,-5.382721460099719e-05,0.00025661022,-0.00056328706,0.0003152787,15.498411,0.62689114,0.7285234,0.72849476,0.7287934,0.7281091,3
23.5,5.55648,0.2977737,-2.3790774,-0.020802937,-0.0058144177,0.0008005347,0.013517295,0.0031853877,0.005585141,0.0016998932332012,-0.0062021081933732,-2.637711188142692e-05,8.690625e-05,-0.0005599371,0.00018970783,15.498411,0.62689114,0.7284825,0.728534,0.72854537,0.72849804,3
23.6,5.553558,0.29689273,-2.3779817,-0.020916164,-0.0057345564,0.0011840347,-0.0013682,0.008018999,-0.0033299436,0.0017424427757887,-0.0063072873184102,-1.455593092958466e-05,0.0014160728,-0.001839534,4.112495e-06,15.492412,0.62355804,0.7292776,0.72796476,0.72858083,0.7287557,3
23.700000000000003,5.550294,0.2958457,-2.376851,-0.020892588,-0.0057750223,0.0010627839,0.007931235,0.008884709,-0.011644325,0.001755257159956,-0.0063839608225168,-1.1788535335927632e-05,0.0010051633,-0.0017682093,0.00025229284,15.486412,0.62022495,0.72898984,0.7282578,0.728591,0.72871476,3
23.8,5.5472417,0.29511428,-2.3755012,-0.020807674,-0.005505915,0.0010365066,0.00961403,0.00096240407,-0.006665941,0.0017926990424376,-0.0064929770604844,-3.4383824100052575e-05,0.0012024962,-0.00023900012,3.1272313e-05,15.486412,0.62022495,0.7286019,0.72870606,0.7280536,0.72917515,3
23.9,5.543401,0.2938578,-2.3743029,-0.021240314,-0.005636003,0.0010138375,0.011158329,0.006640339,-0.0044684852,0.0017710855288504,-0.0065604429687778,-3.82173237166267e-05,-0.00031658373,-0.0017401917,-0.00011655465,15.4804125,0.61689186,0.7285723,0.72875565,0.72872746,0.7285135,3
24.0,5.5393066,0.29230827,-2.3732405,-0.021883843,-0.005964132,0.00084292726,0.008570313,0.0052978387,-0.0047255303,0.0017633048437445,-0.0066643514620214,-3.2587997059412204e-05,0.0021143386,-0.0021218234,0.00035454004,15.4804125,0.61689186,0.72893393,0.7282598,0.72825736,0.7289874,3
24.1,5.5349064,0.29041365,-2.3720212,-0.022590892,-0.006393856,0.00078978774,0.0134780845,0.006642299,-0.0027911735,0.0018301848605304,-0.0068132163664646,-3.978926578053266e-05,0.0011000355,-0.0032091911,0.00018321394,15.474413,0.61355877,0.72876793,0.7283984,0.7287777,0.7284537,3
24.200000000000003,5.5315623,0.28786647,-2.3707461,-0.022190394,-0.007691579,0.0010158794,0.014163568,0.0053715976,-0.00012479721,0.0018872119382563,-0.0070157678068223,-6.631755515740726e-05,0.0019310692,-0.002123685,-4.3517088e-05,15.474413,0.61355877,0.72882587,0.7285475,0.7285526,0.72881746,3
24.3,5.528567,0.28424156,-2.369166,-0.021478247,-0.009244526,0.00091593707,0.012508102,0.007810882,-0.0052973623,0.0020478918133177,-0.0071259663600372,-9.197541650316456e-05,0.0026422248,-0.001967707,0.0011395321,15.468413,0.6102257,0.7290314,0.72829276,0.72894347,0.72839165,3
24.4,5.5261607,0.28037935,-2.3674812,-0.02059087,-0.010565341,0.0012407883,0.017071426,0.019554883,-0.0024121252,0.0022773291075769,-0.0071504752095294,-0.0001751000683003,0.0027360977,-0.0006631916,-0.00033882156,15.468413,0.6102257,0.72901917,0.72872686,0.728976,0.72841215,3
24.5,5.5242867,0.2761495,-2.3660998,-0.019164216,-0.012255597,0.0010657834,0.015869025,0.008095215,-0.0085891215,0.0025532675573126,-0.0071196091148828,-0.0002213761465596,0.0037336214,0.000669944,-0.00013338347,15.468413,0.6102257,0.7288672,0.7288021,0.7286598,0.728664,3
24.6,5.522429,0.27086738,-2.3649893,-0.017721474,-0.014060751,0.0008228867,0.013451058,0.012954647,-0.00895746,0.0028443886675263,-0.007018269491813,-0.0003264832700491,0.0043290686,0.0012153735,-0.00048695266,15.462414,0.6068926,0.72900295,0.72874224,0.7285076,0.7285133,3
24.700000000000003,5.52093,0.26566568,-2.3638759,-0.015976414,-0.015042643,0.000893764,0.011910591,0.021842085,-0.006618909,0.0031751104760291,-0.0068761751537647,-0.0003054733417209,0.0038236277,0.002515768,0.0003354484,15.456414,0.6035595,0.728784,0.72880846,0.7284057,0.72890615,3
24.8,5.520071,0.2612368,-2.3631883,-0.014134705,-0.015448026,0.00080845976,0.010442325,0.019895855,-0.00067474315,0.0034696535413527,-0.0066956696171937,-0.0002909990316099,0.0032299522,0.0030625912,0.00044228244,15.456414,0.6035595,0.72857314,0.72897214,0.7283259,0.72896785,3
24.9,5.5191526,0.2570255,-2.3630247,-0.012682372,-0.015227719,0.00051435776,0.011595369,0.01897352,-0.010102055,0.0036657988511694,-0.0064572761957878,-0.0002742001850817,0.0030715591,0.0025568923,0.0001480669,15.450415,0.6002264,0.7290837,0.7283847,0.72830033,0.72883093,3
25.0,5.518801,0.25414628,-2.3629365,-0.011281266,-0.013896929,0.00010257626,0.006403479,0.022806905,-0.008867121,0.0037765786501252,-0.006231808970173,-0.0002228371072552,0.0009438009,0.0022820134,0.0012787026,15.450415,0.6002264,0.72872144,0.7284462,0.7282068,0.7286809,3
25.1,5.518554,0.25209674,-2.3630576,-0.010215001,-0.011968108,-0.0052112807,0.0058218916,0.02121585,-0.28074625,0.0037149154005817,-0.005998817051608,-0.0001551723820689,-0.0017164559,0.0037593362,9.521349e-05,15.444415,0.5968933,0.750879,0.7506215,0.7563485,0.75692225,3
25.200000000000003,5.5181184,0.25050208,-2.3671207,-0.009407919,-0.010047074,-0.100286886,0.011325893,0.021086305,-1.5773227,0.0033388082708809,-0.005669239916636,-0.0006198687339478,-0.0036060307,0.0009465535,-0.013118863,15.444415,0.5968933,0.7863997,0.78715944,0.81771463,0.817414,3
25.3,5.5172276,0.24914542,-2.389987,-0.00856354,-0.007396576,-0.3267617,0.011341918,0.027021863,-2.6106708,0.0034048019383428,-0.0058726019376002,-0.0034790311043096,0.0033683586,-0.003958226,-0.042002887,15.438416,0.5935602,0.83439577,0.83526397,0.8629585,0.8636885,3
25.4,5.5165663,0.24841316,-2.4396677,-0.0066459426,-0.0043573654,-0.6294123,0.03622856,0.035997543,-3.557632,0.0039805013534031,-0.0065099091064195,-0.0087137597023528,0.0058874423,-0.0074126273,-0.05785824,15.438416,0.5935602,0.87092054,0.87032235,0.8762219,0.8761704,3
25.5,5.5161586,0.24755926,-2.5253196,-0.0034350853,-0.0008640854,-1.0112976,0.04389147,0.04782084,-4.230871,0.0043652482293028,-0.0068514572794708,-0.0144948764266951,-0.00035538423,0.00038288007,-0.055161223,15.438416,0.5935602,0.90972185,0.9085344,0.8976154,0.89780706,3
25.6,5.515433,0.24696214,-2.6643414,-0.0006116264,0.0026241792,-1.3944823,0.027792111,0.032207746,-2.7017214,0.0035882170823887,-0.0061392353634112,-0.0191933100436712,-0.011780181,0.011030633,-0.039979283,15.432416,0.5902271,0.82002527,0.8202395,0.8025647,0.802797,3
25.700000000000003,5.514774,0.24638689,-2.836821,-0.0007467696,0.0037342322,-1.5822314,0.0039700004,0.016528912,-1.0275482,0.0023584762015061,-0.0051684908532561,-0.0223010727460423,-0.01051646,0.0071173045,-0.022355156,15.426416,0.58689404,0.7647143,0.7655831,0.7491855,0.7488732,3
25.8,5.5137534,0.24563593,-3.0071645,-0.0023800195,0.003073694,-1.6326222,-0.009426928,0.0005368488,-0.012470408,0.0016046194386427,-0.0047201073624183,-0.0239560164346817,-0.0048985225,0.0015909511,-0.011107041,15.426416,0.58689404,0.7210394,0.72190416,0.709419,0.70921826,3
25.9,5.512107,0.24507295,-3.1892638,-0.0046821693,0.0018851976,-1.5916141,-0.014128494,-0.00049068284,0.8166376,0.0014066046662624,-0.004776236920609,-0.0245055620483784,0.00020303234,-0.00333173,-0.0005257722,15.420417,0.58356094,0.6829255,0.6830905,0.6738683,0.6736605,3
26.0,5.510121,0.24499674,-3.3462358,-0.0071598846,0.0011486928,-1.4960501,-0.011625998,-0.001483513,0.94239545,0.0015039165738414,-0.0051183234468302,-0.0243150315376617,0.0014388209,-0.0042189024,0.0051257648,15.420417,0.58356094,0.694828,0.69539684,0.6882928,0.68859273,3
26.1,5.508141,0.24522825,-3.5031662,-0.0082721105,0.0012382978,-1.4291109,0.0040556714,0.006787489,0.4547848,0.0016502912392658,-0.0057127064546481,-0.0235462153444584,-0.00015735999,-0.006398368,0.009571505,15.414417,0.58022785,0.7125758,0.7130401,0.7087698,0.708501,3
26.200000000000003,5.5070686,0.24536288,-3.640687,-0.008067127,0.0014517568,-1.4001256,0.0051821093,0.0042801904,0.19568157,0.0017211994133419,-0.0063045326723022,-0.0224795643017371,-2.4161302e-05,-0.0038709042,0.011844593,15.414417,0.58022785,0.72319824,0.72346514,0.720722,0.72137994,3
26.3,5.5061393,0.2451132,-3.7860384,-0.0068601095,0.0009909284,-1.3891702,0.01071221,0.0039003433,0.038191672,0.0017024793027312,-0.0067022845200801,-0.0212867245289034,0.0017687309,-0.003229041,0.01193084,15.408418,0.57689476,0.7287585,0.72761816,0.7269425,0.7272431,3
26.4,5.505197,0.24405858,-3.919067,-0.0056505576,-0.000357949,-1.3889356,0.013345117,0.008452317,-0.034904104,0.0017128550547864,-0.0068759887133085,-0.0200528115360697,0.001451992,-0.0009117648,0.0113746105,15.408418,0.57689476,0.7308136,0.73061967,0.7302985,0.7302023,3
26.5,5.505255,0.24238104,-4.0521636,-0.0034880082,-0.001716648,-1.3934124,0.01699068,0.0013664507,-0.06945012,0.0018860605439282,-0.0069299214770543,-0.0188648793504117,0.003909145,0.001090099,0.0116450265,15.408418,0.57689476,0.73132646,0.7310884,0.73168945,0.731912,3
26.6,5.5055685,0.24055919,-4.1966467,-0.0015479517,-0.0029641783,-1.4001511,0.00567292,0.0029445281,-0.08233124,0.002228263926172,-0.0068044079662114,-0.0177487503015721,0.005135576,0.0021811998,0.010857628,15.402418,0.57356167,0.7308791,0.7304501,0.73325044,0.73316544,3
26.700000000000003,5.505581,0.23900878,-4.342051,-0.00045329393,-0.003196816,-1.40768,0.008201273,0.013380789,-0.08031073,0.0026481829053077,-0.0065783810568066,-0.0168334537834119,0.005068468,0.0028806776,0.008399331,15.396419,0.5702286,0.7301554,0.73027855,0.73327726,0.73383814,3
26.8,5.505811,0.23798925,-4.476693,0.00048198827,-0.0028214813,-1.4142599,0.008168446,0.011598702,-0.07192464,0.0030087810821751,-0.0063989246040069,-0.0161822965574373,0.0043626106,0.0019957635,0.0049871765,15.396419,0.5702286,0.73028445,0.7302437,0.7327372,0.7340094,3
26.9,5.5064645,0.23689441,-4.623144,0.0014322004,-0.0021024235,-1.4212904,0.005499336,0.020952873,-0.07475353,0.0032624567880212,-0.0062273129396054,-0.0157957688219907,0.002535437,0.0019802463,0.0026322696,15.390419,0.5668955,0.7304802,0.73054504,0.73263276,0.733034,3
27.0,5.50725,0.23584892,-4.7590733,0.0022920775,-0.0015013524,-1.4275457,-0.0014025626,0.018637186,-0.07154885,0.0034636240429221,-0.0060486624513771,-0.0156399433026001,0.0016549067,0.0012306252,0.0011937474,15.390419,0.5668955,0.7307402,0.7306546,0.73217225,0.7319224,3
27.1,5.5079193,0.23519094,-4.9072685,0.0026716858,-0.00022790462,-1.4338984,-0.0029057409,0.022782616,-0.06586406,0.0035829620726443,-0.0058226154992979,-0.0156107668504068,0.00029728477,0.002533521,-0.0007680368,15.384419,0.5635624,0.7303965,0.7310474,0.7314021,0.7312029,3
27.200000000000003,5.5081935,0.23516512,-5.044692,0.0025751102,0.0017244775,-1.4392558,0.0009662453,0.019622937,-0.097952776,0.003654037545939,-0.0056573276730362,-0.0156014672442328,-0.0002825722,0.00030082816,-0.00020295664,15.384419,0.5635624,0.7405202,0.7400519,0.74062055,0.7402696,3
27.3,5.507852,0.23568608,-5.1966763,0.002138744,0.004128751,-1.5002527,0.0011163355,0.019270062,-0.7411916,0.0035197669492506,-0.0055684971320433,-0.015607665854294,-0.0021944009,-0.00013210112,-0.00046083602,15.37842,0.5602293,0.7557942,0.75591487,0.75571334,0.755847,3
27.4,5.5071096,0.23594545,-5.344838,0.001171892,0.005768209,-1.5632013,-0.009152995,0.01451322,-0.58524305,0.0032409887496571,-0.005581427120138,-0.0155998792049745,-0.0030606207,-0.0015139513,0.0004539058,15.37842,0.5602293,0.7545558,0.75457776,0.75442755,0.7544626,3
27.5,5.506357,0.23591226,-5.500001,0.0005895675,0.006839324,-1.6183892,0.0012160817,0.012436131,-0.5538943,0.0029371157546043,-0.0056984240756076,-0.0156093378007242,-0.0009469666,-0.0016225124,-0.00085743074,15.37842,0.5602293,0.74879473,0.7483316,0.7477176,0.7490351,3
27.6,5.506321,0.23543994,-5.6748285,0.0008604982,0.007262186,-1.6746074,0.005332349,0.0064330394,-0.50775194,0.0027637390576122,-0.00595223589652,-0.0156081350692888,-0.0002881661,-0.0023160959,-6.83391e-05,15.37242,0.5568962,0.7519791,0.7516686,0.75165576,0.75164026,3
27.700000000000003,5.5071692,0.23488377,-5.855806,0.0017664738,0.0077143814,-1.729882,0.0042666686,0.012434336,-0.51625675,0.0026146582784386,-0.0060985791283846,-0.0155674791538977,2.6417543e-05,-3.1778814e-05,0.00049271947,15.366421,0.5535631,0.7475061,0.7474906,0.7474339,0.74754894,3
27.8,5.5088882,0.23444049,-6.0273247,0.0035065042,0.0077131656,-1.7797382,0.003795998,0.008935272,-0.5038711,0.0025848480204832,-0.0060702812945578,-0.0155467036413147,-0.00011859204,0.0016489689,-0.0015178014,15.366421,0.5535631,0.7520146,0.75219434,0.7523747,0.7518416,3
27.9,5.511594,0.23426268,-6.2183676,0.0055548106,0.008197647,-1.8356216,0.0043323925,0.019102488,-0.5342611,0.0026238934655054,-0.0057633822812848,-0.0155692815964952,0.0007432044,0.0054522245,0.00018481474,15.360421,0.55023,0.7485956,0.7489902,0.7485778,0.7487808,3
28.0,5.514423,0.23482867,-6.400028,0.0072551044,0.009354045,-1.8879297,0.007221673,0.017101305,-0.539991,0.0026907239940496,-0.0052580254889518,-0.0155600228601744,8.196215e-05,0.0070310454,0.00056025037,15.360421,0.55023,0.7535896,0.753702,0.7533693,0.75376254,3
28.1,5.516739,0.23618762,-6.6024957,0.007854683,0.0112344865,-1.9475098,-0.01079001,0.008712884,-0.57058406,0.0025897915838903,-0.0046211745763152,-0.0155097210346543,-0.0031619372,0.0072836974,-0.00064674945,15.354422,0.54689693,0.7499791,0.7507836,0.7504406,0.7504206,3
28.200000000000003,5.518176,0.23787773,-6.794983,0.0074142907,0.012876462,-2.0038095,-0.016603865,0.010283508,-0.58225864,0.0022531171963796,-0.0040547407045012,-0.0154702204508765,-0.004890301,0.005173258,-5.1242332e-05,15.354422,0.54689693,0.75467896,0.75519514,0.75493175,0.75510925,3
28.3,5.519244,0.24013945,-7.0103216,0.006153252,0.014509182,-2.0669794,-0.010406278,0.0017094539,-0.6080186,0.0018470914348065,-0.0036872940850469,-0.0154064831986376,-0.0059132203,0.0029417477,0.0006404389,15.348422,0.54356384,0.7514788,0.7520907,0.7519915,0.75193346,3
28.4,5.51936,0.24215588,-7.215277,0.0041079405,0.015284207,-2.1267776,-0.025218925,-0.00041639167,-0.62418306,0.0012944358200738,-0.0034503314057174,-0.0153887008645078,-0.0066299476,0.0017362323,-0.00084298576,15.348422,0.54356384,0.75570065,0.75671095,0.7563119,0.7563822,3
28.5,5.5187745,0.24383444,-7.4260573,0.0018403137,0.015033257,-2.1883402,-0.019706342,-0.0027732416,-0.6452584,0.0007657199978847,-0.0035166659340509,-0.0153876812522677,-0.005329074,-0.0021658163,0.0005789311,15.348422,0.54356384,0.75301313,0.75352395,0.75351536,0.7532568,3
28.6,5.5174127,0.24541579,-7.6614523,-0.00105107,0.013968902,-2.2563062,-0.018638711,-0.012045662,-0.6446158,0.0003817461629197,-0.0037998682878176,-0.0154097170678784,-0.0025002854,-0.0049088667,-0.001636897,15.3424225,0.54023075,0.75779843,0.7577449,0.757928,0.75766087,3
28.700000000000003,5.5152416,0.24681598,-7.9041576,-0.0033630044,0.012492471,-2.3270574,-0.012893824,-0.016701845,-0.66752446,0.0001561339218895,-0.0042201259903402,-0.015398893568501,-0.0016844816,-0.005763668,-0.0003746041,15.336423,0.53689766,0.7550849,0.7547703,0.7552601,0.7547462,3
28.8,5.5127583,0.24777521,-8.134776,-0.005739688,0.010456592,-2.3935971,-0.0128601,-0.01948215,-0.68807507,6.071739628229824e-05,-0.004781970108555,-0.0154263162989627,-0.00087015156,-0.0064621484,-0.00031412716,15.336423,0.53689766,0.7590703,0.75978136,0.7596278,0.75921977,3
28.9,5.5094156,0.24829869,-8.391741,-0.0077653164,0.00793507,-2.468405,-0.0031895668,-0.011717107,-0.7083392,8.203809168922956e-05,-0.0054503130323378,-0.0154398073664442,0.0010122432,-0.0078494605,-0.0005290816,15.330423,0.53356457,0.7566496,0.75706625,0.75690806,0.7568493,3
29.0,5.505906,0.24833506,-8.635505,-0.008837893,0.0055864695,-2.53917,0.011658505,-0.016589306,-0.7316004,0.0002349398678818,-0.0062107682634879,-0.0154581240206687,0.0018142475,-0.007487681,-0.00041603023,15.330423,0.53356457,0.7608831,0.7618091,0.76123554,0.76145715,3
29.1,5.5022826,0.2485176,-8.906535,-0.008871122,0.0037093842,-2.618742,0.023191758,-0.010394783,-0.7562688,0.0005131544780996,-0.006998458316549,-0.0154937618309429,0.0023192351,-0.008267977,-0.0008034991,15.324424,0.5302315,0.7590802,0.7592051,0.7594675,0.7587081,3
29.200000000000003,5.4993067,0.24917692,-9.163318,-0.007671479,0.0028501186,-2.6939633,0.020868434,-0.010590297,-0.7803761,0.0007812876666064,-0.007681799350324,-0.0155447675248772,0.0019915167,-0.0064189103,-0.0011875861,15.324424,0.5302315,0.76394,0.7637242,0.76386154,0.7634915,3
29.3,5.496614,0.24986753,-9.449442,-0.005213815,0.0022692238,-2.7788544,0.029671185,-0.005185294,-0.8173743,0.0009817590271887,-0.0082002326191462,-0.0155643383856233,0.0015581377,-0.003081341,-0.0005573777,15.318424,0.5268984,0.76177514,0.76177895,0.7611734,0.7621394,3
29.4,5.4946456,0.24988204,-9.721461,-0.0026884598,0.0015346524,-2.8596413,0.031157544,-0.006795767,-0.83894557,0.0010278077253057,-0.0084854176317296,-0.0155463558581225,-7.2721887e-06,-0.0015224417,0.00011785041,15.318424,0.5268984,0.7658835,0.7661255,0.7659154,0.7661141,3
29.5,5.4932914,0.2496142,-10.001241,0.00034922446,0.0007582601,-2.943165,0.042844728,-0.009285105,-0.8910037,0.0010447526205651,-0.0086068301533623,-0.0155538750717655,0.0016240346,0.0008032044,-0.00054411346,15.318424,0.5268984,0.7640197,0.76392555,0.7634518,0.7645247,3
29.6,5.4921823,0.24944271,-10.313408,0.0030911167,6.826648e-05,-3.0111666,0.026240539,-0.0005195261,-0.15686917,0.0011547198228258,-0.0085981598708001,-0.0155856772494783,0.0011480812,0.00094871724,-0.0013725237,15.312425,0.5235653,0.7159805,0.7162062,0.71582013,0.716204,3
29.700000000000003,5.4912624,0.24992381,-10.626987,0.005147817,-0.00016807498,-2.9775891,0.023664815,-0.0044199,0.42145652,0.0012690817110873,-0.0084838642607412,-0.0156181156251988,0.00082696247,-0.00049959566,-0.00056224683,15.306425,0.5202322,0.7118888,0.71095157,0.7115456,0.7110084,3
29.8,5.4902387,0.2504782,-10.911774,0.0066752345,-7.7410645e-05,-2.949466,0.018021982,-0.010407777,0.1988639,0.0013162079665718,-0.0083933160683656,-0.0156211819326256,9.995776e-05,0.0003305023,0.0006358144,15.306425,0.5202322,0.72171193,0.72119385,0.72123015,0.72150445,3
29.9,5.4893956,0.2512032,-11.216623,0.008531679,-5.0516617e-05,-2.936319,0.026364798,0.0015718278,0.05779089,0.0012889916760848,-0.0083356770826372,-0.015644021771687,-0.00052796805,-0.0003252037,-0.0012318059,15.300426,0.5168991,0.7268976,0.72633994,0.7267035,0.7262927,3
30.0,5.4890876,0.25263032,-11.496068,0.01044414,0.0003970025,-2.9331274,0.017109362,-0.0022964221,-0.006489921,0.0012196734830968,-0.0082882549980323,-0.0156169244436074,-0.00060105405,-0.00023353205,0.0002367537,15.300426,0.5168991,0.7300272,0.72926366,0.7295705,0.72967887,3
30.1,5.4894705,0.25503427,-11.797852,0.012849466,0.0012901486,-2.9348419,0.024227163,-0.0071703354,-0.051573846,0.0010397173296218,-0.0081505958435793,-0.0155953036397564,-0.0027163643,0.0023205273,-0.0005673881,15.3,0.51384926,0.7310383,0.7313481,0.73107374,0.73136437,3
30.200000000000003,5.490392,0.25728393,-12.076745,0.01505129,0.0020872236,-2.9392135,0.020069705,-0.004358625,-0.06338907,0.0007105109863632,-0.0079257532011333,-0.0155900664911936,-0.0041267034,0.0027345438,0.00058272853,15.3,0.51384926,0.7320206,0.73172915,0.731788,0.73189694,3
30.3,5.4920654,0.2591811,-12.379336,0.017395746,0.0021066244,-2.9451969,0.014822977,-0.017775042,-0.07209228,0.0002329652291664,-0.0075799265667425,-0.0155879442752954,-0.005117974,0.0047125113,-0.00076156633,15.3,0.5113497,0.73171514,0.7322114,0.73180807,0.7320367,3
30.4,5.494346,0.26051328,-12.65927,0.019797137,0.0015228516,-2.9510434,0.01066532,-0.018986892,-0.077087425,-0.0002106784405237,-0.0071375431808236,-0.0155808468034976,-0.0032015264,0.0062197177,-0.00014402886,15.3,0.5113497,0.7316417,0.7319135,0.7315101,0.73203605,3
30.5,5.4974713,0.2613955,-12.9402275,0.021775724,-3.8584236e-05,-2.9568713,0.006043219,-0.023604728,-0.07158285,-0.0005017055069365,-0.0065548978302616,-0.0155541293316258,-0.0010012521,0.0069159134,-0.00040162593,15.3,0.5113497,0.731681,0.7309376,0.73121697,0.731502,3
30.6,5.50145,0.26178157,-13.245389,0.023660176,-0.0019497587,-2.9622505,-0.003719913,-0.01877682,-0.059781592,-0.0006467191881332,-0.0058500014931061,-0.0155196332727414,-0.0006408342,0.0072369943,0.000751596,15.3,0.5093012,0.7310313,0.73071814,0.7312758,0.730775,3
30.700000000000003,5.5058675,0.26136068,-13.551499,0.024379617,-0.004541326,-2.9669137,-0.010962921,-0.016630664,-0.046641562,-0.0005966586637096,-0.0050359158445441,-0.0154886252067252,0.0016786364,0.009283598,0.00043781678,15.3,0.5076227,0.7301092,0.7308079,0.7303981,0.7309305,3
30.8,5.5099277,0.26017687,-13.834341,0.023947783,-0.007014117,-2.9703362,-0.02110791,-0.015801659,-0.044067387,-0.0003742901237129,-0.0042552789251088,-0.0155098592445638,0.0034420805,0.007842829,-0.00041771284,15.3,0.5076227,0.7302576,0.73044044,0.7303841,0.73052895,3
30.9,5.5135193,0.25873032,-14.141466,0.022391485,-0.008841229,-2.9736977,-0.026366819,-0.013350871,-0.040864103,2.029025636836262e-06,-0.0035302848598507,-0.0155047522377854,0.004321109,0.006139355,0.00023819713,15.3,0.5062475,0.73017436,0.73007935,0.7303901,0.73011684,3
31.0,5.5159273,0.25766912,-14.4255705,0.019788943,-0.009945283,-2.9764087,-0.03860275,-0.010380041,-0.034675,0.0004468367287098,-0.0029842299727782,-0.015510900791731,0.0048285522,0.004364005,-3.3993965e-05,15.3,0.5062475,0.72987425,0.72989535,0.7297759,0.73016226,3
31.1,5.5173516,0.25672442,-14.734412,0.016232984,-0.010183338,-2.979058,-0.034629665,-0.0040570986,-0.028740147,0.0008589205895029,-0.0026652374526364,-0.0155394955387477,0.0027598578,0.0020981722,-0.0005738259,15.3,0.5051174,0.72918934,0.7298736,0.7292846,0.7297166,3
31.200000000000003,5.518143,0.2551818,-15.020292,0.0126561085,-0.010472004,-2.980946,-0.035948608,0.00020091145,-0.010904855,0.001131712034804,-0.0026556645078048,-0.015547000215141,0.0015676304,-0.0012310046,3.0123338e-05,15.3,0.5051174,0.72874403,0.7293519,0.7291312,0.7289046,3
31.3,5.5189843,0.2527821,-15.330564,0.0091658635,-0.011088924,-2.9822361,-0.034367483,0.0017920232,-0.0073043625,0.0014220660707995,-0.0028716318273661,-0.0155269572389336,0.0029304281,-0.0026968562,0.00056465616,15.3,0.50419426,0.72846556,0.7288517,0.7286653,0.72874516,3
31.4,5.520093,0.25014836,-15.617034,0.0068834196,-0.011701927,-2.9828053,-0.02154203,0.005570003,-0.010702292,0.0017540564290341,-0.0031751357150226,-0.0155582669679904,0.005092609,-0.0029253988,-0.00031967476,15.3,0.50419426,0.72896206,0.7282305,0.72817063,0.7288271,3
31.5,5.52109,0.24736117,-15.90346,0.0050352984,-0.012292276,-2.983004,-0.018681457,0.007258003,-0.0017327255,0.0021916260930149,-0.0034290363347708,-0.0155427601310267,0.006063977,-0.0021005631,-0.00048202564,15.3,0.50419426,0.72884774,0.7283071,0.7284353,0.7286414,3
31.6,5.5211306,0.24429479,-16.21346,0.0022163638,-0.01228404,-2.983203,-0.019244596,0.024458596,-0.009941402,0.0027151381148345,-0.0035823735554519,-0.0155134727120798,0.00638,-0.001640679,8.7172e-05,15.3,0.5034361,0.72878784,0.7285699,0.72839195,0.72906095,3
31.700000000000003,5.5202675,0.24095835,-16.523659,-0.00060134765,-0.011901514,-2.9834938,-0.02013518,0.020555604,-0.0037504358,0.0032204547124161,-0.0038212951119543,-0.0155141935302363,0.0050768615,-0.003593717,0.00029987292,15.3,0.5028162,0.72887206,0.7286788,0.72880775,0.72873574,3
31.8,5.5193067,0.23756838,-16.81004,-0.0030177156,-0.011549185,-2.983696,-0.006621978,0.027409082,0.019860918,0.003715441750687,-0.0042136730025601,-0.015531161513823,0.0047590253,-0.0059257853,-0.0013699315,15.3,0.5028162,0.7192513,0.71908236,0.7194828,0.71870804,3
31.9,5.518078,0.23388153,-17.1178,-0.0052499883,-0.010962511,-2.923456,-0.011111858,0.022285603,1.1298796,0.0042615226346536,-0.0046710309874223,-0.0155113340742248,0.006266886,-0.0046799383,0.00027581188,15.3,0.50230694,0.65640926,0.6562481,0.6560255,0.6566082,3
32.0,5.5164204,0.23094104,-17.389908,-0.0076468387,-0.009792978,-2.7578096,-0.017991442,0.029464938,2.1681955,0.0048068171919147,-0.0051616183321529,-0.0154827157498181,0.0050619557,-0.005050409,0.00012411682,15.3,0.50230694,0.6134309,0.61405534,0.6138712,0.6138048,3
32.1,5.5143256,0.2283213,-17.659042,-0.010113423,-0.008139076,-2.480835,-0.013604433,0.027513023,3.0130236,0.0053239562109805,-0.005763912376962,-0.0154916263777871,0.0039115963,-0.0064750877,-0.0007687576,15.3,0.50230694,0.5627553,0.56319195,0.5630746,0.56285524,3
32.2,5.5124116,0.22663532,-17.87434,-0.011939027,-0.0062988703,-2.1503174,-0.017405467,0.021745559,3.5891826,0.0056900007053767,-0.0064295907599298,-0.0154640480890372,0.004138036,-0.006983988,9.280587e-05,15.3,0.50189114,0.55783904,0.557181,0.55724657,0.557958,3
32.300000000000004,5.5102525,0.22550899,-18.066696,-0.0133097265,-0.0038597442,-1.792176,-0.008370629,0.023194037,3.1932209,0.0059275413636028,-0.0070741359536164,-0.0154449525350415,0.0012807488,-0.0058963806,0.0002814888,15.3,0.5015497,0.5686806,0.5687621,0.56870615,0.56892514,3
32.4,5.5080953,0.22529355,-18.20899,-0.014143986,-0.000725253,-1.4884975,-0.002386112,0.03093171,3.002594,0.005985480469901,-0.0076792842830332,-0.0154569536626666,-0.0004947677,-0.0056277323,-0.0012615265,15.3,0.5015497,0.58828694,0.5880936,0.5880441,0.5883972,3
32.5,5.5060287,0.2259251,-18.320164,-0.01431118,0.0026399887,-1.2013968,-0.0038160086,0.019744413,2.8249788,0.005794708256945,-0.0082167953530932,-0.0154344947414283,-0.0036124713,-0.004609985,-7.794096e-05,15.3,0.5015497,0.5880162,0.5881824,0.5883141,0.58809763,3
32.6,5.503581,0.22735357,-18.408934,-0.013977602,0.0063434285,-0.90249324,0.006888132,0.02274001,2.7595494,0.0053801832115451,-0.0086694831417047,-0.0154438234594068,-0.005051848,-0.005508142,-0.00010930139,15.3,0.5012703,0.5996138,0.5987296,0.5994294,0.59905535,3
32.7,5.5009546,0.22904037,-18.466404,-0.013517774,0.009858178,-0.6101614,0.00527379,0.02010975,2.6794,0.0047730868758565,-0.0089990884849484,-0.0154822332584056,-0.006754174,-0.0027190954,-0.00073048315,15.3,0.50104046,0.59371114,0.59386003,0.593458,0.59405476,3
32.800000000000004,5.4988728,0.23069319,-18.492338,-0.0128273815,0.012211761,-0.34133315,0.010588549,0.01363599,2.756226,0.0040351112290384,-0.0093697138840482,-0.0155072186412055,-0.007374833,-0.002815148,0.00055803463,15.3,0.50104046,0.6045742,0.60467815,0.6043273,0.60479414,3
32.9,5.4975276,0.23229791,-18.4937,-0.011018242,0.014008262,-0.11214419,0.023359422,0.010635147,1.8648802,0.0033402315558155,-0.0097059710031623,-0.0155464210601938,-0.0068818745,-0.0028053194,1.827626e-06,15.3,0.50104046,0.6530718,0.65306133,0.65312463,0.6528087,3
33.0,5.4974008,0.23379943,-18.475903,-0.0075412174,0.015625529,0.03119465,0.02293955,0.00847175,0.8072364,0.0026910104356376,-0.0098328190422319,-0.0155584094106475,-0.0071264766,-0.00067998737,-0.0009992941,15.3,0.50085354,0.70182973,0.7016856,0.7024448,0.7009902,3
33.1,5.4988003,0.23517162,-18.451324,-0.0022415228,0.016898135,0.06666965,0.034751147,0.0047617215,-0.17767724,0.0021174663099531,-0.0096485820303519,-0.0155773871793271,-0.0057554077,0.0043732445,-0.0014468146,15.3,0.50085354,0.74540895,0.7456344,0.7457556,0.7451766,3
33.2,5.501114,0.2369536,-18.433651,0.003601956,0.017798888,0.0076843575,0.04370984,-0.00038815822,-0.8774725,0.0016207753700196,-0.0090632601209767,-0.0156093651178466,-0.0037037442,0.008207509,-0.0011463321,15.3,0.5007,0.762733,0.76206124,0.7621999,0.76244724,3
33.300000000000004,5.504312,0.23953803,-18.426987,0.009225953,0.018950386,-0.059392914,0.029439216,-0.010140349,-0.48573777,0.0011147175003746,-0.0080497279742928,-0.0156220403254891,-0.005998737,0.011536035,-3.141824e-05,15.3,0.50057316,0.7452016,0.7457396,0.74577373,0.7451605,3
33.4,5.5066624,0.24202898,-18.42942,0.0122985635,0.019566858,-0.08951967,0.017596453,-0.009675284,-0.21205935,0.0005868496459768,-0.0068553434388036,-0.0156551180394327,-0.005847839,0.011101795,-0.000368618,15.3,0.50057316,0.7340894,0.73395467,0.7341003,0.73380214,3
33.5,5.5080485,0.24431548,-18.43651,0.013030022,0.01964178,-0.09991996,0.0031812668,-0.01613477,-0.031138303,5.761719307620459e-05,-0.0058217804425085,-0.0156925290681561,-0.0052671353,0.008955702,1.02696795e-05,15.3,0.50057316,0.72745866,0.7281322,0.72750574,0.7277582,3
33.6,5.5090103,0.24608374,-18.44615,0.01241488,0.018972106,-0.097611815,-0.010522568,-0.018728895,0.06662681,-0.0004403872997086,-0.0051396397656763,-0.0156650846712715,-0.004931389,0.0046860366,0.00043967157,15.3,0.50047016,0.72397774,0.7244001,0.7241902,0.7240961,3
33.7,5.5097475,0.24700156,-18.45599,0.011025468,0.017171433,-0.08834059,-0.0043914914,-0.019136358,0.11440086,-0.0008124050965803,-0.0047960824549005,-0.0156683393150502,-0.003468882,0.0017459708,0.00021300792,15.3,0.5003853,0.7223299,0.72304267,0.72270876,0.7225115,3
33.800000000000004,5.5109444,0.24722964,-18.464748,0.009847737,0.014971934,-0.07675649,-0.01678429,-0.026300926,0.13312976,-0.0009652294385023,-0.004731934872258,-0.0156679024541856,-0.0005317666,0.00024192326,0.00086544064,15.3,0.5003853,0.72189105,0.722373,0.72214675,0.7219745,3
33.9,5.5129805,0.2465698,-18.472626,0.009535869,0.0118896505,-0.06446514,-0.011863277,-0.025087358,0.13287225,-0.0008916144067734,-0.0047479400012566,-0.0156339594445333,0.0028543158,0.001165103,0.00034681638,15.3,0.5003853,0.72214156,0.7221392,0.72196716,0.72234505,3
34.0,5.5158944,0.24486347,-18.480272,0.010010056,0.008255017,-0.051484495,-0.01609582,-0.018945262,0.13417284,-0.0005735776544214,-0.0046109953110235,-0.0156225376734178,0.0044180024,0.0044070603,-0.00059156143,15.3,0.50031567,0.72192585,0.72294676,0.7223278,0.722581,3
34.1,5.518955,0.24259616,-18.486639,0.009817395,0.005056138,-0.039297555,-0.018227806,-0.011253776,0.116035335,-1.607643392159438e-05,-0.0042701079782446,-0.0155859656509037,0.0067410385,0.0040640705,0.000868467,15.3,0.50031567,0.7228662,0.72291553,0.72324795,0.7226923,3
34.2,5.5218506,0.24013536,-18.491127,0.009377584,0.0023503352,-0.028755419,-0.017275678,0.0023109422,0.10569067,0.0006723374702157,-0.0038482557180976,-0.0155779406419104,0.0076752882,0.004236441,0.00020570973,15.3,0.50025845,0.72365826,0.72377783,0.7239259,0.7236292,3
34.300000000000004,5.525077,0.23716937,-18.49472,0.008661267,-2.0838794e-05,-0.01921212,-0.024417963,-0.00012138161,0.09064702,0.0014467812908814,-0.0033842726295708,-0.0155107606767043,0.008136504,0.0059010284,0.0010802809,15.3,0.50021267,0.72397655,0.72469383,0.7244938,0.72464484,3
34.4,5.5275726,0.23497376,-18.497845,0.0072388537,-0.00072664616,-0.012155543,-0.027016701,0.006982718,0.077123284,0.0022475377548564,-0.0029429290396001,-0.0155135604594727,0.008884963,0.0046341303,-0.00010074471,15.3,0.50021267,0.7249494,0.724556,0.7244639,0.7252602,3
34.5,5.529064,0.23339452,-18.501114,0.0049888715,-0.00022439063,-0.0058140145,-0.024787934,0.014220214,0.07905531,0.0029255926571397,-0.0025734578898473,-0.0155257473449169,0.005750365,0.0031249837,0.00013645593,15.3,0.50021267,0.72483003,0.7249596,0.7246646,0.72516745,3
34.6,5.529498,0.23221348,-18.504395,0.0010152095,0.0013612125,0.0005404106,-0.03077345,0.023451596,0.07125455,0.0033547305108982,-0.0024159566000174,-0.0155296844086994,0.003915486,0.00055585866,-3.1863798e-05,15.3,0.5001745,0.72495127,0.7250488,0.7243811,0.72555864,3
34.7,5.529668,0.23138246,-18.507378,-0.002836509,0.003406925,0.0064434963,-0.029201392,0.025590291,0.07473956,0.0035437139654048,-0.0025984550919881,-0.0154951089515223,0.0012950368,-0.00402053,-0.00023119833,15.3,0.5001421,0.72525793,0.7247421,0.7249795,0.7251569,3
34.800000000000004,5.5300875,0.23085205,-18.509188,-0.0054985904,0.005457767,0.012087738,-0.024104735,0.029294694,0.05998369,0.0035847947563664,-0.0029842089061495,-0.0154782784330488,-0.0012198027,-0.0038422293,-0.0013288955,15.3,0.5001421,0.72523206,0.7257591,0.72564244,0.7254448,3
34.9,5.530562,0.23076674,-18.51038,-0.007563419,0.007693416,0.016898941,-0.01722658,0.021339295,0.061779745,0.0034601924997428,-0.0033681710490457,-0.0154789457144283,-0.0018274683,-0.00335087,-0.001177456,15.3,0.5001421,0.72598886,0.7259706,0.72578245,0.7261165,3
35.0,5.531406,0.23083776,-18.51109,-0.008999598,0.009929289,0.021199306,-0.022177089,0.026104063,0.049560327,0.0032250950064335,-0.0036742708308516,-0.015443620024732,-0.0033237326,-0.0011755228,0.00034559448,15.3,0.50011826,0.72605044,0.72672373,0.72624785,0.7266007,3
35.1,5.53296,0.2308003,-18.511242,-0.009618658,0.011195935,0.02455175,-0.020502046,0.013094414,0.04171859,0.0029622433379905,-0.0038801224454441,-0.0153882252713767,-0.0021277687,-0.0012666683,-0.0002562774,15.3,0.50011826,0.72696674,0.72635496,0.7268745,0.7268182,3
35.2,5.5349765,0.23102055,-18.510847,-0.009432913,0.012227519,0.026827618,-0.0129054105,0.009832953,0.032299194,0.0027449072690789,-0.0039136626619955,-0.0154024823875146,-0.0016979204,0.00055216625,-0.0008127067,15.3,0.5000963,0.72742754,0.72670346,0.7274043,0.7268228,3
35.300000000000004,5.5373416,0.23146202,-18.509325,-0.009041142,0.013225843,0.02886874,-0.012659383,0.009539311,0.022674443,0.0025352222946112,-0.0037269365447046,-0.015384560520485,-0.0016196631,0.0032806052,-0.0008632339,15.3,0.50007725,0.72781944,0.72731113,0.7276205,0.72771275,3
35.4,5.539444,0.23187317,-18.507341,-0.009214127,0.013970913,0.029916167,-0.014658047,0.009111454,0.012092291,0.0023454880006521,-0.003418589907562,-0.0153827893057605,-0.0011841683,0.0033014605,-0.0007978289,15.3,0.50007725,0.7284381,0.72780675,0.72821605,0.7282176,3
35.5,5.5412183,0.2324441,-18.505266,-0.009791377,0.014835105,0.029913682,-0.017734433,0.0058657113,0.0007171183,0.0021757096825985,-0.0030441245710275,-0.0153862266850128,-0.0020875565,0.0041498668,0.00020386923,15.3,0.50007725,0.7282316,0.7285214,0.72852135,0.7284355,3
35.6,5.5424914,0.23300216,-18.503283,-0.011341608,0.015430215,0.029270194,-0.02354719,-0.0011975325,0.00020116566,0.0019558541565651,-0.0027332955444037,-0.0154183776438626,-0.0035138226,0.0030221478,-0.00075871416,15.3,0.50006676,0.7280339,0.72887766,0.7287472,0.72820896,3
35.7,5.542804,0.23355782,-18.50155,-0.013349883,0.01560676,0.02844751,-0.031979438,-0.0022335097,-0.0013024545,0.0017586023344155,-0.0025847698179837,-0.0153919594943475,-0.002167842,0.0009883627,7.756389e-05,15.3,0.50005627,0.7282182,0.7284454,0.7286587,0.7282853,3
35.800000000000004,5.542023,0.23413548,-18.50054,-0.01581623,0.015690245,0.027528476,-0.02949626,-0.0041924347,0.0012554227,0.0016009318761558,-0.0025785605489952,-0.0154239591387411,-0.0019803103,-0.001363353,0.0005295922,15.3,0.50005627,0.7280298,0.7282054,0.7281245,0.7281016,3
35.9,5.5402827,0.2348992,-18.500074,-0.018448394,0.015842328,0.027038004,-0.029337259,0.0037139028,0.0050291414,0.0015070677537395,-0.0028095976202626,-0.0154287449765729,-0.0011090285,-0.0039003573,-0.00093474245,15.3,0.50005627,0.7278542,0.7277089,0.7279716,0.7276725,3
36.0,5.537163,0.23573737,-18.499687,-0.021632902,0.015920997,0.027101738,-0.020067655,0.0056039304,0.008357222,0.0013666243973357,-0.0032860974926468,-0.0154528243891591,-0.0021143584,-0.0068285265,-0.000842018,15.3,0.5000458,0.7276562,0.72761303,0.72784483,0.72732615,3
36.1,5.5333276,0.23671418,-18.49962,-0.024432573,0.015837815,0.027692746,-0.024770206,-3.9299262e-05,0.015761701,0.001233802207742,-0.0039620832982432,-0.0154844331771139,-0.00030274378,-0.0071544093,-0.0007997004,15.3,0.5000458,0.7276985,0.72742873,0.7269486,0.72792375,3
36.2,5.5296717,0.23747002,-18.49955,-0.025743635,0.015394756,0.02857054,0.005000443,-0.0076395622,0.020483041,0.0010936776879891,-0.0048439635691392,-0.0154993900987353,-0.0002343098,-0.008557805,-0.0012719171,15.3,0.5000353,0.7277521,0.7273129,0.7270758,0.72779894,3
36.3,5.5257583,0.2378902,-18.499352,-0.025901135,0.014220607,0.029256478,0.0033132744,-0.0058618863,0.025683546,0.0010030588265928,-0.0057008965229939,-0.0155170513413776,-4.2808882e-05,-0.008066802,-0.00075692585,15.3,0.5000267,0.72763216,0.72735465,0.727582,0.72718644,3
36.4,5.5223546,0.23814838,-18.498966,-0.024604259,0.013013747,0.029934768,0.015997117,-0.009701044,0.025927553,0.0010000109976787,-0.0064493302642271,-0.015524586743371,0.00020174569,-0.0057386393,-0.00028946443,15.3,0.5000267,0.72738665,0.727683,0.7276285,0.7273508,3
36.5,5.5193286,0.2384315,-18.497938,-0.02269553,0.011905791,0.030696198,0.019271687,-0.0056537907,0.019695608,0.0010779309308257,-0.007013890393472,-0.0155055844842825,0.0009062882,-0.004656509,-0.00044560176,15.3,0.5000267,0.7279263,0.7276295,0.7281466,0.7275086,3
36.6,5.5167074,0.23896812,-18.496408,-0.019975137,0.011377632,0.03082917,0.02256099,0.00083385746,0.0139549365,0.0012106770581205,-0.0073859490173566,-0.0155447101283263,-0.0006623023,-0.0028821365,-0.0009928087,15.3,0.5000267,0.72789705,0.7283213,0.7286727,0.7273664,3
36.7,5.5142984,0.23958856,-18.494736,-0.017338365,0.011331442,0.03053612,0.021163817,-0.0022867706,0.0039446163,0.0012680452405093,-0.0075580217030147,-0.0155446588445954,-0.0006261083,-0.00014831321,7.245085e-05,15.3,0.5000267,0.72823346,0.7282454,0.7282468,0.7282344,3
36.8,5.51223,0.24003777,-18.49267,-0.015122088,0.011175306,0.030260045,0.021493223,0.0071194144,-0.0025713814,0.0012448654060905,-0.0076603603028551,-0.0155319225696758,-0.00012498035,-0.0006444285,-0.00041360513,15.3,0.5000267,0.7286753,0.7284959,0.72864836,0.7286878,3
36.9,5.5102715,0.2405028,-18.490667,-0.012990358,0.01115973,0.029327026,0.018328039,-0.005567638,-0.006696209,0.0012031092129105,-0.0077281057336267,-0.0155653218495293,-0.0012496768,-0.0008315667,-0.001217321,15.3,0.5000267,0.7286848,0.7289479,0.729016,0.7285339,3
37.0,5.508676,0.24076027,-18.488573,-0.01035968,0.010936017,0.028111998,0.01779458,0.00043456565,-0.005249865,0.0010971359193621,-0.0077689937481122,-0.0155995218296506,-0.0014606651,-0.00022108515,-0.00039305314,15.3,0.5000267,0.72878474,0.72911865,0.7290252,0.72870606,3
37.1,5.50729,0.24071886,-18.486227,-0.007577497,0.010273074,0.027017616,0.02234269,-0.010877371,-0.011097639,0.0010539495353222,-0.0077412884415268,-0.0156151649986254,-0.00028526466,0.0012890145,0.00025753025,15.3,0.5000267,0.728974,0.72934306,0.72908866,0.7291244,3
37.2,5.5063705,0.24009025,-18.48454,-0.0053055454,0.009292905,0.025512077,0.017438633,-0.0064262236,-0.0132620325,0.0010415125667668,-0.0076663932352437,-0.015604366094181,0.00033044745,0.0006345394,3.427003e-05,15.3,0.5000267,0.72896117,0.7292039,0.7292812,0.72892535,3
37.3,5.5052357,0.23904589,-18.483385,-0.0036223182,0.00807803,0.023852188,0.015302475,-0.0065873717,-0.011220573,0.0011682828021465,-0.0075279598852575,-0.0156350293822221,0.0011433418,0.00015232169,-0.00012869235,15.3,0.5000267,0.7288532,0.72892785,0.72931063,0.7283379,3
37.4,5.504179,0.23804721,-18.482956,-0.0022223485,0.007238027,0.022812026,0.024935218,0.0018043083,0.000745058,0.0014019967184122,-0.0074124836520622,-0.0156734894645431,0.0030109263,0.0003139181,0.00041732917,15.3,0.5000267,0.7286393,0.72856003,0.7284614,0.72843254,3
37.5,5.5036187,0.23709506,-18.482817,-0.00091583363,0.006673059,0.022108754,0.02021014,0.003146685,-5.960464e-05,0.0016845286783109,-0.0073936782483467,-0.0156791151942098,0.0023217127,-0.00042723183,-0.00033922968,15.3,0.5000267,0.72821546,0.72834694,0.72848386,0.7278659,3
37.6,5.504112,0.23627056,-18.482664,0.0010642852,0.006638525,0.02188444,0.015973752,0.006643527,-0.00010663643,0.0019560088238871,-0.0073984639679895,-0.01568584733653,0.003031855,0.00017359646,0.0001353668,15.3,0.5000267,0.7284342,0.7278099,0.72790587,0.72808933,3
37.7,5.5052514,0.23614657,-18.48255,0.0035516769,0.007461185,0.021818008,0.019726446,0.01056376,0.0010686925,0.002152555793075,-0.0072236718237302,-0.0156679068324444,0.0005559403,0.0031945491,0.0005158344,15.3,0.5000267,0.72769433,0.7282663,0.7279779,0.7278726,3
37.8,5.5058517,0.2365582,-18.482546,0.005061316,0.00852431,0.022285186,0.015960716,0.00427702,0.015179626,0.0022146523403909,-0.0069055327368394,-0.0156197217054991,-0.0001500025,0.0035693382,0.0002679243,15.3,0.5000267,0.7281069,0.727714,0.7278294,0.7280907,3
37.9,5.505767,0.2369806,-18.482609,0.0055068615,0.009600652,0.022598833,0.013078524,0.0045941127,0.013372394,0.0021205360910832,-0.006539631893533,-0.015590333889808,-0.0013895022,0.002923811,0.00068987295,15.3,0.5000267,0.7279132,0.72779506,0.72769314,0.7281448,3
38.0,5.5049605,0.23743288,-18.482725,0.005522114,0.0099972235,0.023131905,0.0097097065,0.006646578,0.006787944,0.0019234546156825,-0.0062934403812557,-0.0155657171432515,-0.0026305066,0.0014567428,-0.000108687986,15.3,0.5000267,0.7275945,0.72808826,0.7280067,0.72783935,3
38.1,5.503939,0.23741281,-18.482944,0.0052093854,0.009887533,0.023588426,0.0073280167,0.0031599763,0.009876209,0.0017729919972175,-0.0062413097788973,-0.0155398012553507,-0.00060224335,-0.0007052071,0.0006548368,15.3,0.5000267,0.7279069,0.7276519,0.7278016,0.7280025,3
38.2,5.5033965,0.23652817,-18.48293,0.0049027945,0.0088661155,0.02429004,0.010219531,0.00296842,0.01742551,0.0016710109743409,-0.0063699274839481,-0.0155369329944013,0.00068981585,-0.0021045562,-7.689405e-05,15.3,0.5000267,0.7278708,0.7278917,0.72800565,0.727975,3
38.3,5.503018,0.23477136,-18.482344,0.0049320427,0.0072273063,0.024556583,0.0062856213,0.004743165,0.0029341315,0.0017741601410322,-0.0065151109904472,-0.0155659600959426,0.001863961,-0.0006013814,0.0003544906,15.3,0.5000267,0.7276213,0.7285358,0.7279126,0.7282781,3
38.400000000000006,5.502813,0.23323579,-18.48185,0.0053166873,0.005946116,0.02457882,0.012291844,0.009106427,0.0059031877,0.0021015126522355,-0.0066395111524615,-0.0155565275663545,0.0055055656,-0.0014674809,0.00051154755,15.3,0.5000267,0.72843057,0.72776455,0.7282115,0.7282094,3
38.5,5.5027018,0.23221353,-18.481752,0.005973966,0.0056140646,0.024564456,0.012960999,0.013334121,0.0097164875,0.0025318631029742,-0.0067226763178355,-0.0155879625634338,0.004026102,-0.0014871103,-1.9980409e-05,15.3,0.5000267,0.7281983,0.72801673,0.7284282,0.7277406,3
38.6,5.5022583,0.23149249,-18.481888,0.00675101,0.005963706,0.024371961,0.02162903,0.015255567,0.009466893,0.0028788232989721,-0.006710257491173,-0.0155797861804221,0.0038075978,-0.00052506005,-0.00019478252,15.3,0.5000267,0.72828597,0.7275172,0.7278503,0.727975,3
38.7,5.5012145,0.23105374,-18.482605,0.006786374,0.006720263,0.024697421,0.011522864,0.015261876,0.0196225,0.0031326076136959,-0.0066449735036239,-0.0156034564585547,0.0015090464,9.612507e-05,0.0005439727,15.3,0.5000267,0.727627,0.72787446,0.7277494,0.72755176,3
38.8,5.4992595,0.23160444,-18.483404,0.0061179195,0.008254767,0.025363185,0.015919983,0.013695948,0.018266028,0.0032407797375127,-0.0066904682573842,-0.0155970864059431,0.0018392324,-0.0020308911,-0.00023586997,15.3,0.5000267,0.7278915,0.7272957,0.7271349,0.7279324,3
38.900000000000006,5.4966044,0.23295462,-18.484007,0.0049528126,0.010415312,0.026272494,0.010147961,0.01701029,0.02009142,0.0031675976201269,-0.0068974380928707,-0.0155755688194074,-0.00086728006,-0.0033279846,0.00020795611,15.3,0.5000267,0.7276185,0.7275035,0.7270946,0.7279895,3
39.0,5.4941874,0.2345783,-18.484697,0.0043647494,0.012230797,0.027053637,0.017555356,0.0140326265,0.010684132,0.0028598974069847,-0.0073492654319401,-0.0155388036508104,-0.004355595,-0.0060313893,-0.00026458816,15.3,0.5000267,0.727337,0.72763395,0.72767377,0.7273537,3
39.1,5.4918904,0.23629281,-18.485706,0.0040244265,0.013629446,0.027922079,0.02463851,0.009375896,0.014000106,0.0024325031953113,-0.0078817863933047,-0.0155282033170151,-0.005000546,-0.0054473197,-0.00038548018,15.3,0.5000267,0.7270764,0.72767305,0.72726816,0.72751206,3
39.2,5.490129,0.23773229,-18.486471,0.004651882,0.014135052,0.029002111,0.024678934,0.0024757062,0.020980833,0.0019693578129674,-0.0083793940215708,-0.0155070382865167,-0.0043442124,-0.0051730997,0.0005696752,15.3,0.5000267,0.7274875,0.727182,0.7274852,0.72731566,3
39.3,5.4891114,0.23919535,-18.487154,0.0063288463,0.014133616,0.03008481,0.03375791,4.507501e-05,0.019834375,0.0015768984490474,-0.0087777402138165,-0.0155364050864941,-0.003851047,-0.002386487,-0.00026119553,15.3,0.5000267,0.72708,0.72774005,0.72749764,0.727258,3
39.400000000000006,5.489396,0.24043453,-18.487675,0.009119913,0.013958692,0.031106656,0.030619498,-0.0026563792,0.018262303,0.001255801556628,-0.0089972083644253,-0.0155498850540912,-0.0026849525,-0.0006647596,-0.0013589873,15.3,0.5000267,0.727488,0.72742647,0.72750753,0.7274167,3
39.5,5.490722,0.24131991,-18.487663,0.012453393,0.013154073,0.032245655,0.028879032,-0.0041620247,0.024064908,0.0010022789123111,-0.0088987965844053,-0.015562248100085,-0.0030351728,0.002313572,-0.0005907344,15.3,0.5000267,0.72742623,0.72797257,0.72821105,0.72730625,3
39.6,5.492884,0.24233101,-18.48758,0.01597692,0.012232555,0.03264639,0.031816028,-0.009006556,0.013576354,0.0008881924864491,-0.0084840745282085,-0.0156266713938836,-0.0007852441,0.004988103,-0.000386045,15.3,0.5000267,0.72801816,0.72774434,0.7279536,0.7275283,3
39.7,5.495632,0.24348058,-18.488039,0.019152002,0.011586075,0.032716587,0.027337363,-0.010523647,0.014426651,0.0007858215854445,-0.0078706576701558,-0.0156543912674523,-0.0007078056,0.007574213,3.1861608e-05,15.3,0.5000267,0.72754055,0.72790176,0.72742945,0.72772056,3
39.8,5.4981656,0.24464871,-18.489012,0.021610536,0.01123136,0.03308322,0.019440265,-0.004200621,0.024490057,0.0006931486257372,-0.0071197413939713,-0.015660512310034,-0.0013358311,0.008601214,-0.0004043007,15.3,0.5000267,0.7273335,0.7275161,0.72735536,0.72736263,3
39.900000000000006,5.500457,0.24564394,-18.48977,0.022835683,0.01014696,0.034178983,0.00025400365,-0.007827476,0.027501954,0.0005783481429836,-0.0062838073769279,-0.0156773224590208,-0.0015071068,0.0078064078,-0.00033214566,15.3,0.5000267,0.7272919,0.7275352,0.72753704,0.72719777,3
40.0,5.5029044,0.24645124,-18.489725,0.023646217,0.009274601,0.03489915,-0.0045540887,-0.007845259,0.0106100915,0.0004748344434104,-0.0056171778875883,-0.0156807917716784,-0.00082785997,0.0055725714,0.0010936811,15.3,0.5000267,0.7275814,0.72761476,0.7278001,0.7273651,3
40.1,5.506067,0.24815509,-18.488855,0.02460413,0.008775393,0.035645694,-0.003380435,-0.008615217,0.010140705,0.0004479576811223,-0.0050228687721582,-0.0156669778855404,-0.0006919034,0.006313783,0.00016435876,15.3,0.5000267,0.7280035,0.7279856,0.7281125,0.72785515,3
40.2,5.5091143,0.2503733,-18.487171,0.024955483,0.008806111,0.035854716,-0.0059607388,-0.009204972,0.0027348285,0.0003311187497997,-0.0044329311677048,-0.0156425968446363,-0.0013838502,0.005837536,-3.7109712e-06,15.3,0.5000267,0.7288357,0.728318,0.7284649,0.7286683,3
40.3,5.512484,0.25273734,-18.484804,0.024333736,0.008202563,0.03486489,-0.021643575,-0.013918361,-0.0067050564,9.915319757610202e-05,-0.0038079216976248,-0.0156092322277428,-0.0022707193,0.0054863873,0.00010707397,15.3,0.5000267,0.7292546,0.72864914,0.7289407,0.7289897,3
40.400000000000006,5.5153747,0.2546445,-18.482271,0.023006663,0.0074147987,0.03348802,-0.026711743,-0.02005249,-0.023472121,-0.0002111456112385,-0.0032725433899442,-0.0155479299985833,-0.0027075391,0.004766493,0.0002516791,15.3,0.5000267,0.7293301,0.7292684,0.7293443,0.72951263,3
40.5,5.518231,0.25647414,-18.479631,0.021121582,0.0063768034,0.031189013,-0.028574575,-0.013117337,-0.026207415,-0.0004765163913315,-0.0028613697632567,-0.0155163440069699,-0.0021377564,0.0031277658,0.00051836827,15.3,0.5000267,0.72966486,0.7292221,0.72960156,0.7295336,3
40.6,5.5210133,0.2581753,-18.476812,0.01867333,0.0048221564,0.028339634,-0.035766754,-0.022465367,-0.020049045,-0.0006815059179055,-0.0025450263682416,-0.0155198036969571,-0.001617146,0.0034791008,-0.0003574823,15.3,0.5000267,0.7293807,0.7296791,0.72943527,0.72967035,3
40.7,5.523035,0.25922745,-18.473894,0.015249834,0.002893712,0.025616577,-0.033636674,-0.025059462,-0.020018311,-0.0008384758631014,-0.002331185270884,-0.0155165549470785,-0.001672296,0.0007160128,-0.00047208607,15.3,0.5000267,0.7294809,0.72974855,0.72986954,0.7294124,3
40.8,5.5244346,0.25992095,-18.47143,0.0118951155,0.0008896757,0.022828374,-0.037857417,-0.021279808,-0.021134501,-0.0008771587806163,-0.0022791888906895,-0.015480502747455,0.0003886789,-0.00033343863,-1.9645136e-05,15.3,0.5000267,0.7295259,0.7295133,0.7295584,0.72978073,3
40.900000000000006,5.525439,0.26048642,-18.469076,0.008377069,-0.00088055455,0.020128148,-0.025439475,-0.026622998,-0.025718005,-0.0007939989217975,-0.0024035322735233,-0.0154882535088146,0.0008011011,-0.0017782011,-0.0008483165,15.3,0.5000267,0.7294898,0.7295369,0.7294295,0.7297219,3
41.0,5.525779,0.2609716,-18.467312,0.004952745,-0.0025092645,0.01759765,-0.030558664,-0.022673234,-0.019405967,-0.0006900490267259,-0.0026150084939218,-0.0154888088573025,0.00086169346,-0.00342965,-7.5180345e-05,15.3,0.5000267,0.72934294,0.7292955,0.72949904,0.7292126,3
41.1,5.5253105,0.26104635,-18.465841,0.0012918896,-0.0044191335,0.015243654,-0.025142971,-0.015903609,-0.013684387,-0.0005490524264559,-0.0029430596195849,-0.0154700636717636,0.0019892338,-0.00401289,0.00025456032,15.3,0.5000267,0.72898626,0.72912717,0.7290645,0.729238,3
41.2,5.5242004,0.26046994,-18.464703,-0.0019240153,-0.0065236227,0.013708481,-0.026914503,-0.017268306,-0.006002839,-0.0003687227526343,-0.0033788980692576,-0.0155087376780156,0.0014881069,-0.005258977,-0.0009510856,15.3,0.5000267,0.72886735,0.7291655,0.72927606,0.7286576,3
41.3,5.5222793,0.25973767,-18.46391,-0.0047973776,-0.008355633,0.012318965,-0.012016289,-0.010675114,-0.009508337,-4.170027996019331e-05,-0.0039625806169202,-0.0155339117240666,0.0036510224,-0.0068433424,-0.00034074608,15.3,0.5000267,0.7289431,0.72881484,0.72889924,0.72866535,3
41.400000000000006,5.5197334,0.25870323,-18.463186,-0.00705335,-0.009825132,0.011351235,-0.0065136733,-0.009160452,-0.0052410173,0.0002652303882212,-0.004551329593369,-0.0155391994955078,0.0034372301,-0.00765683,-0.00026691426,15.3,0.5000267,0.72884274,0.72868025,0.72899806,0.72845244,3
41.5,5.516929,0.2570076,-18.462227,-0.008706334,-0.011636294,0.010387021,-0.003284105,-0.00483147,-0.013469252,0.0006334760382556,-0.0052160061426976,-0.0155458348972068,0.004148443,-0.006898335,-0.00082794006,15.3,0.5000267,0.7285831,0.72893846,0.72877645,0.7286657,3
41.6,5.5137877,0.2545593,-18.461493,-0.009781997,-0.013080266,0.009550434,-0.0007810758,-0.00077216735,-0.013631768,0.0010942295811723,-0.0059167600415485,-0.0155337134157765,0.0051911757,-0.006533772,0.00076465623,15.3,0.5000267,0.72849953,0.7288476,0.7286,0.72888446,3
41.7,5.5109224,0.2518033,-18.46097,-0.009781837,-0.013860885,0.008752259,0.01260103,0.0030387049,-0.007259659,0.0016200558938426,-0.0065865127938256,-0.0155272998518954,0.0059805973,-0.00622196,0.00012421835,15.3,0.5000267,0.7286744,0.72851396,0.7285559,0.7287903,3
41.8,5.508958,0.24949633,-18.460634,-0.008820794,-0.014170722,0.007957405,0.017614124,0.0074135144,0.00036694107,0.0021581768534182,-0.00716472169047,-0.0155283155078045,0.006034911,-0.0054823533,0.0001494977,15.3,0.5000267,0.728645,0.72825223,0.7285559,0.7284241,3
41.900000000000006,5.5079985,0.24733359,-18.460117,-0.006684474,-0.013399239,0.0076536103,0.020110158,0.010743058,-0.005784444,0.0026807472886127,-0.0075597417324812,-0.0155316596617666,0.005288075,-0.0025516956,0.00055347796,15.3,0.5000267,0.7287286,0.7282364,0.72851324,0.72854495,3
42.0,5.507545,0.24563724,-18.459196,-0.004450081,-0.011897916,0.00743114,0.02501709,0.022887243,-0.011345371,0.0030508539506213,-0.0076959998484959,-0.015518526336177,0.0023447163,0.000903653,-0.00015158035,15.3,0.5000267,0.72837603,0.72893465,0.7285125,0.72900534,3
42.1,5.507385,0.24359134,-18.458265,-0.0023240028,-0.010544012,0.006503287,0.024465688,0.016191224,-0.019692814,0.00327186133172,-0.0076128937331755,-0.0155082997733077,0.0018846036,0.0017768947,-0.00057292933,15.3,0.5000267,0.72867805,0.72864074,0.7287514,0.72884035,3
42.2,5.5072455,0.2414982,-18.457363,-0.00048160204,-0.009427289,0.006084798,0.02012272,0.023178214,-0.004323199,0.0034115437693093,-0.0074465326656823,-0.0155286183327943,0.0018332431,0.0029819699,-0.0011659458,15.3,0.5000267,0.72853047,0.729086,0.72864914,0.7291111,3
42.3,5.5068727,0.23966627,-18.45647,0.000611397,-0.008008697,0.005398411,0.013767502,0.017812354,-0.013975426,0.0036030493474281,-0.0072093791330821,-0.0155764063342124,0.0017223911,0.0030710245,0.00043391788,15.3,0.5000267,0.7286121,0.72928685,0.7285546,0.72920585,3
42.400000000000006,5.5070095,0.2388344,-18.455507,0.0017132707,-0.005579647,0.004866708,0.018603202,0.026701298,0.00055693084,0.003740829486276,-0.0070638950508403,-0.015606046640887,0.0003541604,0.0021540995,0.00034010678,15.3,0.5000267,0.72875786,0.72944355,0.72877073,0.7291961,3
42.5,5.5075955,0.23805213,-18.454605,0.002675744,-0.0036003562,0.004055648,0.009636563,0.021979185,-0.0071488316,0.0037395048553152,-0.0069246664683089,-0.0156142087363222,-0.0011620354,0.0012620105,-0.0008459593,15.3,0.5000267,0.72900915,0.7292527,0.72907865,0.7289827,3
42.6,5.508272,0.23702961,-18.454203,0.0032965052,-0.0018777703,0.0029028235,0.0043074577,0.014139749,-0.00922149,0.0036123971706623,-0.006755145421617,-0.0156513254021143,-0.0013058612,0.0022073032,-0.00090489374,15.3,0.5000267,0.7286951,0.72923964,0.7286473,0.72888166,3
42.7,5.5088043,0.23622836,-18.454403,0.0037099975,-1.4912723e-05,0.0022561953,0.0021059166,0.023562986,-0.0055613923,0.0035393999397716,-0.0066142574915249,-0.0156707376738492,-0.0018867808,0.0011648145,-0.0011662904,15.3,0.5000267,0.7284315,0.72906095,0.72872335,0.7283285,3
42.8,5.5094523,0.2358741,-18.455204,0.004437716,0.0016132469,0.0019791431,0.012242913,0.012870559,0.0020093282,0.0034706697349874,-0.0064817236746377,-0.0156401593041731,-0.0005709441,0.00019358935,-0.00069076085,15.3,0.5000267,0.72861713,0.72800714,0.7283523,0.7280965,3
42.900000000000006,5.510128,0.23596248,-18.455667,0.0048959428,0.0035997548,0.002445773,0.0076355385,0.024755279,0.00716187,0.003330907276508,-0.0062949114134239,-0.0156120113369506,-0.0017692009,0.0017619497,0.0002655029,15.3,0.5000267,0.72818375,0.7282908,0.72833085,0.72806954,3
43.0,5.511145,0.23626226,-18.4557,0.0057106814,0.0054382305,0.0031768063,0.0026437044,0.018818475,0.006254762,0.0031196962331135,-0.0061403139284855,-0.015562829671344,-0.0031151236,0.0005439344,-0.00070380577,15.3,0.5000267,0.7285588,0.7282263,0.728747,0.7281532,3
43.1,5.513135,0.23633301,-18.456057,0.00713727,0.006668891,0.0034389026,-0.0010400035,0.008524299,0.00497885,0.00286685784271,-0.0059280441226717,-0.0155242227946721,-0.0021542734,0.0030343684,0.000563876,15.3,0.5000267,0.7284239,0.7282358,0.72839856,0.7284397,3
43.2,5.5153995,0.23580979,-18.456938,0.008535173,0.007071037,0.0034487257,6.3893815e-05,0.012009717,0.008017289,0.0026119846280136,-0.0055944429719128,-0.015506026931261,-0.0011774278,0.005027646,0.00027507023,15.3,0.5000267,0.72800577,0.7280588,0.7279714,0.7283316,3
43.3,5.5182486,0.23474377,-18.458649,0.010131144,0.006437364,0.003876377,-0.0057135453,0.007962466,0.01122197,0.002484542886402,-0.00509621057455,-0.015505901052062,0.00070113345,0.006222463,-0.0005653083,15.3,0.5000267,0.72774404,0.72757155,0.7277016,0.7278226,3
43.400000000000006,5.5207343,0.23433289,-18.460533,0.010541395,0.006390506,0.004983085,-0.016217256,0.004623906,0.024028586,0.0025742896059688,-0.0044823584042635,-0.0155126201215658,0.001493532,0.0065931175,0.0004099821,15.3,0.5000267,0.7273465,0.72732645,0.727564,0.7272997,3
43.5,5.5226235,0.23451892,-18.462502,0.010098373,0.0069702063,0.006256539,-0.011348823,0.01325578,0.020761972,0.0027031960221665,-0.003903827057897,-0.0155011096190989,0.0016011286,0.005150891,-0.00018264882,15.3,0.5000267,0.7271129,0.727018,0.72700596,0.7273171,3
43.6,5.524667,0.23509559,-18.464405,0.008983488,0.008087457,0.008312159,-0.022285895,0.010719701,0.03153225,0.002754247774513,-0.0034613668243545,-0.0154991689474965,-0.00047580616,0.002840762,-0.000985674,15.3,0.5000267,0.7272365,0.7268958,0.72737783,0.7268184,3
43.7,5.526687,0.23627162,-18.465635,0.007840588,0.00948556,0.010443773,-0.022217577,0.011455896,0.030897556,0.0026351532861406,-0.0031677687471435,-0.0154970424105293,-0.0018179412,0.003366508,-0.00016596695,15.3,0.5000267,0.7270659,0.72745585,0.72709996,0.72739965,3
43.8,5.5277934,0.23798573,-18.46629,0.006031452,0.010858137,0.012044443,-0.023173185,0.015256078,0.020779667,0.0023981025849188,-0.0029299012700189,-0.0154606021858187,-0.0030784707,0.0020310136,-0.0005641292,15.3,0.5000267,0.7273201,0.72765076,0.72752213,0.7275617,3
43.900000000000006,5.5282187,0.23994918,-18.466413,0.003552122,0.0122311795,0.013526828,-0.026935289,0.0016459806,0.010258517,0.0020234555109599,-0.0028296717428287,-0.0154653884406568,-0.005734417,0.0006371823,-0.00041948195,15.3,0.5000267,0.7274368,0.7283895,0.72807646,0.7276046,3
44.0,5.5273576,0.24176523,-18.466463,0.00037127815,0.01271935,0.014110255,-0.02761173,-0.0013098915,0.004427507,0.0015730166834887,-0.0029017278523466,-0.0154242013267216,-0.0045302236,-0.0024175611,-0.00010710604,15.3,0.5000267,0.7280031,0.72798914,0.7282485,0.7278708,3
44.1,5.5255075,0.24453703,-18.46618,-0.0028984125,0.013472445,0.014503524,-0.02302425,-0.005687791,0.006130896,0.0011553238616047,-0.003245438190468,-0.0153676377495254,-0.003278651,-0.0050110766,-0.00088879117,15.3,0.5000267,0.72824544,0.72800964,0.7279374,0.7286169,3
44.2,5.523537,0.24791391,-18.465553,-0.0053889905,0.014280547,0.014503794,-0.012744454,-0.007912786,-0.00545429,0.0007197197267668,-0.0037853437254839,-0.0153387399075249,-0.0054421355,-0.005656031,-0.0005036957,15.3,0.5000267,0.7280866,0.72859335,0.7282624,0.7287053,3
44.3,5.5212116,0.2526821,-18.465025,-0.00756804,0.015584437,0.01430196,-0.017864143,-0.018132817,0.0035753471,0.0001706486881924,-0.0044305866758398,-0.0152894689300322,-0.0074655265,-0.0066413516,-0.00043498306,15.3,0.5000267,0.7282747,0.7285056,0.72874886,0.72853595,3
44.400000000000006,5.519134,0.25771984,-18.465086,-0.008459809,0.01646979,0.013828502,0.0053809886,-0.016776372,0.0012060626,-0.000573254918378,-0.0050973569031902,-0.0152827844376455,-0.008527849,-0.0073736613,-0.0005424292,15.3,0.5000267,0.7286463,0.72790873,0.72852486,0.72841614,3
44.5,5.5172567,0.2631831,-18.465374,-0.008652498,0.016959988,0.01352054,0.007859159,-0.032255355,0.0028656793,-0.0014344066778115,-0.0056850168734436,-0.0153124511474584,-0.009630714,-0.0054366053,-0.0019057095,15.3,0.5000267,0.7284542,0.72785836,0.72833323,0.7281562,3
44.6,5.515955,0.26890805,-18.46592,-0.008145071,0.016402753,0.01334106,0.0099587515,-0.045933403,0.0056102867,-0.0023980459784818,-0.0061555485673959,-0.0153304125982473,-0.010790883,-0.0048893546,-0.00044032402,15.3,0.5000267,0.728192,0.7276615,0.7282681,0.7277809,3
44.7,5.515848,0.2741899,-18.466658,-0.0066225063,0.014880245,0.013589098,0.010245157,-0.044805154,0.009190756,-0.0033546980456164,-0.006487295539324,-0.0154097225796488,-0.010995654,-0.0011306391,-0.0014809596,15.3,0.5000267,0.72738194,0.7283416,0.7280428,0.72754127,3
44.8,5.5158463,0.27805403,-18.467293,-0.0052138376,0.011941176,0.013917517,0.0059158932,-0.046356577,0.011460389,-0.0041607451105476,-0.0065512836094513,-0.0154875703461194,-0.007742906,0.00034218765,-0.00070215523,15.3,0.5000267,0.7276016,0.72789353,0.7278057,0.7274639,3
44.900000000000006,5.516062,0.28083587,-18.467718,-0.0036659434,0.007244448,0.014632804,0.012222844,-0.059078235,0.008861999,-0.0047472935697227,-0.006460843575876,-0.0155878786912258,-0.0047628577,0.0015043571,-0.0011280441,15.3,0.5000267,0.727717,0.7279766,0.7277535,0.72755814,3
45.0,5.5161095,0.28219163,-18.467743,-0.0026052608,0.0020444978,0.015208503,0.0031292946,-0.06342043,0.007932539,-0.0049774633223206,-0.006286247385302,-0.01570164546094,-0.0017403696,0.0013110989,-0.0018578436,15.3,0.5000267,0.72789055,0.7281597,0.7283008,0.7271849,3
45.1,5.5154805,0.28227136,-18.467283,-0.001947127,-0.004370898,0.015577811,0.00025187907,-0.06736812,0.007478054,-0.0048277951618148,-0.006124638437388,-0.0158039411948631,0.0024848562,0.00075541047,-0.000111016714,15.3,0.5000267,0.7282574,0.7282641,0.728423,0.7274333,3
45.2,5.5142827,0.28060356,-18.466824,-0.0016767915,-0.010830994,0.015744954,0.0036893906,-0.05883476,0.007882248,-0.0043345348109124,-0.0059751976364829,-0.0158837073223904,0.0060964096,0.00092718366,0.00024858266,15.3,0.5000267,0.7278896,0.7290202,0.72836375,0.7279242,3
45.3,5.51308,0.2775095,-18.466106,-0.0014831157,-0.017417701,0.015649447,0.0018763002,-0.046274893,0.0071846875,-0.0034758226185031,-0.0059648678231467,-0.015933447932958,0.010661384,0.0015750472,0.00053533795,15.3,0.5000267,0.7281579,0.7290077,0.7278919,0.7287742,3
45.400000000000006,5.512252,0.27447927,-18.46531,-0.0010638384,-0.022355022,0.015279295,0.0065538073,-0.037714314,0.0032866371,-0.0023502309276477,-0.0060472462058707,-0.0159710699841897,0.013039264,-0.00011089183,0.00015019483,15.3,0.5000267,0.7288205,0.72874373,0.7280757,0.7288999,3
45.5,5.5116367,0.27162758,-18.46435,-0.00032535152,-0.025052551,0.014602598,0.007285003,-0.019586029,-0.008081085,-0.0011359085577585,-0.0061346434926482,-0.015995080203424,0.010617687,-0.00021870303,-0.00022685473,15.3,0.5000267,0.72873247,0.72907233,0.7287352,0.72842515,3
45.6,5.5109324,0.26842883,-18.46415,0.00018581412,-0.026888186,0.013583648,0.0060798298,-0.0004808213,-0.0060382294,-6.044805589897995e-05,-0.0061911941598409,-0.0159844047613747,0.009671753,-0.00040710773,0.00066254055,15.3,0.5000267,0.7287676,0.7285518,0.7283073,0.72846013,3
45.7,5.5106955,0.26523623,-18.464039,0.00081953447,-0.027743595,0.012949297,0.003886156,-0.005709798,0.0031678935,0.0008242433350494,-0.006210445097104,-0.01593314158037,0.008936101,-0.001008277,0.0005601087,15.3,0.5000267,0.72906,0.7278349,0.72818214,0.7283892,3
45.8,5.510757,0.2624129,-18.463446,0.0015546953,-0.027642652,0.01279885,0.0032472597,0.009268876,0.000105705105,0.0015609288709463,-0.0062184084123142,-0.0158217715588822,0.0058871456,0.00037962155,0.00068284926,15.3,0.5000267,0.72841346,0.728542,0.7286851,0.728411,3
45.900000000000006,5.510769,0.2596807,-18.462276,0.0020578215,-0.026378736,0.012084342,0.004596268,0.008763482,-0.01338683,0.0021598492733404,-0.0061676010653426,-0.0157462331228699,0.0037806933,0.0002877461,0.00046782717,15.3,0.5000267,0.7283634,0.7288946,0.72895867,0.7284433,3
46.0,5.510251,0.2572806,-18.461285,0.0018431116,-0.024872448,0.011277631,0.008087705,0.016380161,-0.006951391,0.0025742681345893,-0.0060733062594332,-0.0156587720146364,0.003185207,0.0015641579,0.00062973844,15.3,0.5000267,0.72839075,0.728921,0.72846425,0.729177,3
46.1,5.5091863,0.25501913,-18.460566,0.0010030939,-0.022723855,0.010160668,-0.00093519513,0.015073908,-0.0077593136,0.002857978587832,-0.0061039198109145,-0.0155520035873548,0.0023914042,-0.0022838092,0.0013044735,15.3,0.5000267,0.7287697,0.72821647,0.72883123,0.72879153,3
46.2,5.508024,0.25336826,-18.460178,0.00041614517,-0.02070382,0.009011086,0.0075814785,0.015548712,-0.009133014,0.003020542566991,-0.0062502725126824,-0.0154797407150916,9.017939e-05,-0.0028688966,0.0011796763,15.3,0.5000267,0.7280398,0.72848505,0.72869754,0.72848225,3
46.3,5.5066066,0.25195125,-18.45981,-0.00035373704,-0.018364338,0.008591109,0.00083258416,0.018070811,0.0010537914,0.0030816501062236,-0.0064946934745237,-0.0154670393994404,0.000103192375,-0.0031519677,-0.00059672433,15.3,0.5000267,0.7283513,0.72826153,0.7283131,0.7287055,3
46.400000000000006,5.5056105,0.25072795,-18.45941,-0.0003852739,-0.01598944,0.0081688035,0.0148850875,0.019599875,-0.0012381932,0.0031082604109185,-0.0068134910957766,-0.0154333627386191,0.00014050989,-0.003763025,0.00017687879,15.3,0.5000267,0.7284956,0.7281153,0.7284918,0.7285428,3
46.5,5.5050426,0.24980232,-18.4586,2.9844465e-05,-0.0137073165,0.007881048,0.010225421,0.017689671,-0.0055185515,0.0030317920160535,-0.0070891900407749,-0.0153988349266833,-0.0010503018,-0.0035114526,-0.00022224998,15.3,0.5000267,0.72866416,0.7282212,0.72895235,0.7284418,3
46.6,5.504746,0.24948682,-18.45682,0.00097104977,-0.010910966,0.007404531,0.021260204,0.019307392,-0.0022305173,0.002914058268256,-0.0072772621518847,-0.0153977994039713,-0.0027421983,-0.0014839149,-0.0007350114,15.3,0.5000267,0.72871935,0.7290907,0.7292705,0.7288237,3
46.7,5.504782,0.24984461,-18.454933,0.0020827341,-0.007681926,0.0060851327,0.01758141,0.021838767,-0.015307217,0.0026789600927261,-0.0073433648623081,-0.0153864371481438,-0.0036519933,-0.0007402664,-0.0006905982,15.3,0.5000267,0.72925603,0.72889566,0.72932386,0.72916305,3
46.8,5.5050454,0.25021496,-18.453115,0.0030698322,-0.005054958,0.004412098,0.013284592,0.018299231,-0.021396203,0.0023137211873471,-0.0072850361535706,-0.0154156151131779,-0.0050169947,0.0009961348,-0.00029989833,15.3,0.5000267,0.72902083,0.72944474,0.7289987,0.7295603,3
46.900000000000006,5.506116,0.25052112,-18.451246,0.0049587116,-0.0030718816,0.0025216124,0.01984665,0.008803031,-0.018464865,0.0018729381346661,-0.0071911158808485,-0.015459653949672,-0.0048738928,0.0020091748,-0.00023939388,15.3,0.5000267,0.7292305,0.7294009,0.7293464,0.72914743,3
47.0,5.508075,0.2504966,-18.449646,0.007188924,-0.0018731105,0.0010036756,0.008722489,0.003412131,-0.021762213,0.0014856537933894,-0.0069485998400602,-0.0154997873485048,-0.0028916793,0.0029508662,-0.0004797998,15.3,0.5000267,0.72984344,0.7289403,0.7293626,0.72925043,3
47.1,5.5106072,0.25017127,-18.448591,0.008958535,-0.001128248,-0.0012197499,0.0032287368,0.004213287,-0.019416677,0.0011728867166705,-0.0065035901244998,-0.0155731102308119,-0.0015417127,0.0055422783,-0.00019492413,15.3,0.5000267,0.72932756,0.72900283,0.7286092,0.72929156,3
47.2,5.5134087,0.24931641,-18.447977,0.010242205,-0.0013000884,-0.0026128744,0.0016963403,-0.0075952485,-0.0061332243,0.0009656979812645,-0.0059636720508482,-0.0156114304535249,-0.00091098726,0.0053677475,-0.0004767423,15.3,0.5000267,0.72896945,0.72882795,0.7287182,0.72876066,3
47.3,5.516877,0.2478566,-18.447643,0.011211802,-0.0017734622,-0.0035883961,0.007399739,-0.0003265827,-0.008907634,0.0009266953987614,-0.005354400181574,-0.0156353112300146,0.00071663357,0.0070994394,0.0002428733,15.3,0.5000267,0.72844297,0.7289427,0.7283816,0.72883195,3
47.400000000000006,5.5209713,0.24602136,-18.447248,0.012304951,-0.0022770201,-0.003951993,-0.007529539,0.004762966,-0.004547182,0.0010617271448571,-0.0047286882253604,-0.0156422847176068,0.0014467858,0.0074124504,-0.00063447014,15.3,0.5000267,0.7284612,0.72885936,0.7285823,0.7286779,3
47.5,5.52582,0.24356183,-18.446737,0.013254293,-0.0031386537,-0.004693261,-0.016443795,0.0007706778,0.0007185153,0.0013150579445297,-0.0039811996773412,-0.0156485696716265,0.003251954,0.009174033,0.00047771112,15.3,0.5000267,0.7282982,0.72887385,0.7285742,0.7285606,3
47.6,5.531541,0.2407428,-18.446215,0.013677889,-0.0038348234,-0.0051388205,-0.023837399,0.0010069043,-0.00441214,0.0016981688157855,-0.0031163877450798,-0.0156483994324286,0.0045459145,0.009370039,-5.482422e-05,15.3,0.5000267,0.72863585,0.7285779,0.72864735,0.7285435,3
47.7,5.5377336,0.23761924,-18.446012,0.013246014,-0.0040905303,-0.005844445,-0.038565993,0.0073413295,-0.0074487175,0.0021712384602392,-0.0021810067453561,-0.0156208081610015,0.0051245303,0.009127636,-1.7598883e-05,15.3,0.5000267,0.7286371,0.7282678,0.72858065,0.72838384,3
47.8,5.543498,0.23514366,-18.445858,0.01198057,-0.0033317197,-0.006136382,-0.049176417,0.020758437,-0.00891555,0.0026850642594308,-0.0012304893160002,-0.0155857638622744,0.0060182535,0.010576366,-0.0005465953,15.3,0.5000267,0.72856086,0.7281917,0.72799534,0.7288628,3
47.900000000000006,5.5491734,0.23290415,-18.445435,0.0093785245,-0.0019377695,-0.0061195847,-0.047126118,0.020236477,0.0015888362,0.0031210747757641,-0.0003435819288936,-0.0155446298012005,0.0044837594,0.009532717,0.0003573754,15.3,0.5000267,0.7285504,0.7284201,0.7280837,0.7289585,3
48.0,5.553118,0.23056285,-18.444769,0.0053838356,-0.00082519074,-0.00630329,-0.056163438,0.021849751,-0.008666421,0.003401336686506,0.000398834396189,-0.0154627035303059,0.003816278,0.0064345207,0.0014295797,15.3,0.5000267,0.7288821,0.72830474,0.7285483,0.728953,3
48.1,5.555302,0.22750019,-18.444002,-0.0005989988,8.542609e-05,-0.00681437,-0.061177164,0.024389995,-0.0057318243,0.0036417268553442,0.0008912918480113,-0.0153986157336873,0.0030843199,0.0031164186,-0.00046735836,15.3,0.5000267,0.7285991,0.728721,0.7287621,0.7289049,3
48.2,5.5555573,0.22464263,-18.443634,-0.0072322413,0.0010121752,-0.007348914,-0.0590608,0.027533855,-0.0027683561,0.0039293655047833,0.0009372079463069,-0.0152975056755705,0.0038629777,-0.0024422882,-0.00052425184,15.3,0.5000267,0.7284369,0.7286913,0.72894025,0.728788,3
48.3,5.5542045,0.2215288,-18.443167,-0.0142755285,0.0019517242,-0.007723056,-0.05782344,0.032466702,-0.0060242596,0.0042826761472723,0.0004789254613949,-0.0152301404059878,0.003431972,-0.0067809834,-0.00035636258,15.3,0.5000267,0.7283941,0.7288359,0.72910345,0.7285948,3
48.400000000000006,5.551075,0.21891515,-18.442013,-0.02083243,0.0032645792,-0.008105607,-0.049761247,0.032390878,-0.015892552,0.0046821160621304,-0.0003009352642481,-0.0151962355343484,0.0044317013,-0.009507304,-0.00045599966,15.3,0.5000267,0.7288087,0.72903734,0.7289174,0.7292209,3
48.5,5.546627,0.21661061,-18.440393,-0.027033139,0.0050652646,-0.008811895,-0.03836104,0.042451568,-0.016315838,0.0050509760929375,-0.0014480727688869,-0.0151621241370141,0.0035107257,-0.014471616,-0.0014275372,15.3,0.5000267,0.72947794,0.72900766,0.7296654,0.7290393,3
48.6,5.5407753,0.21392609,-18.438528,-0.032394968,0.006628823,-0.01037313,-0.020750044,0.04278248,-0.026233027,0.0053146322432941,-0.0028628584590699,-0.0151218584026774,0.0031012374,-0.01573543,-0.00046093066,15.3,0.5000267,0.7293276,0.72939175,0.7295109,0.7295079,3
48.7,5.5346265,0.21091239,-18.437023,-0.035667803,0.0082114255,-0.011989908,-0.009511948,0.039607752,-0.022136139,0.0055691736762288,-0.0044292324385887,-0.015106184950345,0.0034554678,-0.01639098,-0.0014607819,15.3,0.5000267,0.7295507,0.7292385,0.729674,0.7293885,3
48.8,5.5290585,0.20830522,-18.436777,-0.036774565,0.009990042,-0.013799422,0.010544387,0.044538766,-0.014708842,0.0058564947012141,-0.0059147319427259,-0.0151114910952953,0.0035479662,-0.015180324,-0.0005458161,15.3,0.5000267,0.72927904,0.7286166,0.72921807,0.728952,3
48.900000000000006,5.523697,0.20592995,-18.437323,-0.036024943,0.012160346,-0.014793121,0.028361589,0.04900994,-0.0053136605,0.0061515316495088,-0.0072335509127269,-0.0151437549656603,0.0030640017,-0.012775755,-0.0015857843,15.3,0.5000267,0.728774,0.7283245,0.7289103,0.7283622,3
49.0,5.5194488,0.20452215,-18.437962,-0.03383902,0.015173999,-0.014906489,0.030414363,0.037570123,0.0018770805,0.0063851320778242,-0.0082796412263494,-0.0151855891943028,0.002345722,-0.0089175925,-0.00073428167,15.3,0.5000267,0.7285921,0.7279971,0.7283376,0.7283706,3
49.1,5.515847,0.20378372,-18.438658,-0.029932108,0.01838636,-0.014749573,0.035903692,0.03970678,0.0025862826,0.0064367754960995,-0.0089944830687441,-0.0152434854742353,0.0006169662,-0.0056642396,-0.0013086111,15.3,0.5000267,0.7285902,0.7276661,0.72832114,0.72799665,3
49.2,5.512926,0.20399792,-18.439016,-0.0262384,0.021694705,-0.013941484,0.04059027,0.043288987,0.002801418,0.006299424283259,-0.0093412542074826,-0.0153125593852045,-0.0015216253,-0.0016480515,-0.0014208646,15.3,0.5000267,0.7282483,0.7282606,0.7282614,0.7281802,3
49.3,5.5102615,0.20550396,-18.438803,-0.022185434,0.025760308,-0.013270344,0.041947335,0.041732628,-0.0047362405,0.0060091534029793,-0.0094775681416425,-0.0153407290714695,-0.0025878183,-0.0011527631,-0.00053601724,15.3,0.5000267,0.72888374,0.72802997,0.7284032,0.7285799,3
49.400000000000006,5.5082355,0.20798828,-18.438637,-0.018309806,0.02930359,-0.01311839,0.040313955,0.037979774,0.0077225263,0.0054935574791707,-0.0094916380197518,-0.0154004239235902,-0.0060809194,0.0009135883,-0.0018342782,15.3,0.5000267,0.7285447,0.7286031,0.7285478,0.7285478,3
49.5,5.506583,0.21114174,-18.438263,-0.014467587,0.032474168,-0.013054777,0.042310532,0.033091106,-0.0047800126,0.0047658546155061,-0.0093894091731512,-0.015468408886578,-0.00759201,0.0012687239,-0.0012837081,15.3,0.5000267,0.72894,0.72855127,0.72868603,0.7285592,3
49.6,5.505553,0.21531758,-18.437735,-0.010477991,0.035170775,-0.013218739,0.03186432,0.014543491,-0.011902302,0.0039216965242628,-0.0092248417038148,-0.0155322404202612,-0.008186744,0.001406695,-0.0013994696,15.3,0.5000267,0.7291915,0.72857636,0.7288999,0.72850126,3
49.7,5.505063,0.22053854,-18.437235,-0.006900958,0.037885685,-0.013331754,0.037902348,0.011054966,-0.009451526,0.0030033637067087,-0.0089544508943393,-0.0155504873356961,-0.010277575,0.002725767,-0.00024613334,15.3,0.5000267,0.72892755,0.72900933,0.72897977,0.72872204,3
49.8,5.5047555,0.22584504,-18.436825,-0.0042339377,0.039776746,-0.013662469,0.036805924,-0.004076338,-0.00065797934,0.0019455359499277,-0.0086423950465136,-0.0155778966424321,-0.011775624,0.0019084696,-0.00064864015,15.3,0.5000267,0.7291151,0.7289506,0.729171,0.728555,3
49.900000000000006,5.5048947,0.23172116,-18.436974,-0.0015520866,0.040498704,-0.014135695,0.02227444,-0.010079697,-0.010388902,0.0007981363853988,-0.0083212768346457,-0.0155858392658601,-0.010913315,0.0034968639,0.00029238538,15.3,0.5000267,0.7288804,0.7288302,0.72847265,0.72900313,3
50.0,5.505484,0.23686308,-18.43744,0.0010059262,0.03971458,-0.014695192,0.0235828,-0.015467546,0.00032642853,-0.0003191482966325,-0.008035140150766,-0.015611844020204,-0.010688327,0.0040520937,0.00066465966,15.3,0.5000267,0.7281499,0.7288846,0.72821987,0.7285955,3
50.1,5.507155,0.24212185,-18.437801,0.0040675476,0.037723098,-0.014508396,0.01721727,-0.034128286,-0.0063586044,-0.0012570722760622,-0.0076512025457215,-0.0156867572851063,-0.008200341,0.0049325847,0.000113204966,15.3,0.5000267,0.72850895,0.72855246,0.72825027,0.7283386,3
50.2,5.509036,0.24659152,-18.438421,0.0061062877,0.035042673,-0.014193442,0.013011251,-0.036761,-0.0014151445,-0.0020101409880127,-0.0071421626093452,-0.0157363695159674,-0.0074421517,0.0059401686,-0.00066247006,15.3,0.5000267,0.7279902,0.7287974,0.7283828,0.72798395,3
50.3,5.5112753,0.25102115,-18.439486,0.007837196,0.031077892,-0.013628769,0.005145355,-0.040355615,0.009799375,-0.0026008089173857,-0.0065867591414274,-0.0157737953010901,-0.004341313,0.006548791,0.00046336022,15.3,0.5000267,0.7280409,0.72836345,0.72788966,0.7281773,3
50.400000000000006,5.513359,0.25511387,-18.440811,0.008504918,0.027495958,-0.0129477875,0.0055397428,-0.046055112,0.009815208,-0.0029589037880447,-0.0059996375492711,-0.0158296579540649,-0.0027549784,0.0052984217,0.00029892026,15.3,0.5000267,0.7280265,0.7280204,0.7277699,0.7277623,3
50.5,5.515552,0.25925246,-18.442142,0.008944496,0.02404355,-0.01170349,-0.0015767381,-0.048898537,0.011294614,-0.003200252049756,-0.0054800027593731,-0.0158290489782566,-0.0023045454,0.004632733,0.0005371976,15.3,0.5000267,0.7279704,0.72789484,0.72778267,0.72768587,3
50.6,5.5183825,0.26340663,-18.443752,0.0092398245,0.0201462,-0.01042469,-0.001677863,-0.055047233,0.016442033,-0.0034281554757604,-0.005018811353229,-0.0158214843761169,-0.0026870286,0.0054616234,0.0001281168,15.3,0.5000267,0.72746485,0.72807235,0.72741187,0.7278247,3
50.7,5.521961,0.26703227,-18.445696,0.009556995,0.01598563,-0.00927395,-0.0026145952,-0.049826927,0.023044644,-0.0036282471155296,-0.0045764598194397,-0.0157969030102492,-0.0010525207,0.005743268,0.0011191624,15.3,0.5000267,0.727349,0.72752684,0.72692823,0.7278453,3
50.8,5.525737,0.2694264,-18.447132,0.009624192,0.0117556555,-0.007682412,-0.011705279,-0.053295206,0.016564036,-0.0037475086228946,-0.0040481282809402,-0.0157651542926804,-0.0018507307,0.006440823,0.00074116356,15.3,0.5000267,0.72709966,0.72771955,0.72756684,0.72721684,3
50.900000000000006,5.53005,0.27091342,-18.447798,0.009106787,0.006946262,-0.0057616057,-0.025485959,-0.04631327,0.013549346,-0.0037335862039925,-0.0034732906751325,-0.0157339840506366,0.0013027746,0.006093676,0.0011031107,15.3,0.5000267,0.7279003,0.72748154,0.72770983,0.7277233,3
51.0,5.533741,0.27140176,-18.447779,0.007921417,0.0023446765,-0.004555538,-0.028938163,-0.055421025,0.008357222,-0.0035613423341569,-0.0028387088483739,-0.0157041380662186,0.0018243069,0.0064124838,0.00066965,15.3,0.5000267,0.7277699,0.7283004,0.7283085,0.7278922,3
51.1,5.5371065,0.271019,-18.447472,0.00600211,-0.0028018947,-0.003906334,-0.038650375,-0.05024694,0.002112705,-0.003177968588752,-0.0022932364644232,-0.0156940563593753,0.0048329807,0.005054616,-6.6956876e-05,15.3,0.5000267,0.7282313,0.72836924,0.72826904,0.7283992,3
51.2,5.5395722,0.26963133,-18.4467,0.0033405775,-0.0073885974,-0.003624961,-0.04149844,-0.043211773,-0.0022854654,-0.002649303746599,-0.0018166529002053,-0.015703486099584,0.0055089314,0.004140889,0.00042588986,15.3,0.5000267,0.7283103,0.729034,0.72894424,0.72835714,3
51.3,5.541084,0.26730403,-18.44588,-0.00021933179,-0.011732361,-0.0039362973,-0.032641806,-0.03134876,-0.0039050353,-0.0019320143652708,-0.0015541136892142,-0.0156941673001834,0.00722665,0.001670527,0.00055816007,15.3,0.5000267,0.7285567,0.7290794,0.728961,0.7286558,3
51.400000000000006,5.5410895,0.26453495,-18.445053,-0.004389938,-0.015183553,-0.004465219,-0.042236418,-0.0229514,-0.012731644,-0.0010982254367406,-0.001518350458198,-0.0156793449048214,0.008960973,-0.0016639169,0.000937066,15.3,0.5000267,0.72906274,0.7288347,0.7291599,0.7287335,3
51.5,5.539849,0.26084867,-18.444023,-0.008836626,-0.018314635,-0.005097078,-0.030996153,-0.010425953,-0.011922791,-0.0002184584247268,-0.001773140848085,-0.0155989777458604,0.009514568,-0.0042000846,0.001183533,15.3,0.5000267,0.7287587,0.7292043,0.7291633,0.7292696,3
51.6,5.537622,0.25625753,-18.443293,-0.0134425685,-0.021129185,-0.0064429296,-0.037769806,-0.0071359295,-0.013715121,0.000790006511515,-0.0023273362000214,-0.0155925804485379,0.0106220655,-0.0073283617,0.0009427559,15.3,0.5000267,0.72892255,0.728903,0.7292114,0.72877914,3
51.7,5.5343337,0.25148898,-18.4434,-0.017380742,-0.022916902,-0.007434851,-0.018116252,0.0043907803,-0.007448252,0.001844768169598,-0.0030914807222044,-0.0156039303132176,0.010854926,-0.008217316,-0.00084613153,15.3,0.5000267,0.728465,0.7289464,0.7285045,0.7288106,3
51.8,5.5306516,0.24752532,-18.443981,-0.020423053,-0.023153393,-0.00790732,-0.009418514,0.017655859,0.0042333263,0.0029044953562097,-0.0039759830117039,-0.015596704890214,0.010758444,-0.010566976,-6.1465566e-05,15.3,0.5000267,0.7287165,0.72803855,0.7284609,0.7281728,3
51.900000000000006,5.526789,0.24409287,-18.445005,-0.022287138,-0.021953423,-0.008088272,-0.0027466537,0.025702681,0.004798639,0.0038099033557269,-0.0049868543243542,-0.0155524328132736,0.008349909,-0.010751928,0.00091056526,15.3,0.5000267,0.7283797,0.7276294,0.72807246,0.7279715,3
52.0,5.52383,0.24205051,-18.446344,-0.022393862,-0.019564198,-0.0074926787,0.0071311546,0.033342198,0.0070584933,0.004539239500643,-0.005933796073728,-0.0154651327582177,0.0055808616,-0.008884475,0.00025154356,15.3,0.5000267,0.7279654,0.72733146,0.7280083,0.7276174,3
52.1,5.5210605,0.241402,-18.447922,-0.021402413,-0.015246358,-0.006196676,0.012937409,0.032388967,0.0222004,0.004925613053579,-0.006708180273295,-0.0153907826131112,0.00087939296,-0.0072884075,-0.0005083945,15.3,0.5000267,0.7278311,0.7272047,0.72804743,0.72733337,3
52.2,5.5186915,0.24243142,-18.449343,-0.019543234,-0.010144932,-0.004877229,0.020641629,0.034367263,0.016814096,0.0048933954238858,-0.0072208009250231,-0.0153300007345299,-0.0034695994,-0.0028902993,-0.00017085107,15.3,0.5000267,0.7273298,0.7275649,0.7272886,0.7279489,3
52.3,5.5165744,0.24430718,-18.45074,-0.017330308,-0.0044499612,-0.0033225652,0.023826616,0.026578838,0.01968676,0.0044019402950928,-0.007532074726167,-0.0152536807679928,-0.00835377,-0.0033709095,0.0010087555,15.3,0.5000267,0.72766036,0.7271015,0.7280553,0.727294,3
52.400000000000006,5.51477,0.2460416,-18.451817,-0.014681067,-0.0004895537,-0.0020151224,0.02271631,0.017016873,0.018426215,0.0035531985613241,-0.0077152507456513,-0.0152197529526375,-0.008738886,-0.00044147312,-0.0008818944,15.3,0.5000267,0.7276939,0.7271427,0.72738826,0.7280351,3
52.5,5.512852,0.24779275,-18.452887,-0.012449485,0.00223205,-0.0005781865,0.019515334,0.009390101,0.017707234,0.0026495986746236,-0.0077414423708456,-0.0152268782393153,-0.009506553,0.00011976462,-0.0013898491,15.3,0.5000267,0.7274395,0.7276161,0.7278271,0.72768414,3
52.6,5.510754,0.24944131,-18.454071,-0.010293287,0.0039097928,0.00073159725,0.02484794,0.004318282,0.012655276,0.0018324674839542,-0.0077425830006542,-0.0152857354465635,-0.0077489275,1.1896907e-05,-0.0011954027,15.3,0.5000267,0.72742844,0.72776556,0.7275749,0.72782844,3
52.7,5.5087624,0.25102422,-18.455397,-0.0082809115,0.004627077,0.0020255623,0.020842953,-0.0024531062,0.022375489,0.0011984940843568,-0.0077582428170271,-0.0153384113700428,-0.004806408,0.00041418738,-0.00056394085,15.3,0.5000267,0.7274987,0.7276172,0.7272925,0.72795767,3
52.8,5.5069103,0.25271082,-18.456589,-0.0065144445,0.0048797163,0.0031887197,0.023063129,-0.01243335,0.013669952,0.0006818284700485,-0.0077929796354334,-0.0153958513491958,-0.0040427647,-0.00067680085,6.662017e-05,15.3,0.5000267,0.72759116,0.72751534,0.7274828,0.7277045,3
52.900000000000006,5.5051045,0.25461945,-18.458078,-0.004321608,0.004610548,0.0045426185,0.01961605,-0.014317354,0.017312353,0.0003110948747576,-0.0078531809818045,-0.0155059316528834,-0.0034602624,-0.00013287977,-0.0013432024,15.3,0.5000267,0.72755754,0.72761583,0.7273397,0.7275259,3
53.0,5.5037074,0.2557788,-18.458994,-0.0026098185,0.003715741,0.0057695643,0.029338097,-0.014042023,0.020321457,-2.5345066878555783e-05,-0.0078797181648794,-0.0155693104642803,-0.0022467964,-0.0010990681,-0.0009940047,15.3,0.5000267,0.72791183,0.72733116,0.7274884,0.7275243,3
53.1,5.502551,0.25643596,-18.459356,-0.0007261818,0.0020575863,0.007154182,0.028198263,-0.019409785,0.0068163495,-0.0002456166405605,-0.0078803373442414,-0.0156598163714321,-0.0009701151,0.00023502769,-0.0005024463,15.3,0.5000267,0.7279852,0.7279014,0.727727,0.7277562,3
53.2,5.5021706,0.25719687,-18.459257,0.0013824594,0.0007505016,0.008089384,0.02559754,-0.01593811,0.013758893,-0.0002808901552361,-0.0078788352303691,-0.0157394388633701,-7.470563e-05,0.0005257039,0.00033272366,15.3,0.5000267,0.728042,0.7285434,0.72805077,0.72795504,3
53.3,5.5022893,0.2584524,-18.458948,0.0038653743,-9.666784e-05,0.008364834,0.016723387,-0.018080583,0.009413342,-0.0002457964679622,-0.007768185913518,-0.0158080291452028,-0.00021220598,0.002722935,-0.00054294395,15.3,0.5000267,0.72835535,0.728566,0.72814715,0.72811663,3
53.400000000000006,5.5023417,0.25998154,-18.458519,0.005911449,-0.00013054861,0.008310328,0.020698478,-0.011306866,-0.0050123776,-0.0002601275021661,-0.0075588802472988,-0.0158337613989302,-0.0010327324,0.0033209354,8.2566075e-05,15.3,0.5000267,0.72849405,0.7286947,0.7281404,0.72847563,3
53.5,5.5020237,0.26160035,-18.458315,0.007278742,-2.6284004e-05,0.007925271,0.013079039,-0.012899945,-0.0064424234,-0.0004129837147278,-0.0072729493806787,-0.0158289663099146,-0.0022060543,0.0026844626,0.00015764416,15.3,0.5000267,0.7287138,0.72836083,0.7281451,0.72844505,3
53.6,5.500932,0.2630516,-18.458803,0.008025589,-0.00039303425,0.0074016843,0.0151193775,-0.012248954,0.0012004747,-0.0006515905778184,-0.0070465786662362,-0.0158066398303573,-0.0038077314,0.0020855966,-0.00036059518,15.3,0.5000267,0.7279249,0.7285101,0.7278235,0.72824335,3
53.7,5.4990854,0.26350754,-18.459135,0.0076192976,-0.0014120395,0.007869454,0.011584934,-0.020166764,0.0068326476,-0.0009069926595435,-0.0069507438521991,-0.0157967927581206,-0.002558927,-0.0022679844,0.00064486,15.3,0.5000267,0.72854376,0.7279248,0.7283939,0.727775,3
53.8,5.496727,0.26326978,-18.459005,0.00695163,-0.003197331,0.008058043,0.01143231,-0.022816664,0.0028586944,-0.0010441231460849,-0.0070730438185542,-0.0157840689906348,0.00012272439,-0.0030807431,0.00034923566,15.3,0.5000267,0.72828406,0.72837573,0.7280981,0.72832566,3
53.900000000000006,5.4940796,0.26241294,-18.45858,0.0063386397,-0.0051744715,0.008080843,0.020061301,-0.025914578,-0.00067939976,-0.0009758967891115,-0.0074026582320456,-0.0158024153015299,0.0027538848,-0.0042074695,0.0014855838,15.3,0.5000267,0.72850275,0.72844744,0.72790647,0.72879195,3
54.0,5.492031,0.26104176,-18.458138,0.006771221,-0.0072256555,0.00791715,0.016448682,-0.023012307,-0.008565838,-0.0007454935556134,-0.007864297043861,-0.0157628199508167,0.0024471532,-0.0042849346,0.00071184983,15.3,0.5000267,0.7281172,0.72888255,0.7287563,0.7283138,3
54.1,5.490244,0.2592644,-18.457634,0.008002679,-0.008915926,0.00743131,0.024888758,-0.024477782,-0.0037122515,-0.0003350978637024,-0.0082687501269171,-0.0157268190479321,0.0052839117,-0.0035561495,0.00059902464,15.3,0.5000267,0.7286508,0.7283435,0.7282708,0.7289116,3
54.2,5.4892464,0.2571668,-18.45716,0.009814867,-0.010307825,0.007052551,0.029724378,-0.011471292,0.00080093736,0.0001007956951933,-0.0085353599466646,-0.0157078254459579,0.0050871666,-0.002092691,0.0009783298,15.3,0.5000267,0.7287633,0.7283185,0.7286995,0.7285585,3
54.3,5.4885097,0.25442156,-18.456617,0.012230523,-0.01136069,0.006414028,0.021469546,-0.0064784423,-0.006056856,0.000606162329999,-0.0086333332991364,-0.0157129770235969,0.0060554706,-0.00074137276,0.0005716564,15.3,0.5000267,0.72896814,0.7281531,0.72859263,0.72861516,3
54.400000000000006,5.487708,0.25162017,-18.456394,0.0137463035,-0.011934769,0.005833371,0.032326378,0.00044085298,-0.004335306,0.0011325631203556,-0.0085625766121619,-0.0157060871941446,0.005515921,0.000502699,0.000584887,15.3,0.5000267,0.72857213,0.72833407,0.72849226,0.7285458,3
54.5,5.4874506,0.24873666,-18.456253,0.015730118,-0.012066112,0.005472865,0.031417735,0.004485057,-6.5192576e-06,0.0016404175045627,-0.0084850008618075,-0.0157159449751608,0.004337383,0.00036056904,0.0010890954,15.3,0.5000267,0.72843754,0.7283938,0.7286991,0.7281883,3
54.6,5.487975,0.24529172,-18.455664,0.017909126,-0.012083982,0.0052748956,0.025253536,0.0074027935,-0.003432389,0.0021603955480873,-0.0083246204097257,-0.015729110060243,0.005601235,0.0014963569,0.00066539785,15.3,0.5000267,0.72880316,0.72828436,0.7285795,0.72855973,3
54.7,5.4894214,0.242209,-18.454746,0.020140707,-0.011213703,0.004815665,0.023262113,0.019023169,-0.0013033858,0.0026932061616194,-0.008059156869312,-0.0157312519347351,0.005488466,0.003190359,0.00045431685,15.3,0.5000267,0.72868633,0.72866964,0.7284357,0.7289353,3
54.8,5.4912486,0.24021341,-18.453382,0.021749057,-0.009263907,0.00433074,0.017429428,0.02095991,-0.013517681,0.0031769731450033,-0.0076949930237854,-0.0157443949989211,0.0037894996,0.004773942,0.00017788712,15.3,0.5000267,0.72886413,0.72918135,0.7287257,0.7292011,3
54.900000000000006,5.492492,0.23863743,-18.451511,0.02250642,-0.0069259056,0.0030833741,0.014668902,0.022417245,-0.0214749,0.0034358050531513,-0.0072204617509107,-0.0157117777696062,0.0017776098,0.0039607566,0.00012418836,15.3,0.5000267,0.72932714,0.7290943,0.7290514,0.729371,3
55.0,5.4928546,0.23722231,-18.449602,0.022033172,-0.004805065,0.0015955705,0.010498128,0.020204684,-0.02046814,0.0035172684290017,-0.0067989304938459,-0.0156896254967507,0.0014223678,0.0031301267,0.00062027894,15.3,0.5000267,0.7294691,0.7293171,0.729003,0.7297744,3
55.1,5.493351,0.2359335,-18.447515,0.021640012,-0.0027158963,-2.2126631e-05,0.005092539,0.019594533,-0.019982455,0.0035189456909227,-0.0066147344156306,-0.0156660097423632,0.00046574557,0.0005680342,-0.0019925975,15.3,0.5000267,0.72945386,0.7296451,0.7292953,0.7298737,3
55.2,5.494117,0.2348524,-18.445776,0.021452222,-0.0007437655,-0.0020423152,0.0075977384,0.020198409,-0.031402797,0.0034816427700948,-0.0065576149602125,-0.0156580960842112,-0.00016650715,0.00040750083,6.0303115e-05,15.3,0.5000267,0.7295436,0.72964257,0.729373,0.72966635,3
55.3,5.4953456,0.2335018,-18.444643,0.021527752,0.00088848366,-0.0040660026,0.008415843,0.017081866,-0.0206721,0.0033996926145543,-0.006489102948161,-0.0156378888679259,-0.0005753579,3.2407723e-05,0.00028386785,15.3,0.5000267,0.7294995,0.72925955,0.72942543,0.72923565,3
55.400000000000006,5.496411,0.23239225,-18.443727,0.02149845,0.0023150526,-0.0054712794,-0.0008079732,0.017265573,-0.013916752,0.0033469534520478,-0.0063659270088005,-0.0156069616750103,-0.00046863363,0.0009862528,-1.4784218e-05,15.3,0.5000267,0.7292194,0.72920793,0.7293116,0.72916865,3
55.5,5.497254,0.23147003,-18.44338,0.021143764,0.0034975256,-0.0068932273,-0.004588677,0.018149074,-0.011195428,0.0033291686377763,-0.0062202101377009,-0.0155490831779328,-0.0010420879,0.00053657417,0.0007258891,15.3,0.5000267,0.72859067,0.7291158,0.7292822,0.72873896,3
55.6,5.498088,0.23063098,-18.443571,0.020424237,0.0045758425,-0.007891887,0.0075976965,0.01873287,-0.006921589,0.0033111432827884,-0.0060828471466055,-0.0154860463554068,-3.2361455e-05,-0.00054947805,0.00037717202,15.3,0.5000267,0.72868997,0.7282632,0.7289262,0.728469,3
55.7,5.49934,0.22978006,-18.444265,0.019906903,0.005202338,-0.008169669,-0.0008662682,0.021633625,-0.0020870937,0.0033391835841222,-0.0060276734893666,-0.0154695283860687,0.0020475916,0.0001287175,0.00011175346,15.3,0.5000267,0.7285333,0.727917,0.7281968,0.728615,3
55.8,5.5007544,0.22889179,-18.44552,0.019524246,0.0056081116,-0.007992924,-0.0061929473,0.017470479,0.0138725145,0.0033908046416444,-0.0059341663549743,-0.0154804328940544,0.0011161288,0.0013932663,-0.00046292122,15.3,0.5000267,0.7276957,0.72808063,0.72788674,0.72812206,3
55.900000000000006,5.5023766,0.22808698,-18.447163,0.019415472,0.006036167,-0.007002332,0.0020261668,0.016870225,0.0210735,0.0034640916633579,-0.0058477747861178,-0.0154931543974133,0.00203386,0.0019006901,0.0001962246,15.3,0.5000267,0.7275463,0.7277649,0.7275509,0.7279653,3
56.0,5.503725,0.22780663,-18.448788,0.019232797,0.0070664193,-0.0059160907,-0.004732557,0.02071063,0.014075077,0.0035582915282857,-0.0056527987233226,-0.0155342046069852,0.00063193106,0.0019839543,-0.0008872578,15.3,0.5000267,0.7274449,0.72762585,0.72750485,0.7274598,3
56.1,5.504776,0.22813335,-18.450178,0.018031973,0.008616782,-0.004303329,-0.002999055,0.018954659,0.017457174,0.0036015991108054,-0.0054113197020219,-0.0155463471062551,0.00022864254,0.0007155471,-0.00044201082,15.3,0.5000267,0.7278322,0.7272618,0.7275408,0.72741514,3
56.2,5.5053124,0.22925156,-18.450497,0.016248262,0.01043916,-0.0027060423,-0.011821797,0.01544637,0.015460885,0.0035227259689323,-0.0052769396425988,-0.015507133186776,-0.0012572245,0.000438656,-0.00014674544,15.3,0.5000267,0.7279326,0.72778654,0.72756845,0.72818166,3
56.3,5.5050054,0.23111288,-18.449759,0.013721121,0.012848123,-0.0014307004,-0.004579733,0.0131178005,-0.0031227244,0.0032729648638342,-0.0053231568123294,-0.0154522731148697,-0.0030919625,-0.0010056838,-0.0003788943,15.3,0.5000267,0.7282014,0.72856987,0.7279956,0.7289817,3
56.400000000000006,5.5043426,0.23344342,-18.449038,0.011140557,0.015102013,-0.0013566717,-0.008774685,0.011789437,-0.009303446,0.0028377688513465,-0.0055594904049239,-0.0153954651401462,-0.0054333652,-0.0032811414,-0.00019724832,15.3,0.5000267,0.72820204,0.7290445,0.7284785,0.72908753,3
56.5,5.5038824,0.23647992,-18.44804,0.009460942,0.017379763,-0.0017024033,0.0020169825,-0.0025633979,-0.005737878,0.0022533754759588,-0.0059723661094392,-0.0153714432412559,-0.006813106,-0.0056255013,-0.00045529872,15.3,0.5000267,0.7290542,0.728685,0.72911924,0.7288019,3
56.6,5.504095,0.24074642,-18.44661,0.008856416,0.019745482,-0.0025084447,-0.0018773425,-0.002712797,-0.026303807,0.0015439330680483,-0.0063846480640709,-0.0153463921451263,-0.008268826,-0.004322508,-0.0007220426,15.3,0.5000267,0.7291946,0.7289755,0.729334,0.7290194,3
56.7,5.505037,0.24529459,-18.445177,0.009171498,0.021224706,-0.0037348964,1.52067505e-05,-0.0045966604,-0.020163132,0.0006736594673661,-0.0066286787052322,-0.0153744995738842,-0.009534921,-0.00073134963,-0.0012434509,15.3,0.5000267,0.7289596,0.72953385,0.7290612,0.7293896,3
56.8,5.506258,0.24853513,-18.44441,0.009576307,0.020995365,-0.005071961,0.00508447,-0.014150098,-0.018535646,-0.0002502161462265,-0.0066863543033651,-0.0153912221798054,-0.009024766,0.00045445716,-0.0010838179,15.3,0.5000267,0.7290202,0.7291295,0.7289763,0.72923964,3
56.900000000000006,5.5082884,0.25057238,-18.443956,0.01097825,0.018761326,-0.006037192,0.005863932,-0.02097934,-0.015478115,-0.0010055021587079,-0.0065732970261624,-0.0154611871536323,-0.0056090686,0.0032051294,-0.0011046489,15.3,0.5000267,0.7286528,0.7293139,0.7287103,0.72921705,3
57.0,5.511064,0.25134197,-18.443657,0.012433393,0.015716802,-0.006740157,-0.00042561622,-0.029536176,-0.0108410595,-0.0014604769661983,-0.0062662385059265,-0.015522767206895,-0.0034547076,0.0051120315,-0.0005894604,15.3,0.5000267,0.7282943,0.72940403,0.7291018,0.728618,3
57.1,5.5146275,0.25109923,-18.443459,0.013776115,0.011567312,-0.00728598,0.003015646,-0.035794683,-0.012222211,-0.0015502545777983,-0.0057504076888215,-0.0156269153226301,0.0014719955,0.006886278,-0.0010141669,15.3,0.5000267,0.7286108,0.72904736,0.7286091,0.7288536,3
57.2,5.518142,0.2503381,-18.443686,0.014331415,0.0077744867,-0.0076017594,-0.0053010695,-0.02342274,-0.0027483327,-0.0012606104191459,-0.0050981239098798,-0.0157634773986351,0.0032274714,0.0070262286,-0.0007174788,15.3,0.5000267,0.72831964,0.72916806,0.72879976,0.7281315,3
57.3,5.522355,0.24893661,-18.444094,0.014480506,0.004119251,-0.0076691997,-0.019627223,-0.024890326,0.00058580184,-0.0007629079345426,-0.0044193202452034,-0.015834877586717,0.005749481,0.007507617,-0.00050142914,15.3,0.5000267,0.728319,0.7288812,0.7282487,0.72841,3
57.400000000000006,5.526578,0.24717139,-18.444336,0.014217831,0.0011376854,-0.007658798,-0.024926908,-0.016328288,-0.0060242596,-0.0001406230935571,-0.0037276364463115,-0.0158658809657645,0.0071484935,0.008434,0.0009613594,15.3,0.5000267,0.72832835,0.728657,0.72791034,0.7286461,3
57.5,5.531479,0.24536112,-18.444326,0.01396489,-0.00074825366,-0.007330296,-0.025422176,-0.0074943267,-0.010209157,0.0005590035616113,-0.0030407375641197,-0.0158940172434969,0.007847725,0.0077894907,0.0008636633,15.3,0.5000267,0.7287612,0.72846055,0.7280953,0.72860026,3
57.6,5.5378456,0.2432799,-18.444197,0.0137595795,-0.002315368,-0.00721525,-0.04107613,-0.0018323034,0.005485024,0.0011966748582658,-0.0023050226661863,-0.015883445539794,0.006914588,0.008902566,0.000789476,15.3,0.5000267,0.7288069,0.72852474,0.7283596,0.72850955,3
57.7,5.5442667,0.24103709,-18.444191,0.012729394,-0.0031037251,-0.0071773375,-0.037799463,0.0083454065,0.0037341376,0.0017705032497433,-0.0014213944266069,-0.0158295538970211,0.0061272886,0.010519147,0.0013072127,15.3,0.5000267,0.7284907,0.7287601,0.7282122,0.72878593,3
57.8,5.5494347,0.2392239,-18.444904,0.010578504,-0.0032571508,-0.007627331,-0.047716264,0.0023955426,-0.00084936613,0.0022807423562214,-0.0005107771455487,-0.0157279804302997,0.006422163,0.009006617,0.0012840437,15.3,0.5000267,0.72841555,0.7279902,0.72783417,0.72862357,3
57.900000000000006,5.553821,0.23766968,-18.446718,0.006510021,-0.0024246129,-0.007334689,-0.053442214,0.01855248,0.0067763026,0.0027114288721347,0.0002952559924806,-0.0156050396834558,0.004718258,0.0057962635,0.0008133606,15.3,0.5000267,0.72811055,0.72733927,0.72754073,0.72816896,3
58.0,5.55668,0.23704182,-18.448915,0.0017769838,-0.00087494915,-0.0063734106,-0.06144153,0.013840501,0.023959203,0.003022615268375,0.0008079367034229,-0.0154809358528392,0.0027141708,0.0031271768,0.00092724775,15.3,0.5000267,0.727404,0.72704184,0.727148,0.7276934,3
58.1,5.5583177,0.23767376,-18.451424,-0.004506414,0.0017332387,-0.0044978536,-0.060760405,0.010048421,0.029833985,0.0030979896982146,0.0009777759424117,-0.0153268550625478,-0.0010256438,-0.0011910705,-2.406818e-05,15.3,0.5000267,0.7271208,0.7266981,0.72744447,0.72701746,3
58.2,5.558976,0.23941025,-18.453714,-0.010130501,0.004762866,-0.0022890642,-0.07260912,0.0153149115,0.033537854,0.0029605731981337,0.000770365068421,-0.0151720636736082,-0.0030221788,-0.003340142,-7.2915973e-06,15.3,0.5000267,0.72676796,0.7267119,0.7270181,0.7274047,3
58.3,5.558677,0.24217658,-18.45578,-0.015999531,0.008369383,0.0005735107,-0.05607677,0.009266823,0.03477046,0.0025468330367316,0.0002861390891559,-0.0150308868724006,-0.006440867,-0.006455819,5.0427978e-05,15.3,0.5000267,0.726913,0.7267765,0.7274122,0.72735846,3
58.400000000000006,5.557519,0.2450571,-18.45688,-0.021072859,0.011046462,0.0029658747,-0.0460666,0.0075020306,0.024549196,0.0018285198414535,-0.0003699599391485,-0.0149131166165736,-0.008790443,-0.0075596296,-0.0009697455,15.3,0.5000267,0.7270902,0.72728497,0.72783464,0.72772115,3
58.5,5.555996,0.24800137,-18.457233,-0.0251235,0.012800352,0.0047756694,-0.040589567,0.002141523,0.00775326,0.0010049193238601,-0.0011673549552899,-0.014867023089979,-0.008692908,-0.0078818565,-0.0012540581,15.3,0.5000267,0.7275755,0.72770435,0.7281379,0.7281526,3
58.6,5.554058,0.25084525,-18.457193,-0.028480202,0.0134658525,0.0058882167,-0.02742152,-0.009658707,0.002254266,0.0001898054918137,-0.001972443973335,-0.0148567996235928,-0.007905157,-0.008869526,-0.0006521237,15.3,0.5000267,0.7284334,0.72758114,0.7289132,0.7279887,3
58.7,5.5516415,0.25307336,-18.457214,-0.030742755,0.012666368,0.0063539892,-0.023104046,-0.014618065,0.0010821967,-0.0004902775355531,-0.0027698683862504,-0.0149187343106817,-0.005083389,-0.0072737816,-0.001420807,15.3,0.5000267,0.7283632,0.72812384,0.72844,0.72857445,3
58.8,5.5493083,0.25471827,-18.457718,-0.03255869,0.011434414,0.0063462234,-0.015943503,-0.018109644,0.0039320434,-0.0009733762997182,-0.003484578735165,-0.0150187599412276,-0.0043792413,-0.00699939,-0.003212299,15.3,0.5000267,0.7280423,0.72828156,0.7286296,0.7279391,3
58.900000000000006,5.546395,0.25607148,-18.458408,-0.03391686,0.009218731,0.0067879898,-0.0049062907,-0.029347572,0.006631482,-0.0012693643937071,-0.0041498044419188,-0.0151470345768267,-0.0030745305,-0.006835218,-0.0019276416,15.3,0.5000267,0.72790974,0.7284468,0.72871673,0.7275499,3
59.0,5.543509,0.25686136,-18.458988,-0.03479452,0.00705895,0.007224442,-0.0066064526,-0.024892207,0.012725591,-0.0013396170486296,-0.0047632581651615,-0.015319244415938,-1.9668583e-05,-0.0056230444,-0.0019002921,15.3,0.5000267,0.72804695,0.7284413,0.72774416,0.7281876,3
59.1,5.5405254,0.25738925,-18.459497,-0.035139106,0.004963882,0.0077935443,0.0015372533,-0.022772709,0.0039343718,-0.0012898920845618,-0.0053911712911701,-0.0154441839809705,0.0011119455,-0.005988254,-0.0019059515,15.3,0.5000267,0.7283452,0.7281727,0.7278882,0.7281004,3
59.2,5.5379643,0.25735587,-18.459658,-0.034783132,0.0027269654,0.00802166,0.001466351,-0.030356793,0.0010160728,-0.0011786568577463,-0.0059655282072416,-0.015575405280255,0.00145079,-0.00509184,-0.0016501199,15.3,0.5000267,0.7282802,0.72834826,0.7280779,0.72784364,3
59.3,5.535028,0.25669837,-18.459446,-0.034223765,0.00022266505,0.008374472,0.0079509895,-0.018485501,0.007835682,-0.0009527192959722,-0.0064643757072186,-0.015703847086074,0.0025311837,-0.0035058837,-0.0010820066,15.3,0.5000267,0.7282368,0.7287524,0.7278788,0.7282814,3
59.400000000000006,5.5321217,0.25510964,-18.459192,-0.033250418,-0.002374191,0.008313548,0.012333235,-0.018331032,0.0023925675,-0.0006553420688949,-0.006886760770863,-0.0157916334438411,0.0028755364,-0.0033954196,-0.00062563835,15.3,0.5000267,0.72814775,0.7289902,0.72821426,0.72813594,3
59.5,5.5290995,0.2523378,-18.458595,-0.031844825,-0.005330592,0.00818305,0.016684163,-0.013492079,-0.001976732,-0.000170268101939,-0.0072773042439317,-0.0158794192034038,0.006727781,-0.00389531,-0.00077473884,15.3,0.5000267,0.72880286,0.7286635,0.7284626,0.7281629,3
59.6,5.526408,0.2483669,-18.45739,-0.029555045,-0.008340664,0.007898814,0.02978907,-0.006351545,-0.0051488164,0.0004872651173944,-0.0076076336807583,-0.0159201477746026,0.008218579,-0.0039237323,0.000311969,15.3,0.5000267,0.72924477,0.72875386,0.72893614,0.7283446,3
59.7,5.524458,0.24377957,-18.456293,-0.026343172,-0.01088617,0.0071571125,0.02909697,-0.0017349747,-0.016949603,0.0013580893157823,-0.0078441287857787,-0.0159714663849262,0.010877906,-0.0016730333,0.0006391078,15.3,0.5000267,0.7296382,0.72866356,0.7287395,0.72882223,3
59.8,5.5232224,0.2395045,-18.455355,-0.022822404,-0.01200919,0.0060504708,0.0261666,0.011088699,-0.022192484,0.0023477139719657,-0.0078761841044137,-0.0159956721866475,0.0106291175,0.0003357008,-0.000345152,15.3,0.5000267,0.72949845,0.72876745,0.72902954,0.7285516,3
59.900000000000006,5.5221868,0.23518506,-18.454424,-0.019411875,-0.0119055575,0.005044448,0.025364028,0.017742455,-0.009811017,0.0033285606397403,-0.0077212830836227,-0.0159793619917306,0.009429157,0.0040816427,0.0008549162,15.3,0.5000267,0.72867876,0.7294696,0.72848624,0.7291376,3
60.0,5.5210047,0.23185152,-18.453524,-0.016663108,-0.0107267555,0.0039333263,0.023321336,0.026510362,-0.011134426,0.0041661867645758,-0.0074758670707798,-0.0159357119626106,0.0077845887,0.0018110079,0.0007534565,15.3,0.5000267,0.72924685,0.72874904,0.7290092,0.72865385,3
60.1,5.5194764,0.2290983,-18.452343,-0.014675707,-0.0077651045,0.002871172,0.014082348,0.03720632,-0.018330289,0.0047788392612252,-0.0072053365986288,-0.0158673434444768,0.004275614,0.0017035422,0.0011519641,15.3,0.5000267,0.7291022,0.72893995,0.72894037,0.7289337,3
60.2,5.5183115,0.22753905,-18.450905,-0.013030203,-0.004266162,0.0019028635,0.015212351,0.034915682,-0.01516845,0.0051377554165211,-0.0070387919462488,-0.0157659815618155,0.00225093,0.00043930192,0.0015781836,15.3,0.5000267,0.7296258,0.7286165,0.7292068,0.7291373,3
60.3,5.5171027,0.2267228,-18.449202,-0.011713891,-0.00010586159,0.0005235803,0.014330584,0.033599544,-0.01972215,0.0051847509542018,-0.0069788870507888,-0.0156510337792354,-0.0017239146,0.0010175352,0.0007440201,15.3,0.5000267,0.7287811,0.7295737,0.7293874,0.7293389,3
60.400000000000006,5.51609,0.2261562,-18.447365,-0.010582066,0.0030570363,-0.0006509897,0.020264698,0.031753514,-0.020446254,0.0049531414297762,-0.0069926915856508,-0.0155528999501348,-0.001975843,-0.00079689693,0.0006283524,15.3,0.5000267,0.72963154,0.7291733,0.7294286,0.7298512,3
60.5,5.5154767,0.22563717,-18.445759,-0.00946302,0.005856627,-0.0025231147,0.020586483,0.03555259,-0.027541535,0.0046757036855376,-0.0069989467662253,-0.0154393914903466,-0.002862394,-0.0014930688,0.0015028542,15.3,0.5000267,0.7294853,0.7290927,0.73018897,0.7291856,3
60.6,5.514638,0.22530222,-18.44479,-0.008562081,0.008413628,-0.0045953495,0.013193563,0.02740929,-0.021303536,0.0043474346381602,-0.0069900726215729,-0.0153725970700905,-0.0024125194,-0.00074130535,-9.8372235e-05,15.3,0.5000267,0.7291041,0.728913,0.72947234,0.7293115,3
60.7,5.513584,0.22568701,-18.444193,-0.008315264,0.011262844,-0.00601624,0.0115872985,0.028996669,-0.013861339,0.0040586536580764,-0.0069838783379195,-0.0153454743967897,-0.0026920934,-0.0013034573,-0.0007965254,15.3,0.5000267,0.7290047,0.72870237,0.7290642,0.7292067,3
60.8,5.512662,0.22652692,-18.444021,-0.007912818,0.013763354,-0.0069196494,0.013510583,0.023062538,-0.009966082,0.0037175723995164,-0.007071015648202,-0.0153237226950444,-0.0032923722,-0.0013856933,-0.00087689084,15.3,0.5000267,0.7287166,0.7285799,0.7285861,0.729218,3
60.900000000000006,5.5115976,0.22818966,-18.44448,-0.0075373263,0.01637099,-0.0076975473,0.02202063,0.013006456,-0.003904104,0.003298196038937,-0.0071968194718341,-0.0153267731021919,-0.004556056,-0.0020143276,-0.00048118443,15.3,0.5000267,0.7283079,0.7284033,0.72839415,0.728637,3
61.0,5.5106764,0.23023905,-18.445469,-0.007103171,0.018421566,-0.007523562,0.0121094445,0.009348246,-0.00027334315,0.0027897125064537,-0.0073509721476143,-0.0153249062823748,-0.005367156,-0.0016008993,-0.00035332039,15.3,0.5000267,0.72805136,0.7280944,0.72810894,0.7283363,3
61.1,5.509845,0.23252144,-18.446886,-0.006496775,0.02007411,-0.00691699,0.021261102,0.015057313,0.008739064,0.0022048127748118,-0.0074838274182799,-0.0153378792666353,-0.0060863513,-0.0024544874,-0.0008770387,15.3,0.5000267,0.72807467,0.7275814,0.72817993,0.7277615,3
61.2,5.5095854,0.23511484,-18.448235,-0.0050083883,0.02124341,-0.006212113,0.020209778,-0.00091537496,0.007888301,0.0016237348067561,-0.0076210965383545,-0.0153965690851384,-0.006075007,-0.00027118856,-0.00040760453,15.3,0.5000267,0.7275058,0.7278402,0.72747064,0.72786295,3
61.3,5.510194,0.23814528,-18.449158,-0.0028630951,0.02183398,-0.004619759,0.02071743,-0.008697689,0.004187226,0.0010100327320662,-0.0076415130492741,-0.0154548150217862,-0.0060248505,0.0007411201,-0.0005484667,15.3,0.5000267,0.72800714,0.7276209,0.7277448,0.7278322,3
61.400000000000006,5.511419,0.24101603,-18.449326,-0.0007493415,0.021816107,-0.0033157102,0.020294435,-0.004796635,0.00391202,0.0004206985872775,-0.0074593900711613,-0.015533379200455,-0.005389531,0.003416286,-0.0004692502,15.3,0.5000267,0.72815573,0.7281629,0.72787637,0.7282191,3
61.5,5.5128045,0.24398641,-18.449486,0.0013276585,0.021390894,-0.0026012282,0.012822632,-0.010649235,0.012698582,-0.0001089740751969,-0.0071318599624947,-0.0155967515880264,-0.005327801,0.004398284,-0.0017285626,15.3,0.5000267,0.72832465,0.7282909,0.7282215,0.72817045,3
61.6,5.514364,0.24712683,-18.449844,0.003203358,0.020252468,-0.0022600244,0.0111946985,-0.020738443,8.987262e-05,-0.000591275857056,-0.0066748423164739,-0.0156587721247043,-0.004773826,0.0045291227,-7.7274e-05,15.3,0.5000267,0.7283724,0.72825974,0.7283436,0.7279624,3
61.7,5.5164394,0.24964486,-18.45001,0.0050528077,0.018109027,-0.001804934,0.01073536,-0.021541366,-0.0060489397,-0.001033042672771,-0.0061921711451528,-0.0157235138064022,-0.004307703,0.005062379,0.00023056613,15.3,0.5000267,0.7282016,0.7286202,0.72857106,0.727926,3
61.8,5.518878,0.25139436,-18.450296,0.006704396,0.015644643,-0.0017682468,0.00021849335,-0.026708981,-0.0011329538,-0.0013038016050321,-0.005651424198128,-0.0157680395703463,-0.0018186064,0.0069135064,-0.0005192248,15.3,0.5000267,0.72816616,0.72842556,0.7278747,0.72843236,3
61.900000000000006,5.521443,0.25288895,-18.450619,0.0074926615,0.012781335,-0.0015104412,-0.0055647157,-0.023787849,0.013875308,-0.0014117607718223,-0.0050402653397017,-0.0158476049036545,0.00057469046,0.007418862,-0.00031511177,15.3,0.5000267,0.72834885,0.7282815,0.7276273,0.72844756,3
62.0,5.523164,0.25352496,-18.451355,0.0069852946,0.010094568,-0.0010881826,-0.0117309205,-0.025181578,0.010491348,-0.001404837275562,-0.0044288107098702,-0.0158908344982204,0.00033435534,0.006398057,0.00056903117,15.3,0.5000267,0.72779334,0.72866106,0.72770905,0.7281929,3
62.1,5.5244036,0.25350493,-18.452944,0.0056505953,0.006880565,-0.0009061534,-0.015784105,-0.026759226,0.017746815,-0.0012692058390472,-0.0040162626521398,-0.0159163431884761,0.0029710159,0.002531085,0.0006431824,15.3,0.5000267,0.72785103,0.72773623,0.7273834,0.7276553,3
62.2,5.5251594,0.2528429,-18.454432,0.0042061354,0.003893051,-6.97699e-05,-0.018238826,-0.016395388,0.015411525,-0.0009854653915487,-0.0038050372212651,-0.0159139953726038,0.004419852,0.0013567253,-0.00018641015,15.3,0.5000267,0.72752815,0.7275259,0.7272415,0.72734904,3
62.3,5.5254035,0.251454,-18.456173,0.0021994417,0.00084417977,0.001580537,-0.019108824,-0.020314487,0.031098722,-0.0005643358632216,-0.0037453787516292,-0.0159052776938923,0.0052206423,-0.0003911712,0.0016145289,15.3,0.5000267,0.72740895,0.72745234,0.72724956,0.7271504,3
62.400000000000006,5.525286,0.2501685,-18.457947,0.000414334,-0.001430204,0.0031323791,-0.020590708,-0.016108418,0.023236962,-2.978853746522781e-05,-0.0038004515651198,-0.0158735033664579,0.005406768,-0.0012968599,0.0010935975,15.3,0.5000267,0.7270866,0.72755426,0.7271312,0.72713107,3
62.5,5.5252624,0.24853434,-18.459856,-0.0009467968,-0.0032477886,0.004657984,-0.016115986,-0.007833339,0.02240855,0.0005447381599864,-0.0039662192820318,-0.015772876870121,0.006601719,-0.0021088084,0.001686326,15.3,0.5000267,0.7273754,0.7267089,0.72719663,0.7269692,3
62.6,5.5256577,0.24681817,-18.46124,-0.0013382471,-0.0044425973,0.006840335,-0.0089669,0.0068883584,0.026483553,0.001073392858162,-0.0041664922496333,-0.0156642087114989,0.0055119526,-0.0016424101,0.0016719936,15.3,0.5000267,0.7273403,0.72696084,0.72743046,0.7272471,3
62.7,5.5265512,0.24545011,-18.461956,-0.0014154532,-0.0047673145,0.008892807,-0.01512442,-0.0045912773,0.022069084,0.0015773759314996,-0.0042554786528765,-0.0155879566261265,0.004398085,-0.00012849661,0.0004703732,15.3,0.5000267,0.7278571,0.7271528,0.72797513,0.72731256,3
62.8,5.527705,0.24444932,-18.462105,-0.0014162974,-0.004743008,0.010113988,-0.01500105,0.0021618237,0.007065944,0.0019563193438185,-0.0042303270582987,-0.0154826225349842,0.0024171667,0.0013678413,0.0005065363,15.3,0.5000267,0.7277362,0.72776824,0.72824067,0.727881,3
62.900000000000006,5.5293283,0.24344938,-18.461964,-0.0009826403,-0.004180132,0.011124624,-0.008548795,0.013313182,0.011980998,0.002257426362486,-0.0040704086278658,-0.0153972789548208,0.0025660794,0.0030612703,0.00026845754,15.3,0.5000267,0.72800684,0.7280624,0.7284462,0.72833496,3
63.0,5.5312243,0.24229254,-18.461311,-0.00095050316,-0.0034652296,0.011339822,-0.01646227,0.013411337,0.009722075,0.0024218728880749,-0.0038458828666388,-0.0153706017693145,0.0018159703,0.0032934297,-7.9915335e-06,15.3,0.5000267,0.72848916,0.72831714,0.7285383,0.728722,3
63.1,5.533,0.24098192,-18.460106,-0.001377645,-0.0025856327,0.011112668,-0.014225295,0.012401021,-0.0010537914,0.002514380559148,-0.0035490238750609,-0.0153594943250165,2.60843e-05,0.0038747196,-0.00052572525,15.3,0.5000267,0.72838706,0.72902054,0.72899306,0.72876716,3
63.2,5.534105,0.23996046,-18.45865,-0.0025875713,-0.0015219126,0.010310289,-0.022907699,0.011250681,-0.023783648,0.0026121602756935,-0.0032648617381774,-0.0153567352272638,0.002668147,0.0022829073,0.00024724257,15.3,0.5000267,0.72950226,0.7285046,0.7286711,0.72960305,3
63.3,5.5344605,0.23942767,-18.457693,-0.0044156904,-0.000309416,0.008878949,-0.022141902,0.01701141,-0.015968455,0.0026846108267695,-0.0030673924811779,-0.0153997902569154,0.0017382645,0.0015556598,-0.0011026342,15.3,0.5000267,0.7291678,0.72888255,0.728491,0.72943157,3
63.400000000000006,5.5343614,0.23905739,-18.456688,-0.006524617,0.00078939594,0.007661169,-0.018239524,0.013776061,-0.0067725773,0.0026862943486091,-0.0030611732190841,-0.0153828828384255,-1.6909325e-05,-0.00014275483,-0.00012413386,15.3,0.5000267,0.72875905,0.7290976,0.7286358,0.72929287,3
63.5,5.534185,0.23876701,-18.455584,-0.008226233,0.001766621,0.006738011,-0.021533847,0.013760361,-0.008701812,0.0026326162467333,-0.0032356154359031,-0.015384583720805,-6.711192e-05,-0.0020826533,-6.337369e-05,15.3,0.5000267,0.72915673,0.72890186,0.72909373,0.728993,3
63.6,5.534045,0.23894998,-18.45456,-0.009565499,0.0030313977,0.005340857,-0.01431731,0.016283007,-0.013808719,0.0025816293597454,-0.0034872104436883,-0.0153631561044345,-0.00040062354,-0.00249326,-0.00048326558,15.3,0.5000267,0.72918683,0.7286758,0.72907394,0.7289172,3
63.7,5.533641,0.23946509,-18.454126,-0.010663899,0.004457018,0.004358558,-0.011630193,0.016617883,-0.0059860754,0.0024517878350544,-0.0037105013014847,-0.0153247470126143,-0.0019342531,-0.0023866515,-0.00074598414,15.3,0.5000267,0.7290362,0.7285235,0.72897124,0.72879755,3
63.8,5.53312,0.23997273,-18.453709,-0.0115159005,0.0055461144,0.0034332012,-0.017200917,0.0059500304,-0.011573545,0.0022643902628255,-0.0038826623694969,-0.0153217616275995,-0.0024683252,-0.0018581924,-0.00059072097,15.3,0.5000267,0.72872734,0.7286377,0.7287599,0.72867334,3
63.900000000000006,5.5321007,0.23997036,-18.453663,-0.012670925,0.0060882466,0.00293019,-0.013654312,0.0057999613,-0.008731148,0.0020443209554265,-0.004103566863807,-0.0153289256015551,-0.0017471036,-0.0027457518,-0.0011118223,15.3,0.5000267,0.7288562,0.7283462,0.72884667,0.7284039,3
64.0,5.5305037,0.23990493,-18.454058,-0.013614323,0.006476532,0.0027007833,-0.007320666,0.0052292948,0.003295019,0.0018341002052144,-0.0043425026672239,-0.0153375809398123,-0.00250762,-0.0027854037,0.000105837746,15.3,0.5000267,0.72813445,0.72862655,0.7285957,0.7282519,3
64.10000000000001,5.529002,0.24018088,-18.454844,-0.014077356,0.006717876,0.002652999,-0.0040824106,-0.0006008549,0.003823079,0.0017732300434432,-0.0046362070817579,-0.0153344282149023,-0.00095411437,-0.0030714502,1.1968645e-05,15.3,0.5000267,0.7281143,0.72811943,0.72825426,0.7281683,3
64.2,5.5279365,0.24055816,-18.45554,-0.013968145,0.0069202567,0.0032660074,-0.0041915607,-0.0029916454,0.00020163132,0.0017049340581391,-0.004953503757061,-0.0153198337213277,-0.00094582804,-0.0017959196,-0.00021597985,15.3,0.5000267,0.72789776,0.72817945,0.72817063,0.7282082,3
64.3,5.5271974,0.24139771,-18.455877,-0.013310946,0.007962692,0.004119566,-0.0014870274,-4.791354e-05,-0.0034100374,0.0016516304279478,-0.0051831009721523,-0.0153035230524685,-0.0015535605,-0.0012361811,0.00031989298,15.3,0.5000267,0.7283047,0.7280161,0.7283544,0.72835547,3
64.4,5.5260363,0.24295184,-18.455889,-0.012991393,0.009376848,0.004695414,0.0008989118,-0.0045232717,0.0035911796,0.0014800441288561,-0.005327489170304,-0.0153471783437785,-0.0025462974,-0.0011146108,-0.0014796704,15.3,0.5000267,0.7286968,0.72812116,0.7284273,0.72845507,3
64.5,5.524349,0.24465522,-18.455355,-0.013297824,0.010582091,0.0048854416,0.002173656,-0.0023327686,-0.009215436,0.0011595515546038,-0.0054261583541163,-0.0153521030559163,-0.005450392,-0.0010604253,-0.00050770544,15.3,0.5000267,0.72821045,0.7290008,0.72886735,0.72851795,3
64.60000000000001,5.5220237,0.24609347,-18.454489,-0.014022591,0.011032903,0.0046924087,0.0026393845,0.00037703488,-0.00935886,0.0007305875655783,-0.0056545731030358,-0.0153763322307805,-0.0049452586,-0.004340862,-0.00097650546,15.3,0.5000267,0.7289023,0.72875494,0.7292481,0.7285834,3
64.7,5.519921,0.24663301,-18.453691,-0.013791832,0.010202837,0.0042727673,0.009185931,-0.011315452,-0.014408025,0.0003433430395143,-0.0060235430577213,-0.0154426746040894,-0.0032639923,-0.0034118087,-0.0012483704,15.3,0.5000267,0.72892714,0.7291678,0.7288469,0.7291424,3
64.8,5.5184703,0.2462037,-18.453032,-0.012952842,0.008597557,0.0033602847,0.011755777,-0.008802237,-0.007482245,0.0001448309978441,-0.006363246890031,-0.0155279719091047,-0.00076758116,-0.0030286536,-0.00027959127,15.3,0.5000267,0.7290767,0.7290253,0.72910136,0.7286504,3
64.9,5.5174246,0.24475127,-18.45231,-0.0114990575,0.0059417137,0.0025861764,0.012454524,-0.010606938,-0.0130352555,0.0001726462254926,-0.0066163863774603,-0.015599491338536,0.002699812,-0.0017461638,0.00026690427,15.3,0.5000267,0.7291998,0.72888285,0.7289244,0.7289325,3
65.0,5.516899,0.24332885,-18.452097,-0.010155663,0.003801504,0.0015802227,0.011031041,-0.010251307,-0.01636287,0.0005183513841334,-0.0067143378611821,-0.0156758887318242,0.004852016,0.00045684158,-0.00019385788,15.3,0.5000267,0.728703,0.72899103,0.72852737,0.7288155,3
65.10000000000001,5.5169697,0.24239194,-18.452425,-0.008149345,0.002494352,0.0009471536,0.010746405,-0.004220908,-0.0013639218,0.0010013419068863,-0.0067354515206462,-0.0157361446934385,0.005185443,-4.8350635e-06,-0.00068938755,15.3,0.5000267,0.7290203,0.7281893,0.7286173,0.72814953,3
65.2,5.517199,0.24198616,-18.452799,-0.0063783326,0.0023993703,0.00073385186,0.010363844,0.0007492417,0.0010947696,0.0014302290579644,-0.0065855800507037,-0.0158032590672937,0.0038803625,0.0019788735,-0.00029843076,15.3,0.5000267,0.728713,0.72819906,0.7282372,0.7280354,3
65.3,5.5171165,0.24163595,-18.45295,-0.005156917,0.002576634,0.00090648193,0.008552727,0.005681418,0.00447873,0.0017159221966181,-0.0063639821637216,-0.0158171319821791,0.0021136703,0.002905966,0.00041367675,15.3,0.5000267,0.72850096,0.72834766,0.72783613,0.72848225,3
65.4,5.5158525,0.24161455,-18.4528,-0.005102671,0.003174073,0.0012021963,0.0027082548,0.0017103588,-0.002409797,0.0018575410744836,-0.0061184536091583,-0.0158210039303379,-0.00020318865,0.0021155276,0.0013054805,15.3,0.5000267,0.72828525,0.7287907,0.7281896,0.7284136,3
65.5,5.513958,0.2422496,-18.452644,-0.0058135875,0.004285719,0.0012257597,0.010745223,0.0016039971,0.005735084,0.0018931584450233,-0.0060846489641352,-0.0157671688437433,9.79208e-05,-0.0014153554,6.9536916e-05,15.3,0.5000267,0.72874707,0.72830707,0.7280505,0.72878766,3
65.60000000000001,5.511509,0.24365419,-18.452562,-0.0063433107,0.0060171573,0.0009254231,0.011632294,-0.00033548256,-0.0005033798,0.0018011467169114,-0.0063143105151432,-0.0156697160039959,-0.0019395252,-0.003760092,0.0012293039,15.3,0.5000267,0.72835535,0.72838587,0.72836304,0.7285303,3
65.7,5.509149,0.24560316,-18.452515,-0.0063332096,0.0077181654,0.00070624996,0.005660571,0.0025668049,0.001491513,0.0014936465372692,-0.0066674935710149,-0.0155717625050216,-0.004855213,-0.0049048522,0.0008045317,15.3,0.5000267,0.7284293,0.7281041,0.7287583,0.7281075,3
65.8,5.5067706,0.24715303,-18.452465,-0.0059063095,0.008506001,0.0008495408,0.015735792,-0.0075918664,0.009475275,0.0010483486021395,-0.0070540640082382,-0.015527623851268,-0.005046532,-0.004713843,-0.00019613325,15.3,0.5000267,0.7286394,0.728043,0.72870463,0.72825176,3
65.9,5.5035825,0.2479138,-18.452639,-0.0056371335,0.007870639,0.0006911898,0.016117424,-0.0071199047,0.0029439104,0.0005950530841617,-0.0074347781022211,-0.0154927223163615,-0.003918821,-0.0049341046,0.00074002723,15.3,0.5000267,0.72818047,0.72823995,0.7287653,0.72804517,3
66.0,5.5006194,0.24780266,-18.452242,-0.0052541695,0.0064727543,0.00069719204,0.020789692,-0.0030306943,0.0072065736,0.0003352035341912,-0.0078390354812718,-0.0155031273289675,-0.001713842,-0.005973192,-0.00036822818,15.3,0.5000267,0.7282146,0.7285063,0.7290505,0.7279284,3
66.10000000000001,5.4981427,0.24717082,-18.451345,-0.0038469748,0.004868838,0.00044893546,0.026610343,-0.0077260504,-0.011365394,0.0003047958310554,-0.0083080668380463,-0.0155456295938824,0.0009158461,-0.0048672655,-0.0003421535,15.3,0.5000267,0.7286464,0.72856,0.7287756,0.7285373,3
66.2,5.496613,0.24655062,-18.450602,-0.00183044,0.0036269582,-0.00012316581,0.028209515,-0.016827714,-0.006586313,0.0004659455745662,-0.0086736087949637,-0.0156165160998251,0.0027161778,-0.0032271347,-0.00030378488,15.3,0.5000267,0.72886336,0.7285521,0.7287475,0.7285614,3
66.3,5.4957848,0.2462539,-18.450006,0.0008135931,0.0030585185,-0.00043490191,0.027554037,-0.00820769,-0.009161885,0.0007246141737618,-0.0088475737836601,-0.015687031864133,0.0024488205,-0.00035711986,-0.00039600857,15.3,0.5000267,0.7288603,0.72886485,0.7286224,0.7287516,3
66.4,5.495615,0.24589811,-18.449438,0.0042945594,0.0027317528,-0.0010158748,0.033668917,-0.0006643804,-0.012022442,0.0009268239998717,-0.0088277884321582,-0.0157371855495782,0.0016866985,0.0010771016,-0.000987307,15.3,0.5000267,0.72912896,0.7286104,0.72864074,0.728751,3
66.5,5.4963226,0.24469538,-18.449472,0.008016963,0.0019069467,-0.0017960569,0.033510685,-0.005842617,-0.0024759208,0.0010701408369072,-0.0085917745337384,-0.0157859384722467,0.0013536526,0.0042751636,0.00059011165,15.3,0.5000267,0.7283595,0.7288906,0.72839904,0.72852635,3
66.60000000000001,5.497464,0.24253044,-18.44941,0.011380105,0.00054457056,-0.0017935395,0.029857805,0.0016158519,-0.006497837,0.0012321384954381,-0.0081371024090298,-0.0158164588156374,0.0024418854,0.0059658666,0.00032163344,15.3,0.5000267,0.72830164,0.7288996,0.7286123,0.72843945,3
66.7,5.4985456,0.23951314,-18.449131,0.013702402,-0.0013979778,-0.0018768217,0.024350962,0.0016808775,-0.00793673,0.0015946592729913,-0.0075446705056332,-0.0158375249789942,0.006033258,0.006641503,0.001265022,15.3,0.5000267,0.7284704,0.72878903,0.7281218,0.72913045,3
66.8,5.499877,0.23560166,-18.448698,0.015340062,-0.003607247,-0.0020112097,0.011677631,0.009929668,-0.0014821998,0.0021344688559547,-0.007003053103104,-0.0159047111521088,0.0071962634,0.005114292,0.00088972383,15.3,0.5000267,0.7287401,0.7288022,0.72872615,0.72862566,3
66.9,5.5022774,0.23049356,-18.448317,0.016917411,-0.006062236,-0.0024718824,0.009740035,0.018641017,-0.001233071,0.002885608155136,-0.0065317418598443,-0.0159710143532592,0.009427107,0.0046820533,0.00018157538,15.3,0.5000267,0.72879136,0.728763,0.72885984,0.72838527,3
67.0,5.5050373,0.22537912,-18.447985,0.018283073,-0.0077756937,-0.00279378,0.005202875,0.017088251,-0.00011920928,0.003866745757695,-0.0060000505299094,-0.0160231002275854,0.011869358,0.0052474006,0.0007589168,15.3,0.5000267,0.72896487,0.7287136,0.7288319,0.72840214,3
67.10000000000001,5.5082555,0.21992365,-18.447838,0.019474939,-0.00837915,-0.0032911852,-0.007969177,0.031893495,-0.0025378538,0.0049659475532321,-0.0053857782035213,-0.0160498010794775,0.013081225,0.006784965,0.0010960189,15.3,0.5000267,0.7288663,0.72863513,0.728218,0.72878104,3
67.2,5.5110626,0.21595708,-18.447832,0.019827062,-0.0071759564,-0.0034252424,-0.009116087,0.042390566,-0.0053313556,0.0060305334359785,-0.0047255202600657,-0.016017131079804,0.010861518,0.007062743,0.0012522415,15.3,0.5000267,0.7287334,0.7287053,0.72833115,0.7286293,3
67.3,5.5131984,0.2128229,-18.448393,0.019032164,-0.004384199,-0.0037462735,-0.01247675,0.049219478,0.0062678005,0.0068823021907249,-0.0041091953386614,-0.0159139481134717,0.007618464,0.005982026,0.0015865978,15.3,0.5000267,0.72830844,0.72841394,0.728014,0.72859824,3
67.4,5.514873,0.21033728,-18.449522,0.017447913,-0.0003178804,-0.0034132928,-0.022729486,0.057052754,0.006332993,0.0073608320301327,-0.0036491792657964,-0.0157634949574886,0.0031765855,0.0030202435,0.0011652356,15.3,0.5000267,0.72818893,0.7278847,0.72821486,0.7280247,3
67.5,5.516055,0.20859283,-18.450861,0.015544004,0.0034968928,-0.003123033,-0.016805794,0.055805262,0.009443144,0.0075379927006168,-0.0034249246303115,-0.0156028102519603,2.172772e-06,0.00042740878,0.0006580561,15.3,0.5000267,0.72763926,0.7276396,0.72816765,0.7275053,3
67.60000000000001,5.5165424,0.20725216,-18.452232,0.012743369,0.007835267,-0.001958323,-0.023783721,0.059127703,0.011937226,0.0075026214176635,-0.0033341391891666,-0.0154391447624011,-0.00029425556,-0.00021220754,0.00077887287,15.3,0.5000267,0.7274984,0.7274234,0.7277302,0.7278761,3
67.7,5.5167794,0.20736532,-18.45358,0.010213885,0.012786987,-0.00028078014,-0.02345985,0.053170294,0.017932149,0.0073297628740222,-0.0034531202251251,-0.0152504646975296,-0.001429323,-0.0021139295,0.00071272673,15.3,0.5000267,0.7275928,0.727232,0.7275673,0.72829413,3
67.8,5.516722,0.2088704,-18.454311,0.008170698,0.017787302,0.0014232725,-0.023885775,0.05168465,0.010264105,0.0069339332782179,-0.0036837272096684,-0.0151031183559928,-0.0056875027,-0.0031498654,0.00010206847,15.3,0.5000267,0.72769916,0.7276435,0.7285744,0.7278445,3
67.9,5.5163355,0.21202897,-18.454748,0.0062035853,0.023486758,0.002703253,-0.01501215,0.037606128,0.011517665,0.0062605654820431,-0.0039600477807263,-0.0149927835663097,-0.009325572,-0.002576915,0.00028687582,15.3,0.5000267,0.7275985,0.72823745,0.7284257,0.7283413,3
68.0,5.5164537,0.21619074,-18.455198,0.00506592,0.02833879,0.0033528046,-0.016041405,0.034273665,0.002827495,0.0053110896041082,-0.004286828859781,-0.0148694133631291,-0.011371966,-0.0028222434,-0.00075939845,15.3,0.5000267,0.72776693,0.7280745,0.7285656,0.7284701,3
68.10000000000001,5.5171137,0.2216787,-18.455875,0.004522796,0.03303585,0.0037009642,-0.005885231,0.016430808,0.0075246203,0.0041313366301994,-0.0045480623752105,-0.0148377513832931,-0.013540168,-0.0019593413,-0.0011282172,15.3,0.5000267,0.7278906,0.72783375,0.7284807,0.7282102,3
68.2,5.5179844,0.22746585,-18.456366,0.0045480677,0.03622228,0.0044165617,-0.013407519,0.010862717,-0.0005876645,0.0027898810464694,-0.0046777587305386,-0.0148500774078827,-0.0138253765,0.0011778541,-0.0016972679,15.3,0.5000267,0.7279299,0.72803265,0.7281312,0.7285719,3
68.3,5.5188823,0.2334873,-18.456646,0.004703323,0.038456693,0.0050730873,-0.0053814054,-0.0051682624,0.0062515023,0.0013581007348741,-0.0046772467271346,-0.0148992320041863,-0.0146759655,0.00013767801,-0.0022316074,15.3,0.5000267,0.72841674,0.72784215,0.7286195,0.72821325,3
68.4,5.5196652,0.23997515,-18.456846,0.00426669,0.039120506,0.005153507,-0.012876818,-0.022175346,-0.0005899928,-3.047967902083583e-05,-0.004567373859517,-0.0150073083637886,-0.013559587,0.002270566,-0.0017772417,15.3,0.5000267,0.7279915,0.7283775,0.72806585,0.72851276,3
68.5,5.520049,0.2452451,-18.457476,0.0038371943,0.03768208,0.005010147,-0.0039940747,-0.038050834,0.0049038786,-0.0013075655788226,-0.0044787564443065,-0.015164920728649,-0.012386882,0.00082633947,-0.0026787673,15.3,0.5000267,0.72774816,0.72839034,0.7280889,0.7277718,3
68.60000000000001,5.5205207,0.24929626,-18.458792,0.0031302269,0.034172643,0.005597982,-0.012267802,-0.04054063,0.01486251,-0.0023316605254587,-0.0044163345505558,-0.0153165323298873,-0.008733021,4.44756e-05,-0.001880785,15.3,0.5000267,0.7276782,0.728076,0.72797936,0.72731346,3
68.7,5.521085,0.25175908,-18.459738,0.0024285172,0.028974485,0.006467096,-0.013324723,-0.04945843,0.028004868,-0.0029504491907661,-0.0043782843567891,-0.0154670715121635,-0.0036288996,0.0001784991,-0.0017267689,15.3,0.5000267,0.7276846,0.7279285,0.7279132,0.7271568,3
68.8,5.5213118,0.25343212,-18.460093,0.001486923,0.023808429,0.007377959,-0.012917922,-0.043131206,0.0016023404,-0.0030652395615267,-0.0043699881283819,-0.0156302748573921,0.0006644389,-0.0008268882,-0.0007046119,15.3,0.5000267,0.72812784,0.72799313,0.72806656,0.72721064,3
68.9,5.5210238,0.25482163,-18.460094,7.6224795e-05,0.018570019,0.008160994,-0.013848981,-0.041274216,0.012852251,-0.0028601442045828,-0.0043955725602147,-0.0157405785555127,0.00305279,-0.00021468359,-2.1328397e-06,15.3,0.5000267,0.727999,0.72848165,0.72794867,0.7277211,3
69.0,5.520093,0.2554865,-18.460041,-0.0015474714,0.014140812,0.008609566,-0.010099516,-0.04044602,0.00570761,-0.002487054879,-0.0045089050680878,-0.0158347039191848,0.0041019586,-0.0018900132,5.9539663e-05,15.3,0.5000267,0.72838444,0.728489,0.72814536,0.7278311,3
69.10000000000001,5.517859,0.25553122,-18.459826,-0.003644596,0.009532068,0.008868917,-0.005481353,-0.02629441,0.0019399448,-0.0020358244748081,-0.0047429991676735,-0.0158962275408103,0.004877338,-0.0031856983,-0.0007336383,15.3,0.5000267,0.7284709,0.7286725,0.72811013,0.72817713,3
69.2,5.514429,0.25504068,-18.460001,-0.006018428,0.005503159,0.008833712,0.006934009,-0.033286635,0.0013601965,-0.0015038061440068,-0.0051368296471679,-0.0159405037193057,0.005899293,-0.0066548367,-0.00021857483,15.3,0.5000267,0.7287024,0.72832906,0.7282926,0.72791016,3
69.3,5.5105095,0.25447115,-18.460247,-0.00810254,0.0022069304,0.008576724,0.005270114,-0.022188203,-0.0028233042,-0.0008884884179111,-0.0058379780680944,-0.0159646215248528,0.0060853804,-0.008799489,0.00022619969,15.3,0.5000267,0.7284914,0.7282479,0.72792536,0.7279919,3
69.4,5.50628,0.2540875,-18.460573,-0.009241559,5.7879253e-05,0.008549466,0.010752528,-0.019375416,0.0060806046,-0.0002737922843177,-0.0066715029781454,-0.0159167753557262,0.0044804025,-0.008916482,0.0001035145,15.3,0.5000267,0.7279176,0.72838324,0.7280839,0.7278479,3
69.5,5.5022354,0.25446954,-18.46124,-0.009655874,-0.0006936127,0.008465257,0.021327427,-0.014760629,0.012662261,0.000225075246063,-0.0075175842031066,-0.0158736009214792,0.004027408,-0.008847365,0.00034550374,15.3,0.5000267,0.7282266,0.72758144,0.7276761,0.72782105,3
69.60000000000001,5.4976044,0.25557786,-18.462534,-0.009373444,-0.00071297644,0.008924732,0.027617685,-0.003980414,0.023209488,0.0004936363745994,-0.0083136727629591,-0.0158253766652234,0.0016128466,-0.008776838,0.0005244162,15.3,0.5000267,0.72790384,0.7273072,0.72750914,0.72750473,3
69.7,5.4929733,0.2572194,-18.46433,-0.008432577,-0.00030920492,0.009752889,0.033193666,-0.006869655,0.018056946,0.0005276883204501,-0.0091086751855544,-0.0157741214232821,-0.0007148629,-0.007717437,0.00045701987,15.3,0.5000267,0.72733825,0.7272331,0.72709215,0.72742367,3
69.8,5.489353,0.25880972,-18.46597,-0.0063605797,-5.586209e-05,0.011040892,0.045326672,-0.015283697,0.020301899,0.0003689554045658,-0.0097731133164762,-0.0157245968117093,-0.003133335,-0.0058456273,0.00066582364,15.3,0.5000267,0.72689724,0.7272043,0.72704077,0.7271929,3
69.9,5.4865866,0.25969648,-18.467363,-0.0028741383,-0.0005505568,0.012991445,0.044420112,-0.016942456,0.024039762,9.98691569674262e-05,-0.0103302296445011,-0.0156623128649591,-0.0027109967,-0.005341625,0.0006524168,15.3,0.5000267,0.727405,0.7267768,0.72758645,0.72699946,3
70.0,5.4854593,0.25976524,-18.468012,0.0016335812,-0.0016498556,0.014546494,0.04702766,-0.019478709,0.021786427,-0.0001063284111147,-0.0106170424782612,-0.0156581018663142,-0.00178791,-0.00091299956,0.00064173865,15.3,0.5000267,0.7272367,0.7274321,0.72773457,0.7272823,3
70.10000000000001,5.485794,0.2589754,-18.468073,0.007108481,-0.0033331136,0.015924782,0.050239537,-0.011775913,0.01726765,-0.0001808425072064,-0.0105634184376606,-0.0156901621118095,-0.0001863928,0.0029761132,0.0005722542,15.3,0.5000267,0.727592,0.72780645,0.72792417,0.7276569,3
70.2,5.486687,0.25743693,-18.467182,0.011843964,-0.005410787,0.016675645,0.043629855,-0.022800572,2.607703e-05,-5.670183638974689e-05,-0.0101257709828047,-0.0157600119417847,0.003245999,0.00603448,0.0005482994,15.3,0.5000267,0.7283342,0.7282088,0.72804916,0.7284652,3
70.3,5.488044,0.25511542,-18.465736,0.015967533,-0.007940253,0.016728815,0.039307848,-0.009846317,-0.008601229,0.0002758939811818,-0.0094649320347299,-0.0158598429098726,0.006181628,0.0073912004,0.0003259359,15.3,0.5000267,0.7287743,0.7288327,0.72832274,0.72899103,3
70.4,5.490371,0.25229293,-18.463882,0.019965656,-0.00999022,0.015601272,0.03376804,-0.007020673,-0.010957475,0.0008073728211107,-0.0086765365463982,-0.0159549699018608,0.0062937047,0.008281902,-0.00040540332,15.3,0.5000267,0.729051,0.7291167,0.72895116,0.72882074,3
70.5,5.4932985,0.24959409,-18.46249,0.022925531,-0.011532065,0.014306864,0.0169754,-0.0013840244,-0.017139593,0.0014615760151064,-0.0078385306054244,-0.0160177685189604,0.0079219695,0.009518603,0.00013733057,15.3,0.5000267,0.72912693,0.7292248,0.7285553,0.7293298,3
70.60000000000001,5.496753,0.24668509,-18.461603,0.025392495,-0.012240895,0.012853668,0.019792572,0.0026660298,-0.010058283,0.0021362430541127,-0.0069916171069141,-0.0160673247761426,0.0063284794,0.008021942,-0.0003803874,15.3,0.5000267,0.72911674,0.729088,0.7290707,0.72845906,3
70.7,5.500497,0.24400896,-18.460812,0.027109964,-0.0118592,0.011625635,0.0073644,0.010359384,-0.004012603,0.0027549205282915,-0.006092824738283,-0.0160287106283591,0.006594847,0.008857506,0.001572187,15.3,0.5000267,0.72911286,0.7287203,0.7284583,0.7290554,3
70.8,5.5035925,0.24168852,-18.460102,0.027203247,-0.011025936,0.010798801,-0.0042146747,0.024922218,-0.008714384,0.0032507135857475,-0.0052304716713364,-0.0159572626152316,0.004655113,0.00845667,0.0014718466,15.3,0.5000267,0.7289424,0.72876835,0.7284699,0.7291619,3
70.9,5.5056605,0.23932053,-18.458487,0.025361633,-0.009715156,0.010127467,-0.01933142,0.023019891,-0.012817792,0.0036242715864718,-0.0045027010663356,-0.0158949653358932,0.0027738037,0.005972344,0.00044280576,15.3,0.5000267,0.72877145,0.7295053,0.7290748,0.7291059,3
71.0,5.5061245,0.23741736,-18.456184,0.022053879,-0.008385424,0.008957046,-0.018912334,0.021105938,-0.026958527,0.0039222754585744,-0.0040862925398355,-0.0157883121918506,0.002922763,0.002691821,0.0010362309,15.3,0.5000267,0.7289012,0.7300815,0.7288978,0.73029995,3
71.10000000000001,5.5054917,0.23543397,-18.453846,0.01767548,-0.0066609588,0.0071102837,-0.020001028,0.025263378,-0.02565747,0.0041433240423952,-0.0040738352326636,-0.0157017585518519,0.0016802128,-0.0024481555,0.0008084853,15.3,0.5000267,0.72916967,0.73020667,0.7296264,0.7300148,3
71.2,5.504141,0.23424989,-18.451908,0.013782829,-0.004843785,0.0047231894,-0.013173417,0.031476635,-0.02226373,0.0042828218491196,-0.0044391926231773,-0.0155894025756115,0.0017396539,-0.006651641,0.0005306367,15.3,0.5000267,0.72973794,0.72944194,0.72976196,0.7298478,3
71.3,5.50241,0.2345798,-18.45037,0.010281589,-0.0019528851,0.002521766,-0.007368413,0.02804191,-0.02374919,0.0044185178680836,-0.0050815071265899,-0.0155023047017732,0.0011835966,-0.008341215,0.00052424555,15.3,0.5000267,0.7297154,0.7292358,0.72934085,0.72994703,3
71.4,5.500634,0.23625948,-18.449316,0.0075182077,0.001873105,0.00017672294,0.0032669595,0.022874733,-0.019675585,0.004271918361228,-0.0058349542359819,-0.0153631671438198,-0.003352096,-0.008339537,0.00056662416,15.3,0.5000267,0.72888714,0.72925884,0.7292507,0.72949773,3
71.5,5.4994206,0.23859942,-18.448765,0.006287796,0.0053944876,-0.0012267304,0.0031337584,0.023093656,-0.008180737,0.003787380005426,-0.0065813779216914,-0.0152293240167184,-0.006195935,-0.007121151,1.3064069e-05,15.3,0.5000267,0.7286304,0.7289401,0.7290018,0.72941107,3
71.60000000000001,5.498999,0.24064471,-18.448399,0.006373433,0.007827739,-0.0026382303,0.009175411,0.01453119,-0.008051748,0.0030484122196517,-0.0071911096586229,-0.015141627139521,-0.0070633376,-0.0044334475,0.00018130758,15.3,0.5000267,0.728464,0.7284261,0.72862154,0.729284,3
71.7,5.4990172,0.24185567,-18.448397,0.007242979,0.008357915,-0.0033282833,0.010713247,0.0072471225,-0.0018491409,0.0023478565643244,-0.007539989155937,-0.0151878331352529,-0.0061803604,-0.0027319058,-0.0007967413,15.3,0.5000267,0.7283306,0.7284144,0.72893,0.7283026,3
71.8,5.4993844,0.24294193,-18.448473,0.008329011,0.008421899,-0.003480418,0.01875247,0.0053290734,0.0016912817,0.0018326538926041,-0.0076632262287154,-0.0152250077276796,-0.0031562736,-0.001497461,-0.0017405841,15.3,0.5000267,0.72860545,0.7279982,0.728803,0.72826153,3
71.9,5.501027,0.24464765,-18.448889,0.010301177,0.0084432615,-0.0037947823,0.012117066,-0.002697513,0.0024572944,0.0015200882836604,-0.0076137817833035,-0.0152832986815875,-0.0026869192,0.0017060707,-0.0009375815,15.3,0.5000267,0.7280311,0.72814363,0.7283594,0.72826904,3
72.0,5.503871,0.24660927,-18.449623,0.01281027,0.008422048,-0.0035615037,0.014440066,-0.0062234625,0.0015525146,0.0012675081116774,-0.0073476821289576,-0.0153808435442557,-0.001838864,0.003291532,-0.0014587037,15.3,0.5000267,0.72845197,0.7275063,0.7283444,0.72773045,3
72.10000000000001,5.5078583,0.24863867,-18.4511,0.015221656,0.007930055,-0.0032744745,-0.00035224363,-0.010846201,0.017323995,0.0009843592728737,-0.0067888652376485,-0.0155132798461055,-0.0024919289,0.0085882805,-0.0013982152,15.3,0.5000267,0.72750974,0.7279023,0.72723466,0.72789294,3
72.2,5.5117955,0.25007656,-18.452383,0.016733287,0.0071475557,0.0026223848,0.003356772,-0.008353836,0.2257144,0.0011735449691999,-0.0060224409495238,-0.0156254623533591,0.015061916,0.0077926503,-0.00017006023,15.3,0.5000267,0.71125335,0.708484,0.7086558,0.7106145,3
72.3,5.5155582,0.25148726,-18.45058,0.016939834,0.007003931,0.054340422,-0.014801982,-0.0008728329,0.79920554,0.0020388173411441,-0.0051700060379648,-0.0157228374684878,-0.0010470363,0.007369633,-0.00013442691,15.3,0.5000267,0.68064976,0.6804106,0.6803748,0.6801203,3
72.4,5.5190334,0.25293,-18.439629,0.015636368,0.006956285,0.16781557,-0.023875793,0.0013192256,1.3282489,0.0015786149674591,-0.0044045334317731,-0.0157796020513733,-0.005120025,0.005611072,-0.00045517375,15.3,0.5000267,0.66289127,0.6625339,0.6625954,0.6622778,3
72.5,5.5217566,0.25475708,-18.415312,0.013525433,0.0069780378,0.31594118,-0.02924899,-0.0025882304,1.6929538,0.0010706138632267,-0.0038647792287798,-0.0158265105860145,-0.003368102,0.00458401,-0.00010022918,15.3,0.5000267,0.6392325,0.63960636,0.6386591,0.6394843,3
72.60000000000001,5.524083,0.25750056,-18.368702,0.010656922,0.0070854374,0.5159503,-0.030023808,-0.013746056,2.0875041,0.0006397340582736,-0.0035331370546357,-0.0158117112094003,-0.005236261,0.0025315257,0.00016693574,15.3,0.5000267,0.62853223,0.6294001,0.62857604,0.6287321,3
72.7,5.525782,0.2607543,-18.296751,0.0073820218,0.0073510315,0.7530511,-0.028298788,-0.005980508,2.385218,0.0002163567662519,-0.0034137148486873,-0.0157405017600335,-0.0053717513,-0.0004529994,-4.8493483e-05,15.3,0.5000267,0.60456204,0.60474646,0.60462,0.60434973,3
72.8,5.527524,0.26365384,-18.203802,0.004885152,0.0070051006,1.0001478,-0.03288762,-0.019374812,2.472136,-0.0002110242215443,-0.003471479990087,-0.0156628132132085,-0.0055834395,6.0666018e-05,0.00016262292,15.3,0.5000267,0.62518334,0.62590384,0.62544703,0.62543845,3
72.9,5.5301094,0.2658858,-18.075647,0.0031826324,0.005556125,1.2125907,-0.02491333,-0.02201678,1.5888008,-0.0007134196015534,-0.0035703977232579,-0.0155635318855743,-0.0048876666,-0.0007897331,0.0003646497,15.3,0.5000267,0.65963924,0.65965366,0.660045,0.6594496,3
73.0,5.5334964,0.26756674,-17.940725,0.002565032,0.0038389848,1.3377923,-0.020390218,-0.017128086,0.98490477,-0.0011035821803786,-0.0035281971202532,-0.0154978774018811,-0.0042879344,0.0015676124,-0.00036861448,15.3,0.5000267,0.69513714,0.69543505,0.695939,0.69496626,3
73.10000000000001,5.5378494,0.2692375,-17.784101,0.002399246,0.0016638718,1.4123119,-0.024351567,-0.02419811,0.4079691,-0.001308243815067,-0.0032728957357099,-0.01545484684492,-0.000586399,0.0037646713,0.00027806158,15.3,0.5000267,0.7140333,0.7131254,0.71385854,0.71368855,3
73.2,5.541522,0.27026182,-17.636068,0.0020107334,-0.00053343916,1.4356915,-0.019062817,-0.029127901,0.03329571,-0.0014397140433263,-0.002787669046485,-0.0154469869112437,-0.0018638803,0.0058930637,0.00010863655,15.3,0.5000267,0.7351911,0.7355492,0.73587847,0.735152,3
73.3,5.5449543,0.27073625,-17.489504,0.0012950681,-0.0031332541,1.4230657,-0.032813583,-0.029317899,-0.33459297,-0.0014861604541124,-0.0021931900727661,-0.0154584281158995,-0.00067375344,0.007223598,-0.0003028809,15.3,0.5000267,0.7474297,0.7480407,0.7480231,0.7476273,3
73.4,5.548118,0.27114496,-17.33629,-0.00025963725,-0.0059114136,1.3745493,-0.037335802,-0.026911506,-0.5566836,-0.0014031432934871,-0.0015820527471332,-0.0154623545380818,0.0014772222,0.0059287604,0.0003971387,15.3,0.5000267,0.7531282,0.7531531,0.7533067,0.75319916,3
73.5,5.550672,0.27104622,-17.201868,-0.0024596797,-0.008415581,1.337226,-0.040992618,-0.021600835,-0.26042432,-0.0011479944350351,-0.0010815087107767,-0.0154776524876415,0.0033084294,0.0053497315,-0.0012192923,15.3,0.5000267,0.7350872,0.735755,0.7356318,0.7353182,3
73.60000000000001,5.5529027,0.27083775,-17.060734,-0.0057035373,-0.010665803,1.3256285,-0.050313383,-0.023175396,-0.009705777,-0.0007123768714155,-0.0007302262547807,-0.015479187103867,0.004650389,0.0026134416,0.0013733506,15.3,0.5000267,0.730499,0.73007596,0.7302973,0.73038685,3
73.7,5.5542517,0.27102536,-16.920414,-0.009762034,-0.011934585,1.3315297,-0.050657228,-0.0147126345,0.0884449,-0.0003023466328783,-0.0005506038943516,-0.0154638668391818,0.0039660656,-0.00033288062,-0.00018780136,15.3,0.5000267,0.72313803,0.7227059,0.72315246,0.72283167,3
73.8,5.554929,0.27138364,-16.790165,-0.013139864,-0.012672795,1.3441857,-0.040927004,-0.01154674,0.1518349,-3.7586357597411e-05,-0.000728574853152,-0.0154722410618421,0.0027778398,-0.0011538218,-0.00052041106,15.3,0.5000267,0.7249253,0.72487795,0.72448045,0.7252603,3
73.9,5.5550494,0.27172837,-16.648193,-0.01689631,-0.013232497,1.3604059,-0.041854136,-0.014478606,0.13975053,0.0001173940375939,-0.0010045784892921,-0.0154232117573619,0.00084882474,-0.0030959246,0.0005724903,15.3,0.5000267,0.7209121,0.72074366,0.7210242,0.7208037,3
74.0,5.5543184,0.27144438,-16.51621,-0.02047976,-0.014240986,1.3764262,-0.03385331,-0.012909089,0.17527165,0.0002116201144392,-0.0013755064165292,-0.0153629782160062,0.0012555355,-0.0038934518,-9.686091e-06,15.3,0.5000267,0.72444105,0.72442305,0.7244781,0.724736,3
74.10000000000001,5.55281,0.2702048,-16.372091,-0.024402427,-0.015884345,1.3928019,-0.03902942,-0.014884119,0.14446674,0.0003401256721355,-0.001833225324892,-0.0153183041668313,0.0011506425,-0.0062028538,-0.0010029088,15.3,0.5000267,0.72117054,0.7211329,0.72181714,0.7208632,3
74.2,5.550669,0.2682668,-16.23821,-0.02772334,-0.017877454,1.4071416,-0.029644735,-0.0029888023,0.15614088,0.0006247139253844,-0.0024389868020151,-0.0153098882045956,0.004547333,-0.0064144237,-0.0012623685,15.3,0.5000267,0.7251217,0.72505695,0.72517717,0.72523916,3
74.3,5.5482,0.26593292,-16.103348,-0.030497314,-0.01950564,1.4206232,-0.019345151,-0.004379346,0.13104638,0.0010629546853918,-0.0031747513491251,-0.0153396058708317,0.0072763916,-0.008306104,-0.000414457,15.3,0.5000267,0.7224444,0.72159743,0.72173053,0.72233564,3
74.4,5.5460944,0.26313072,-15.956404,-0.03191119,-0.020814355,1.434148,-0.014815828,-0.0016843681,0.14365835,0.0016428809111993,-0.0039540436905935,-0.0153429730419521,0.006167692,-0.0069633457,-0.00016701472,15.3,0.5000267,0.72596246,0.72613114,0.7261082,0.7260722,3
74.5,5.5450063,0.26065108,-15.820114,-0.031747617,-0.021338115,1.4449474,-0.006770158,0.013827484,0.10854191,0.0022265309268175,-0.0046261952907891,-0.0153730243034429,0.0068965214,-0.006058451,-0.00031812306,15.3,0.5000267,0.7232521,0.7221418,0.72289044,0.7224589,3
74.60000000000001,5.544181,0.2587275,-15.671876,-0.030773072,-0.020511577,1.4566026,-0.0004605008,0.0118965395,0.12746266,0.0028093433311837,-0.0050529113088156,-0.0153689424984797,0.0042946422,-0.0034425578,-0.0007224919,15.3,0.5000267,0.7269623,0.72632074,0.72712874,0.7262516,3
74.7,5.5430326,0.25792113,-15.522608,-0.029864585,-0.018351138,1.4673039,-0.001991977,0.019986952,0.093192786,0.003252230490386,-0.0051930244273714,-0.0153824332190828,0.0028033706,-0.00044578483,-0.0015186106,15.3,0.5000267,0.72358954,0.7235639,0.7234495,0.7237671,3
74.8,5.5414968,0.25857213,-15.3839655,-0.029018372,-0.01488333,1.4764613,0.00029999498,0.022833591,0.10987883,0.0033840047675044,-0.0052814950244647,-0.0154062917361207,-0.0011177274,-0.0016629717,0.00022382953,15.3,0.5000267,0.7282129,0.72724444,0.7279022,0.7275144,3
74.9,5.539337,0.26036564,-15.232993,-0.028733656,-0.010710207,1.4845906,-0.00045536034,0.015808782,0.06861286,0.0031654859359195,-0.005341950344951,-0.015389039006245,-0.00452098,-0.0006769923,-0.00063017954,15.3,0.5000267,0.7245773,0.7244611,0.72435886,0.7248238,3
75.0,5.5365224,0.26255086,-15.092878,-0.028938869,-0.0072113955,1.4915848,-0.0010643507,0.0107749235,0.084135674,0.0025649387543521,-0.0055029241083465,-0.0153811564107778,-0.007959394,-0.0028418219,-0.0008980781,15.3,0.5000267,0.7288571,0.7284792,0.7287842,0.7286997,3
75.10000000000001,5.5335035,0.26499608,-14.940356,-0.028647622,-0.0045761503,1.4974427,0.006795704,0.0050339205,0.049249265,0.0018067421570587,-0.0058475924828209,-0.0154176339578992,-0.008626037,-0.0037602987,-0.001028722,15.3,0.5000267,0.72536576,0.7257899,0.72540504,0.7256345,3
75.2,5.5309725,0.2671321,-14.799051,-0.02795607,-0.002919973,1.5022027,0.005688118,-0.0028790222,0.05873106,0.001044007224107,-0.0062687972095884,-0.0154372878253071,-0.007778803,-0.0046142354,-0.0006781621,15.3,0.5000267,0.7296909,0.729586,0.72975695,0.72937,3
75.3,5.5292196,0.26893827,-14.657077,-0.026274975,-0.0022189822,1.5061625,0.013356567,-0.012550967,0.04096841,0.0003281397826204,-0.0066798077966714,-0.0154761723035481,-0.0063580745,-0.0025356037,-0.0013047748,15.3,0.5000267,0.72647876,0.7266975,0.7262912,0.72664905,3
75.4,5.5279846,0.27081406,-14.502337,-0.023700714,-0.0020314676,1.5091385,0.01761374,-0.016960178,0.040465962,-0.0002534661699854,-0.0069078647050701,-0.0155003863903543,-0.006147876,-0.0018555297,-0.0011659157,15.3,0.5000267,0.7308371,0.7305217,0.7310541,0.73017234,3
75.5,5.5269585,0.27233553,-14.358516,-0.021421123,-0.0029200404,1.5112286,0.014410903,-0.024799773,0.010137445,-0.0007310907423118,-0.0069611185078649,-0.0155405627725042,-0.0039349855,0.0004335851,-0.000494828,15.3,0.5000267,0.7277691,0.7276462,0.7277242,0.72750866,3
75.60000000000001,5.5261664,0.27364185,-14.201799,-0.018894492,-0.0043280497,1.5122856,0.013537708,-0.022482522,0.020696314,-0.0010117292201815,-0.0068868557157377,-0.0156109240414309,-0.0020475422,0.0010209284,-0.00032038635,15.3,0.5000267,0.7319092,0.7318868,0.7317793,0.7316796,3
75.7,5.5258517,0.2745411,-14.044981,-0.016240412,-0.005931935,1.5122994,0.013478723,-0.02357786,-0.0067967917,-0.0011524421039942,-0.0067432398080496,-0.0156235100206495,-0.0008681873,0.0020452626,3.1121672e-06,15.3,0.5000267,0.7287089,0.7282774,0.7286193,0.7283072,3
75.8,5.5258174,0.27504924,-13.900645,-0.013850824,-0.007949893,1.5118473,0.0077851852,-0.022911659,0.012683216,-0.0011945252468407,-0.0064959060066247,-0.0156800845137679,0.000775665,0.0026704834,-0.00090681046,15.3,0.5000267,0.7324134,0.73172355,0.73197407,0.73198146,3
75.9,5.5260024,0.2756625,-13.745007,-0.011720846,-0.009435092,1.5109482,0.013003034,-0.0150697315,-0.0040889713,-0.0011278827302709,-0.0061789522979811,-0.0157432595460571,0.00037314201,0.0035196198,8.820877e-05,15.3,0.5000267,0.72814596,0.7281885,0.7281602,0.7278293,3
76.0,5.5263524,0.27625278,-13.601471,-0.0099463025,-0.01047868,1.5108279,0.010965131,-0.0156214675,0.0226791,-0.0010336505493211,-0.0058629067536464,-0.0157748306205249,-0.00095387665,0.0038178207,0.0007453055,15.3,0.5000267,0.7311612,0.73185974,0.7316091,0.7311045,3
76.10000000000001,5.527251,0.27654803,-13.445931,-0.00832697,-0.011830591,1.5112783,0.012105668,-0.025191473,-0.0019758006,-0.000953795258322,-0.0055610419551557,-0.0157850732949623,0.0005215643,0.0025769314,0.00049329764,15.3,0.5000267,0.7280669,0.7277696,0.72793293,0.727623,3
76.2,5.528377,0.27591467,-13.302228,-0.0066822465,-0.013451315,1.5116938,0.004968,-0.013548921,0.025035812,-0.000891478489847,-0.0052317707161479,-0.0158026090551878,0.0017359344,0.0036835182,-0.00064042746,15.3,0.5000267,0.7318396,0.731191,0.7313391,0.7313427,3
76.3,5.5288825,0.2738861,-13.158726,-0.006102575,-0.016047068,1.5122555,-0.0081846295,-0.0145561695,0.0026402993,-0.0007098046588006,-0.0048214602418217,-0.0158098945953132,0.0033248025,0.004955795,-0.00040838492,15.3,0.5000267,0.7277595,0.72805727,0.72760534,0.7279699,3
76.4,5.527728,0.27083758,-13.003575,-0.007274833,-0.01895005,1.5126446,-0.006137259,-0.012177897,0.027751083,-0.0002979566901771,-0.004469428539143,-0.0158108834376504,0.0060260273,0.0024291729,0.0002795748,15.3,0.5000267,0.73108613,0.7315955,0.73112714,0.7314062,3
76.5,5.525114,0.26824707,-12.860282,-0.00927495,-0.020795668,1.5128822,-0.009868192,-0.006402425,-0.00074785197,0.0003729369536493,-0.0044594541859185,-0.0157947109835959,0.00756961,-0.0028492347,0.0008408167,15.3,0.5000267,0.72778034,0.7274345,0.7277892,0.7273205,3
76.60000000000001,5.5216417,0.26568374,-12.705071,-0.01165298,-0.021767424,1.5135869,-0.009586598,-0.0023521788,0.025885178,0.0010876262606147,-0.0048360101913227,-0.0157723366150852,0.007479545,-0.0063225245,0.0006843072,15.3,0.5000267,0.7313783,0.7309947,0.7309804,0.73131037,3
76.7,5.5183334,0.2632002,-12.549569,-0.01258276,-0.021952216,1.5142442,-0.00053758593,0.002294912,0.00889413,0.0017307032958139,-0.0054883894787923,-0.0157071966691957,0.0057092654,-0.0071510556,0.00062358106,15.3,0.5000267,0.7277396,0.7275003,0.7277179,0.7276765,3
76.80000000000001,5.515495,0.260763,-12.405632,-0.012493234,-0.021555824,1.5149674,0.005509264,0.012898277,0.023208557,0.0022925433276235,-0.0061774898707668,-0.0156461002791087,0.00680828,-0.008620359,0.0005794257,15.3,0.5000267,0.72893494,0.7266944,0.72795504,0.72787863,3
76.9,5.512693,0.25828397,-12.249204,-0.011726385,-0.020597972,1.5151734,0.008084469,0.020545164,-0.0023553146,0.0027389398398394,-0.0067340179545246,-0.0156147914585706,0.0045231655,-0.0054506613,-2.43051e-05,15.3,0.5000267,0.72827435,0.7279334,0.7281542,0.72809196,3
77.0,5.5103207,0.25631484,-12.10436,-0.010313131,-0.019131286,1.5152042,0.021526422,0.017344782,0.01397822,0.0031140266683092,-0.0071688356265752,-0.0155624405113677,0.0043956954,-0.0027581176,-0.000381113,15.3,0.5000267,0.73209685,0.731823,0.73157156,0.73248804,3
77.10000000000001,5.5076256,0.2543734,-11.947082,-0.008543555,-0.017250692,1.5144506,0.024324855,0.020724906,-0.024866777,0.0033367591713725,-0.0075005805572773,-0.0155415688546555,0.0008794959,-0.0030109147,-0.00016620972,15.3,0.5000267,0.7286263,0.7285773,0.72895515,0.72836626,3
77.2,5.504867,0.2529049,-11.801644,-0.007528796,-0.015228427,1.5137968,0.019809082,0.02287095,-0.0036810522,0.0034893720429725,-0.0077118229963863,-0.0154910634408064,0.00061914267,-0.0030946438,-0.0007637509,15.3,0.5000267,0.7322832,0.7323944,0.73253506,0.7324801,3
77.30000000000001,5.501484,0.25121006,-11.643684,-0.0066391868,-0.013102887,1.5128243,0.025050689,0.026348205,-0.03380561,0.0035434951612098,-0.0079802564566246,-0.0154763540991061,-0.0004267287,-0.0030770216,0.00017643716,15.3,0.5000267,0.7289211,0.72929186,0.72919,0.7292876,3
77.4,5.4986124,0.24928473,-11.498008,-0.00541806,-0.011438433,1.5115381,0.03269767,0.024213802,-0.006001442,0.0035328366100133,-0.0083347562830404,-0.0154919683740718,-0.000766839,-0.004488981,-0.00016579196,15.3,0.5000267,0.73258424,0.7329174,0.73307776,0.73262036,3
77.5,5.4962173,0.2474946,-11.353086,-0.003277502,-0.009879681,1.509968,0.036736585,0.020154903,-0.022575723,0.0035868421031156,-0.0087108772277564,-0.0155042821741404,0.0007978931,-0.0035408195,0.00041866995,15.3,0.5000267,0.7291517,0.7287539,0.7290839,0.7290313,3
77.60000000000001,5.4941583,0.2457422,-11.197054,-0.00064436335,-0.008310033,1.5084816,0.038616713,0.024691936,-0.0018724239,0.0036642595779526,-0.0089268458245794,-0.0155345934480952,0.0016136562,-0.0012632209,-0.00025034952,15.3,0.5000267,0.73205847,0.73204464,0.73187643,0.7323342,3
77.7,5.493028,0.24379008,-11.04148,0.0022517163,-0.006758288,1.5081826,0.029907014,0.018641373,-0.009257811,0.0037123804026697,-0.0090597885674332,-0.0155811564755371,0.00073841243,-0.0005673507,0.0005324257,15.3,0.5000267,0.72826463,0.72827214,0.7284388,0.7280906,3
77.80000000000001,5.4921975,0.2421196,-10.897732,0.0047142217,-0.0056519583,1.5083144,0.03373836,0.0183886,0.013208016,0.0037890168095753,-0.0090411925668862,-0.0156313056646984,0.0021757162,0.0004993674,-4.945704e-05,15.3,0.5000267,0.73171455,0.7316639,0.73125625,0.7320478,3
77.9,5.491678,0.24109657,-10.742086,0.0071370616,-0.0036045476,1.5085573,0.030989401,0.022603005,0.0011664814,0.0038846483559389,-0.0089160134078828,-0.0156890668876729,-0.00014891729,0.00035277166,0.00055728754,15.3,0.5000267,0.728197,0.72796094,0.72852254,0.72737217,3
78.0,5.491558,0.24130335,-10.599036,0.009116037,-0.0010119531,1.5090724,0.03023709,0.030935911,0.021186655,0.0039706877000218,-0.0087482674287711,-0.0157059999671593,-7.9178666e-05,0.0023481946,0.00040992675,15.3,0.5000267,0.73128635,0.7315497,0.73105305,0.7314709,3
78.10000000000001,5.4919167,0.24267948,-10.4445,0.010939099,0.0025015888,1.5098171,0.027587738,0.028306661,0.0045658085,0.003825775288148,-0.008551450880728,-0.0156965183518789,-0.0029808762,0.002695512,0.00013477745,15.3,0.5000267,0.7275681,0.72765166,0.7271409,0.727762,3
78.2,5.492763,0.24405433,-10.302104,0.01276375,0.0051857037,1.5109297,0.025903372,0.02296001,0.028450971,0.0033997911051291,-0.0083570413722044,-0.015648367703741,-0.0061379587,0.0022559233,0.00052733195,15.3,0.5000267,0.7306421,0.7310618,0.7308191,0.7308872,3
78.30000000000001,5.4940705,0.24512757,-10.147553,0.014522243,0.006899136,1.5126275,0.023255086,0.01564306,0.009004026,0.0028080561527771,-0.0080701471848994,-0.0156275461256878,-0.0052990015,0.0020770137,0.00067175843,15.3,0.5000267,0.7276359,0.72703916,0.7275345,0.72716635,3
78.4,5.4956574,0.24596116,-10.005042,0.015834108,0.007659111,1.5140662,0.022213446,0.008686614,0.02656318,0.0022951670432779,-0.0077219802918414,-0.0156351465689104,-0.0047060787,0.0026529215,-0.0003831907,15.3,0.5000267,0.7308736,0.7308787,0.73116016,0.7306262,3
78.5,5.4977803,0.24667759,-9.862624,0.0174285,0.007774673,1.5143603,0.019234344,0.006345773,-0.06684893,0.001933755646282,-0.007334616250531,-0.0156427122229684,-0.0031356171,0.0031272208,0.0010296315,15.3,0.5000267,0.73970324,0.73981863,0.7402275,0.7393399,3
78.60000000000001,5.5004683,0.24733333,-9.709869,0.01913279,0.0074322997,1.482088,0.017532745,0.0053415783,-0.33418787,0.001692512032968,-0.0068519691041393,-0.0156824034014284,-0.000968458,0.005284702,0.0013756673,15.3,0.5000267,0.74671555,0.74637747,0.7465799,0.74645233,3
78.7,5.503085,0.24820131,-9.560517,0.020318443,0.0072590928,1.4506553,0.006718033,-0.0019919502,-0.26630142,0.0015505685856092,-0.0062856164530546,-0.0156795161017548,-0.0010040654,0.0053869323,0.0003145413,15.3,0.5000267,0.73746085,0.73749447,0.7374577,0.73753005,3
78.80000000000001,5.505189,0.24912684,-9.424928,0.020132344,0.0070815105,1.4280609,0.0036332274,0.011350575,-0.20270514,0.0014639173563728,-0.0057008798764814,-0.0157075370259668,-0.00081761496,0.004380451,0.00021966682,15.3,0.5000267,0.74157244,0.74149626,0.7416447,0.74128956,3
78.9,5.507713,0.25094602,-9.2799,0.019669008,0.0073311403,1.40619,-0.007973129,-0.0070764893,-0.21599512,0.0013456838736987,-0.0052400831571231,-0.0156947716935652,-0.0013817697,0.0033043236,0.0007161298,15.3,0.5000267,0.73568875,0.7355444,0.7355062,0.73558104,3
79.0,5.5104575,0.25321165,-9.147907,0.019447697,0.00790032,1.3871068,0.0014040032,-0.00823519,-0.17729308,0.0011474499931923,-0.0049023052141554,-0.0156678890579571,-0.0020927896,0.0034850817,-0.0002145956,15.3,0.5000267,0.7412688,0.7407456,0.74083954,0.74108356,3
79.10000000000001,5.5136623,0.25539228,-9.007281,0.018949322,0.008042067,1.3658959,-0.01878198,-0.0059201242,-0.21133803,0.0008122439305753,-0.004514620534565,-0.0156019533347763,-0.0035958742,0.004104795,-6.1852625e-05,15.3,0.5000267,0.73528606,0.73527354,0.7351667,0.7355357,3
79.2,5.516787,0.25730854,-8.8797655,0.018316617,0.0077256965,1.3465506,-0.017288918,-0.01114156,-0.17267092,0.0004517055035868,-0.0041080421714327,-0.0155780114206396,-0.0028779996,0.005624423,0.0005103893,15.3,0.5000267,0.74025655,0.74034023,0.73996747,0.74066746,3
79.30000000000001,5.5199575,0.25947505,-8.744426,0.01736048,0.007450188,1.3264159,-0.023685561,-0.010828818,-0.19368155,0.0001334234380613,-0.0036965624397207,-0.0155198736345436,-0.0019872289,0.005659531,-2.6272653e-05,15.3,0.5000267,0.73451537,0.73459023,0.7342894,0.73510706,3
79.4,5.5223985,0.26122046,-8.6217785,0.016049232,0.0065584257,1.308397,-0.01602323,-0.015500354,-0.15792808,-0.0002076781492852,-0.0032597464103827,-0.0154903434935991,-0.0037738231,0.0038962138,-0.0007213929,15.3,0.5000267,0.7393636,0.739554,0.739728,0.7395108,3
79.5,5.524444,0.2623584,-8.500981,0.014259858,0.0051991744,1.2907759,-0.02341356,-0.02310329,-0.18521257,-0.0005111383321162,-0.0029197419575394,-0.015472959596238,-0.0030300326,0.0027473369,0.00026389345,15.3,0.5000267,0.733778,0.7342138,0.7344606,0.73390126,3
79.60000000000001,5.5264654,0.26290658,-8.371731,0.012109393,0.0029398426,1.2723483,-0.019725664,-0.011073377,-0.14493985,-0.0006576236870622,-0.0026932276154791,-0.0154788114624082,0.00041303685,0.0027723915,-0.00030660038,15.3,0.5000267,0.739269,0.7394757,0.73919153,0.7397914,3
79.7,5.5276747,0.2623655,-8.243388,0.009240303,-3.2010423e-05,1.2535836,-0.02607998,-0.0129744215,-0.1798896,-0.0006344073288448,-0.0025378695760431,-0.0154933936609069,0.0016583875,0.0014714354,-0.0008026696,15.3,0.5000267,0.7342641,0.7349643,0.73465574,0.73479676,3
79.80000000000001,5.52772,0.2606806,-8.125653,0.0060870727,-0.0033104697,1.2357705,-0.025990734,-0.013511584,-0.17351004,-0.0004008625915804,-0.0025397972482799,-0.0155131446982514,0.00384433,-0.00064349966,-0.0006672495,15.3,0.5000267,0.74003834,0.74070793,0.74048215,0.7404844,3
79.9,5.5262938,0.25807703,-7.999408,0.0017673647,-0.006955689,1.2150661,-0.026411247,-0.012131769,-0.2122186,0.0001085674534095,-0.0027098606719375,-0.0155245609702309,0.007510276,-0.0024595987,-0.00027481664,15.3,0.5000267,0.7352482,0.7359191,0.73541254,0.73600537,3
80.0,5.524397,0.2553614,-7.884573,-0.0018865037,-0.00947132,1.1957887,-0.01891869,0.00027678083,-0.18655415,0.000869824357202,-0.0031878885079142,-0.0155622945936567,0.0089979805,-0.0062617376,-0.00040412036,15.3,0.5000267,0.7406851,0.7409055,0.74077135,0.74083453,3
80.10000000000001,5.5220866,0.25302416,-7.762003,-0.004767696,-0.010674366,1.1745863,-0.016558882,-0.0020519455,-0.21072662,0.0016969300318339,-0.0038975494587003,-0.0155984141922922,0.008569466,-0.007162384,-0.00023553528,15.3,0.5000267,0.73584837,0.73567754,0.7354463,0.73587126,3
80.2,5.5195384,0.2520041,-7.6508894,-0.007026404,-0.009959109,1.1555425,-0.0110495975,0.007305091,-0.17558503,0.0024381115133502,-0.0046154960985135,-0.0156192306271713,0.0055679134,-0.00907287,-0.0002289182,15.3,0.5000267,0.74106556,0.74020904,0.74081546,0.74005646,3
80.30000000000001,5.5164895,0.25121048,-7.532692,-0.00853193,-0.008442924,1.1356858,-0.0026855466,0.0066632815,-0.17216009,0.0028758985390263,-0.0053633571386996,-0.015570011981363,0.0020117864,-0.0067613735,0.0004033807,15.3,0.5000267,0.7355118,0.73592734,0.73551697,0.7358447,3
80.4,5.514163,0.2506032,-7.4256225,-0.008780857,-0.007053627,1.1171176,0.0054340432,0.011928821,-0.1730388,0.0030235354344438,-0.0061082616869615,-0.0155498308507884,-0.00020097081,-0.007311426,-0.00040034208,15.3,0.5000267,0.7398926,0.7401291,0.7401139,0.7398234,3
80.5,5.5124736,0.2504516,-7.3205895,-0.007848196,-0.005229431,1.0981684,0.017310899,0.013672478,-0.20208721,0.0030399040077057,-0.0067317606271314,-0.0155021928689045,-0.0011709617,-0.0035079268,0.0006215752,15.3,0.5000267,0.7339844,0.73444706,0.73413616,0.734415,3
80.60000000000001,5.5112624,0.2506698,-7.2087655,-0.006368047,-0.003250064,1.0798669,0.02127277,0.00876742,-0.15161744,0.0029326570290497,-0.0071144401087456,-0.0154711596566151,-0.0005847598,-0.0031683922,-5.7097262e-05,15.3,0.5000267,0.73934096,0.73833734,0.73871285,0.739175,3
80.7,5.5107527,0.2509934,-7.098876,-0.003716477,-0.0013093286,1.0619797,0.024813842,0.018060725,-0.17453218,0.0026664919001754,-0.007283288146265,-0.0154591225822607,-0.003265662,-0.0004541655,-0.000892714,15.3,0.5000267,0.7335998,0.733791,0.7340381,0.7335646,3
80.80000000000001,5.510769,0.2515763,-6.998576,-0.00095958996,5.2067542e-05,1.0462402,0.01933971,0.017664833,-0.14472799,0.0023648126531158,-0.0072367899229636,-0.0154723746816707,-0.0039341743,0.0018652397,0.00060577545,15.3,0.5000267,0.7385381,0.7387932,0.7390561,0.73840964,3
80.9,5.510803,0.25239792,-6.891295,0.0013725134,0.0012210064,1.0290121,0.01806709,0.010132844,-0.16790721,0.0020932362878728,-0.0069691824653396,-0.0155211210368844,-0.002626766,0.004275708,-0.00073321804,15.3,0.5000267,0.7339351,0.73413205,0.7337171,0.73426545,3
81.0,5.510533,0.2533997,-6.7938647,0.0025787668,0.0021737386,1.0129763,0.008072245,0.0011409956,-0.15324214,0.0017976778932728,-0.0066461317918492,-0.0155564466581996,-0.0025263594,0.0027047242,0.00015161539,15.3,0.5000267,0.7389659,0.73861533,0.73860556,0.7388844,3
81.10000000000001,5.5107718,0.254535,-6.6895795,0.003416004,0.0027512703,0.9960565,0.010575163,-0.0014449356,-0.19008619,0.0014974951918547,-0.0063987136713187,-0.0155854403374128,-0.0023440777,0.0020254813,-0.0007444801,15.3,0.5000267,0.7345285,0.7343567,0.7341103,0.73470575,3
81.2,5.5116754,0.25522137,-6.594439,0.0045248056,0.002582777,0.9799403,0.014692206,-0.0035764459,-0.15274528,0.0012440424045026,-0.0062395686379872,-0.0156203949501076,-0.0021380554,0.0011151141,-0.00070891227,15.3,0.5000267,0.7393202,0.73884887,0.7390808,0.7389972,3
81.30000000000001,5.512647,0.25550923,-6.4926443,0.0053858054,0.002043971,0.9622405,0.00774912,0.0034322103,-0.18508917,0.0010322943487718,-0.0060240839464296,-0.0156586183961174,-0.0013363152,0.0015646152,9.577948e-05,15.3,0.5000267,0.7344566,0.73453385,0.7347389,0.7340098,3
81.4,5.513417,0.2552122,-6.3997655,0.0055962363,0.0011096182,0.94603693,0.010476769,-0.0061293617,-0.16692838,0.0009343368179517,-0.0057825809802168,-0.0156977823336228,-0.00066900795,0.0026819042,9.307617e-05,15.3,0.5000267,0.73907286,0.73969036,0.73939145,0.7391107,3
81.5,5.513706,0.2541932,-6.30819,0.0054214112,-0.00029021708,0.9289237,0.0023921474,-0.004506931,-0.1952676,0.0009650009340083,-0.005587597075608,-0.0157181583332225,0.0012716716,0.0024643696,-0.00010701851,15.3,0.5000267,0.73435473,0.73488116,0.7344687,0.73453975,3
81.60000000000001,5.5134716,0.25271493,-6.2105484,0.0048406078,-0.002034048,0.9112515,-0.00753445,-0.0070466883,-0.15375948,0.001183333969253,-0.0054588886388018,-0.0157573981632708,0.0025502946,0.00016736575,-2.727092e-05,15.3,0.5000267,0.73909426,0.73969483,0.73951924,0.73889434,3
81.7,5.5129266,0.25059617,-6.1146674,0.003955874,-0.003625055,0.89332086,0.0016243756,-0.005469125,-0.18255551,0.0015323908530013,-0.0054424344612949,-0.0157843759109427,0.0045196456,-0.00057199073,6.5713255e-05,15.3,0.5000267,0.7345515,0.7348605,0.7345803,0.73438513,3
81.80000000000001,5.511925,0.24856669,-6.0280743,0.0031010373,-0.0046019168,0.87663066,0.0023288047,-0.00089588313,-0.15686637,0.0020006371098494,-0.0055481366814451,-0.0157640973241692,0.0049793427,-0.00183241,0.000113529175,15.3,0.5000267,0.73861593,0.73899037,0.73869497,0.738676,3
81.9,5.5105677,0.246704,-5.936198,0.0023424644,-0.00479122,0.85932523,0.002203549,0.009561504,-0.17837854,0.002479756319201,-0.0057373439411464,-0.0157284345862182,0.0045869686,-0.001990727,0.00048295694,15.3,0.5000267,0.73351204,0.734092,0.7336209,0.73388946,3
82.0,5.5092607,0.24515846,-5.853092,0.0022104033,-0.004496251,0.8443238,0.010638052,0.009034227,-0.14252727,0.0029590760211738,-0.0059923619024385,-0.0156763860946811,0.004574677,-0.0019031494,0.00020020531,15.3,0.5000267,0.7378023,0.7381038,0.737753,0.7382266,3
82.10000000000001,5.508427,0.24396259,-5.764927,0.0024594357,-0.003543976,0.8287434,0.008083598,0.019496549,-0.15741166,0.003280505601715,-0.0062658216781162,-0.01561548017709,0.0026546803,-0.0024954355,-0.00039164114,15.3,0.5000267,0.7330197,0.7330928,0.7333576,0.7330381,3
82.2,5.5081787,0.24342951,-5.6851406,0.0035618406,-0.0023944539,0.8154219,0.013699672,0.017425898,-0.13029155,0.0034813888845854,-0.0064790967455448,-0.0155683562671093,0.002570394,-0.000854432,0.00034860574,15.3,0.5000267,0.73755026,0.73715496,0.73727745,0.7377699,3
82.30000000000001,5.5083323,0.24386944,-5.600886,0.0046672323,-0.00058529497,0.80070925,0.010681125,0.01908116,-0.14394847,0.0035553955752249,-0.0065109600858769,-0.0155041257933682,-0.00046308423,-0.00036275273,0.00017845807,15.3,0.5000267,0.7322683,0.73216575,0.7327421,0.7321404,3
82.4,5.508826,0.24523191,-5.5251055,0.0055388575,0.001921587,0.7882775,0.009152821,0.02626752,-0.10677846,0.0034531364964572,-0.0064249141342502,-0.0154541910068114,-0.0019691868,0.00030130977,0.0003211557,15.3,0.5000267,0.73650247,0.73558205,0.73635787,0.7362321,3
82.5,5.509348,0.24733993,-5.450975,0.0061675855,0.004618095,0.77681494,0.006833948,0.014681645,-0.12286891,0.0031051584133548,-0.0062935259996636,-0.0154308250391251,-0.0052318564,-7.3813746e-05,-0.0007429853,15.3,0.5000267,0.73118615,0.73083055,0.7316279,0.7307512,3
82.60000000000001,5.510623,0.2499605,-5.372012,0.0070767906,0.006880353,0.76561886,0.005284586,0.012045447,-0.08238805,0.0025684163562556,-0.0061344396226667,-0.0154065188391449,-0.0068720616,0.0022820318,-0.00032312717,15.3,0.5000267,0.73503596,0.7354967,0.73544234,0.7354484,3
82.7,5.5125546,0.2531599,-5.2938623,0.007753137,0.008634567,0.7547788,0.0059814407,-0.008066626,-0.114718914,0.0019270071872294,-0.0059188669690927,-0.0153744316588793,-0.007534341,0.0035022334,-0.00033481003,15.3,0.5000267,0.73040557,0.73113406,0.7308535,0.7311899,3
82.80000000000001,5.514657,0.256404,-5.222213,0.008239543,0.00977297,0.74493486,-0.0048157834,-0.0065464806,-0.09377347,0.0012156723724151,-0.0056449985779757,-0.0154165804281706,-0.007963773,0.0030430946,-0.0015263162,15.3,0.5000267,0.7355158,0.73570853,0.7358984,0.7354001,3
82.9,5.517087,0.2596569,-5.1459417,0.008608025,0.010243027,0.7334443,-0.0068749026,-0.008947335,-0.11620065,0.000511649948007,-0.0052740846307184,-0.0154388939242559,-0.0077832798,0.004245777,4.907204e-06,15.3,0.5000267,0.73093396,0.7312893,0.73127353,0.7309927,3
83.0,5.5188746,0.2623052,-5.07692,0.008045155,0.009913042,0.7235364,-0.013994858,-0.022118878,-0.08112005,-0.0001650011809726,-0.0048707791502553,-0.0154693896256468,-0.0064496966,0.0040044943,0.00013487034,15.3,0.5000267,0.735326,0.7355812,0.7354097,0.7355333,3
83.10000000000001,5.51994,0.2646088,-5.0033593,0.0062131477,0.008444467,0.7127486,-0.012886415,-0.027255293,-0.10925158,-0.00072514637617,-0.0045507899636998,-0.0155305415216808,-0.0054923017,0.001340987,-0.0006100007,15.3,0.5000267,0.73082286,0.7311929,0.7312712,0.7305762,3
83.2,5.520545,0.26625806,-4.936535,0.004148787,0.0064401845,0.70312583,-0.016453452,-0.021994792,-0.076891385,-0.0011074783650336,-0.0044680378589187,-0.0155965533485711,-0.003613883,-0.0010674141,-0.0014405386,15.3,0.5000267,0.7314029,0.7319236,0.7317828,0.731228,3
83.30000000000001,5.5214696,0.26725957,-4.864739,0.0022821373,0.0036649022,0.7056406,-0.0136541445,-0.02785573,0.07198564,-0.0012556801168148,-0.0045293517091794,-0.0156505471658603,0.0003386084,-0.0015700744,-0.00037441103,15.3,0.5000267,0.72569627,0.72530264,0.7252218,0.7254016,3
83.4,5.5232916,0.26771355,-4.798119,0.0013670581,0.0010555027,0.7105313,-0.009327072,-0.029832676,0.043444797,-0.0012290702688672,-0.0046408822262539,-0.0156896172136542,0.0015910292,-0.000687612,0.00021422711,15.3,0.5000267,0.72861594,0.7286156,0.7283343,0.7285603,3
83.5,5.5258384,0.26800397,-4.730515,0.0012657463,-0.0012075191,0.71305,-0.011963835,-0.029278137,0.010312534,-0.0010916921985075,-0.0046812346230845,-0.0157090798203933,0.0017533916,0.001465781,-8.808897e-05,15.3,0.5000267,0.72787744,0.72792834,0.72779727,0.72776365,3
83.60000000000001,5.5289216,0.26783064,-4.656372,0.0013779434,-0.0035633068,0.71389514,-0.017803136,-0.02041253,0.007018912,-0.0008655202368533,-0.0044742030681404,-0.0156913432120167,0.0020907419,0.0038235404,0.0002100567,15.3,0.5000267,0.7302621,0.7303329,0.7304782,0.7301411,3
83.7,5.5314965,0.26731315,-4.5815573,0.0013635788,-0.0055912333,0.71338373,-0.011329282,-0.02093279,-0.020241829,-0.0005801679986818,-0.0040930598608325,-0.0157100752586287,0.003073761,0.004460644,0.00015434621,15.3,0.5000267,0.7292951,0.7292649,0.72930104,0.7291178,3
83.80000000000001,5.53327,0.26686066,-4.5125785,0.00056934,-0.006785341,0.71181256,-0.019190283,-0.019350175,-0.020730307,-0.0003070281676364,-0.0036663096365606,-0.015712957671953,0.0009626198,0.004614312,0.0006426888,15.3,0.5000267,0.73075265,0.73165935,0.73139703,0.73088837,3
83.9,5.5343475,0.26541522,-4.4384313,-0.0009779526,-0.008682163,0.70917076,-0.023914156,-0.014124188,-0.031804197,-1.6809467247053705e-05,-0.0032915361084194,-0.015716567857104,0.0016350575,0.0026544568,0.0002289667,15.3,0.5000267,0.7290366,0.7297419,0.7295457,0.72910047,3
84.0,5.5348344,0.26357436,-4.3699474,-0.002880137,-0.010302323,0.70720065,-0.023197893,-0.010020617,-0.009308568,0.0002923778470709,-0.0030794267666835,-0.0156884779770907,0.0039905338,0.002236669,0.00045596447,15.3,0.5000267,0.73052293,0.73133737,0.73080134,0.7310711,3
84.10000000000001,5.5350876,0.26158985,-4.2955046,-0.005078728,-0.0114565715,0.70536554,-0.01994306,-0.0061170757,-0.025273765,0.000745813475957,-0.0030899368550076,-0.0156713024870401,0.0054348153,-0.00072919246,0.00015229137,15.3,0.5000267,0.72939575,0.7293569,0.7292401,0.72951704,3
84.2,5.5354733,0.26025888,-4.2261724,-0.006553651,-0.0115414215,0.70367527,-0.025070058,-0.0009500581,-0.019226221,0.0012285630046683,-0.0032216433552162,-0.0156526465132387,0.0056381994,-0.001485015,-0.000120482204,15.3,0.5000267,0.7317796,0.73092043,0.7310208,0.7315824,3
84.30000000000001,5.535739,0.2595962,-4.150921,-0.008137983,-0.010918664,0.70137924,-0.01407167,0.00051160663,-0.030075198,0.0016001345035487,-0.0033533705096442,-0.0156075216286881,0.00330602,-0.0012296472,0.0006600871,15.3,0.5000267,0.7301597,0.729605,0.72977656,0.729971,3
84.4,5.5355153,0.25954962,-4.0819054,-0.00963148,-0.0096532805,0.6987983,-0.017992904,0.004290717,-0.024742445,0.0018306572294727,-0.0035137174617316,-0.0155406441818858,0.0019187817,-0.0009765109,6.609676e-05,15.3,0.5000267,0.7315645,0.7313144,0.7310785,0.7319366,3
84.5,5.5350957,0.25998616,-4.013206,-0.010806024,-0.007885729,0.6965466,-0.0126431035,0.0061718095,-0.031067522,0.0018256204925789,-0.0037349217830812,-0.0154397766119184,-0.00207477,-0.002493177,0.00036396188,15.3,0.5000267,0.72966534,0.7295471,0.73021924,0.72949886,3
84.60000000000001,5.5344076,0.26082048,-3.9393158,-0.011854895,-0.0061283456,0.694089,-0.009447394,0.0042058793,-0.024229286,0.0016514449670806,-0.0039280211687058,-0.0153818572000433,-0.0024727245,-0.0003607137,-0.0008924907,15.3,0.5000267,0.73077244,0.7312452,0.7308183,0.7316667,3
84.7,5.53374,0.2618949,-3.8658915,-0.012491653,-0.0047480534,0.6919948,-0.012877719,-0.011426828,-0.02128817,0.0013717016769905,-0.0041596044401251,-0.015322392930406,-0.0030766847,-0.002096967,-0.00089520577,15.3,0.5000267,0.7292594,0.7288244,0.72928756,0.72933716,3
84.80000000000001,5.5332646,0.26234552,-3.7984176,-0.013156206,-0.004073088,0.6909643,-0.0059211613,-0.0028753977,-0.0021820886,0.0010547481499421,-0.0043641612068845,-0.0153196726107836,-0.0030884168,-0.0025183354,-0.0009601903,15.3,0.5000267,0.7307733,0.7304026,0.73086345,0.73065364,3
84.9,5.532825,0.26226076,-3.7252445,-0.013306769,-0.0040002353,0.68993086,-0.0003654604,0.00200112,-0.018886754,0.0007578499966601,-0.0045588244759687,-0.015366449281273,-0.002568049,-0.0024752512,-0.0008580831,15.3,0.5000267,0.7291236,0.7287092,0.7293492,0.7285046,3
85.0,5.5326753,0.26183125,-3.6575074,-0.013029719,-0.004526325,0.68925804,0.0030878254,-0.0021516723,-0.004863366,0.0005925420715662,-0.0047036971019913,-0.0153879501554737,-0.0006371497,-0.0007314628,-0.0003439908,15.3,0.5000267,0.7306653,0.73048365,0.7306796,0.73056835,3
85.10000000000001,5.532763,0.2614062,-3.5839987,-0.012797229,-0.005126434,0.6889068,-0.0074425694,-0.015858585,-0.01483783,0.0005762786123136,-0.0047553481780558,-0.0154399978393333,0.0006193298,0.00052858965,-0.0006676783,15.3,0.5000267,0.7290919,0.72919726,0.7291065,0.72910184,3
85.2,5.532838,0.26098263,-3.51623,-0.012461485,-0.0057723946,0.68819714,-0.0035122281,-0.012294317,-0.009083654,0.0006514642559362,-0.0047386260446878,-0.0155051612092627,0.0016123821,0.0012193684,-0.00043831777,15.3,0.5000267,0.7309549,0.7308483,0.7305362,0.73097134,3
85.30000000000001,5.5324616,0.26068678,-3.4428916,-0.0125107365,-0.005909225,0.6871915,-0.006741256,-0.0006385673,-0.021193175,0.0007833299167447,-0.0047064936100451,-0.0155436266178729,0.0002835089,0.00064936455,-0.00087613176,15.3,0.5000267,0.72886693,0.7294892,0.72929806,0.72881275,3
85.4,5.531558,0.26097122,-3.3749995,-0.012857607,-0.005783152,0.68661517,-0.007916212,-0.0053084693,-0.0123120835,0.0009266478166727,-0.0046946183276588,-0.0155531885604476,0.0013860138,-0.00024357256,-0.0009075408,15.3,0.5000267,0.73103297,0.73077977,0.73051304,0.7311836,3
85.5,5.5303297,0.26147243,-3.3071742,-0.01344044,-0.0051668095,0.6859424,-0.0039922814,-0.0018589348,-0.022047197,0.0009598415819463,-0.004753382493588,-0.0155857492818316,2.97839e-05,-0.0008797141,0.00017171001,15.3,0.5000267,0.7294176,0.7292852,0.7289343,0.7294724,3
85.60000000000001,5.5285196,0.26180795,-3.234035,-0.0145711545,-0.004700132,0.68491805,-0.007755132,-0.0015843019,-0.011934432,0.0008752025225471,-0.004934960753737,-0.0155797196893875,-0.0007589011,-0.0030213636,-0.0006371678,15.3,0.5000267,0.73120236,0.73046565,0.7306771,0.73089314,3
85.7,5.525946,0.26235622,-3.1609778,-0.015565586,-0.0045727985,0.68422586,5.0755258e-05,-0.0054515265,-0.02893293,0.0007371960168201,-0.0052711203798395,-0.0156083353458776,-0.0009219566,-0.0043976875,-0.00056463934,15.3,0.5000267,0.72943765,0.7289682,0.72910523,0.7290181,3
85.80000000000001,5.5235095,0.2628861,-3.093388,-0.016167954,-0.0044855857,0.6835674,0.0051362165,-0.0056349323,-0.0019967554,0.0006538499590542,-0.0056934712154598,-0.015611141886976,-0.001424742,-0.0057203895,-0.0005705911,15.3,0.5000267,0.7309502,0.73061997,0.730948,0.7303802,3
85.9,5.521519,0.26335436,-3.020248,-0.015995659,-0.004475815,0.6831156,0.0067808265,-0.006263185,-0.015909782,0.0005619228321673,-0.0061839876054426,-0.0156037095086193,-0.00036374995,-0.0054787956,0.00052786694,15.3,0.5000267,0.7294521,0.72881144,0.72926146,0.72886235,3
86.0,5.5205636,0.26381168,-2.9529538,-0.01471456,-0.0045608673,0.68257475,0.017588502,-0.0076099243,-0.0045215706,0.0004407138618694,-0.0066138056997013,-0.0155946295441398,-0.0009320093,-0.002477144,-0.0002477176,15.3,0.5000267,0.73062104,0.73072654,0.7303878,0.7309152,3
86.10000000000001,5.520101,0.26451945,-2.87993,-0.012764526,-0.0045606196,0.68203473,0.014854365,-0.0068427133,-0.019564757,0.0003633248228302,-0.0068397527209956,-0.0155894103562098,-0.0010860963,-0.0005353139,-5.9071484e-05,15.3,0.5000267,0.7290134,0.7289452,0.7289129,0.7290316,3
86.2,5.5201283,0.26470795,-2.8125644,-0.010977945,-0.0048153047,0.68168104,0.014264949,-0.0076322607,-0.0028242355,0.0002498461412368,-0.0068523616053608,-0.015596838407081,-0.0004764664,0.0012327323,-2.6033409e-05,15.3,0.5000267,0.7306444,0.73056,0.73054415,0.7306331,3
86.30000000000001,5.5208025,0.26382765,-2.739667,-0.008732229,-0.0060526035,0.6812066,0.017837107,-0.0075656013,-0.015738418,0.0001850904271433,-0.0067186672632698,-0.0155933793269225,0.00014895716,0.002748688,-0.00021529789,15.3,0.5000267,0.72877383,0.7289071,0.72885495,0.72900385,3
86.4,5.5217357,0.26191342,-2.6729918,-0.0068886825,-0.007939318,0.6809442,0.00671925,-0.0063045276,0.0013438984,0.0002554524499833,-0.0064388589141461,-0.0156574427090686,0.0028044092,0.0038442824,-0.000821247,15.3,0.5000267,0.7302752,0.73040134,0.73028845,0.7302839,3
86.5,5.5226507,0.25940964,-2.6066318,-0.0055212695,-0.010125978,0.68083864,0.0069662887,-0.009997236,-0.008745118,0.0005732355361215,-0.0060746994767018,-0.0157117294186855,0.006008768,0.002304839,-1.7842924e-05,15.3,0.5000267,0.7290661,0.7277984,0.72849774,0.7281784,3
86.60000000000001,5.524044,0.25679204,-2.5351605,-0.004033244,-0.01155643,0.6813249,0.0054167793,-0.004870575,0.011968891,0.0011528736676749,-0.0056968577225705,-0.0157864173205628,0.007320215,0.0034377708,-0.0001905588,15.3,0.5000267,0.73016894,0.72964466,0.7296549,0.72971284,3
86.7,5.5258994,0.25450307,-2.4636474,-0.00286403,-0.012093858,0.68209714,-0.008257427,0.005106295,-0.0010249204,0.0017379756095045,-0.005282811158648,-0.0157893913541828,0.006330174,0.0053000636,0.0005345037,15.3,0.5000267,0.72811043,0.728029,0.7275382,0.72830343,3
86.80000000000001,5.5275593,0.2526797,-2.3975148,-0.0022874828,-0.011712512,0.6830824,-0.007824788,0.009597816,0.008851289,0.0022976093992795,-0.0048685690932086,-0.0157711688798747,0.004529295,0.0038550848,-1.160256e-05,15.3,0.5000267,0.7297454,0.72952306,0.7299754,0.7291364,3
86.9,5.528979,0.25100732,-2.3257742,-0.0023738085,-0.010790662,0.68417084,-0.015005365,0.006843558,0.006427988,0.002689320877953,-0.0044443438856753,-0.0157098352525165,0.0033420494,0.003838517,0.00083170814,15.3,0.5000267,0.7279565,0.7278438,0.7280222,0.7278763,3
87.0,5.5302205,0.24989645,-2.2592182,-0.0028052214,-0.009483588,0.685595,-0.011193531,0.013769085,0.011715106,0.0029541105750583,-0.0041500412622214,-0.0156574933744957,0.0021713476,0.0018953272,0.0005741629,15.3,0.5000267,0.73011106,0.72944075,0.7299214,0.72978014,3
87.10000000000001,5.5311117,0.2492018,-2.1869388,-0.003665187,-0.0075332564,0.6862873,-0.010291426,0.016386114,-0.0038309952,0.0030819870874679,-0.0039008802294196,-0.0156070988025873,0.00052082114,0.0025915243,-9.193793e-06,15.3,0.5000267,0.72816646,0.7282183,0.72801536,0.7284393,3
87.2,5.5312376,0.24926409,-2.119969,-0.005382827,-0.005375048,0.68713754,-0.019257672,0.020871857,0.0045327465,0.0030897406107108,-0.0037718155919976,-0.0155316490948773,1.6508206e-05,-0.00010405846,0.0001659696,15.3,0.5000267,0.73029554,0.72969663,0.7298823,0.73033756,3
87.30000000000001,5.530318,0.250309,-2.047411,-0.007822569,-0.0027147029,0.687701,-0.01263901,0.018401237,-0.0024740582,0.0029105546914245,-0.0037919799758387,-0.0154457498082718,-0.0022356536,-0.00079881056,-0.000579175,15.3,0.5000267,0.7284182,0.7284097,0.72817624,0.72897613,3
87.4,5.528558,0.25190127,-1.980245,-0.010314081,-0.0003093143,0.6879934,-0.004436393,0.009422398,0.001868233,0.0026347425236197,-0.0040525277457811,-0.0153640865460852,-0.003798593,-0.0048554535,-0.0004896786,15.3,0.5000267,0.7304708,0.7298299,0.73041403,0.7303134,3
87.5,5.5259542,0.25345877,-1.9134041,-0.012660146,0.0016305512,0.68785155,-0.005836009,0.004753473,-0.0046025957,0.0021183683493943,-0.0045341703233247,-0.0153041004029286,-0.0056475033,-0.006940352,0.0004657495,15.3,0.5000267,0.7285303,0.7281784,0.7286956,0.72845703,3
87.60000000000001,5.5224566,0.25465217,-1.8411919,-0.014903873,0.0026209727,0.6881184,0.0040622596,0.005409756,0.0034691764,0.0015787522375973,-0.0051463273526154,-0.0152638577895557,-0.0049128276,-0.0065818713,0.0003523537,15.3,0.5000267,0.7297091,0.73015195,0.72978926,0.73053074,3
87.7,5.518763,0.2552913,-1.7691511,-0.016598077,0.0023407987,0.68819803,0.009043624,-0.004136294,-0.008988193,0.0011517358778771,-0.0059343209237759,-0.0153034917618043,-0.0031065072,-0.009171446,-0.0010406695,15.3,0.5000267,0.7283103,0.7280715,0.72849417,0.72804236,3
87.80000000000001,5.5155582,0.25581777,-1.7026658,-0.017213058,0.0015870095,0.6888928,0.013223383,-0.012268113,0.014339573,0.0008991235181344,-0.0067344418419671,-0.0153518165230465,-0.0021833144,-0.008888802,-0.0013206727,15.3,0.5000267,0.7298582,0.72981495,0.73028594,0.7294144,3
87.9,5.5127,0.25654286,-1.6302925,-0.016737282,0.0013575392,0.6897517,0.018420849,-0.0012619264,0.0012451782,0.0008333674821416,-0.0074663631972996,-0.015380977365133,-0.0002796414,-0.006874033,-0.00042555595,15.3,0.5000267,0.7284752,0.72809637,0.72802323,0.72864133,3
88.0,5.511176,0.25735125,-1.5636051,-0.014969578,0.0011556803,0.69014245,0.03404694,-0.0022837948,0.00345055,0.0007861224364623,-0.0080629952102466,-0.0154488633562629,-0.00018673984,-0.0046380153,-0.0007468735,15.3,0.5000267,0.729998,0.7298993,0.729637,0.7302102,3
88.10000000000001,5.510722,0.25830698,-1.4921783,-0.011891672,0.001194806,0.69028074,0.029340297,-0.002285339,0.0028782522,0.0006982687922956,-0.0084130165431183,-0.0155112199555332,-0.0010721894,-0.0012027259,-0.00029525917,15.3,0.5000267,0.7280009,0.72793615,0.72783804,0.728017,3
88.2,5.510819,0.25934872,-1.4265333,-0.008916551,0.0011271633,0.69103086,0.03362449,-0.0035788785,0.0136690205,0.0005832974310679,-0.0084364564266095,-0.0155912022782699,-0.0015107506,0.0010361922,-0.0004772144,15.3,0.5000267,0.729408,0.72930276,0.729376,0.72909874,3
88.30000000000001,5.5109806,0.26005793,-1.3546181,-0.005855086,0.00093572243,0.69246703,0.028880615,-0.008916791,0.007094815,0.0004170306814472,-0.0081934682971113,-0.0156923038656146,-0.00213379,0.0041438877,-0.0012453862,15.3,0.5000267,0.7275679,0.72821665,0.72732997,0.72793365,3
88.4,5.51121,0.26017693,-1.287271,-0.0036449207,0.00023840557,0.69341826,0.021464752,-0.01612079,0.014776363,0.0002583185056074,-0.0077965345158899,-0.0157725084033282,-0.0011216333,0.0050124186,0.0003552736,15.3,0.5000267,0.729713,0.7300466,0.7292914,0.72990316,3
88.5,5.5113525,0.2598474,-1.219432,-0.0018691283,-0.00066753366,0.6942111,0.014097436,-0.014722621,-0.0072177495,0.0001759545673255,-0.0074441687527387,-0.0158316097621243,-0.0010387583,0.002718278,-0.00044957825,15.3,0.5000267,0.7286152,0.72865754,0.7287063,0.72804743,3
88.60000000000001,5.5114536,0.25869948,-1.1456335,-0.0003938895,-0.002234631,0.69439334,0.013021042,-0.008467224,-0.0024139879,0.0002294812199264,-0.0071323306197861,-0.0158531789591945,0.0015797138,0.0024920553,0.0008264834,15.3,0.5000267,0.73072726,0.7305183,0.7305602,0.73036754,3
88.7,5.5110555,0.25677434,-1.0723413,0.0002135607,-0.0040528746,0.69360614,0.0072819344,-0.0070916507,-0.013636424,0.0004585069170336,-0.0068452790248042,-0.0158936934147404,0.002661506,0.0028534185,0.0003918147,15.3,0.5000267,0.7284893,0.7294216,0.72856015,0.7289242,3
88.80000000000001,5.5098295,0.2544844,-1.0052296,-4.2840897e-05,-0.0055354987,0.69278204,0.014941007,-0.002627051,-0.0048377546,0.0008342814311161,-0.0066857867910711,-0.0159417200926522,0.0050377348,-0.00032394426,9.9916826e-05,15.3,0.5000267,0.73041534,0.7303456,0.730174,0.7300486,3
88.9,5.5077195,0.25177306,-0.9330499,-0.0009558963,-0.0068478924,0.69204617,0.017603228,-0.0018747977,-0.010309274,0.0013318397884769,-0.0067140929372942,-0.0159585117430757,0.0048288414,-0.002201318,0.00053340127,15.3,0.5000267,0.72820497,0.7285385,0.72824544,0.72797185,3
89.0,5.5059004,0.24901758,-0.8663024,-0.0014144874,-0.007910951,0.69249994,0.0070839645,0.0035910308,0.00980636,0.0018706311959082,-0.0069448725862237,-0.0159407973414319,0.0051912838,-0.0029461836,0.001109282,15.3,0.5000267,0.7293861,0.73048043,0.7299973,0.7295476,3
89.10000000000001,5.504667,0.24603511,-0.7936467,-0.0009462164,-0.008181966,0.6931009,0.015244607,0.008047318,-0.0061537134,0.0025085209937888,-0.0073295509069957,-0.0159271338556599,0.006254087,-0.0042156074,9.478725e-05,15.3,0.5000267,0.7285586,0.72828716,0.72835,0.7281591,3
89.2,5.504432,0.2434528,-0.7265834,0.00068508816,-0.008020331,0.6936183,0.022101756,0.019799944,-0.00045867634,0.0030921576896904,-0.0076324039894834,-0.0158665641595253,0.0059290873,-0.0013774296,0.00084090326,15.3,0.5000267,0.7300576,0.73019207,0.73001647,0.7301574,3
89.30000000000001,5.5051527,0.24083547,-0.65381503,0.0035216124,-0.006939336,0.69411343,0.016428934,0.013437061,-0.010466202,0.0036215104154318,-0.0076869018352437,-0.0158043196165577,0.0048665116,0.001231705,0.0003616694,15.3,0.5000267,0.7286816,0.72849804,0.72861785,0.7286121,3
89.4,5.506563,0.23890841,-0.58639693,0.006092144,-0.00523737,0.69428134,0.03142379,0.02855222,0.0027050262,0.003993030787393,-0.007489092227474,-0.0157261621465994,0.00438393,0.004176639,0.0014778271,15.3,0.5000267,0.73037255,0.73027515,0.7299998,0.73087204,3
89.5,5.5084777,0.23724021,-0.5193726,0.008116205,-0.00306823,0.6941054,0.012157522,0.029879365,-0.0182637,0.0042102288700509,-0.0070410142923067,-0.0156502121200564,0.0014313161,0.0052066385,-0.00017180356,15.3,0.5000267,0.7285935,0.7284607,0.7288123,0.7286554,3
89.60000000000001,5.511319,0.23589742,-0.44707835,0.010079676,-0.0010360078,0.693924,0.011187654,0.020595534,0.0047395,0.0043191969148419,-0.0065198441195791,-0.0156088422633292,0.00045005794,0.0058445996,0.0003734667,15.3,0.5000267,0.72991234,0.7301331,0.7303213,0.7300091,3
89.7,5.5154963,0.2348997,-0.3751958,0.012241653,0.0013131306,0.69420666,0.010822339,0.029054277,-0.0077141444,0.0043508712298564,-0.0059246818362666,-0.0155692055762103,-0.0009406478,0.0061183083,0.00073358865,15.3,0.5000267,0.7282157,0.7282022,0.72881526,0.7279014,3
89.80000000000001,5.5205913,0.23424733,-0.3091684,0.014328111,0.0036957434,0.69473463,-0.006037824,0.028840002,0.008318572,0.0042827390085417,-0.0051630941063655,-0.0155604456040797,-0.0015785194,0.009149678,-0.00083222456,15.3,0.5000267,0.72959644,0.7297185,0.72992253,0.72955954,3
89.9,5.5272684,0.23411952,-0.23788738,0.016320504,0.0064141657,0.6958153,-0.011066684,0.031637494,0.006257556,0.0041393094516176,-0.0042215532016281,-0.0155180579553333,-0.0028576942,0.0106957145,0.00026357925,15.3,0.5000267,0.72757775,0.72810906,0.7284448,0.7275317,3
90.0,5.5342627,0.23488578,-0.17228526,0.01779183,0.009086819,0.69703895,-0.028393261,0.023079075,0.018506775,0.0038533740617709,-0.0030711400007092,-0.0154536446032631,-0.0040842146,0.012413596,0.00041486148,15.3,0.5000267,0.72927374,0.729328,0.7298234,0.7292318,3
90.1,5.542051,0.23657347,-0.10095692,0.018061005,0.012043511,0.69832796,-0.036359537,0.014308191,0.0072256657,0.0034870722724765,-0.0018022485959482,-0.0153870227523835,-0.0039231693,0.014839992,8.581353e-05,15.3,0.5000267,0.727563,0.7275592,0.7273993,0.728206,3
90.2,5.548712,0.23863761,-0.03456548,0.017114269,0.014404364,0.69996476,-0.050783835,0.011337435,0.0191899,0.0029694594336178,-0.0005034867233067,-0.0153409801010311,-0.0047292756,0.013544258,-0.0005382657,15.3,0.5000267,0.7296875,0.72921795,0.7292725,0.7300433,3
90.3,5.5544763,0.24111162,0.03761491,0.0141879,0.01644785,0.700939,-0.061147835,0.0067119193,0.0038496216,0.0023353074687176,0.000719699207339,-0.0152905411745476,-0.007078361,0.011088476,0.00027367272,15.3,0.5000267,0.72787625,0.72792417,0.72832835,0.7278373,3
90.4,5.560862,0.24290977,0.09250194,0.16363615,0.00072712876,-0.07747119,0.021604834,0.0057365648,0.12587988,0.0017956118209586,-0.0134905223928251,-0.0152677851319651,-0.0007927194,-0.5588992,0.000419337,15.3,0.5000267,0.5753665,0.41507936,0.5761523,0.41475868,3
90.5,5.57715,0.24324153,0.086658105,0.025975823,0.0029310067,-0.0020459068,-1.7188451,-0.04137084,0.56448805,0.001707861683888,-0.0063220000590775,-0.0138018186736984,-0.0014606934,0.010691352,6.920448e-05,15.3,0.5000267,0.49311462,0.4674786,0.49972135,0.47186476,3
90.6,5.5833545,0.24293834,0.0722989,0.020091187,0.0025621944,-0.0053778663,0.006333828,0.0025686952,-0.005452893,0.0014174133719116,-0.0059702965961204,-0.0137284546023764,0.0002277664,0.00027407365,0.00027303692,15.3,0.5000267,0.45276287,0.4381717,0.4579598,0.4397448,3
90.7,5.586784,0.24324374,0.060356498,0.020548878,0.0030014308,-0.010217252,0.0032016921,0.0051572504,-0.0048568468,0.0014137366874122,-0.005964835096657,-0.0136727662999704,-0.00074666104,0.00096295204,0.0008719825,15.3,0.5000267,0.42181787,0.39938346,0.42713976,0.40008092,3
90.8,5.589791,0.24355064,0.051809028,0.02106742,0.0031346823,-0.012969433,0.005996025,-0.0016715574,-0.003237277,0.001429007607173,-0.0059791251933673,-0.0136856831482554,0.00093077985,-0.0011057258,0.0006719818,15.3,0.5000267,0.39085257,0.36334848,0.3949798,0.36492088,3
90.9,5.592482,0.24317801,0.044231266,0.02140414,0.0026573688,-0.0151139,0.004641946,0.00062859996,-0.0071437093,0.0014276609434498,-0.0059307486000521,-0.013718090439013,0.0011393792,0.00025996027,-0.00024312902,15.3,0.5000267,0.12983301,0.10800267,0.13149805,0.11066623,3
91.0,5.5943747,0.24236883,0.038567975,0.02132283,0.0019279545,-0.016244514,0.007260112,-0.0010398066,-0.0006305053,0.001433319646293,-0.0058787665177861,-0.0136989557376788,-8.611994e-06,-0.0002450415,-0.00020544062,15.3,0.5000267,0.12954628,0.10912294,0.13076757,0.110563174,3
91.1,5.5962033,0.24113168,0.03319624,0.021153854,0.0007048451,-0.017396556,0.0037469433,-0.003447619,-0.0008451752,0.0013818499561207,-0.0058547594524172,-0.0137214370433061,-0.0001908854,-0.0004414609,-0.0005145587,15.3,0.5000267,0.13036937,0.10872158,0.13065188,0.110257134,3
91.2,5.5973277,0.23966147,0.028894007,0.020834813,-0.00064937276,-0.017745214,0.0015983004,-0.004291617,-0.0022384336,0.0013120201016742,-0.0058125797820904,-0.0137221097456553,0.00074158615,-0.0003143801,-0.00090333814,15.3,0.5000267,0.13100418,0.10815242,0.13089706,0.109946296,3
91.3,5.597838,0.23778957,0.024813086,0.020025106,-0.002058576,-0.017966997,-0.00021175582,-0.003794313,0.00054482365,0.0012906257421815,-0.0057973443050792,-0.0137123137171044,0.0009549119,-0.0002005818,0.00032465885,15.3,0.5000267,0.13088438,0.10824587,0.13054654,0.11032316,3
91.4,5.5974016,0.2361384,0.02150011,0.018606685,-0.0032108757,-0.017968928,0.0009200757,-0.0043677604,0.0045825723,0.0012908911496318,-0.0057480854529051,-0.0137226235201356,0.00093946035,-0.0001476633,-0.00048226872,15.3,0.5000267,0.13078794,0.10842539,0.1305769,0.11020974,3
91.5,5.59647,0.234184,0.018271431,0.017471489,-0.0045375233,-0.018118294,0.005764073,0.0023023048,0.002251472,0.0012578006255249,-0.0056959844380977,-0.0137247614052776,-0.00033278688,-0.00012604367,-1.7334312e-05,15.3,0.5000267,0.1305293,0.10867786,0.1309721,0.109820716,3
91.6,5.595456,0.23204765,0.014260575,0.016212936,-0.0057955333,-0.01850092,0.0025987155,-0.0016946055,0.0009336508,0.0012324296218237,-0.0056767863883317,-0.0137316468750228,0.0003562184,0.00014709517,-0.0005181553,15.3,0.5000267,0.0020000003,0.0,0.0020000003,0.0,3
91.7,5.5941415,0.23004536,0.010325804,0.015041994,-0.0069438377,-0.018896753,-0.0034282382,-0.0061092786,0.00225706,0.0011844783401991,-0.0056364788755614,-0.0137387446792386,-0.00063096726,0.00015529199,5.6970322e-05,15.3,0.5000267,0.0020000003,0.0,0.0020000003,0.0,3
91.8,5.592776,0.22877453,0.0067971945,0.013533915,-0.007496896,-0.019454418,0.00031840315,-0.0016661078,0.0006100162,0.0011776480142364,-0.0055958236559489,-0.0137100204684135,0.00038197602,-0.00014765865,0.0005730323,15.3,0.5000267,0.0020000003,0.0,0.0020000003,0.0,3
91.9,5.5912943,0.22794114,0.0032726377,0.0120019615,-0.007587238,-0.019691389,0.0061080717,-0.0024796657,0.00037951392,0.0011898339097204,-0.0055578384863394,-0.0137055850818289,9.5981166e-05,-0.00015033649,-0.0005702091,15.3,0.5000267,0.0020000003,0.0,0.0020000003,0.0,3
92.0,5.5903897,0.22750121,0.00031600893,0.010864708,-0.007389153,-0.020060372,0.0004894227,-0.0037593406,-0.0055255364,0.0011849612516185,-0.0055141460350394,-0.0136718079712369,-0.00026833537,1.3699621e-05,0.00024306746,15.3,0.5000267,0.0020000003,0.0,0.0020000003,0.0,3
92.1,5.590552,0.2273989,-0.0022339374,0.010371318,-0.0070882356,-0.020446807,-0.0037714196,-0.0034071212,-0.008529517,0.0012236201052264,-0.0054466166382098,-0.0136521945274731,-7.71362e-05,0.0005075548,4.3533626e-05,15.3,0.5000267,0.0020000003,0.0,0.0020000003,0.0,3
92.2,5.5918293,0.2271311,-0.003996119,0.010981629,-0.006862113,-0.020435052,0.0008715633,0.003900485,-0.0067972573,0.0012244355920329,-0.0054827431282177,-0.0136177870270158,-0.00036470534,-0.00015546534,-7.833478e-05,15.3,0.5000267,0.0020000003,0.0,0.0020000003,0.0,3
92.3,5.593606,0.22624731,-0.0059883,0.012053713,-0.007371506,-0.020453753,0.0048658927,0.00340963,-0.0014891847,0.0012067050679491,-0.0055587963866193,-0.0135786393451694,-0.0006973082,-0.0008147732,-0.00017847009,15.3,0.5000267,0.0020000003,0.0,0.0020000003,0.0,3
92.4,5.594897,0.22515085,-0.00791055,0.012344928,-0.008380111,-0.020294053,-0.0018289865,-0.0025243491,0.005979556,0.0011842420391593,-0.0055761736560969,-0.0135491241493631,-9.773492e-05,0.00045985784,0.00062916125,15.3,0.5000267,0.0020000003,0.0,0.0020000003,0.0,3
92.5,5.5955553,0.22410135,-0.0091974735,0.012413754,-0.009084743,-0.020084782,0.0050067496,0.0011508772,0.00020954756,0.0011227564217432,-0.0055575508366431,-0.0135542994752629,-0.00021491507,-2.7100654e-05,-0.00018836359,15.3,0.5000267,0.0020000003,0.0,0.0020000003,0.0,3
92.6,5.595596,0.22307718,-0.009592503,0.011915002,-0.009915855,-0.019196345,-0.0008573606,-0.002640366,-0.0025606712,0.0010844829829127,-0.0055287102145694,-0.0135239180095867,-0.00029199268,-0.0007185876,-0.00035478946,15.3,0.5000267,0.0020000003,0.0,0.0020000003,0.0,3
92.7,5.5947604,0.2226711,-0.009728596,0.0106474785,-0.01022666,-0.018003613,0.0013955359,-0.0074513033,0.003497116,0.0011018372719693,-0.0054783038901445,-0.0135216698534049,0.00031256734,-0.000640015,-0.0009503897,15.3,0.5000267,0.0020000003,0.0,0.0020000003,0.0,3
92.8,5.5932155,0.22277123,-0.0096857995,0.0091725765,-0.009951291,-0.01726792,-0.0019482976,-0.0052107032,-0.0017434357,0.0010927800206772,-0.0054504462459783,-0.0135009511824112,0.00014676672,-0.00092584983,0.00026512836,15.3,0.5000267,0.0020000003,0.0,0.0020000003,0.0,3
92.9,5.5906734,0.22339304,-0.00909698,0.006643709,-0.009182222,-0.016516658,-0.0038385077,-0.0053910078,0.007115304,0.0011266923332257,-0.0053575270096907,-0.01345316685565,-0.00010933997,-0.00025041407,0.00059889624,15.3,0.5000267,0.0020000003,0.0,0.0020000003,0.0,3
93.0,5.5876055,0.22426535,-0.008026987,0.0041764057,-0.008249291,-0.01560769,0.0008681763,-0.0048897075,0.00214437,0.001182912631888,-0.0052975954216572,-0.0134203951688589,-0.0003392598,-0.00030546496,2.7845248e-05,15.3,0.5000267,0.0020000003,0.0,0.0020000003,0.0,3
93.1,5.584014,0.22553933,-0.0069465786,0.001738939,-0.0072408603,-0.014687545,-0.000339498,0.00077375805,-0.0015329568,0.0012138923421838,-0.0052484830561823,-0.0133784370323882,-0.00045844464,-0.00046592922,9.764657e-05,15.3,0.5000267,0.0020000003,0.0,0.0020000003,0.0,3
93.2,5.5806465,0.22694045,-0.006421596,-0.00024187594,-0.0059030564,-0.014038727,-0.0015392778,0.0059597795,-0.002573244,0.0012791879617016,-0.0051775202775307,-0.0133589186214671,-1.6653506e-05,0.00048841245,0.0010613041,15.3,0.5000267,0.0020000003,0.0,0.0020000003,0.0,3
93.3,5.577309,0.22846657,-0.006006956,-0.0020266448,-0.004877878,-0.013171456,-0.003140998,-0.004509799,0.00022258608,0.0013255985362931,-0.0051499265473754,-0.0133331199098525,0.0008253116,0.00015342998,-0.0011868423,15.3,0.5000267,0.0020000003,0.0,0.0020000003,0.0,3
93.4,5.574406,0.22952732,-0.0060073137,-0.0034413296,-0.004303527,-0.012807182,-0.010273775,-0.004031004,-0.0015115364,0.001335357114079,-0.0051330050267618,-0.0132826642435201,-0.0003231849,0.00022643256,0.00042318934,15.3,0.5000267,0.0020000003,0.0,0.0020000003,0.0,3
93.5,5.571355,0.23004925,-0.006404802,-0.004928061,-0.0041071177,-0.012814397,-0.0064256196,-0.00041503288,-0.0013234093,0.0013347270181755,-0.0051095605814295,-0.013276148325717,0.0002717865,1.5325417e-05,0.00010672662,15.3,0.5000267,0.0020000003,0.0,0.0020000003,0.0,3
93.6,5.5676765,0.23006995,-0.006609887,-0.006672077,-0.004092099,-0.0127018085,-0.0059947157,0.0026287274,-0.008871778,0.0013088249014834,-0.0050875693845525,-0.0132899183521808,0.0005394789,-0.00074316055,-0.00016996308,16.2,0.53366566,0.0019999999,0.0,0.0019999999,0.0,3
93.7,5.5637364,0.23005186,-0.00677599,-0.008631751,-0.0040682126,-0.012663791,-0.0025349944,0.002806381,-0.0022016463,0.0012921358610253,-0.005029817973069,-0.0132816212593683,-0.00028476285,0.0008918977,-0.0005453002,16.2,0.6178179,0.0019999996,0.0,0.0019999996,0.0,3
93.8,5.5602317,0.23010573,-0.006914869,-0.010033819,-0.00391489,-0.0126954,-0.0047131157,-0.00012729924,0.0028735956,0.0013308396025021,-0.0049996498398465,-0.0132173015125894,0.0007071601,-6.546777e-05,0.00038574546,16.2,0.6178179,0.0019999999,0.0,0.0019999999,0.0,3
93.9,5.5574007,0.23003182,-0.0072097927,-0.010718923,-0.0036888246,-0.012477642,-0.0031306152,0.00014038186,0.003219582,0.0013163124444507,-0.0050243428662651,-0.0132037126062759,-0.0005179435,-0.00040417534,-4.9964707e-05,16.2,0.68678474,0.0019999999,0.0,0.0019999999,0.0,3
94.0,5.555919,0.229969,-0.0074907094,-0.010497886,-0.0035234534,-0.012100218,-0.0026631658,-0.0028434072,0.0028433276,0.0013121200231663,-0.005049312431358,-0.0132064220351758,-0.0006128785,-0.00088384695,-0.00013310669,16.2,0.68678474,0.0019999999,0.0,0.0019999999,0.0,3
94.1,5.5550537,0.23044717,-0.007804811,-0.010120172,-0.0030263376,-0.011675907,-0.005892012,-0.0052470593,0.001543667,0.0013426043339659,-0.005092282407343,-0.0131963820502282,0.00064331497,-0.00034629495,1.0991662e-06,16.2,0.7433052,0.002,0.0,0.002,0.0,3
94.2,5.554144,0.2314736,-0.0080756545,-0.01017072,-0.0021000348,-0.011414507,-0.0030204316,0.0017688121,-0.0014952383,0.0013532329398765,-0.0051132301791388,-0.0131612560503167,-0.00068471197,0.0006100811,-6.2766725e-05,16.2,0.7433052,0.0019999999,0.0,0.0019999999,1.1641532e-10,3
94.3,5.5535703,0.23279333,-0.008454189,-0.009752151,-0.0011798951,-0.010969338,0.00032858405,-0.00052195805,0.006569549,0.0013684818806692,-0.0050983480351352,-0.0131584536960051,0.00091312197,0.0005187573,0.00028795603,16.2,0.7896271,0.0019999996,0.0,0.0019999996,0.0,3
94.4,5.553619,0.23411247,-0.008327112,-0.008937291,-0.0002805072,-0.010627045,6.2020255e-05,-0.003299803,0.0015650875,0.001446750849659,-0.0051379191492732,-0.0131585449118706,6.8799345e-05,0.00092510384,3.695328e-05,16.2,0.7896271,0.0019999996,0.0,0.002,0.0,3
